"Reversed left context";"Reversed center";"Left context";"Center";"Punct";"Right context";"Title";"Author";"Birthday";"Header";"Created";"Sphere";"Type";"Topic";"Publication";"Publ_year";"Medium";"Ambiguity";"Header";"Author_trans";"Header_trans";"Translator";"Date_trans";"Sentences";"Words";"Orig_sentences";"Orig_words";"Lang";"Lang_trans";"Lang_variant";"Dialect";"Full context";"Example source";"Para context 1";"Lang 1"
" ,неловод мас а ,укчежинк енм теащарвзоВ";"азалг";"Возвращает мне книжечку, а сам доволен,";"глаза";" ";"разгорелись, и даже зарумянился.";"А. Н. Стругацкий, Б. Н. Стругацкий. Пикник на обочине (1971)";"А. Н. Стругацкий, Б. Н. Стругацкий";"1925, 1933";"Пикник на обочине";"1971";"художественная";"";"";"";"";"";"омонимия не снята";"Пикник на обочине";"Arkady Strugatsky, Boris Strugatsky";"Roadside Picnic";"";"1977";"6254";"103306";"3127";"46331";"rus";"eng";"США";"";"И чтобы закончить этот неприятный разговор, вынимаю я свое удостоверение и предъявляю его капитану Квотербладу. Он взял мою книжечку, перелистал, каждую страничку, каждую печать просто-таки обнюхал, чуть ли не облизал. Возвращает мне книжечку, а сам доволен, глаза разгорелись, и даже зарумянился.";"74afd4586b39eb278292543c733e16f8:1196:37";" To bring the unpleasant conversation to a close, I showed Captain Quarterblad my papers. He took my hook and examined it page by page, sniffing and smelling every stamp and seal on it. He returned the book and I could see how pleased he was. His eyes lit up and there was color in his cheeks. ";"eng"
" икьнаВ у ;утобар аз атолоз комок";"азалг";"комок золота за работу; у Ваньки";"глаза";" ";"разгорелись, а мальчик шепчет: «Не бери!»";"А. Н. Афанасьев. Гусли-самогуды (1855-1871)";"А. Н. Афанасьев";"1826";"Гусли-самогуды";"1855-1871";"художественная";"";"";"";"";"";"омонимия не снята";"Гусли-самогуды";"A. N. Afanasiev";"The Self-Playing Gusla";"";"1976";"92";"1446";"46";"608";"rus";"eng";"США";"";"Старик дает ему комок золота за работу; у Ваньки глаза разгорелись, а мальчик шепчет: «Не бери!»";"ab9eb6508ab26249e2c1669f2bdca39f:34:9";" The old man gave him a lump of gold for his trouble; Vanka's eyes began to gleam, but the boy whispered to him: “Don't take it.” ";"eng"
" яескелА у и илсе ,огонердум отЧ";"азалг";"Что мудреного, если и у Алексея";"глаза";" ";"разгорелись.";"С. Т. Аксаков. Семейная хроника (1856)";"С. Т. Аксаков";"1791";"Семейная хроника";"1856";"художественная";"";"";"";"";"";"омонимия не снята";"Семейная хроника";"Sergey Aksakov";"A Russian Gentleman";"";"1917";"5024";"147698";"2512";"64418";"rus";"eng";"Великобритания";"";"Что мудреного, если и у Алексея глаза разгорелись.";"f9791504e6bbec59b8a5bbd1258292ee:1776:6";" It's little wonder if Alexyei's eyes were dazzled. ";"eng"
" и ежу огомас у а ,ьтаргыс";"азалг";"сыграть, а у самого уже и";"глаза";" ";"разгорелись.";"Robert Louis Stevenson. Kidnapped (1886)";"Robert Louis Stevenson";"1850";"Kidnapped";"1886";"художественная";"";"";"";"";"";"омонимия не снята";"Kidnapped";"Роберт Луис Стивенсон";"Похищенный";"";"1967";"7020";"146548";"3510";"80444";"rus";"rus";"Великобритания";"";"Как только мы покончили с едой, Клуни извлек видавшую виды, захватанную и засаленную колоду карт, какую держат разве что в жалкой харчевне, и предложил нам сыграть, а у самого уже и глаза разгорелись.";"b1442d947f941d6612bea226225d7e39:5021:31";" We were no sooner done eating than Cluny brought out an old, thumbed, greasy pack of cards, such as you may find in a mean inn; and his eyes brightened in his face as he proposed that we should fall to playing. ";"eng"
" йелетирз хесв у адгок ,мотоп а";"азалг";"а потом, когда у всех зрителей";"глаза";" ";"разгорелись от любопытства, герцог поднял занавес";"Mark Twain. The Adventures of Huckleberry Finn (1884)";"Mark Twain";"1835";"The Adventures of Huckleberry Finn";"1884";"художественная";"";"";"";"";"";"омонимия не снята";"The Adventures of Huckleberry Finn";"Марк Твен";"Приключения Гекльберри Финна";"";"1950";"12080";"203856";"6040";"112742";"rus";"rus";"США";"";"Когда больше уже нельзя было втиснуться ни одному человеку, герцог бросил проверять билеты, обошел здание кругом и поднялся на сцену, там он стал перед занавесом и произнес коротенькую речь: сначала похвалил трагедию, сказал, будто она самая что ни на есть занимательная, и пошел дальше распространяться насчет трагедии и Эдмунда Кина Старшего, который в ней исполняет самую главную роль; а потом, когда у всех зрителей глаза разгорелись от любопытства, герцог поднял занавес, и король выбежал из-за кулис на четвереньках, совсем голый; он был весь кругом размалеван разноцветными полосами и сверкал, как радуга.";"46b4d09a41c99ac2c036814a48684159:6153:64";" When the place couldn't hold no more, the duke he quit tending door and went around the back way and come on to the stage and stood up before the curtain and made a little speech, and praised up this tragedy, and said it was the most thrillingest one that ever was; and so he went on a-bragging about the tragedy, and about Edmund Kean the Elder, which was to play the main principal part in it; and at last when he'd got everybody's expectations up high enough, he rolled up the curtain, and the next minute the king come a-prancing out on all fours, naked; and he was painted all over, ring-streaked-and-striped, all sorts of colors, as splendid as a rainbow. ";"eng"
