"Reversed left context";"Reversed center";"Left context";"Center";"Punct";"Right context";"Title";"Author";"Birthday";"Header";"Created";"Sphere";"Type";"Topic";"Publication";"Publ_year";"Medium";"Ambiguity";"Header";"Author_trans";"Header_trans";"Translator";"Date_trans";"Sentences";"Words";"Orig_sentences";"Orig_words";"Lang";"Lang_trans";"Lang_variant";"Dialect";"Full context";"Example source";"Para context 1";"Lang 1"
" авотог адытс то атсевеН ";"ьзовкс";"Невеста от стыда готова";"сквозь";" ";"землю провалиться, ее мать в ярости.";"Kate Fox. Watching the English: The Hidden Rules of Behaviour (2004)";"Kate Fox";"";"Watching the English: The Hidden Rules of Behaviour";"2004";"учебно-научная";"";"";"";"";"";"омонимия не снята";"Watching the English: The Hidden Rules of Behaviour";"Кейт Фокс";"Наблюдая за англичанами: скрытые правила поведения";"";"2008";"9658";"258647";"4829";"135556";"rus";"rus";"Великобритания";"";"Невеста от стыда готова сквозь землю провалиться, ее мать в ярости.";"e942a1d8208258b0803d634c38c69929:9173:4";" The bride is mortified, her mother furious. ";"eng"
" алыб авотог артсес яоМ ";"ьзовкс";"Моя сестра готова была";"сквозь";" ";"землю провалиться, та девушка – тем более.";"Stephen Chbosky. The Perks of Being a Wallflower (1999)";"Stephen Chbosky";"1970";"The Perks of Being a Wallflower";"1999";"художественная";"";"";"";"";"";"омонимия не снята";"The Perks of Being a Wallflower";"Стивен Чбоски";"Хорошо быть тихоней";"";"2013";"11182";"114915";"5591";"63141";"rus";"rus";"США";"";"Моя сестра готова была сквозь землю провалиться, та девушка – тем более.";"260e3ece542707bb2e93321616ef7e32:1577:4";" My sister was very embarrassed, but not as embarrassed as the girl. ";"eng"
" енм ботЧ – .целаП тарб латпешорп – !ж";"ьзовкс";"ж! – прошептал брат Палец. – Чтоб мне";"сквозь";" ";"землю провалиться!";"Terry Pratchett. Guards! Guards! (1989)";"Terry Pratchett";"1948";"Guards! Guards!";"1989";"художественная";"";"";"";"";"";"омонимия не снята";"Guards! Guards!";"Терри Пратчетт";"Стража! Стража!";"";"2020";"17614";"190939";"8807";"98029";"rus";"rus";"Великобритания";"";"– Это надо ж! – прошептал брат Палец. – Чтоб мне сквозь землю провалиться!";"c2e7f1ce36a69de8129b3884a6c8ee28:1911:8";" ""Sucked dry, ""whispered Brother Fingers. ""I'll be damned! """;"eng"
" лыб вотог вохулГ ";"ьзовкс";"Глухов готов был";"сквозь";" ";"землю провалиться.";"Василий Шукшин. Бессовестные (1970)";"Василий Шукшин";"1929";"Бессовестные";"1970";"художественная";"";"";"";"";"";"омонимия не снята";"Бессовестные";"Vasili Shukshin";"A Matchmaking";"";"1980";"810";"7249";"405";"2873";"rus";"eng";"Великобритания";"";"Ну-ка, скажи.  Глухов готов был сквозь землю провалиться.  — Я по дурости… выпимши был, — признался он.";"261cd254d903015a61fd846c24fcc1e1:722:3";" Now then, speak up, man. "" Glukhov longed for the earth to open and swallow him up. "" It was only my foolishness — I was drunk, ""he mumbled. ";"eng"
" алыб авотог Я ";"ьзовкс";"Я готова была";"сквозь";" ";"землю провалиться, но тут за мной";"Harper Lee. To Kill a Mockingbird (1960)";"Harper Lee";"1926";"To Kill a Mockingbird";"1960";"художественная";"";"";"";"";"";"омонимия не снята";"To Kill a Mockingbird";"Харпер Ли";"Убить пересмешника";"";"2013";"15654";"190089";"7827";"101449";"rus";"rus";"США";"";"Я готова была сквозь землю провалиться, но тут за мной пришёл Джим, и он мне посочувствовал.";"923f6c746295e734657f1ced727527e9:14127:3";" She made me feel awful, but when Jem came to fetch me he was sympathetic. ";"eng"
" еерокс ыб дар ,онченок ,жу кеволеч";"ьзовкс";"человек уж, конечно, рад бы скорее";"сквозь";" ";"землю провалиться, чем что-нибудь высказать или";"Ф. М. Достоевский. Игрок (1866)";"Ф. М. Достоевский";"1821";"Игрок";"1866";"художественная";"";"";"";"";"";"омонимия не снята";"Игрок";"Fedor Dostoevsky";"The Gambler";"";"1935";"6070";"105773";"3035";"44723";"rus";"eng";"Великобритания";"";"Любопытно и смешно, сколько иногда может выразить взгляд стыдливого и болезненно-целомудренного человека, тронутого любовью, и именно в то время, когда человек уж, конечно, рад бы скорее сквозь землю провалиться, чем что-нибудь высказать или выразить, словом или взглядом.";"8a55ff685fab6d17e21f02da31670ba5:676:27";" A remarkable and diverting circumstance is the amount which may lie in the mien of a shy and painfully modest man who has been touched with the divine passion — especially when he would rather sink into the earth than betray himself by a single word or look. ";"eng"
" мас …яичилирп зи ,юровог кат жу";"ьзовкс";"уж так говорю, из приличия… сам";"сквозь";" ";"землю провалиться готов.";"Ф. М. Достоевский. Ползунков (1848)";"Ф. М. Достоевский";"1821";"Ползунков";"1848";"художественная";"";"";"";"";"";"омонимия не снята";"Ползунков";"Fedor Dostoevsky";"Polzunkov";"";"1918";"638";"10545";"319";"4494";"rus";"eng";"Великобритания";"";"Только уж так говорю, из приличия… сам сквозь землю провалиться готов.";"39e4dd133e530ec2665f3cb7df4ab8f2:230:7";" But I just said that from a feeling of propriety…. I was ready to sink into the earth. ";"eng"
" ьсолетох зар йикясв уме отч ,мотсем";"ьзовкс";"местом, что ему всякий раз хотелось";"сквозь";" ";"землю провалиться при виде ее.";"Charles Dickens. The Tale of two Cities (1859)";"Charles Dickens";"1812";"The Tale of two Cities";"1859";"художественная";"";"";"";"";"";"омонимия не снята";"The Tale of two Cities";"Чарльз Диккенс";"Повесть о двух городах";"";"1950-1960";"15180";"261740";"7590";"135772";"rus";"rus";"Великобритания";"";"Мадам сидела целый день за стойкой и так упорно не замечала его, так явно давала ему понять, что она раз навсегда решила про себя считать его пустым местом, что ему всякий раз хотелось сквозь землю провалиться при виде ее.";"45dc0f44a28f331677ad6ee35a429c4b:6713:33";" But, madame sat all day at her counter, so expressly unconscious of him, and so particularly determined not to perceive that his being there had any connection with anything below the surface, that he shook in his wooden shoes whenever his eye lighted on her. ";"eng"
