"Reversed left context";"Reversed center";"Left context";"Center";"Punct";"Right context";"Title";"Author";"Birthday";"Header";"Created";"Sphere";"Type";"Topic";"Publication";"Publ_year";"Medium";"Ambiguity";"Header";"Author_trans";"Header_trans";"Translator";"Date_trans";"Sentences";"Words";"Orig_sentences";"Orig_words";"Lang";"Lang_trans";"Lang_variant";"Dialect";"Full context";"Example source";"Para context 1";"Lang 1"
" тюалед мат ончеВ …»ацинартс яатсеШ« атЭ";"зи";"Эта «Шестая страница»… Вечно там делают";"из";" ";"мухи слона.";"Lauren Weisberger. The Devil Wears Prada (2003)";"Lauren Weisberger";"1977";"The Devil Wears Prada";"2003";"художественная";"";"";"";"";"";"омонимия не снята";"The Devil Wears Prada";"Лорен Вайсбергер";"Дьявол носит Прада";"";"2006";"17508";"261692";"8754";"142530";"rus";"rus";"США";"";"Эта «Шестая страница»… Вечно там делают из мухи слона.";"790e2572bdbad061ff7ddeede1926f77:17323:6";" Things got totally blown out of proportion in that Page Six article. ";"eng"
" теудзар ,ястеаратсоп жу йофлаМ ";"зи";"Малфой уж постарается, раздует";"из";" ";"мухи слона.";"J. K. Rowling. Harry Potter and the Prisoner of Azkaban (1999)";"J. K. Rowling";"1965";"Harry Potter and the Prisoner of Azkaban";"1999";"художественная";"";"";"";"";"";"омонимия не снята";"Harry Potter and the Prisoner of Azkaban";"Дж. К. Роулинг";"Гарри Поттер и узник Азкабана";"";"2002";"16396";"194597";"8198";"108830";"rus";"rus";"Великобритания";"";"Малфой уж постарается, раздует из мухи слона.";"89bcf033d380f4be17459dd58609ff8f:4203:4";" Trust Malfoy to milk it for all it's worth.' ";"eng"
" юалед я отч ,етеамудоп ен ыв";"зи";"вы не подумаете, что я делаю";"из";" ";"мухи слона. – Совсем нет.";"Agatha Christie. The A.B.C. Murders (1936)";"Agatha Christie";"1890";"The A.B.C. Murders";"1936";"художественная";"";"";"";"";"";"омонимия не снята";"The A.B.C. Murders";"Агата Кристи";"Убийства по алфавиту";"";"2016";"5710";"79432";"2855";"25283";"rus";"rus";"Великобритания";"";"Сами знаете, сэр, что вспомнить, что было три месяца назад, не так уж и легко. Так что нам пришлось попотеть, но в конце концов мы точно установили, что все было именно так.  Потому что двадцать первого июня к миссис Марбери неожиданно приехал брат из Канады, и ей некуда было положить его на ночь, а Лили предложила занять комнату мистера Каста, потому что тот был в отъезде. Но миссис Марбери на это не согласилась. Она сказала, что это неправильно по отношению к съемщику, а она всегда поступает с ними по-честному. Но дату мы установили совершенно точно, потому что в тот день корабль Берта Марбери пришвартовался в Саутгемптоне. Теперь инспектор Кроум слушал Тома очень внимательно, изредка делая пометки в блокноте. – И это всё? – спросил он. – Да, сэр, это всё. Надеюсь, что вы не подумаете, что я делаю из мухи слона. – Совсем нет.  Вы совершено правильно сделали, что пришли к нам.";"2680cd8dda7dc0b4451de7c3af46e288:4381:103";" And we remembered that he was.'  Inspector Crome listened to everything carefully. ' You were quite right to come here,' he said. ";"eng"
" тюалед идюл еыротокен отч ,лазакс и";"зи";"и сказал, что некоторые люди делают";"из";" ";"мухи слона.";"Jerome K. Jerome. Three Men in a Boat (To Say Nothing Of The Dog) (1889)";"Jerome K. Jerome";"1859";"Three Men in a Boat (To Say Nothing Of The Dog)";"1889";"художественная";"";"";"";"";"";"омонимия не снята";"Three Men in a Boat (To Say Nothing Of The Dog)";"Джером К. Джером";"Трое в лодке, не считая собаки";"";"1958";"6478";"121423";"3239";"66090";"rus";"rus";"Великобритания";"";"Я улыбнулся черному джентльмену и сказал, что, видно, купе досталось нам двоим, и он в ответ любезно улыбнулся и сказал, что некоторые люди делают из мухи слона.";"20485619ebdfa1f237874a4c84c417bc:905:24";" I smiled at the black gentleman, and said I thought we were going to have the carriage to ourselves; and he laughed pleasantly, and said that some people made such a fuss over a little thing. ";"eng"
