"Reversed left context";"Reversed center";"Left context";"Center";"Punct";"Right context";"Title";"Author";"Birthday";"Header";"Created";"Sphere";"Type";"Topic";"Publication";"Publ_year";"Medium";"Ambiguity";"Header";"Author_trans";"Header_trans";"Translator";"Date_trans";"Sentences";"Words";"Orig_sentences";"Orig_words";"Lang";"Lang_trans";"Lang_variant";"Dialect";"Full context";"Example source";"Para context 1";"Lang 1"
" йищюатобар ,вомод хындорогаз зи миндо йищюялварпу";"ятсупс";"управляющий одним из загородных домов, работающий";"спустя";" ";"рукава; подобная тревога умножалась вместе с";"Nassim Nicholas Taleb. Antifragile: Things That Gain From Disorder (2012)";"Nassim Nicholas Taleb";"1960";"Antifragile: Things That Gain From Disorder";"2012";"учебно-научная, публицистика";"";"наука и технологии, философия";"";"";"";"омонимия не снята";"Antifragile: Things That Gain From Disorder";"Нассим Николас Талеб";"Антихрупкость. Как извлечь выгоду из хаоса";"";"2022";"16592";"336787";"8296";"180355";"rus";"rus";"США";"";"После какого-то уровня оно начинало бесконечно усложнять вашу жизнь, заставляя беспокоиться о том, не обманывает ли вас управляющий одним из загородных домов, работающий спустя рукава; подобная тревога умножалась вместе с количеством денег.";"17154569778daa68a2de3fadfcd05453:4439:23";" Beyond some level it forces people into endless complications of their lives, creating worries about whether the housekeeper in one of the country houses is scamming them while doing a poor job and similar headaches that multiply with money. ";"eng"
" ьтатобар он ,ьтидохыв утобар ан тичанЗ";"ятсупс";"Значит на работу выходить, но работать";"спустя";" ";"рукава.";"Татьяна Толстая. Кысь (2000)";"Татьяна Толстая";"1951";"Кысь";"2000";"художественная";"";"";"";"";"";"омонимия не снята";"Кысь";"Tatyana Tolstaya";"The Slynx";"";"2007";"14176";"144350";"7088";"60453";"rus";"eng";"США";"";"Значит на работу выходить, но работать спустя рукава.";"9c26cca2adf4295a30c6fa7a34bb962a:4136:6";" That means you have to go to work, but you can take it easy. ";"eng"
" ьтатобар :оназаку – ,тежакс ен огечин лакаШ";"ятсупс";"Шакал ничего не скажет, – указано: работать";"спустя";" ";"рукава.";"Татьяна Толстая. Кысь (2000)";"Татьяна Толстая";"1951";"Кысь";"2000";"художественная";"";"";"";"";"";"омонимия не снята";"Кысь";"Tatyana Tolstaya";"The Slynx";"";"2007";"14176";"144350";"7088";"60453";"rus";"eng";"США";"";"Шакал ничего не скажет, – указано: работать спустя рукава.";"9c26cca2adf4295a30c6fa7a34bb962a:4416:6";" Jackal wouldn't say anything ― it was decreed: work, but take it easy. ";"eng"
" митэ ьсиляназ ,воцердуМ дялгзв ан ,ино";"ятсупс";"они, на взгляд Мудрецов, занялись этим";"спустя";" ";"рукава, поэтому Мудрецы вложили людям в";"Kurt Vonnegut. Hocus Pocus (1990)";"Kurt Vonnegut";"1922";"Hocus Pocus";"1990";"художественная";"";"";"";"";"";"омонимия не снята";"Hocus Pocus";"Курт Воннегут";"Фокус-покус";"";"1993";"9922";"154407";"4961";"81715";"rus";"rus";"США";"";"Но они, на взгляд Мудрецов, занялись этим спустя рукава, поэтому Мудрецы вложили людям в голову мысль, что они-то и есть та форма жизни, которая должна завоевать всю Вселенную.";"2c09150b04d05302afc19154b49438b7:6011:7";" But they were going at it too slowly to satisfy the Elders, so the Elders put it into the people's heads that they themselves were the life forms that were supposed to spread out through the Universe. ";"eng"
" адгесв ьсилев мавтсйибу микат оп яивтсделС";"ятсупс";"Следствия по таким убийствам велись всегда";"спустя";" ";"рукава, и, если убийца был достаточно";"Варлам Шаламов. Зелёный прокурор (1959)";"Варлам Шаламов";"1907";"Зелёный прокурор";"1959";"художественная";"";"";"";"";"";"омонимия не снята";"Зелёный прокурор";"Varlam Shalamov";"The Green Procurator";"";"1980";"1018";"19641";"509";"8510";"rus";"eng";"США";"";"Следствия по таким убийствам велись всегда спустя рукава, и, если убийца был достаточно догадлив, чтобы дать в воздух второй выстрел – дело всегда кончалось для конвоира благополучно – в инструкциях полагается предупредительный выстрел перед прицелом по беглецу.";"f4a0a28fa36b1d4de2fe6e1dbd6de196:612:6";" Investigations of such instances were always conducted in a slipshod fashion, and if the murderer was smart enough to fire a second shot in the air, the investigation always produced a conclusion favorable to him. The instruction prescribed a warning shot. ";"eng"
" ьсолалед ен огечин ыботч ― ,кур хытслот";"ятсупс";"толстых рук, ― чтобы ничего не делалось";"спустя";" ";"рукава.";"Владимир Набоков. Королек (1933)";"Владимир Набоков";"1899";"Королек";"1933";"художественная";"";"";"";"";"";"омонимия не снята";"Королек";"Vladimir Nabokov";"The Leonardo";"";"1973";"484";"6765";"242";"2801";"rus";"eng";"Великобритания, США";"";"Его широкая, как шкап, грудная клетка, и вечный пуловер из крутой серой шерсти, и резинки на сгибах толстых рук, ― чтобы ничего не делалось спустя рукава.";"f8adf1a631814456322a55dde833b0a3:40:23";" He wore elastic bands to hold his shirtsleeves at the joints of his fat arms, so as to keep his wrists free and prevent sloppiness. ";"eng"
" ,алевц яароток ,йозомим дан ахудзов меинапотш";"ятсупс";"штопанием воздуха над мимозой, которая цвела,";"спустя";" ";"рукава до самой земли; двое рабочих";"Владимир Набоков. Весна в Фиальте (1938)";"Владимир Набоков";"1899";"Весна в Фиальте";"1938";"художественная";"";"";"";"";"";"омонимия не снята";"Весна в Фиальте";"Vladimir Nabokov";"Spring in Fialta";"";"1947";"288";"14363";"144";"6021";"rus";"eng";"Великобритания, США";"";"Улица была все такая же влажная, неоживленная; чадом, волнующим татарскую мою память, несло из голых окон бледных домов; небольшая компания комаров занималась штопанием воздуха над мимозой, которая цвела, спустя рукава до самой земли; двое рабочих в широких шляпах закусывали сыром с чесноком, прислонившись к афишной доске, на которую были наклеены гусар, укротитель в усах и оранжевый тигр на белой подкладке, причем в стремлении сделать его как можно свирепее художник зашел так далеко, что вернулся с другой стороны, придав его морде кое-что человеческое.";"02c43b643a596ebca03d5c8d252f67bd:72:28";" Outside it was just as milky dull as before; the same smell of burning, stirring my Tartar memories, drifted from the bare windows of the pale houses; a small swarm of gnats was busy darning the air above a mimosa, which bloomed listlessly, her sleeves trailing to the very ground; two workmen in broad-brimmed hats were lunching on cheese and garlic, their backs against a circus billboard, which depicted a red hussar and an orange tiger of sorts; curious, in his effort to make the beast as ferocious as possible, the artist had gone so far that he had come back from the other side, for the tiger's face looked positively human. ";"eng"
" ,ярз юьтиж к юьтсартс йоксечитситра итчоп";"ятсупс";"почти артистической страстью к житью зря,";"спустя";" ";"рукава.";"А. П. Чехов. Агафья (1886)";"А. П. Чехов";"1860";"Агафья";"1886";"художественная";"";"";"";"";"";"омонимия не снята";"Агафья";"Anton Chekhov";"Agafya";"";"1900-1930";"560";"7026";"280";"2980";"rus";"eng";"Великобритания";"";"От всей фигуры так и веяло безмятежностью, врожденной, почти артистической страстью к житью зря, спустя рукава.";"26028a174c2a7a063fb234608643abd7:20:14";" His whole figure suggested unruffled serenity, an innate, almost artistic passion for living carelessly, never with his sleeves tucked up. ";"eng"
" утобар юовс ьталед и ьтачинжав ьтачан";"ятсупс";"начать важничать и делать свою работу";"спустя";" ";"рукава.";"L. Frank Baum. The Patchwork Girl of Oz (1913)";"L. Frank Baum";"1856";"The Patchwork Girl of Oz";"1913";"художественная";"";"";"";"";"";"омонимия не снята";"The Patchwork Girl of Oz";"Л. Фрэнк Баум";"Лоскутушка из Страны Оз";"";"1990-2000";"7112";"95872";"3556";"56499";"rus";"rus";"США";"";"— Может, он и прав… — задумчиво протянула Марголотта, — но, с другой стороны, слишком уж умная служанка может начать важничать и делать свою работу спустя рукава.";"1348c3ba5ab7c922e05eeac5fce2c6c4:447:22";" ""Well, that may be true, ""agreed Margolotte; ""but, on the contrary, a servant with too much brains is sure to become independent and high - and-mighty and feel above her work. ";"eng"
" илалед ино есВ ";"ятсупс";"Все они делали";"спустя";" ";"рукава, не соблюдали порядка и дисциплины.";"Jack London. The Call of the Wild (1903)";"Jack London";"1876";"The Call of the Wild";"1903";"художественная";"";"";"";"";"";"омонимия не снята";"The Call of the Wild";"Джек Лондон";"Зов предков";"";"1978";"3664";"59910";"1832";"31975";"rus";"rus";"США";"";"Все они делали спустя рукава, не соблюдали порядка и дисциплины.";"89d2d9624ab0deba6f4aa7e935daf57e:2093:3";" They were slack in all things, without order or discipline. ";"eng"
" ино илалед есв ;юнд уменшартваз к";"ятсупс";"к завтрашнему дню; все делали они";"спустя";" ";"рукава, истребляли без всякого толка провизию";"Robert Louis Stevenson. Treasure Island (1883)";"Robert Louis Stevenson";"1850";"Treasure Island";"1883";"художественная";"";"";"";"";"";"омонимия не снята";"Treasure Island";"Роберт Луис Стивенсон";"Остров сокровищ";"";"1935";"7560";"122668";"3780";"69090";"rus";"rus";"Великобритания";"";"Никогда в своей жизни не видел я людей, до такой степени беззаботно относящихся к завтрашнему дню; все делали они спустя рукава, истребляли без всякого толка провизию, засыпали, стоя на часах, и так далее, вообще они были способны лишь на короткую вспышку, но на длительные военные действия их не хватало.";"e18409c90e9a0bee3611dcb62e0e2873:6737:19";" I never in my life saw men so careless of the morrow; hand to mouth is the only word that can describe their way of doing; and what with wasted food and sleeping sentries, though they were bold enough for a brush and be done with it, I could see their entire unfitness for anything like a prolonged campaign. ";"eng"
