"Reversed left context";"Reversed center";"Left context";"Center";"Punct";"Right context";"Title";"Author";"Birthday";"Header";"Created";"Sphere";"Type";"Topic";"Publication";"Publ_year";"Medium";"Ambiguity";"Header";"Author_trans";"Header_trans";"Translator";"Date_trans";"Sentences";"Words";"Orig_sentences";"Orig_words";"Lang";"Lang_trans";"Lang_variant";"Dialect";"Full context";"Example source";"Para context 1";"Lang 1"
" еньлатич в сан у укьлоксоп ,ондаЛ";"генед";"Ладно, поскольку у нас в читальне";"денег";" ";"куры не клюют, вызовем на дом";"Михаил Елизаров. Библиотекарь (2007)";"Михаил Елизаров";"1973";"Библиотекарь";"2007";"художественная";"";"";"";"";"";"омонимия не снята";"Библиотекарь";"Mikhail Elizarov";"The Librarian";"";"2015";"12806";"167519";"6403";"68297";"rus";"eng";"Великобритания";"";"– Ладно, поскольку у нас в читальне денег куры не клюют, вызовем на дом такси.";"6cb1f460471f2b708b6e9d91c2d619f3:10122:6";" “All right, since our reading room has money to burn, let's call a taxi to take me home. ";"eng"
" ыботч от ен янем у ямерв";"генед";"время у меня не то чтобы";"денег";" ";"куры не клевали, но был собственный";"Jen Sincero. You Are a Badass®: How to Stop Doubting Your Greatness and Start Living an Awesome Life (2013)";"Jen Sincero";"1965";"You Are a Badass®: How to Stop Doubting Your Greatness and Start Living an Awesome Life";"2013";"публицистика";"";"";"";"";"";"омонимия не снята";"You Are a Badass®: How to Stop Doubting Your Greatness and Start Living an Awesome Life";"Джен Синсеро";"НИ СЫ";"";"2018";"6048";"116117";"3024";"64940";"rus";"rus";"США";"";"В то время у меня не то чтобы денег куры не клевали, но был собственный бизнес, который я пыталась развивать.";"2641badec1a75475f593f1c63b397fcd:4745:8";" At the time, I didn't have a whole lot of money, but I had my own business that I was trying to grow. ";"eng"
" огороток у ,утнедутс умоксвонотгникрат тижелданирп деписолев";"генед";"велосипед принадлежит таркингтоновскому студенту, у которого";"денег";" ";"куры не клюют, и наверняка есть";"Kurt Vonnegut. Hocus Pocus (1990)";"Kurt Vonnegut";"1922";"Hocus Pocus";"1990";"художественная";"";"";"";"";"";"омонимия не снята";"Hocus Pocus";"Курт Воннегут";"Фокус-покус";"";"1993";"9922";"154407";"4961";"81715";"rus";"rus";"США";"";"Он решил ― и я бы так подумал на его месте, ― что велосипед принадлежит таркингтоновскому студенту, у которого денег куры не клюют, и наверняка есть еще дорогая машина и больше красивых шмоток, чем парню достанется за всю жизнь.";"2c09150b04d05302afc19154b49438b7:6201:17";" He assumed, as would I, which it belonged to some Tarkington student who was superrich, who probably had an expensive car and more beautiful clothes than he could ever wear. ";"eng"
" еен у ,лазакс тнажреС ";"генед";"Сержант сказал, у нее";"денег";" ";"куры не клюют – какое право она";"Terry Pratchett. Guards! Guards! (1989)";"Terry Pratchett";"1948";"Guards! Guards!";"1989";"художественная";"";"";"";"";"";"омонимия не снята";"Guards! Guards!";"Терри Пратчетт";"Стража! Стража!";"";"2020";"17614";"190939";"8807";"98029";"rus";"rus";"Великобритания";"";"Сержант сказал, у нее денег куры не клюют – какое право она имеет жить в обыкновенной комнате?";"c2e7f1ce36a69de8129b3884a6c8ee28:6867:4";" She's got pots of money, sarge says, she's got no call livin'in ordinary rooms. ";"eng"
" вонэуО хитэ у ,ьтыб онжлоД ";"генед";"Должно быть, у этих Оуэнов";"денег";" ";"куры не клюют.";"Agatha Christie. Ten Little Niggers / And Then There Were None (1939)";"Agatha Christie";"1890";"Ten Little Niggers / And Then There Were None";"1939";"художественная";"";"";"";"";"";"омонимия не снята";"Ten Little Niggers / And Then There Were None";"Агата Кристи";"Десять негритят / И никого не стало";"";"2015";"10838";"98249";"5419";"53955";"rus";"rus";"Великобритания";"";"Должно быть, у этих Оуэнов денег куры не клюют.";"0da3497f344973d8c0a582bbbf11400d:403:5";" These Owens must be rolling in money. ";"eng"
" янем у отч ,теамуд ,ондив ,угоб-йе";"генед";"ей-богу, видно, думает, что у меня";"денег";" — ";"куры не клюют.";"Margaret Mitchell. Gone with the Wind, Part 2 (1936)";"Margaret Mitchell";"1900";"Gone with the Wind, Part 2";"1936";"художественная";"";"";"";"";"";"омонимия не снята";"Gone with the Wind, Part 2";"Маргарет Митчелл";"Унесённые ветром, ч. 2";"";"1982";"29314";"414569";"14657";"216232";"rus";"rus";"США";"";"А она, ей-богу, видно, думает, что у меня денег — куры не клюют.";"3ddd25fe52e8f0ab80e3eac915d26b53:13799:8";" But honestly, she thinks I'm made of money. ";"eng"
" ";"генеД";"";"Денег";" ";"куры не клюют, а пользы от";"Dorothy L Sayers. Strong Poison (1930)";"Dorothy L Sayers";"1893";"Strong Poison";"1930";"художественная";"";"";"";"";"";"омонимия не снята";"Strong Poison";"Дороти Сэйерс";"Смертельный яд";"";"2007";"11182";"137800";"5591";"78666";"rus";"rus";"Великобритания";"";"Денег куры не клюют, а пользы от этого никому, потому что, говорят, она совсем впала в детство.";"8afd271a456189c18ea16ec50713b721:4361:0";" Called away, he was, to that tiresome old woman what's always a-dying and never dies. ";"eng"
