"Reversed left context";"Reversed center";"Left context";"Center";"Punct";"Right context";"Title";"Author";"Birthday";"Header";"Created";"Sphere";"Type";"Topic";"Publication";"Publ_year";"Medium";"Ambiguity";"Header";"Author_trans";"Header_trans";"Translator";"Date_trans";"Sentences";"Words";"Orig_sentences";"Orig_words";"Lang";"Lang_trans";"Lang_variant";"Dialect";"Full context";"Example source";"Para context 1";"Lang 1"
" ьтажред неджуныв кинтсач ,вороссертс котоп ясйищюащаркерпен";"сон";"непрекращающийся поток стрессоров, частник вынужден держать";"нос";" ";"по ветру.";"Nassim Nicholas Taleb. Antifragile: Things That Gain From Disorder (2012)";"Nassim Nicholas Taleb";"1960";"Antifragile: Things That Gain From Disorder";"2012";"учебно-научная, публицистика";"";"наука и технологии, философия";"";"";"";"омонимия не снята";"Antifragile: Things That Gain From Disorder";"Нассим Николас Талеб";"Антихрупкость. Как извлечь выгоду из хаоса";"";"2022";"16592";"336787";"8296";"180355";"rus";"rus";"США";"";"Помните, что стрессоры – это информация; реагируя на непрекращающийся поток стрессоров, частник вынужден держать нос по ветру.";"17154569778daa68a2de3fadfcd05453:2577:13";" Remember that stressors are information; these careers face a continuous supply of these stressors that make them adjust opportunistically. ";"eng"
" ьтажред – гинк еробыв ирп еонвалГ ";"сон";"Главное при выборе книг – держать";"нос";" ";"по ветру собственного любопытства: то, что";"Nassim Nicholas Taleb. Antifragile: Things That Gain From Disorder (2012)";"Nassim Nicholas Taleb";"1960";"Antifragile: Things That Gain From Disorder";"2012";"учебно-научная, публицистика";"";"наука и технологии, философия";"";"";"";"омонимия не снята";"Antifragile: Things That Gain From Disorder";"Нассим Николас Талеб";"Антихрупкость. Как извлечь выгоду из хаоса";"";"2022";"16592";"336787";"8296";"180355";"rus";"rus";"США";"";"Главное при выборе книг – держать нос по ветру собственного любопытства: то, что я учил в школе, я забыл; то, что я читал по своей воле, я помню до сих пор.";"17154569778daa68a2de3fadfcd05453:7501:5";" But there is something central in following one's own direction in the selection of readings: what I was given to study in school I have forgotten; what I decided to read on my own, I still remember. ";"eng"
" ьтажред лему оньлетивиду нО ";"сон";"Он удивительно умел держать";"нос";" ";"по ветру, всегда тянулся к более";"Анатолий Рыбаков. Дети Арбата (1966-1983)";"Анатолий Рыбаков";"1911";"Дети Арбата";"1966-1983";"художественная";"";"";"";"";"";"омонимия не снята";"Дети Арбата";"Anatoly Rybakov";"Children of the Arbat";"";"1989";"30920";"396402";"15460";"162911";"rus";"eng";"Великобритания";"";"Он удивительно умел держать нос по ветру, всегда тянулся к более сильным, в школе был при Саше Панкратове, в университете еще при ком-то, а сейчас состоял при известном критике, выступающем со статьями об юродствующей поэзии.";"4b2ac83dc5cc44d4f433357c114f6b48:11022:4";" Vadim was remarkably good at tacking with the wind, and he had always been drawn to stronger personalities. In school it had been Sasha Pankratov, then someone else at the university, and now it was a well-known critic who was writing articles about poetry that aimed at sounding moronic. ";"eng"
" кодашол У ";"сон";"У лошадок";"нос";" ";"по ветру: как учуяли умертвий – мигом";"J. R. R. Tolkien. The Lord of the Rings: The Fellowship of the Ring (1954)";"J. R. R. Tolkien";"1892";"The Lord of the Rings: The Fellowship of the Ring";"1954";"художественная";"";"";"";"";"";"омонимия не снята";"The Lord of the Rings: The Fellowship of the Ring";"Джон Рональд Руэл Толкин";"Властелин колец: Братство кольца";"";"1982";"23436";"316643";"11718";"186177";"rus";"rus";"Великобритания";"";"У лошадок нос по ветру: как учуяли умертвий – мигом поминай как звали…";"8eca275ebcf4afaefc167433be07b53c:8343:2";" For they sniff danger ahead which you walk right into; and if they run to save themselves, then they run the right way. ";"eng"
" лажред ежот среждоР ";"сон";"Роджерс тоже держал";"нос";" ";"по ветру и потому быстренько убрал";"Agatha Christie. Ten Little Niggers / And Then There Were None (1939)";"Agatha Christie";"1890";"Ten Little Niggers / And Then There Were None";"1939";"художественная";"";"";"";"";"";"омонимия не снята";"Ten Little Niggers / And Then There Were None";"Агата Кристи";"Десять негритят / И никого не стало";"";"2015";"10838";"98249";"5419";"53955";"rus";"rus";"Великобритания";"";"Роджерс тоже держал нос по ветру и потому быстренько убрал свою жену.";"0da3497f344973d8c0a582bbbf11400d:4455:3";" And Rogers, he gets the wind up too and bumps off his wife! ";"eng"
