"Reversed left context";"Reversed center";"Left context";"Center";"Punct";"Right context";"Title";"Author";"Birthday";"Header";"Created";"Sphere";"Type";"Topic";"Publication";"Publ_year";"Medium";"Ambiguity";"Header";"Author_trans";"Header_trans";"Translator";"Date_trans";"Sentences";"Words";"Orig_sentences";"Orig_words";"Lang";"Lang_trans";"Lang_variant";"Dialect";"Full context";"Example source";"Para context 1";"Lang 1"
" аЗ ";"йыннилд";"За";"длинный";" ";"язык”.";"Светлана Алексиевич. Время секонд хэнд (2013)";"Светлана Алексиевич";"1948";"Время секонд хэнд";"2013";"художественная, публицистика";"";"";"";"";"";"омонимия не снята";"Время секонд хэнд";"Svetlana Alexievich";"Secondhand Time";"";"2016";"25158";"324997";"12579";"131168";"rus";"eng";"США";"";"Арестовали правильно.  За длинный язык”.  – “Бабушка, почему ты ничего мне не рассказывала?” – спрашивала я.";"52c856c99bb936c84da0bfb0ca2f4218:634:1";" They were right to arrest him.  He had a big mouth.”  “Grandma, why didn't you tell me before?” I'd ask her. ";"eng"
" как ,елоп в ьсалазерв мовивзи агород";"йыннилд";"дорога извивом врезалась в поле, как";"длинный";" ";"язык, и пропадала за краем; за";"Сергей Лебедев. Предел забвения (2010)";"Сергей Лебедев";"1981";"Предел забвения";"2010";"художественная";"";"";"";"";"";"омонимия не снята";"Предел забвения";"Sergei Lebedev";"Oblivion";"";"2016";"4010";"171496";"2005";"78506";"rus";"eng";"США";"";"В сухих травяных люльках спали зерна; дорога извивом врезалась в поле, как длинный язык, и пропадала за краем; за лесом тронулась, стала набирать ход, запела электричка; и я почувствовал, что я один; пожалуй, впервые почувствовал это без испуга, без инстинктивной внутренней оглядки — где же взрослые.";"8b2054d11eb61f5e4eeb2ad675c6e125:632:12";" The grains slept in the dry grass spikes; the road cut into the field like a long tongue, disappearing beyond the edge; beyond the woods the commuter train moved, picking up speed; and I felt that I was alone; this was probably the first time I felt the sentiment — Where are the adults? — without fear, without an instinctive wary look. ";"eng"
" йытунусыв а ,оньлиму иледялг и ыраж";"йыннилд";"жары и глядели умильно, а высунутый";"длинный";" ";"язык вздрагивал от частого дыхания.";"А. И. Куприн. Белый пудель (1904)";"А. И. Куприн";"1870";"Белый пудель";"1904";"художественная";"";"";"";"";"";"омонимия не снята";"Белый пудель";"Aleksandr Kuprin";"The White poodle";"";"1982";"1848";"20555";"924";"9147";"rus";"eng";"США";"";"Его голубые добрые глаза щурились от жары и глядели умильно, а высунутый длинный язык вздрагивал от частого дыхания.";"f333d67b525a4f751307034195e5c4b9:108:12";" His mild blue eyes blinked against the glaring sunlight, and his long, lolling tongue trembled with fast breathing. ";"eng"
" и йынсарк ьнечо оньлетивтсйед оген у";"йыннилд";"у него действительно очень красный и";"длинный";" ";"язык с фиолетовыми пятнами и прожилками";"Саша Соколов. Школа для дураков (1973)";"Саша Соколов";"1943";"Школа для дураков";"1973";"художественная";"";"";"";"";"";"омонимия не снята";"Школа для дураков";"Sasha Sokolov";"А School for Fools";"";"1977";"5334";"126923";"2667";"55223";"rus";"eng";"США";"";"Я должен заметить, мама, у него действительно очень красный и длинный язык с фиолетовыми пятнами и прожилками, будто мальчик пьет чернила, прямо удивительно.";"415b2af8bc2fb16a988987fa6001f138:2496:10";" I have to note, mama, he really does have a very long red tongue with violet spots and veins, as if the boy drank ink, it's really amazing. ";"eng"
" в ьсишвитарверп ,ннижд а ,илапо и";"йыннилд";"и опали, а джинн, превратившись в";"длинный";" ";"язык оранжевого пламени, исчез в небе.";"А. Н. Стругацкий, Б. Н. Стругацкий. Понедельник начинается в субботу (1965)";"А. Н. Стругацкий, Б. Н. Стругацкий";"1925, 1933";"Понедельник начинается в субботу";"1965";"художественная";"";"";"";"";"";"омонимия не снята";"Понедельник начинается в субботу";"Arkady Strugatsky, Boris Strugatsky";"Monday Begins on Saturday";"";"1977";"13298";"133760";"6649";"58402";"rus";"eng";"США";"";"Разевая пасть в беззвучном хохоте, он взмахнул просторными волосатыми ушами, пахнуло гарью, над метелью взметнулись призрачные стены великолепного дворца, затряслись и опали, а джинн, превратившись в длинный язык оранжевого пламени, исчез в небе.";"16b676ab917826be619990953228ccec:8684:26";" His mouth gaping in soundless laughter, he flapped his extensive hairy ears. A burning stench permeated the blizzard and then the ghostly walls of a magnificent castle arose and slumped, oozing down, while the jinn himself, turned into a long tongue of orange flame, vanished into the sky. ";"eng"
" ,анко од ясларбод но адгоК ";"йыннилд";"Когда он добрался до окна,";"длинный";" ";"язык с заостренным бледно-голубым кончиком, танцуя";"Vladimir Nabokov. Transparent things (1972)";"Vladimir Nabokov";"1899";"Transparent things";"1972";"художественная";"";"";"";"";"";"омонимия не снята";"Transparent things";"Владимир Набоков";"Просвечивающие предметы";"";"1991";"2338";"51506";"1169";"28054";"rus";"rus";"Великобритания, США";"";"Когда он добрался до окна, длинный язык с заостренным бледно-голубым кончиком, танцуя, остановил его изящным жестом руки в перчатке.";"1f3de68ac5628b17f66eb35652384f8c:2327:5";" As he reached the window a long lavender-tipped flame danced up to stop him with a graceful gesture of its gloved hand. ";"eng"
" йоМ ";"йыннилд";"Мой";"длинный";" ";"язык в тот раз обошелся мне";"Ken Kesey. One Flew over the Cuckoo’s Nest (1962)";"Ken Kesey";"1935";"One Flew over the Cuckoo’s Nest";"1962";"художественная";"";"";"";"";"";"омонимия не снята";"One Flew over the Cuckoo’s Nest";"Кен Кизи";"Пролетая над гнездом кукушки";"";"2004";"10012";"211901";"5006";"115013";"rus";"rus";"США";"";"Мой длинный язык в тот раз обошелся мне долларов в двадцать.";"d3e00ad60d52f4c322a7e5b864fbe112:6655:1";" My shootin'off my mouth that time probably cost me twenty dollars or so. ";"eng"
" йовс ьтажред и йомод ясьтялварпто еж";"йыннилд";"же отправляться домой и держать свой";"длинный";" ";"язык за зубами, вот и всё";"Harper Lee. To Kill a Mockingbird (1960)";"Harper Lee";"1926";"To Kill a Mockingbird";"1960";"художественная";"";"";"";"";"";"омонимия не снята";"To Kill a Mockingbird";"Харпер Ли";"Убить пересмешника";"";"2013";"15654";"190089";"7827";"101449";"rus";"rus";"США";"";"Они только собирались заглянуть в окно с оторванным ставнем ― вдруг увидят Страшилу Рэдли? ― а я, если не хочу идти с ними, могу сейчас же отправляться домой и держать свой длинный язык за зубами, вот и всё. – А почему это вам взбрело дожидаться нынешнего вечера?";"923f6c746295e734657f1ced727527e9:2481:29";" Dill and Jem were simply going to peep in the window with the loose shutter to see if they could get a look at Boo Radley, and if I didn't want to go with them I could go straight home and keep my fat flopping mouth shut, that was all. “But what in the sam holy hill did you wait till tonight?” ";"eng"
" ,янем у ,уН ";"йыннилд";"Ну, у меня,";"длинный";" ";"язык. Сегодня я брею одного старшину";"Николай Островский. Как закалялась сталь (ч. 1) (1930-1934)";"Николай Островский";"1904";"Как закалялась сталь (ч. 1)";"1930-1934";"художественная";"";"";"";"";"";"омонимия не снята";"Как закалялась сталь (ч. 1)";"Nikolai Ostrovsky";"How the Steel was Tempered (pt 1)";"";"1952";"6134";"108335";"3067";"44216";"rus";"eng";"СССР/Россия";"";"Ну, у меня, длинный язык. Сегодня я брею одного старшину, из новых, что прислали недавно. ""Скажите, ― говорю, ― атаман Петлюра знает про погромы или нет? Примет он эту делегацию? ""Эх, сколько раз я неприятности имел за свой язык! Что, вы думаете, этот старшина сделал, когда я его побрил, попудрил, сделал все на первый сорт? Он себе встает, вместо того чтобы деньги мне заплатить, арестовывает меня за агитацию против власти. ―";"8c062f56bfcc25cd7988d7b83bc7e974:3536:3";" Well, I've got a long tongue, and today when I was shaving an officer ― one of the new ones who came recently ― I said:' Do you think Ataman Petlyura knows about these pogroms or not? Will he see the delegation?' Oi, how many times I've got into trouble through this tongue of mine. So what do you think this officer did when I had shaved him and powdered his face and done all in fine style too? He gets up and instead of paying me arrests me for agitating against the authorities. """;"eng"
" вунусыв ,моделс мин аз ;хагопас хикосыв";"йыннилд";"высоких сапогах; за ним следом, высунув";"длинный";" ";"язык, шла легавая собака.";"А. П. Чехов. Новая дача (1898)";"А. П. Чехов";"1860";"Новая дача";"1898";"художественная";"";"";"";"";"";"омонимия не снята";"Новая дача";"Anton Chekhov";"The New Villa";"";"1900-1930";"664";"9713";"332";"4068";"rus";"eng";"Великобритания";"";"Он был в красной кумачовой рубахе и в высоких сапогах; за ним следом, высунув длинный язык, шла легавая собака.";"e40a0fe2664d55e7255e22413b19b0db:156:14";" He was wearing a red cotton shirt and high boots; a setter dog with its long tongue hanging out, followed behind him. ";"eng"
