"Reversed left context";"Reversed center";"Left context";"Center";"Punct";"Right context";"Title";"Author";"Birthday";"Header";"Created";"Sphere";"Type";"Topic";"Publication";"Publ_year";"Medium";"Ambiguity";"Header";"Author_trans";"Header_trans";"Translator";"Date_trans";"Sentences";"Words";"Orig_sentences";"Orig_words";"Lang";"Lang_trans";"Lang_variant";"Dialect";"Full context";"Example source";"Para context 1";"Lang 1"
" алидовод ,воголоимедипэ-геллок оге хигонм и";"од";"и многих его коллег-эпидемиологов, доводила";"до";" ";"белого каления придирчивость, с какой общество";"Siddhartha Mukherjee. The Emperor of All Maladies. A Biography of Cancer (2011)";"Siddhartha Mukherjee";"1970";"The Emperor of All Maladies. A Biography of Cancer";"2011";"учебно-научная";"";"наука и технологии, здоровье и медицина";"";"";"";"омонимия не снята";"The Emperor of All Maladies. A Biography of Cancer";"Сиддхартха Мукерджи";"Царь всех болезней. Биография рака";"";"2012";"10690";"205939";"5345";"111070";"rus";"rus";"США";"";"Грэхема, как и многих его коллег-эпидемиологов, доводила до белого каления придирчивость, с какой общество относилось к слову ""причина"".";"42c82d58db98365a3d4a1fd04bf10aed:8903:8";" Indeed, like many of his epidemiologist peers, Graham was becoming exasperated with the exaggerated scrutiny of the word cause. ";"eng"
" алидовод меч ,»меинаводелсси« алавызан онропу я";"од";"я упорно называла «исследованием», чем доводила";"до";" ";"белого каления моих родных и друзей.";"Kate Fox. Watching the English: The Hidden Rules of Behaviour (2004)";"Kate Fox";"";"Watching the English: The Hidden Rules of Behaviour";"2004";"учебно-научная";"";"";"";"";"";"омонимия не снята";"Watching the English: The Hidden Rules of Behaviour";"Кейт Фокс";"Наблюдая за англичанами: скрытые правила поведения";"";"2008";"9658";"258647";"4829";"135556";"rus";"rus";"Великобритания";"";"Я долго и настойчиво изучала этот вопрос, консультировалась с комедиографами и другими специалистами, добросовестно отсмотрела десятки телевизионных комедий положений, сатирических передач, пародий и эстрадных программ с участием комических актеров разговорного жанра. Все это я упорно называла «исследованием», чем доводила до белого каления моих родных и друзей.";"e942a1d8208258b0803d634c38c69929:4541:39";" I've worked on this question long and hard, consulted quite a few comedy writers and other experts, dutifully watched dozens of television sit-coms, satires, spoofs and stand-ups – and thoroughly annoyed all my family and friends by insisting on calling this' research'. ";"eng"
" илидоход итсоря то идюл еылсорзв инзиж";"од";"жизни взрослые люди от ярости доходили";"до";" ";"белого каления», — писал британский палеонтолог Ричард";"Bill Bryson. A Short History of Nearly Everything (2003)";"Bill Bryson";"1951";"A Short History of Nearly Everything";"2003";"учебно-научная, публицистика";"";"";"";"";"";"омонимия не снята";"A Short History of Nearly Everything";"Билл Брайсон";"Краткая история почти всего на свете";"";"2006";"14920";"312910";"7460";"168350";"rus";"rus";"США";"";"«Я был свидетелем того, как из-за этой, образно говоря, миллисекунды в развитии жизни взрослые люди от ярости доходили до белого каления», — писал британский палеонтолог Ричард Форти по поводу длительного спора относительно границ между кембрийским и ордовикским периодами.";"60d6d29b635a7a8301c2099c135ed832:2151:18";" «I have seen grown men glow incandescent with rage over this metaphorical millisecond in life's history,» the British paleontologist Richard Fortey has written with regard to a long-running twentieth-century dispute over where the boundary lies between the Cambrian and Ordovician. ";"eng"
" вораш иинаверган в яслачюлказ аноффюБ тнемирепскЭ";"од";"Эксперимент Бюффона заключался в нагревании шаров";"до";" ";"белого каления и последующем измерении быстроты";"Bill Bryson. A Short History of Nearly Everything (2003)";"Bill Bryson";"1951";"A Short History of Nearly Everything";"2003";"учебно-научная, публицистика";"";"";"";"";"";"омонимия не снята";"A Short History of Nearly Everything";"Билл Брайсон";"Краткая история почти всего на свете";"";"2006";"14920";"312910";"7460";"168350";"rus";"rus";"США";"";"Эксперимент Бюффона заключался в нагревании шаров до белого каления и последующем измерении быстроты потери тепла путем касания (по-видимому, сначала очень легкого), когда шары остывали и переставали светиться.";"60d6d29b635a7a8301c2099c135ed832:2189:6";" Buffon's experiment consisted of heating spheres until they glowed white hot and then estimating the rate of heat loss by touching them (presumably very lightly at first) as they cooled. ";"eng"
" алшод илиЛ …ебет я отч аД";"од";"Да что я тебе… Лили дошла";"до";" ";"белого каления; я поняла, что единственное";"Lauren Weisberger. The Devil Wears Prada (2003)";"Lauren Weisberger";"1977";"The Devil Wears Prada";"2003";"художественная";"";"";"";"";"";"омонимия не снята";"The Devil Wears Prada";"Лорен Вайсбергер";"Дьявол носит Прада";"";"2006";"17508";"261692";"8754";"142530";"rus";"rus";"США";"";"Да что я тебе… Лили дошла до белого каления; я поняла, что единственное, что мне остается, ― это оборвать разговор.";"790e2572bdbad061ff7ddeede1926f77:8999:6";" What am I—” Lily had reached her breaking point and I totally understood, but there was nothing I could do except hang up on her. ";"eng"
" уплот итсев од тюемус отч ,иламуд";"од";"думали, что сумеют до вести толпу";"до";" ";"белого каления и во всеобщей сумятице";"Lemony Snicket. The Carnivorous Carnival (2002)";"Lemony Snicket";"1970";"The Carnivorous Carnival";"2002";"художественная";"";"";"";"";"";"омонимия не снята";"The Carnivorous Carnival";"Лемони Сникет";"Кровожадный карнавал";"";"2005";"4956";"79225";"2478";"44084";"rus";"rus";"США";"";"Трое Бодлеров, стоявших в своих маскарадных костюмах посреди толпы, которая жаждала агрессивности и неряшливого обжорства, знали, что не могут поступить правильно, но они думали, что сумеют до вести толпу до белого каления и во всеобщей сумятице попытаются улизнуть.";"e5441b6e2482858601d51d38dceb629e:4077:29";" The three Baudelaires standing in their disguises in the midst of a crowd eager for violence and sloppy eating, knew that they could not do the right thing, but they thought they could try to get the crowd as frantic as possible, so that they might slip away in the confusion. ";"eng"
" хи итсевод икат ьсоладу марелдоБ ";"од";"Бодлерам удалось таки довести их";"до";" ";"белого каления, но пока не представлялось";"Lemony Snicket. The Carnivorous Carnival (2002)";"Lemony Snicket";"1970";"The Carnivorous Carnival";"2002";"художественная";"";"";"";"";"";"омонимия не снята";"The Carnivorous Carnival";"Лемони Сникет";"Кровожадный карнавал";"";"2005";"4956";"79225";"2478";"44084";"rus";"rus";"США";"";"Бодлерам удалось таки довести их до белого каления, но пока не представлялось никакой возможности улизнуть в сумятице, и похоже было, что благоприятный случай вряд ли представится.";"e5441b6e2482858601d51d38dceb629e:4187:5";" The Baudelaires had succeeded in getting the crowd more and more frantic, but they still hadn't found an opportunity to slip away in the confusion, and now it seemed like that opportunity would never knock. ";"eng"
" янем тидовод анО ";"од";"Она доводит меня";"до";" ";"белого каления.";"Tess Gerritsen. The Apprentice (2002)";"Tess Gerritsen";"1953";"The Apprentice";"2002";"художественная";"";"";"";"";"";"омонимия не снята";"The Apprentice";"Тесс Герритсен";"Ученик";"";"2015";"18404";"175484";"9202";"95891";"rus";"rus";"США";"";"— Я впитываю ее ярость, когда просто касаюсь ее кожи.  Она доводит меня до белого каления.  В этот момент я чувствую себя сгустком энергии, сокрушительной и опасной.";"259906a1aefabd07197b474ca45aed68:13429:3";" “I absorb her rage, just by touching her skin.  It's like white heat. Something liquid and dangerous.  Pure energy. I've never felt so powerful. ";"eng"
" ябет лидовод адгесв нО — ";"од";"— Он всегда доводил тебя";"до";" ";"белого каления, да?";"Michael Crichton. Disclosure (1994)";"Michael Crichton";"1942";"Disclosure";"1994";"художественная";"";"";"";"";"";"омонимия не снята";"Disclosure";"Майкл Крайтон";"Разоблачение";"";"2004";"22282";"216557";"11141";"113778";"rus";"rus";"США";"";"— Он всегда доводил тебя до белого каления, да?";"bd13fa2f2f5499e50b9b34aab730a63e:2695:4";" “He always got under your skin, didn't he?” ";"eng"
" тедевод ондогу огок нО — ";"од";"— Он кого угодно доведет";"до";" ";"белого каления.";"Michael Crichton. Disclosure (1994)";"Michael Crichton";"1942";"Disclosure";"1994";"художественная";"";"";"";"";"";"омонимия не снята";"Disclosure";"Майкл Крайтон";"Разоблачение";"";"2004";"22282";"216557";"11141";"113778";"rus";"rus";"США";"";"— Он всегда доводил тебя до белого каления, да?  — Он кого угодно доведет до белого каления.  Это как раз то, что он умеет делать лучше всего.";"bd13fa2f2f5499e50b9b34aab730a63e:2697:4";" “He always got under your skin, didn't he?”  “He got under everybody's skin.  It was what he did best.” ";"eng"
" итсевод ондогу огок гом намфроД омярп";"од";"прямо Дорфман мог кого угодно довести";"до";" ";"белого каления.";"Michael Crichton. Disclosure (1994)";"Michael Crichton";"1942";"Disclosure";"1994";"художественная";"";"";"";"";"";"омонимия не снята";"Disclosure";"Майкл Крайтон";"Разоблачение";"";"2004";"22282";"216557";"11141";"113778";"rus";"rus";"США";"";"Своей манерой никогда не говорить прямо Дорфман мог кого угодно довести до белого каления.";"bd13fa2f2f5499e50b9b34aab730a63e:11739:11";" It was infuriating, the way Max would never just say what he meant. ";"eng"
" тедевод огобюл отэ — ясьтазакто мотоп а";"од";"а потом отказаться — это любого доведет";"до";" ";"белого каления.";"Michael Crichton. Disclosure (1994)";"Michael Crichton";"1942";"Disclosure";"1994";"художественная";"";"";"";"";"";"омонимия не снята";"Disclosure";"Майкл Крайтон";"Разоблачение";"";"2004";"22282";"216557";"11141";"113778";"rus";"rus";"США";"";"— Но я продолжаю утверждать, что дотянуть до последнего, а потом отказаться — это любого доведет до белого каления.";"bd13fa2f2f5499e50b9b34aab730a63e:15735:14";" “But what I'm saying is that as a practical matter, waiting to the last minute to stop makes people very angry.” ";"eng"
" итсевод ондогу огок гом кеволеч тотэ";"од";"этот человек мог кого угодно довести";"до";" ";"белого каления!";"Terry Pratchett. Guards! Guards! (1989)";"Terry Pratchett";"1948";"Guards! Guards!";"1989";"художественная";"";"";"";"";"";"омонимия не снята";"Guards! Guards!";"Терри Пратчетт";"Стража! Стража!";"";"2020";"17614";"190939";"8807";"98029";"rus";"rus";"Великобритания";"";"Ну, то есть этот человек мог кого угодно довести до белого каления!";"c2e7f1ce36a69de8129b3884a6c8ee28:15103:9";" I mean, that man could make a melon go rusty! """;"eng"
" оге ьтидовод ыботч ,огот отсемв оген";"од";"него вместо того, чтобы доводить его";"до";" ";"белого каления?";"Isaac Asimov. The Gods Themselves (1972)";"Isaac Asimov";"1919";"The Gods Themselves";"1972";"художественная";"";"";"";"";"";"омонимия не снята";"The Gods Themselves";"Айзек Азимов";"Сами боги";"";"1975";"14956";"167562";"7478";"88623";"rus";"rus";"США";"";"Так почему же я не попробовал прибегнуть к уловкам? Почему не подмазался к нему? Почему не попытался действовать через него вместо того, чтобы доводить его до белого каления?";"63531dcfe140d72be59f961e9de650d3:2523:25";" Why, then, didn't I work through him; why didn't I butter him up, indeed; why didn't I maneuver him into supporting me instead of needling him into fighting me? ";"eng"
" отсорП .""яинапмок отЭ .тен огокат аД";"од";"Да такого нет. Это компания"". Просто";"до";" ";"белого каления довел.";"John Steinbeck. The Grapes of Wrath (1939)";"John Steinbeck";"1902";"The Grapes of Wrath";"1939";"художественная";"";"";"";"";"";"омонимия не снята";"The Grapes of Wrath";"Джон Стейнбек";"Гроздья гнева";"";"1940";"31674";"330719";"15837";"184204";"rus";"rus";"США";"";"― ""Это все Земельно-скотоводческая компания Шоуни. Я выполняю, что мне приказано"". ― ""А кто он такой, этот Шоуни?"" ― ""Да такого нет. Это компания"". Просто до белого каления довел.";"a9f50bec74c8296767523e6580db566a:2631:23";"' It's the Shawnee Lan'an'Cattle Company. I jus'got orders.'' Who's the Shawnee Lan'an'Cattle Company?'' It ain't nobody. It's a company.' Got a fella crazy. ";"eng"
" ядовод ,бол ан мав ястидас авонс";"од";"снова садится вам на лоб, доводя";"до";" ";"белого каления, то что вы сделаете";"Agatha Christie. The A.B.C. Murders (1936)";"Agatha Christie";"1890";"The A.B.C. Murders";"1936";"художественная";"";"";"";"";"";"омонимия не снята";"The A.B.C. Murders";"Агата Кристи";"Убийства по алфавиту";"";"2016";"5710";"79432";"2855";"25283";"rus";"rus";"Великобритания";"";"– Как мне кажется, от A до Z, – весело сказал он. – Конечно, до Z он не доберется. Даже и близко не подойдет. Вы схватите его гораздо раньше. Было бы интересно посмотреть, что он станет делать с буквой X… – Он с виноватым видом отвлекся от своих научных изысканий. – Уверен, что вы возьмете его гораздо раньше – где то на уровне F или G. Помощник комиссара ударил кулаком по столу: – Черт возьми, уж не хотите ли вы сказать мне, что нас ждет еще пять убийств? – Поверьте мне, их будет гораздо меньше, – вмешался инспектор Кроум; в его голосе слышалась уверенность. – И на какой же букве алфавита это произойдет, как вы думаете, инспектор? – спросил Пуаро. В голосе его звучала ирония. Как мне показалось, Кроум посмотрел на него с некоторым неодобрением, которое заняло место его обычного чувства спокойного превосходства. – Вполне возможно, что я отыщу его уже в следующий раз, месье Пуаро. В любом случае я гарантирую, что возьму его до того, как он доберется до буквы D… Мне кажется, что я достаточно хорошо понял психологию преступника, – продолжил инспектор, повернувшись к помощнику комиссара. – Доктор Томпсон поправит меня, если я в чем-то не прав. Мне кажется, что каждый раз, когда он успешно совершает преступление, его самоуверенность увеличивается на все сто процентов. Каждый раз он говорит себе: я слишком умен, им меня не поймать. Он становится настолько самоуверенным, что теряет осторожность. Он превозносит свой собственный ум, подчеркивая глупость всех остальных. Очень скоро он вообще забудет о мерах предосторожности. Вы согласны со мной, доктор? – Обычно все так и происходит, – кивнул Томпсон. – Простым языком я не смог бы объяснить лучше. Вы ведь кое-что знаете об этом, месье Пуаро. Вы не согласны? Не думаю, чтобы Кроуму понравилось это обращение доктора к моему другу. Он ведь считал себя единственным экспертом в данном вопросе. – Думаю, что все так, как сказал инспектор Кроум, – согласился Пуаро. – Паранойя, – тихо сказал доктор. – Появились ли в деле какие-то интересные материальные улики? – обратился маленький бельгиец к инспектору Кроуму. – К сожалению, ничего определенного. Официант в гостинице «Сплендид» в Истборне узнал девушку по фотографии. По его словам, она обедала там в компании пожилого мужчины в очках. Ее также узнали в придорожном заведении, которое называется «Пурпурный бегун» и расположено на полпути между Бэксхиллом и Лондоном. Его работники сказали, что она была там вместе с мужчиной, похожим на морского офицера. Не может быть, чтобы и те и другие говорили правду, но по отдельности к их показаниям стоит прислушаться. Естественно, есть еще целый ряд «узнаваний», но большинство из них для меня под большим вопросом. Нам не удалось выследить A. B. C. – Ну что же, Кроум, видно, что вы делаете все возможное, – подвел черту помощник комиссара. – Что вы скажете по этому поводу, месье Пуаро? Какой линии вы сами отдаете предпочтение? – Мне кажется, что существует один очень важный ключ к раскрытию преступления, – медленно произнес сыщик. – Это его мотив. – А разве он не очевиден? Алфавитный комплекс. Ведь так вы, кажется, это назвали, доктор? – Mais oui, – сказал Пуаро. – Алфавитный комплекс, несомненно, имеет место. Но обычно сумасшедший очень тщательно обосновывает совершаемые им преступления. – Ладно, ладно, Пуаро. Но вспомните Стоунмана в двадцать девятом году. Он ведь закончил тем, что пытался покончить с любым, кто хоть немного раздражал его. – Совершенно с вами согласен. – Мой друг повернулся к инспектору. – Но если вы – значительная и уверенная в себе личность, то на небольшие неприятности внимания обращать не будете. Ведь если муха снова и снова садится вам на лоб, доводя до белого каления, то что вы сделаете? Вы попытаетесь эту муху убить. И ни на минуту над этим не задумаетесь. Важны вы, а не муха. Вы убьете ее, и неприятность исчезнет. Ваши действия не вызывают у вас никаких сомнений. Есть еще одна причина, по которой муху необходимо убить, – это если вы зациклены на гигиене. Муха – потенциальный источник заражения для населения, поэтому она должна быть убита. Именно так работает логика психически больного преступника. А теперь посмотрите на наш случай – жертвы выбираются в алфавитном порядке, а не уничтожаются потому, что представляют какое-то «неудобство» лично для преступника. Это было бы очень большой случайностью, если б мы смогли найти что-то общее между двумя жертвами. – Именно в этом вся загвоздка, – заметил доктор Томпсон. – Помню случай, когда мужа одной женщины приговорили к смертной казни. И она стала убивать присяжных одного за другим. Прошло очень много времени, пока все убийства смогли соединить вместе, потому что на первый взгляд они выглядели абсолютно бессистемными. Но, как правильно заметил месье Пуаро, не существует преступников, которые убивают наобум. Преступник или убивает людей, которые, по его мнению, стоят у него на пути (и неважно, так это или не так в действительности), или он совершает свои преступления «по убеждению». Например, убивает священников, или полицейских, или проституток, потому что твердо убежден, что они должны быть уничтожены. Но, насколько я понимаю, ничего этого в нашем случае не наблюдается. Миссис Ашер и Бетти Барнард не могут быть соединены на основе принадлежности к одному и тому же классу общества. Конечно, остается вероятность, что мы имеем дело с ненавистью на основе половой принадлежности – ведь обе жертвы женщины. Но с уверенность утверждать это мы сможем только после третьего убийства. – Ради всего святого, Томпсон, не говорите с такой уверенностью о следующем преступлении, – раздраженно сказал сэр Лайонелл. – Мы должны сделать все, что в наших силах, чтобы предотвратить его. Доктор Томпсон сдержался и громко высморкался. Казалось, этими звуками он хотел сказать: думайте что хотите, если не хотите верить фактам. – Мне кажется, что я понимаю, на что вы намекаете, но еще не до конца, – обратился помощник комиссара к маленькому бельгийцу. – Как видно из его писем, он убивает pour le sport, для развлечения. Может ли это быть правдой? И даже если это правда, то по какому принципу он выбирает свои жертвы, кроме порядка букв в алфавите? Если он убивает просто чтобы развлечься, то не должен рекламировать эти убийства, потому что в этом случае исчезает фактор безнаказанности. Ведь мы все согласились с тем, что он жаждет создать как можно больше шума в глазах общества, привлечь внимание к своей персоне. До какой же степени должна была быть подавлена его личность, чтобы это оправдало выбор первых двух жертв? И еще один вопрос: а не направлена ли его ненависть непосредственно на меня, на Эркюля Пуаро? Может быть, он бросает мне этот публичный вызов потому, что я, сам того не ведая, взял над ним в какой-то момент верх за время своей долгой карьеры? Или это просто ненависть, направленная против иностранца? Я задал себе вопрос, – пояснил Пуаро, – что же в действительности происходит в голове убийцы. А если это так, то все тот же вопрос – что вызвало ее? Какую рану могла нанести ему «рука иностранца»? – Все это очень серьезные вопросы, – заметил доктор Томпсон. – Да неужели? – Инспектор Кроум прочистил горло. – Правда, ответить на них будет трудновато, по крайней мере сейчас.";"2680cd8dda7dc0b4451de7c3af46e288:2157:553";" He chooses his victims alphabetically ― not because he hates them personally. ";"eng"
" илевод сав ыб инО ";"од";"Они бы вас довели";"до";" ";"белого каления.";"Margaret Mitchell. Gone with the Wind, Part 2 (1936)";"Margaret Mitchell";"1900";"Gone with the Wind, Part 2";"1936";"художественная";"";"";"";"";"";"омонимия не снята";"Gone with the Wind, Part 2";"Маргарет Митчелл";"Унесённые ветром, ч. 2";"";"1982";"29314";"414569";"14657";"216232";"rus";"rus";"США";"";"Они бы вас довели до белого каления.";"3ddd25fe52e8f0ab80e3eac915d26b53:79:4";" They'd make you mad enough to pop. ";"eng"
" янем итсевод етитох ыв илсЕ — ";"од";"— Если вы хотите довести меня";"до";" ";"белого каления, — устало сказала она, — то";"Margaret Mitchell. Gone with the Wind, Part 2 (1936)";"Margaret Mitchell";"1900";"Gone with the Wind, Part 2";"1936";"художественная";"";"";"";"";"";"омонимия не снята";"Gone with the Wind, Part 2";"Маргарет Митчелл";"Унесённые ветром, ч. 2";"";"1982";"29314";"414569";"14657";"216232";"rus";"rus";"США";"";"— Если вы хотите довести меня до белого каления, — устало сказала она, — то зря стараетесь.";"3ddd25fe52e8f0ab80e3eac915d26b53:14291:5";" If you are trying to devil me, she said tiredly, it's no use. ";"eng"
" ттелракС левод но ыджандО ";"од";"Однажды он довел Скарлетт";"до";" ";"белого каления, холодно заметив, что ему";"Margaret Mitchell. Gone with the Wind, Part 2 (1936)";"Margaret Mitchell";"1900";"Gone with the Wind, Part 2";"1936";"художественная";"";"";"";"";"";"омонимия не снята";"Gone with the Wind, Part 2";"Маргарет Митчелл";"Унесённые ветром, ч. 2";"";"1982";"29314";"414569";"14657";"216232";"rus";"rus";"США";"";"Однажды он довел Скарлетт до белого каления, холодно заметив, что ему будет очень жаль ее, когда республиканцы через несколько лет перестанут править в Джорджии и к власти снова вернутся демократы.";"3ddd25fe52e8f0ab80e3eac915d26b53:19733:4";" He infuriated Scarlett by saying coolly that he was preparing to be very sorry for her some years hence, when the Republican rule was gone from Georgia and the Democrats back in power. ";"eng"
" лёвод янем но орту от в";"од";"в то утро он меня довёл";"до";" ";"белого каления, честное слово.";"Agatha Christie. The murder at the Vicarage (1930)";"Agatha Christie";"1890";"The murder at the Vicarage";"1930";"художественная";"";"";"";"";"";"омонимия не снята";"The murder at the Vicarage";"Агата Кристи";"Убийство в доме викария";"";"2009";"13846";"132133";"6923";"70763";"rus";"rus";"Великобритания";"";"— Порой говоришь несусветные глупости, но в то утро он меня довёл до белого каления, честное слово.";"75e0b3db95fafa629a8f8f1fd60b1f49:9193:11";" ""It was a stupid remark to make, but really I'd had a very trying morning with him. """;"eng"
" итсевод окьлот тиотс ,атсйулажоп ,едив мотсич";"од";"чистом виде, пожалуйста, стоит только довести";"до";" ";"белого каления убеждённого гуманиста.";"Agatha Christie. The murder at the Vicarage (1930)";"Agatha Christie";"1890";"The murder at the Vicarage";"1930";"художественная";"";"";"";"";"";"омонимия не снята";"The murder at the Vicarage";"Агата Кристи";"Убийство в доме викария";"";"2009";"13846";"132133";"6923";"70763";"rus";"rus";"Великобритания";"";"Хотите видеть безудержную, первозданную ярость в чистом виде, пожалуйста, стоит только довести до белого каления убеждённого гуманиста.";"75e0b3db95fafa629a8f8f1fd60b1f49:13543:12";" For sheer primitive rage, commend me to a thoroughgoing humanitarian when you get him well roused. ";"eng"
" вотаркотсира хитэ ьтидовод босопс йындохсоверп нидо";"од";"один превосходный способ доводить этих аристократов";"до";" ";"белого каления; мы делали вид, что";"Jerome K. Jerome. Three Men in a Boat (To Say Nothing Of The Dog) (1889)";"Jerome K. Jerome";"1859";"Three Men in a Boat (To Say Nothing Of The Dog)";"1889";"художественная";"";"";"";"";"";"омонимия не снята";"Three Men in a Boat (To Say Nothing Of The Dog)";"Джером К. Джером";"Трое в лодке, не считая собаки";"";"1958";"6478";"121423";"3239";"66090";"rus";"rus";"Великобритания";"";"Мы изобрели еще один превосходный способ доводить этих аристократов до белого каления; мы делали вид, что принимаем их за участников пикника, устроенного какой-нибудь фирмой для своих служащих, спрашивали, кто их хозяева ""Кьюбиты"" или страховая контора ""Бермондси"", и в заключение просили их одолжить нам кастрюлю.";"20485619ebdfa1f237874a4c84c417bc:4455:9";" Another good way we discovered of irritating the aristocratic type of steam launch, was to mistake them for a beanfeast, and ask them if they were MessrsCubit's lot or the Bermondsey Good Templars, and could they lend us a saucepan. ";"eng"
" алшод ано отч ,лавовтсвуч ,еен ан";"од";"на нее, чувствовал, что она дошла";"до";" ";"белого каления.";"Charles Dickens. The Tale of two Cities (1859)";"Charles Dickens";"1812";"The Tale of two Cities";"1859";"художественная";"";"";"";"";"";"омонимия не снята";"The Tale of two Cities";"Чарльз Диккенс";"Повесть о двух городах";"";"1950-1960";"15180";"261740";"7590";"135772";"rus";"rus";"Великобритания";"";"Оба ее слушателя жадно упивались этой клокочущей ненавистью и превозносили мадам, и Картон, который слушал, не подавая виду, не глядя на нее, чувствовал, что она дошла до белого каления.";"45dc0f44a28f331677ad6ee35a429c4b:13489:26";" Both her hearers derived a horrible enjoyment from the deadly nature of her wrath ― the listener could feel how white she was, without seeing her ― and both highly commended it. ";"eng"
