"Reversed left context";"Reversed center";"Left context";"Center";"Punct";"Right context";"Title";"Author";"Birthday";"Header";"Created";"Sphere";"Type";"Topic";"Publication";"Publ_year";"Medium";"Ambiguity";"Header";"Author_trans";"Header_trans";"Translator";"Date_trans";"Sentences";"Words";"Orig_sentences";"Orig_words";"Lang";"Lang_trans";"Lang_variant";"Dialect";"Full context";"Example source";"Para context 1";"Lang 1"
" йен к ясьтеретв монамбо алетох отдуб";"доп";"будто хотела обманом втереться к ней";"под";" ";"крылышко.";"Emma Cline. The Girls (2016)";"Emma Cline";"1989";"The Girls";"2016";"художественная";"";"";"";"";"";"омонимия не снята";"The Girls";"Эмма Клайн";"Девочки";"";"2017";"12230";"150185";"6115";"80741";"rus";"rus";"США";"";"Как по-детски вела себя Хелен, которая теребила свои хвостики и разговаривала высоким голоском, как стремительно она вдруг нырнула на колени к Руз, будто хотела обманом втереться к ней под крылышко.";"ef632e22541e74a23699105fe920de5b:3267:28";" How Helen acted like a baby, pulling on her pigtails and talking in her baby voice, abruptly sinking into Roos's lap like she could trick Roos into taking care of her. Roos didn't complain: she seemed stolid, nice. ";"eng"
" ,увксоМ в унолуваЗ к ,иретам йовотреч";"доп";"чертовой матери, к Завулону в Москву,";"под";" ";"крылышко к довольной Лемешевой… а хочешь";"Сергей Лукьяненко. Дневной дозор (1999)";"Сергей Лукьяненко";"1968";"Дневной дозор";"1999";"художественная";"";"";"";"";"";"омонимия не снята";"Дневной дозор";"Sergei Lukyanenko";"Day Watch";"";"2007";"21262";"243758";"10631";"100112";"rus";"eng";"Великобритания";"";"Ну подойди ты ко мне, все равно где – в сумраке, где никто нас не увидит, или на этой веранде, перед глазами изумленных детишек, обними, и мы заплачем вместе, и не надо будет слов, и я уеду к чертовой матери, к Завулону в Москву, под крылышко к довольной Лемешевой… а хочешь, я уйду из Дневного Дозора? Хочешь? Я не перестану быть Темной, это не в моей власти, и не хочу я этого, но я выйду из бесконечной войны Тьмы и Света, я буду просто жить, даже с людишек ничего брать не буду, и пусть ты все равно не захочешь быть со мной, я даже этого не прошу, лишь оставь память о том, что мы любили друг друга!";"32c324f51e3f248aa3d2538a1bcfcc64:6800:43";" Oh, come to me, it doesn't matter where — in the Twilight, where no one can see us, or in front of the astonished boys. Take me in your arm: and we will cry together, and there'll be no need for words, and I'll clear out and go back to Zabulon in Moscow, back to Lemesheva's smug tutelage… or do you want me to leave the Day Watch? Do you? I wouldn't stop being a Dark One. That's not in my power, and I don't want to do it, but I will withdraw from the endless war between Darkness and Light. I will simply live and not even take anything from the ordinary, little people, even if you don't want to be with me. I don't even ask that, only leave me the memory of our love for each other! ";"eng"
" укволог юовс алижолоп ацилрог ,инемерв огонмен";"доп";"немного времени, горлица положила свою головку";"под";" ";"крылышко и задремала; стрелок поднял правую";"А. Н. Афанасьев. Поди туда — не знаю куда, принеси то — не знаю что (1855-1871)";"А. Н. Афанасьев";"1826";"Поди туда — не знаю куда, принеси то — не знаю что";"1855-1871";"художественная";"";"";"";"";"";"омонимия не снята";"Поди туда — не знаю куда, принеси то — не знаю что";"A. N. Afanasiev";"Go I Know Not Whither, Bring Back I Know Not What";"";"1976";"652";"10787";"326";"4511";"rus";"eng";"США";"";"Прошло немного времени, горлица положила свою головку под крылышко и задремала; стрелок поднял правую руку, ударил ее наотмашь легохонько — пала горлица наземь и сделалась душой-девицей, да такою прекрасною, что ни вздумать, ни взгадать, только в сказке сказать!";"e5adc3bc9526aa01affa127cb33b6570:22:7";" A short time later, the dove put her head under her wing and fell asleep; then the archer raised his right hand, struck her lightly with the back of his hand, and the dove fell to the floor and turned into a sweet maiden more beautiful than any mind can conceive of, or tongue tell of. ";"eng"
" ебес к яарибос ,ииномраг еыннеджорв теузьлопси";"доп";"использует врожденные гармонии, собирая к себе";"под";" ";"крылышко повисшие и блуждающие там и";"Vladimir Nabokov. Speak, memory (1954-1966)";"Vladimir Nabokov";"1899";"Speak, memory";"1954-1966";"публицистика";"";"";"";"";"";"омонимия не снята";"Speak, memory";"Владимир Набоков";"Память, говори";"";"1999";"5122";"156225";"2561";"86307";"rus";"rus";"Великобритания, США";"";"Я с удовлетворением отмечаю высшее достижение памяти, мастерство, с которым она использует врожденные гармонии, собирая к себе под крылышко повисшие и блуждающие там и сям тональности прошлого.";"2146438e9a2a5ab96f8954c6281334a7:2997:17";" I witnesswith pleasure the supreme achievement of memory, which is the masterly use it makes of innatejiar - monies when gathering to its fold the suspended and wandering tonalities of jhe past. ";"eng"
" ясьтарбод йероксоп ьсолетох уме кат ― ,яинепретен";"доп";"нетерпения, ― так ему хотелось поскорей добраться";"под";" ";"крылышко жены.";"И. А. Ильф, Е. П. Петров. Одноэтажная Америка (1937)";"И. А. Ильф, Е. П. Петров";"1897, 1903";"Одноэтажная Америка";"1937";"художественная, публицистика";"";"";"";"";"";"омонимия не снята";"Одноэтажная Америка";"Ilya Ilf, Evgeny Petrov";"Little Golden America";"";"1944";"18458";"252781";"9229";"108461";"rus";"eng";"США";"";"В лифте мистер Адамс даже подпрыгивал от нетерпения, ― так ему хотелось поскорей добраться под крылышко жены.";"d84ae02eb95936ff626a384a72105199:1916:13";" In the elevator Mr. Adams jumped with impatience, so eager was he to reach the protective wing of his wife. ";"eng"
" иларибос и кенян и кешитябер илакилко";"доп";"окликали ребятишек и нянек и собирали";"под";" ";"крылышко своих птенцов, дабы отправиться восвояси";"Margaret Mitchell. Gone with the Wind, Part 1 (1936)";"Margaret Mitchell";"1900";"Gone with the Wind, Part 1";"1936";"художественная";"";"";"";"";"";"омонимия не снята";"Gone with the Wind, Part 1";"Маргарет Митчелл";"Унесённые ветром, ч. 1";"";"1982";"25706";"403929";"12853";"209514";"rus";"rus";"США";"";"Под деревьями все пришло в движение, гости поднимались, стряхивая с платья крошки, замужние женщины окликали ребятишек и нянек и собирали под крылышко своих птенцов, дабы отправиться восвояси, а девушки небольшими группками, болтая я смеясь, направились к дому, чтобы там, в верхних комнатах, вволю посплетничать и вздремнуть.";"b1a6e9a3c23689e80357c5e30e2d9a2f:4771:20";" A polite tumult broke out under the trees as the guests arose, shaking crumbs from laps. The married women called to nurses and small children and gathered their broods together to take their departure, and groups of girls started off, laughing and talking, toward the house to exchange gossip in the upstairs bedrooms and to take their naps. ";"eng"
" укчод юовс алатярп ашроссефорп уарф яаннетчоп";"доп";"почтенная фрау профессорша прятала свою дочку";"под";" ";"крылышко от такого mauvais sujet.";"Arthur Conan Doyle. The Great Keinplatz Experiment (1885)";"Arthur Conan Doyle";"1859";"The Great Keinplatz Experiment";"1885";"художественная";"";"";"";"";"";"омонимия не снята";"The Great Keinplatz Experiment";"Артур Конан Дойл";"Необычайный эксперимент в Кайнплатце";"";"1966";"632";"11165";"316";"6266";"rus";"rus";"Великобритания";"";"Не удивительно поэтому, что почтенная фрау профессорша прятала свою дочку под крылышко от такого mauvais sujet.";"62f1e47470cd274ab6d39d1899bfd418:51:10";" No wonder, then, that the good Frau Professorin gathered her Fraulein under her wing, and resented the attentions of such a mauvais sujet. ";"eng"
" ларду но он ;мовтсещумиерп мытунгитсод ешьлад";"доп";"дальше достигнутым преимуществом; но он удрал";"под";" ";"крылышко своей матери, и я услышала";"Charlotte Brontë. Jane Eyre (1847)";"Charlotte Brontë";"1816";"Jane Eyre";"1847";"художественная";"";"";"";"";"";"омонимия не снята";"Jane Eyre";"Шарлотта Бронте";"Джейн Эйр";"";"1950";"17896";"344453";"8948";"186739";"rus";"rus";"Великобритания";"";"Я действительно ударила Джона кулаком по этой выступающей части лица со всей силой, на какую только была способна, и когда увидела, что этот удар, а может быть, мой взбешенный вид, произвел на него впечатление, — почувствовала сильнейшее желание воспользоваться и дальше достигнутым преимуществом; но он удрал под крылышко своей матери, и я услышала, как он плаксиво сочиняет ей какую-то историю относительно того, что эта гадкая Джен Эйр набросилась на него, точно бешеная кошка.";"0a7c00da545dbcb74563ade41aadf337:683:45";" I had indeed levelled at that prominent feature as hard a blow as my knuckles could inflict; and when I saw that either that or my look daunted him, I had the greatest inclination to follow up my advantage to purpose; but he was already with his mama. I heard him in a blubbering tone commence the tale of how “that nasty Jane Eyre” had flown at him like a mad cat: he was stopped rather harshly — ";"eng"
