"Reversed left context";"Reversed center";"Left context";"Center";"Punct";"Right context";"Title";"Author";"Birthday";"Header";"Created";"Sphere";"Type";"Topic";"Publication";"Publ_year";"Medium";"Ambiguity";"Header";"Author_trans";"Header_trans";"Translator";"Date_trans";"Sentences";"Words";"Orig_sentences";"Orig_words";"Lang";"Lang_trans";"Lang_variant";"Dialect";"Full context";"Example source";"Para context 1";"Lang 1"
" ";"ашуД";"";"Душа";" ";"ушла в пятки, а злость и";"John Perkins. Confessions of an Economic Hit Man (2004)";"John Perkins";"1945";"Confessions of an Economic Hit Man";"2004";"публицистика";"мемуары";"бизнес, коммерция, экономика, финансы";"";"";"";"омонимия не снята";"Confessions of an Economic Hit Man";"Джон Перкинс";"Исповедь экономического убийцы";"";"2014";"11796";"194405";"5898";"105675";"rus";"rus";"США";"";"Душа ушла в пятки, а злость и ненависть сменились страхом.";"ad62254e86326fab8967495c7d85651f:2477:0";" My heart sank, and my feelings changed from anger and loathing to fear. ";"eng"
" ачарв у и ,улсерк оп мокалук";"ашуд";"кулаком по креслу, и у врача";"душа";" ";"ушла в пятки.";"Анатолий Рыбаков. Дети Арбата (1966-1983)";"Анатолий Рыбаков";"1911";"Дети Арбата";"1966-1983";"художественная";"";"";"";"";"";"омонимия не снята";"Дети Арбата";"Anatoly Rybakov";"Children of the Arbat";"";"1989";"30920";"396402";"15460";"162911";"rus";"eng";"Великобритания";"";"Ведь он ему ясно сказал, что предпочитает золотой, даже ударил кулаком по креслу, и у врача душа ушла в пятки.";"4b2ac83dc5cc44d4f433357c114f6b48:28962:16";" He had said plainly enough that he preferred gold, he'd even hit the arm of his chair with his fist, and the dentist's heart had sunk to his boots. ";"eng"
" янем у туТ ";"ашуд";"Тут у меня";"душа";" ";"ушла в пятки: выгонит Дегтярев.";"Анатолий Кузнецов. Бабий Яр (1965-1970)";"Анатолий Кузнецов";"1929";"Бабий Яр";"1965-1970";"художественная";"";"";"";"";"";"омонимия не снята";"Бабий Яр";"Anatoly Kuznetsov";"Babi Yar";"";"1970";"15164";"239938";"7582";"92495";"rus";"eng";"Великобритания";"";"Тут у меня душа ушла в пятки: выгонит Дегтярев.";"86fdb395a48cd1424071e803fff507ae:10530:3";" At that my heart sank into my boots — Degtyaryov would surely get rid of me. ";"eng"
" ,ленделбоп оншартс дуоТ ретсим гурдВ ;актсеркереп";"ашуд";"перекрестка; Вдруг мистер Тоуд страшно побледнел,";"душа";" ";"ушла в пятки, коленки затряслись и";"Kenneth Grahame. The Wind in the Willows (1908)";"Kenneth Grahame";"1859";"The Wind in the Willows";"1908";"художественная";"";"";"";"";"";"омонимия не снята";"The Wind in the Willows";"Кеннет Грэм";"Ветер в ивах";"";"1988";"5292";"91429";"2646";"49543";"rus";"rus";"Великобритания";"";"Он уверенно ступил на дорогу, чтобы проголосовать; Автомобиль приближался, сбрасывая скорость возле перекрестка; Вдруг мистер Тоуд страшно побледнел, душа ушла в пятки, коленки затряслись и подогнулись, он сложился пополам и рухнул на землю, ощущая боль и тошноту.";"257f794b8b313de9f338450f793bcc1d:3865:18";" He stepped confidently out into the road to hail the motor-car, which came along at an easy pace, slowing down as it neared the lane; when suddenly he became very pale, his heart turned to water, his knees shook and yielded under him, and he doubled up and collapsed with a sickening pain in his interior. ";"eng"
" янем у )матадлос а ,енм ен";"ашуд";"не мне, а солдатам) у меня";"душа";" ";"ушла в пятки от страха, только";"Robert Louis Stevenson. Kidnapped (1886)";"Robert Louis Stevenson";"1850";"Kidnapped";"1886";"художественная";"";"";"";"";"";"омонимия не снята";"Kidnapped";"Роберт Луис Стивенсон";"Похищенный";"";"1967";"7020";"146548";"3510";"80444";"rus";"rus";"Великобритания";"";"При этих словах (я их расслышал очень ясно, хотя кричал он не мне, а солдатам) у меня душа ушла в пятки от страха, только уже иного, чем прежде.";"b1442d947f941d6612bea226225d7e39:3731:17";" At that word (which I could hear quite plainly, though it was to the soldiers and not to me that he was crying it) my heart came in my mouth with quite a new kind of terror. ";"eng"
" оньлавкуб янем у ,ежилб и ежилб";"ашуд";"ближе и ближе, у меня буквально";"душа";" ";"ушла в пятки.";"Henry Rider Haggard. King Solomon’s Mines (1885)";"Henry Rider Haggard";"1856";"King Solomon’s Mines";"1885";"художественная";"";"";"";"";"";"омонимия не снята";"King Solomon’s Mines";"Генри Райдер Хаггард";"Копи царя Соломона";"";"1958";"7558";"153337";"3779";"81688";"rus";"rus";"Великобритания";"";"Что касается меня, должен сказать, что, когда я увидел, как эта старая ведьма, продолжая свою дьявольскую пляску, подходит все ближе и ближе, у меня буквально душа ушла в пятки.";"ad73b287ebdbf855f0cd7ce1263ab993:3963:25";" As for myself, when I saw that old fiend dancing nearer and nearer, my heart positively sank into my boots. ";"eng"
" янем у отч ,йолис йонтяоревен йокат";"ашуд";"такой невероятной силой, что у меня";"душа";" ";"ушла в пятки.";"Henry Rider Haggard. King Solomon’s Mines (1885)";"Henry Rider Haggard";"1856";"King Solomon’s Mines";"1885";"художественная";"";"";"";"";"";"омонимия не снята";"King Solomon’s Mines";"Генри Райдер Хаггард";"Копи царя Соломона";"";"1958";"7558";"153337";"3779";"81688";"rus";"rus";"Великобритания";"";"Вращая над головой свой тяжелый боевой топор, он вдруг обрушил его с такой невероятной силой, что у меня душа ушла в пятки.";"ad73b287ebdbf855f0cd7ce1263ab993:5481:18";" Circling his massive battle-axe round his head, he brought it down with tremendous force. ";"eng"
" янем у отаз ;яславодарбо но кат";"ашуд";"так он обрадовался; зато у меня";"душа";" ";"ушла в пятки, как только я";"Mark Twain. The Adventures of Huckleberry Finn (1884)";"Mark Twain";"1835";"The Adventures of Huckleberry Finn";"1884";"художественная";"";"";"";"";"";"омонимия не снята";"The Adventures of Huckleberry Finn";"Марк Твен";"Приключения Гекльберри Финна";"";"1950";"12080";"203856";"6040";"112742";"rus";"rus";"США";"";"Джим выбежал из шалаша и, расставив руки, полез было ко мне обниматься ― так он обрадовался; зато у меня душа ушла в пятки, как только я его увидел при свете молнии; я попятился и свалился с плота в реку, потому что совсем забыл, что Джим изображал в одном лице и короля Лира, и больного араба, и утопленника, и я чуть не помер со страху.";"46b4d09a41c99ac2c036814a48684159:8489:18";" Jim lit out, and was a-coming for me with both arms spread, he was so full of joy; but when I glimpsed him in the lightning my heart shot up in my mouth and I went overboard backwards; for I forgot he was old King Lear and a drownded Arab all in one, and it most scared the livers and lights out of me. ";"eng"
" амоТ У ";"ашуд";"У Тома";"душа";" ";"ушла в пятки ― он почуял опасность.";"Mark Twain. The Adventures of Tom Sawyer (1876)";"Mark Twain";"1835";"The Adventures of Tom Sawyer";"1876";"художественная";"";"";"";"";"";"омонимия не снята";"The Adventures of Tom Sawyer";"Марк Твен";"Приключения Тома Сойера";"";"1950";"10168";"129719";"5084";"70911";"rus";"rus";"США";"";"У Тома душа ушла в пятки ― он почуял опасность.";"0b5f9ea369c4ee04fa231a91cd8b5b5a:87:2";" A bit of a scare shot through Tom ― a touch of uncomfortable suspicion. ";"eng"
" ьтяпо вокичьлам У ";"ашуд";"У мальчиков опять";"душа";" ";"ушла в пятки.";"Mark Twain. The Adventures of Tom Sawyer (1876)";"Mark Twain";"1835";"The Adventures of Tom Sawyer";"1876";"художественная";"";"";"";"";"";"омонимия не снята";"The Adventures of Tom Sawyer";"Марк Твен";"Приключения Тома Сойера";"";"1950";"10168";"129719";"5084";"70911";"rus";"rus";"США";"";"Собака завыла снова.  У мальчиков опять душа ушла в пятки.  ― Ой, это не она!";"0b5f9ea369c4ee04fa231a91cd8b5b5a:3193:3";" ""The dog howled again.  The boys'hearts sank once more. "" Oh, my, that ain't no Bull Harbison! ";"eng"
" и инатрог к пилирп кызя ежот";"ашуд";"тоже язык прилип к гортани и";"душа";" ";"ушла в пятки.";"Mark Twain. The Adventures of Tom Sawyer (1876)";"Mark Twain";"1835";"The Adventures of Tom Sawyer";"1876";"художественная";"";"";"";"";"";"омонимия не снята";"The Adventures of Tom Sawyer";"Марк Твен";"Приключения Тома Сойера";"";"1950";"10168";"129719";"5084";"70911";"rus";"rus";"США";"";"Он сел на свое место, притворяясь веселым; однако это было все равно что везти воз в гору, никто не откликнулся, не улыбнулся, и у него тоже язык прилип к гортани и душа ушла в пятки.";"0b5f9ea369c4ee04fa231a91cd8b5b5a:3347:31";" He sat down and tried to seem gay, but it was up-hill work; it roused no smile, no response, and he lapsed into silence and let his heart sink down to the depths. ";"eng"
" ябет у отч ― ,но лазакс ― ,ужиВ";"ашуд";"Вижу, ― сказал он, ― что у тебя";"душа";" ";"ушла в пятки и ты уже";"Walter Scott. Ivanhoe (1819)";"Walter Scott";"1771";"Ivanhoe";"1819";"художественная";"";"";"";"";"";"омонимия не снята";"Ivanhoe";"Вальтер Скотт";"Айвенго";"";"1890-1902";"14144";"333666";"7072";"185803";"rus";"rus";"Великобритания";"";"""Вижу, ― сказал он, ― что у тебя душа ушла в пятки и ты уже вообразил себе, что наши воины ворвались в вашу трапезную и хозяйничают в ваших погребах"".";"ea4bfa5be04d4e7f98090eda4be01bfb:7289:6";"`` I see,'' said he,`` thou dreamest already that our men-at-arms are in thy refectory and thy ale-vaults. ";"eng"
