"Reversed left context";"Reversed center";"Left context";"Center";"Punct";"Right context";"Title";"Author";"Birthday";"Header";"Created";"Sphere";"Type";"Topic";"Publication";"Publ_year";"Medium";"Ambiguity";"Header";"Author_trans";"Header_trans";"Translator";"Date_trans";"Sentences";"Words";"Orig_sentences";"Orig_words";"Lang";"Lang_trans";"Lang_variant";"Dialect";"Full context";"Example source";"Para context 1";"Lang 1"
" лиж йыроток ,елетяирп  о :ьшоксор иларизерп";"ан";"презирали роскошь: о  приятеле, который жил";"на";" ";"широкую ногу, Сенека написал: «Он в";"Nassim Nicholas Taleb. Antifragile: Things That Gain From Disorder (2012)";"Nassim Nicholas Taleb";"1960";"Antifragile: Things That Gain From Disorder";"2012";"учебно-научная, публицистика";"";"наука и технологии, философия";"";"";"";"омонимия не снята";"Antifragile: Things That Gain From Disorder";"Нассим Николас Талеб";"Антихрупкость. Как извлечь выгоду из хаоса";"";"2022";"16592";"336787";"8296";"180355";"rus";"rus";"США";"";"Кроме того, стоики презирали роскошь: о  приятеле, который жил на широкую ногу, Сенека написал: «Он в долгах, у кого бы ни занимал – у другого человека или у своего богатства».";"17154569778daa68a2de3fadfcd05453:4617:9";" And Stoics look down on luxury: about a fellow who led a lavish life, Seneca wrote: “He is in debt, whether he borrowed from another person or from fortune.” ";"eng"
" илиж ынйатспЭ ынйов алачан оД ";"ан";"До начала войны Эпстайны жили";"на";" ";"широкую ногу.";"Davies Hunter. The Beatles (2009)";"Davies Hunter";"1936";"The Beatles";"2009";"публицистика";"";"частная жизнь, искусство и культура";"";"";"";"омонимия не снята";"The Beatles";"Дэвис Хантер";"Битлз. Авторизованная биография";"";"2017";"19102";"256628";"9551";"135825";"rus";"rus";"США";"";"До начала войны Эпстайны жили на широкую ногу.";"709f915a7285306ee9b879f3b13bd5b0:6045:5";" The Epsteins lived in some style up to the outbreak of the war. ";"eng"
" нижу воротидерк хиовс ялд лиортсу ,унидор";"ан";"родину, устроил для своих кредиторов ужин";"на";" ";"широкую ногу.";"Walter Isaacson. Benjamin Franklin: An American Life (2003)";"Walter Isaacson";"1952";"Benjamin Franklin: An American Life";"2003";"учебно-научная";"";"наука и технологии, история";"";"";"";"омонимия не снята";"Benjamin Franklin: An American Life";"Уолтер Айзексон";"Бенджамин Франклин. Биография";"";"2014";"16174";"343808";"8087";"182129";"rus";"rus";"США";"";"Много лет назад, глубоко увязнув в долгах, он оставил Англию, после чего заработал достаточно денег в Америке и, вернувшись на родину, устроил для своих кредиторов ужин на широкую ногу.";"81b6e1b6e410f8b1242cb9655e0bac1e:1493:26";" He had left England years earlier deeply in debt, made a small fortune in America, and on his return to England threw a lavish dinner for his old creditors. ";"eng"
" лиж ен и мяинечелвзар яславадерп ен";"ан";"не предавался развлечениям и не жил";"на";" ";"широкую ногу, чего можно было бы";"Walter Isaacson. Benjamin Franklin: An American Life (2003)";"Walter Isaacson";"1952";"Benjamin Franklin: An American Life";"2003";"учебно-научная";"";"наука и технологии, история";"";"";"";"омонимия не снята";"Benjamin Franklin: An American Life";"Уолтер Айзексон";"Бенджамин Франклин. Биография";"";"2014";"16174";"343808";"8087";"182129";"rus";"rus";"США";"";"Хотя он и не предавался развлечениям и не жил на широкую ногу, чего можно было бы ожидать от человека его положения, но любил путешествовать. Его счета показывают, что он заказывал для своего дома высококачественное пиво по цене тридцать шиллингов за баррель (резкий контраст с первым пребыванием в Лондоне, когда он проповедовал преимущества хлеба и воды перед пивом).";"81b6e1b6e410f8b1242cb9655e0bac1e:7659:9";" Although he did not entertain or live in the grand style that might be expected of someone of his stature, he liked to travel, and his accounts show that he ordered top-quality beer for his home at 30 shillings a barrel (a sharp contrast to his first stay in London, when he preached the virtues of bread and water over beer). ";"eng"
" уритравк ебес лиортсу укур юурокс ан";"ан";"на скорую руку устроил себе квартиру";"на";" ";"широкую ногу.";"В. М. Гаршин. Встреча (1879)";"В. М. Гаршин";"1855";"Встреча";"1879";"художественная";"";"";"";"";"";"омонимия не снята";"Встреча";"Vsevolod Garshin";"The Meeting";"";"1959";"1108";"12485";"554";"5350";"rus";"eng";"США";"";"Казалось, хозяин квартиры вдруг разбогател, выиграл двести тысяч, что ли, и на скорую руку устроил себе квартиру на широкую ногу.";"2d0a4ce8b8c9ab4197bf778b6526c43f:198:17";" It seemed as if the occupant had suddenly come into a large fortune, won two hundred thousand, say, and had decided to cut a dash by hastily fitting up for himself a sumptuous flat. ";"eng"
" хыннелватсоп в онкус еокнот и ачрап";"ан";"парча и тонкое сукно в поставленных";"на";" ";"широкую ногу больших домах, а за";"Margaret Mitchell. Gone with the Wind, Part 2 (1936)";"Margaret Mitchell";"1900";"Gone with the Wind, Part 2";"1936";"художественная";"";"";"";"";"";"омонимия не снята";"Gone with the Wind, Part 2";"Маргарет Митчелл";"Унесённые ветром, ч. 2";"";"1982";"29314";"414569";"14657";"216232";"rus";"rus";"США";"";"Яркие огни и вино, звуки скрипок и танцы, парча и тонкое сукно в поставленных на широкую ногу больших домах, а за углом — медленная смерть от голода и холода.";"3ddd25fe52e8f0ab80e3eac915d26b53:7865:14";" Bright lights and wine, fiddles and dancing, brocade and broadcloth in the showy big houses and, just around the corners, slow starvation and cold. ";"eng"
" ано тевиж ещбооВ ";"ан";"Вообще живет она";"на";" ";"широкую ногу: наняла дорогую дачу-особняк";"А. П. Чехов. Скучная история (1889)";"А. П. Чехов";"1860";"Скучная история";"1889";"художественная";"";"";"";"";"";"омонимия не снята";"Скучная история";"Anton Chekhov";"A Dreary Story";"";"1900-1930";"2728";"41828";"1364";"18091";"rus";"eng";"Великобритания";"";"Вообще живет она на широкую ногу: наняла дорогую дачу-особняк с большим садом и перевезла в нее всю свои ""городскую обстановку, имеет двух горничных, кучера…";"5a4104b65d5d166228319ec317b87906:1966:3";" Altogether she lives in an expensive style; she has taken a big detached villa with a large garden, and has taken all her town retinue with her ― two maids, a coach man. ";"eng"
" илиж инО .агрукиЛ то удапаз-оревес к";"ан";"к северо-западу от Ликурга. Они жили";"на";" ";"широкую ногу, слишком напоказ, и это";"Theodore Dreiser. An American Tragedy, book I-II (1925)";"Theodore Dreiser";"1871";"An American Tragedy, book I-II";"1925";"художественная";"";"";"";"";"";"омонимия не снята";"An American Tragedy, book I-II";"Теодор Драйзер";"Американская трагедия (ч. 1-2)";"";"1948";"21686";"393334";"10843";"221028";"rus";"rus";"США";"";"Это они перевели сюда из Олбани ""Крэнстоновскую компанию плетеных изделий"", а из Буффало ― ""Электрические пылесосы Финчли"" и выстроили огромные фабрики на южном берегу реки Могаук, грандиозные особняки на Уикиги-авеню и летние коттеджи на Лесном озере, милях в двадцати к северо-западу от Ликурга. Они жили на широкую ногу, слишком напоказ, и это не нравилось богатым старожилам Ликурга.";"a5d9d89e2d4fa8e460980e91adfbb50b:6435:45";" They were the people who, having moved the Cranston Wickwire Company from Albany, and the Finchley Electric Sweeper from Buffalo, and built large factories on the south bank of the Mohawk River, to say nothing of new and grandiose houses in Wykeagy Avenue and summer cottages at Greenwood, some twenty miles northwest, were setting a rather showy, and hence disagreeable, pace to all of the wealthy residents of this region. ";"eng"
" онелватсоп олыб есв ен окандО ";"ан";"Однако не все было поставлено";"на";" ";"широкую ногу:";"Theodore Dreiser. The Financier (1912)";"Theodore Dreiser";"1871";"The Financier";"1912";"художественная";"";"";"";"";"";"омонимия не снята";"The Financier";"Теодор Драйзер";"Финансист";"";"1944";"23456";"363269";"11728";"196713";"rus";"rus";"США";"";"Однако не все было поставлено на широкую ногу:";"2e33158397b70dd397e746e464f37657:5325:5";" The butler was really not a butler in the best sense. ";"eng"
" ьтиватсоп еж или автсрадусог ясогешсорзар оньлаиротиррет";"ан";"территориально разросшегося государства или же поставить";"на";" ";"широкую ногу разработку рудников, в первую";"Theodore Dreiser. The Financier (1912)";"Theodore Dreiser";"1871";"The Financier";"1912";"художественная";"";"";"";"";"";"омонимия не снята";"The Financier";"Теодор Драйзер";"Финансист";"";"1944";"23456";"363269";"11728";"196713";"rus";"rus";"США";"";"Разве это не великое дело — соединить стальными путями Атлантический и Тихий океаны, связать воедино разрозненные части окрепшего и территориально разросшегося государства или же поставить на широкую ногу разработку рудников, в первую очередь золотых и серебряных.";"2e33158397b70dd397e746e464f37657:22921:24";" The great thing was to connect the Atlantic and the Pacific by steel, to bind up the territorially perfected and newly solidified Union, or to enter upon some vast project of mining, of which gold and silver were the most important. ";"eng"
" ьтижоп тибюл мас и отч ,ливяаз";"ан";"заявил, что и сам любит пожить";"на";" ";"широкую ногу, со вкусом, но в";"Joseph Conrad. Lord Jim (1900)";"Joseph Conrad";"1857";"Lord Jim";"1900";"художественная";"";"";"";"";"";"омонимия не снята";"Lord Jim";"Джозеф Конрад";"Лорд Джим";"";"1926";"11082";"233987";"5541";"130853";"rus";"rus";"Великобритания";"";"Я отвечал, что это правда. Тогда он заявил, что и сам любит пожить на широкую ногу, со вкусом, но в настоящее время вынужден беречь каждый пенни…";"5cdc1856ccf3bbceb78214c36ee60e39:4175:13";"' I said that was true, and after remarking that he too liked to live well and in style, only that, for the present, he had to be saving of every penny ― ";"eng"
" лиж нО ";"ан";"Он жил";"на";" ";"широкую ногу, в прекрасном доме, получая";"Robert Louis Stevenson. Catriona (1893)";"Robert Louis Stevenson";"1850";"Catriona";"1893";"художественная";"";"";"";"";"";"омонимия не снята";"Catriona";"Роберт Луис Стивенсон";"Катриона";"";"1967";"10076";"182510";"5038";"101252";"rus";"rus";"Великобритания";"";"Он жил на широкую ногу, в прекрасном доме, получая пособия из Шотландского фонда и из частных средств; Катриону он встретил как родную и вообще был очень любезен и скромен, но не особенно откровенен.";"2952b62afab51e809220d50458ae5cad:9993:2";" He was finely lodged, and lived in a good style, having a pension on the Scots Fund, as well as private means; greeted Catriona like one of his own house, and seemed altogether very civil and discreet, but not particularly open. ";"eng"
" лижаз и дас йынсаркерп еен гурков";"ан";"вокруг нее прекрасный сад и зажил";"на";" ";"широкую ногу, по-барски.";"Arthur Conan Doyle. The Man with the Twisted Lip (1891)";"Arthur Conan Doyle";"1859";"The Man with the Twisted Lip";"1891";"художественная";"";"";"";"";"";"омонимия не снята";"The Man with the Twisted Lip";"Артур Конан Дойл";"Человек с рассеченной губой";"";"1945";"1128";"16320";"564";"9272";"rus";"rus";"Великобритания";"";"Он снял большую виллу, разбил вокруг нее прекрасный сад и зажил на широкую ногу, по-барски.";"16b1ead4a2839848bb42bda3a86d1894:317:11";" He took a large villa, laid out the grounds very nicely, and lived generally in good style. ";"eng"
" ен ьдюнто нелватсоп мод йеч ,нуарБ";"ан";"Браун, чей дом поставлен отнюдь не";"на";" ";"широкую ногу, мог принять столь именитого";"Elizabeth Gaskell. Cranford (1853)";"Elizabeth Gaskell";"1810";"Cranford";"1853";"художественная";"";"";"";"";"";"омонимия не снята";"Cranford";"Элизабет Гаскелл";"Крэнфорд";"";"1973";"5082";"132684";"2541";"71616";"rus";"rus";"Великобритания";"";"Мне, признаюсь, хотелось узнать, каким образом капитан Браун, чей дом поставлен отнюдь не на широкую ногу, мог принять столь именитого гостя, и оказалось, что милорд удалился опочить сном, и будем надеяться, сладким, в гостиницу «Ангел», однако два дня, в течение которых он озарял Крэнфорд своим августейшим присутствием, милорд делил браунианский стол.";"a03eb3d6f03b25ec2864b5d88c50394a:369:13";" I was anxious, I confess, to ascertain in what manner Captain Brown, with his limited establishment, could receive so distinguished a guest; and I discovered that his lordship retired to rest, and, let us hope, to refreshing slumbers, at the Angel Hotel; but shared the Brunonian meals during the two days that he honoured Cranford with his august presence. ";"eng"
" илиж и ,едорог в илиж адгот";"ан";"тогда жили в городе, и жили";"на";" ";"широкую ногу.";"Jane Austen. Persuasion (1816)";"Jane Austen";"1775";"Persuasion";"1816";"художественная";"";"";"";"";"";"омонимия не снята";"Persuasion";"Джейн Остин";"Доводы рассудка";"";"1988";"7248";"148714";"3624";"83484";"rus";"rus";"Великобритания";"";"Мы тогда жили в городе, и жили на широкую ногу.";"57e0a4f8a5b091398b989aafaba9d708:5535:7";" We were principally in town, living in very good style. ";"eng"
" ьтиж акчывирП — ";"ан";"— Привычка жить";"на";" ";"широкую ногу делает нас слишком зависимыми";"Jane Austen. Pride and Prejudice (1813)";"Jane Austen";"1775";"Pride and Prejudice";"1813";"художественная";"";"";"";"";"";"омонимия не снята";"Pride and Prejudice";"Джейн Остин";"Гордость и предубеждение";"";"1967";"11612";"229406";"5806";"122012";"rus";"rus";"Великобритания";"";"— Привычка жить на широкую ногу делает нас слишком зависимыми от денег. Между людьми моего круга не много смельчаков, позволяющих себе вступить в брак, не задумываясь о средствах, которыми они смогут в дальнейшем располагать.";"f3fb9609c440de2fc83d19527e4ed80d:5303:2";" ""Our habits of expense make us too dependent, and there are not many in my rank of life who can afford to marry without some attention to money. ";"eng"
