"Reversed left context";"Reversed center";"Left context";"Center";"Punct";"Right context";"Title";"Author";"Birthday";"Header";"Created";"Sphere";"Type";"Topic";"Publication";"Publ_year";"Medium";"Ambiguity";"Header";"Author_trans";"Header_trans";"Translator";"Date_trans";"Sentences";"Words";"Orig_sentences";"Orig_words";"Lang";"Lang_trans";"Lang_variant";"Dialect";"Full context";"Example source";"Para context 1";"Lang 1"
" ьтиж тежом ьлетадзи йыньлакызуМ ";"ичюавепирп";"Музыкальный издатель может жить";"припеваючи";", ";"если верно выберет композиторов, пишущих для";"Davies Hunter. The Beatles (2009)";"Davies Hunter";"1936";"The Beatles";"2009";"публицистика";"";"частная жизнь, искусство и культура";"";"";"";"омонимия не снята";"The Beatles";"Дэвис Хантер";"Битлз. Авторизованная биография";"";"2017";"19102";"256628";"9551";"135825";"rus";"rus";"США";"";"Музыкальный издатель может жить припеваючи, если верно выберет композиторов, пишущих для него.";"709f915a7285306ee9b879f3b13bd5b0:9033:4";" A music publisher can do pretty well, if he has the right composers writing for him. ";"eng"
" етропирреФ в ьтиЖ ";"ичюавепирп";"Жить в Феррипорте";"припеваючи";" ";"можно, только если не понимаешь, что";"Michael Buckley. The Sisters Grimm: The Unusual Suspects (2005)";"Michael Buckley";"1969";"The Sisters Grimm: The Unusual Suspects";"2005";"художественная";"";"";"";"";"";"омонимия не снята";"The Sisters Grimm: The Unusual Suspects";"Майкл Бакли";"Сестры Гримм: Тайна Алой Руки";"";"2007";"9422";"108278";"4711";"58639";"rus";"rus";"США";"";"Жить в Феррипорте припеваючи можно, только если не понимаешь, что вокруг всё ложь, и из-за этой лжи Сабрине не удавалось по-настоящему радоваться новой жизни.";"1e21edc7f21a9f6ee7325f5525fa33e3:2569:3";" Ferryport Landing was a perfect place to live, unless you knew that it was all a lie, and the lie kept Sabrina from getting comfortable in her new life. ";"eng"
" ебес ьтиж и икженед ьтичулоп ,олед";"ичюавепирп";"дело, получить денежки и жить себе";"припеваючи";". ";"";"А. Н. Стругацкий, Б. Н. Стругацкий. Обитаемый остров (1971)";"А. Н. Стругацкий, Б. Н. Стругацкий";"1925, 1933";"Обитаемый остров";"1971";"художественная";"";"";"";"";"";"омонимия не снята";"Обитаемый остров";"Arkady Strugatsky, Boris Strugatsky";"Prisoners of Power";"";"1977";"17098";"190818";"8549";"88020";"rus";"eng";"США";"";"Они хотели бы сделать своё дело, получить денежки и жить себе припеваючи.";"6599e74e18391ebc6a3ec46d732cee53:4590:11";" They would like to do their dirty work, get their dough, and live in clover. And what do we do? ";"eng"
" ьтиж ьнзиж юсв тудуб отч ,окьлотс";"ичюавепирп";"столько, что будут всю жизнь жить";"припеваючи";", ― ";"скулил Шмидт.";"Д. Н. Медведев, М. Белахова. Это было под Ровно (1948)";"Д. Н. Медведев, М. Белахова";"1898";"Это было под Ровно";"1948";"художественная";"";"";"";"";"";"омонимия не снята";"Это было под Ровно";"Dmitry Medvedev";"Stout hearts";"";"1961";"10040";"129406";"5020";"56617";"rus";"eng";"СССР/Россия";"";"― Другие наживут за войну столько, что будут всю жизнь жить припеваючи, ― скулил Шмидт.";"12ae9a5673a0e034f68f063f878952c1:5856:10";" “Some people are making more out of this war than they'll ever spend in a lifetime,” Schmidt whimpered. ";"eng"
" тяровог как и ,тевиж но ;лыб";"ичюавепирп";"был; он живет, и как говорят";"припеваючи";", ";"в Плутнях: ведь он давным-давно продался";"George Orwell. Animal Farm (1945)";"George Orwell";"1903";"Animal Farm";"1945";"художественная";"";"";"";"";"";"омонимия не снята";"Animal Farm";"Джордж Оруэлл";"Скотный двор";"";"1989";"2884";"53192";"1442";"30192";"rus";"rus";"Великобритания";"";"Выяснилось, что Обвал не только никогда не прятался в Склоках, но и вообще там не был; он живет, и как говорят припеваючи, в Плутнях: ведь он давным-давно продался Калмингтону.";"9594b444e74c6772787f13fd486d3d64:1979:21";" It now appeared that Snowball was not, after all, hiding on Pinchfield Farm, and in fact had never been there in his life: he was living ― in considerable luxury, so it was said ― at Foxwood, and had in reality been a pensioner of Pilkington for years past. ";"eng"
" илиж иьнивс оН ";"ичюавепирп";"Но свиньи жили";"припеваючи";" ";"и даже тучнели.";"George Orwell. Animal Farm (1945)";"George Orwell";"1903";"Animal Farm";"1945";"художественная";"";"";"";"";"";"омонимия не снята";"Animal Farm";"Джордж Оруэлл";"Скотный двор";"";"1989";"2884";"53192";"1442";"30192";"rus";"rus";"Великобритания";"";"Но свиньи жили припеваючи и даже тучнели.";"9594b444e74c6772787f13fd486d3d64:2315:3";" But the pigs seemed comfortable enough, and in fact were putting on weight if anything. ";"eng"
" ебес тувиж ынищнеж еынруд еикясв :теамуд";"ичюавепирп";"думает: всякие дурные женщины живут себе";"припеваючи";", ";"а мы, люди праведные, ходим голодные";"Margaret Mitchell. Gone with the Wind, Part 2 (1936)";"Margaret Mitchell";"1900";"Gone with the Wind, Part 2";"1936";"художественная";"";"";"";"";"";"омонимия не снята";"Gone with the Wind, Part 2";"Маргарет Митчелл";"Унесённые ветром, ч. 2";"";"1982";"29314";"414569";"14657";"216232";"rus";"rus";"США";"";"— О чем это господь-то наш думает: всякие дурные женщины живут себе припеваючи, а мы, люди праведные, ходим голодные да босые.";"3ddd25fe52e8f0ab80e3eac915d26b53:2069:12";" Ah doan know whut de Lawd thinkin'' bout lettin'de bad women flurrish lak dat w'en us good folks is hongry an'mos'barefoot. ";"eng"
" ьшевижаз и ад ,укватсто в ьшедйыВ";"ичюавепирп";"Выйдешь в отставку, да и заживешь";"припеваючи";". ";"";"С. Т. Аксаков. Семейная хроника (1856)";"С. Т. Аксаков";"1791";"Семейная хроника";"1856";"художественная";"";"";"";"";"";"омонимия не снята";"Семейная хроника";"Sergey Aksakov";"A Russian Gentleman";"";"1917";"5024";"147698";"2512";"64418";"rus";"eng";"Великобритания";"";"Выйдешь в отставку, да и заживешь припеваючи.";"f9791504e6bbec59b8a5bbd1258292ee:1868:6";" Then you can give up your office and live here in comfort. ";"eng"
" мат тувиж идюл итэ ,аниязох зеб";"ичюавепирп";"без хозяина, эти люди живут там";"припеваючи";", ";"без забот, без хлопот.";"Arthur Conan Doyle. The Hound of the Baskervilles (1902)";"Arthur Conan Doyle";"1859";"The Hound of the Baskervilles";"1902";"художественная";"";"";"";"";"";"омонимия не снята";"The Hound of the Baskervilles";"Артур Конан Дойл";"Собака Баскервилей";"";"1948";"5560";"106362";"2780";"59488";"rus";"rus";"Великобритания";"";"― Тем не менее, ― сказал сэр Генри, ― мне совершенно ясно, что пока Баскервиль-холл остается без хозяина, эти люди живут там припеваючи, без забот, без хлопот.";"c39ed323492793bb3758c97f99e2566c:1411:20";" ""At the same time, ""said Baskerville, ""it's clear enough that so long as there are none of the family at the Hall these people have a mighty fine home and nothing to do. """;"eng"
" ,ястировог как ,ацмен огеом у лиж";"ичюавепирп";"жил у моего немца, как говорится,";"припеваючи";". ";"";"И. С. Тургенев. Андрей Колосов (1844)";"И. С. Тургенев";"1818";"Андрей Колосов";"1844";"художественная";"";"";"";"";"";"омонимия не снята";"Андрей Колосов";"Ivan Turgenev";"Andrei Kolosov";"";"1899";"1346";"20250";"673";"8876";"rus";"eng";"Великобритания";"";"Итак, я жил у моего немца, как говорится, припеваючи.";"b98b0d6ddb11f3d2edea460a33b4bee4:80:8";" And so I lived at my German's, as the saying is, in clover. ";"eng"
" тевиж чиевтаМ йисанафА енверед В ";"ичюавепирп";"В деревне Афанасий Матвеич живет";"припеваючи";". ";"";"Ф. М. Достоевский. Дядюшкин сон (1858-1859)";"Ф. М. Достоевский";"1821";"Дядюшкин сон";"1858-1859";"художественная";"";"";"";"";"";"омонимия не снята";"Дядюшкин сон";"Fedor Dostoevsky";"Uncle’s Dream";"";"1888";"3544";"60649";"1772";"27037";"rus";"eng";"Великобритания";"";"И все похвалили Марью Александровну за ясность суждения и решимость характера.  В деревне Афанасий Матвеич живет припеваючи.  Я заезжал к нему и провел у него целый час довольно приятно.";"270fbf2bb2c0cf74933411460b3da0a0:88:5";" In fact, everyone praised his wife for her soundness of judgment and decision of character!  Afanassy lived in clover at the village.  I called on him there once and spent a very pleasant hour. ";"eng"
" ыб лиж отч ,ламудоп Я ";"ичюавепирп";"Я подумал, что жил бы";"припеваючи";", ";"будь я теперь в городе.";"Mark Twain. The Adventures of Huckleberry Finn (1884)";"Mark Twain";"1835";"The Adventures of Huckleberry Finn";"1884";"художественная";"";"";"";"";"";"омонимия не снята";"The Adventures of Huckleberry Finn";"Марк Твен";"Приключения Гекльберри Финна";"";"1950";"12080";"203856";"6040";"112742";"rus";"rus";"США";"";"Я подумал, что жил бы припеваючи, будь я теперь в городе.";"46b4d09a41c99ac2c036814a48684159:1281:5";" I reckoned I would have great times now if I was over at the town. ";"eng"
" лавижоп ад икженед ыб литарт а";"ичюавепирп";"а тратил бы денежки да поживал";"припеваючи";". ";"";"Mark Twain. The Adventures of Tom Sawyer (1876)";"Mark Twain";"1835";"The Adventures of Tom Sawyer";"1876";"художественная";"";"";"";"";"";"омонимия не снята";"The Adventures of Tom Sawyer";"Марк Твен";"Приключения Тома Сойера";"";"1950";"10168";"129719";"5084";"70911";"rus";"rus";"США";"";"Если бы клад был мой, я бы его зарывать не стал, а тратил бы денежки да поживал припеваючи.";"0b5f9ea369c4ee04fa231a91cd8b5b5a:6639:17";" If' twas mine I wouldn't hide it; I'd spend it and have a good time"". ";"eng"
" ― ";"ичюавепирП";"―";"Припеваючи";"? ― ";"переспросила Алиса. ― А что они пели?";"Lewis Carroll. Alice’s Adventures in Wonderland (1865)";"Lewis Carroll";"1832";"Alice’s Adventures in Wonderland";"1865";"художественная";"";"";"";"";"";"омонимия не снята";"Alice’s Adventures in Wonderland";"Льюис Кэррол";"Приключения Алисы в Стране чудес";"";"1967";"1796";"44873";"898";"25775";"rus";"rus";"Великобритания";"";"― Припеваючи? ― переспросила Алиса. ― А что они пели?";"f7a52612dff6e68f20a14f749be74ee2:901:0";" ""What did they draw? ""said Alice, quite forgetting her promise. ";"eng"
