"Reversed left context";"Reversed center";"Left context";"Center";"Punct";"Right context";"Title";"Author";"Birthday";"Header";"Created";"Sphere";"Type";"Topic";"Publication";"Publ_year";"Medium";"Ambiguity";"Header";"Author_trans";"Header_trans";"Translator";"Date_trans";"Sentences";"Words";"Orig_sentences";"Orig_words";"Lang";"Lang_trans";"Lang_variant";"Dialect";"Full context";"Example source";"Para context 1";"Lang 1"
" Я ";"луниказ";"Я";"закинул";" ";"удочку, положил в карман коробку с";"Анатолий Кузнецов. Бабий Яр (1965-1970)";"Анатолий Кузнецов";"1929";"Бабий Яр";"1965-1970";"художественная";"";"";"";"";"";"омонимия не снята";"Бабий Яр";"Anatoly Kuznetsov";"Babi Yar";"";"1970";"15164";"239938";"7582";"92495";"rus";"eng";"Великобритания";"";"Я закинул удочку, положил в карман коробку с червями и пошел за поплавком по течению.";"86fdb395a48cd1424071e803fff507ae:9748:1";" I cast the line, put the box of worms in my pocket and set off to follow the float as it was carried downstream. ";"eng"
" ьтяпо ыволобыР ";"илуниказ";"Рыболовы опять";"закинули";" ";"удочки и вскоре поймали крупных рыб";"В. А. Обручев. Плутония (1915-1924)";"В. А. Обручев";"1863";"Плутония";"1915-1924";"художественная";"";"";"";"";"";"омонимия не снята";"Плутония";"Vladimir Obruchev";"Plutonia";"";"1957";"10222";"186341";"5111";"80357";"rus";"eng";"Великобритания";"";"Рыболовы опять закинули удочки и вскоре поймали крупных рыб, похожих на современную стерлядь.";"5d71cd04ca681137622431852e512a28:4178:2";" The fishermen tried again and soon caught some big fish, resembling the sterlet of today. ";"eng"
" ,ьтсокволен юовс ьтыркс ыботч ,и акваП";"луниказ";"Павка и, чтобы скрыть свою неловкость,";"закинул";" ";"удочку подальше в воду ― между двух";"Николай Островский. Как закалялась сталь (ч. 1) (1930-1934)";"Николай Островский";"1904";"Как закалялась сталь (ч. 1)";"1930-1934";"художественная";"";"";"";"";"";"омонимия не снята";"Как закалялась сталь (ч. 1)";"Nikolai Ostrovsky";"How the Steel was Tempered (pt 1)";"";"1952";"6134";"108335";"3067";"44216";"rus";"eng";"СССР/Россия";"";"Принес леший вот эту"", ― раздраженно думал Павка и, чтобы скрыть свою неловкость, закинул удочку подальше в воду ― между двух лопухов, как раз туда, куда закидывать не следовало: крючок мог зацепиться за корягу.";"8c062f56bfcc25cd7988d7b83bc7e974:1130:12";" What the devil brought her here, ""Pavel thought irritably and in order to cover up his clumsiness cast the hook farther out, landing it, however, exactly where he should not have ― between two burdocks where the line could easily get caught. ";"eng"
" ежу ,ьсолазак йе как ,уноротс юьч";"алуниказ";"чью сторону, как ей казалось, уже";"закинула";" ";"удочку ее подруга. ― По-моему, глупость ― идти";"Theodore Dreiser. An American Tragedy, book I-II (1925)";"Theodore Dreiser";"1871";"An American Tragedy, book I-II";"1925";"художественная";"";"";"";"";"";"омонимия не снята";"An American Tragedy, book I-II";"Теодор Драйзер";"Американская трагедия (ч. 1-2)";"";"1948";"21686";"393334";"10843";"221028";"rus";"rus";"США";"";"Гортензия все еще стояла у зеркала и теперь обернулась, чтобы послать обольстительную улыбку всем и особенно Клайду, в чью сторону, как ей казалось, уже закинула удочку ее подруга. ― По-моему, глупость ― идти в театр, когда можно пойти с нами к Китти и потанцевать.";"a5d9d89e2d4fa8e460980e91adfbb50b:2735:24";" She was still in front of the mirror, but turned now to cast a fetching smile on all, particularly Clyde, for whom she fancied her friend might be angling, “When you could come along and dance. I call that silly.” ";"eng"
" ― ";"етьникаЗ";"―";"Закиньте";" ";"удочку и увидите.";"Theodore Dreiser. An American Tragedy, book I-II (1925)";"Theodore Dreiser";"1871";"An American Tragedy, book I-II";"1925";"художественная";"";"";"";"";"";"омонимия не снята";"An American Tragedy, book I-II";"Теодор Драйзер";"Американская трагедия (ч. 1-2)";"";"1948";"21686";"393334";"10843";"221028";"rus";"rus";"США";"";"― А как насчет рыбы?  ― Закиньте удочку и увидите.  Лучшее место во всей округе для рыбы вроде черного окуня.";"a5d9d89e2d4fa8e460980e91adfbb50b:19993:0";"” “Any fish in it? ” “Throw a line in and see.  The best place for black bass and the like of that almost anywhere around here. ";"eng"
" отч окьлот ,йишратс ,нидО ";"луниказ";"Один, старший, только что";"закинул";" ";"удочку и старательно выводил поплавок из-за";"Л. Н. Толстой. Анна Каренина (ч. 5-8) (1878)";"Л. Н. Толстой";"1828";"Анна Каренина (ч. 5-8)";"1878";"художественная";"";"";"";"";"";"омонимия не снята";"Анна Каренина (ч. 5-8)";"Leo Tolstoy";"Anna Karenina (parts 5-8)";"";"1911";"17958";"288534";"8979";"125442";"rus";"eng";"Великобритания";"";"Один, старший, только что закинул удочку и старательно выводил поплавок из-за куста, весь поглощенный этим делом; другой, помоложе, лежал на траве, облокотив спутанную белокурую голову на руки, и смотрел задумчивыми голубыми глазами на воду.";"f7a6706715d8c4ffc53d99eba6fa6a4a:1676:4";" The elder had just dropped in the hook, and was carefully pulling the float from behind a bush, entirely absorbed in what he was doing. The other, a little younger, was lying in the grass leaning on his elbows, with his tangled, flaxen head in his hands, staring at the water with his dreamy blue eyes. ";"eng"
" ежу нО ";"луниказ";"Он уже";"закинул";" ";"удочку: думает продать кое-какую мелочь ― с";"Jack London. The Burning Daylight (1910)";"Jack London";"1876";"The Burning Daylight";"1910";"художественная";"";"";"";"";"";"омонимия не снята";"The Burning Daylight";"Джек Лондон";"Время-не-ждет";"";"1956";"14758";"209384";"7379";"114448";"rus";"rus";"США";"";"Он уже закинул удочку: думает продать кое-какую мелочь ― с тысячу акров в пригородах Окленда.";"11d7865e51a07f08a30dd98fb7d68095:12415:2";" He was dickering even then to sell over a thousand of his suburban acres. ";"eng"
" зар еще - ?ил адварп ен ,онвабаЗ";"луниказ";"Забавно, не правда ли? - еще раз";"закинул";" ";"удочку Дэйв, когда они проходили по";"Jack London. A Daughter of the Snows (1902)";"Jack London";"1876";"A Daughter of the Snows";"1902";"художественная";"";"";"";"";"";"омонимия не снята";"A Daughter of the Snows";"Джек Лондон";"Дочь снегов";"";"1927";"12982";"158103";"6491";"87010";"rus";"rus";"США";"";"― Забавно, не правда ли? - еще раз закинул удочку Дэйв, когда они проходили по главной улице, ведущей на берег реки.";"00fcb7cba2600469b8b8b3203cff0f4d:2455:6";" ""Curious, ain't it? ""Dave hazarded suggestively, as they crossed the main street to the river bank. ";"eng"
" онморкс ,игон еылог иовс ябес доп";"луниказ";"под себя свои голые ноги, скромно";"закинул";" ";"удочку.";"И. С. Тургенев. Бригадир (1866)";"И. С. Тургенев";"1818";"Бригадир";"1866";"художественная";"";"";"";"";"";"омонимия не снята";"Бригадир";"Ivan Turgenev";"The Brigadier";"";"1899";"792";"14284";"396";"6070";"rus";"eng";"Великобритания";"";"«Проходимец» кашлянул раза два, присел на самый край лавочки, положил шляпу на колени и, подобрав под себя свои голые ноги, скромно закинул удочку.";"10d9187e1414fb11915347f06de3ecf2:194:21";" The' ne'er-do-weel'coughed twice, sat down on the very edge of the seat, put his hat on his knees, and, tucking his bare legs up under him, he discreetly dropped in his line. ";"eng"
" и акявреч ан лавелпоп киратС ";"луниказ";"Старик поплевал на червяка и";"закинул";" ";"удочку.";"И. С. Тургенев. Малиновая вода (1848)";"И. С. Тургенев";"1818";"Малиновая вода";"1848";"художественная";"";"";"";"";"";"омонимия не снята";"Малиновая вода";"Ivan Turgenev";"Raspberry Spring";"";"1895";"414";"6439";"207";"2651";"rus";"eng";"Великобритания";"";"Старик поплевал на червяка и закинул удочку.";"761e01e326eef40d6a343974c672bb2c:184:5";" The old man spat on the worm and lowered the line in again. ";"eng"
" окелад и – но латомроборп – ,ешчул ,омитсев";"луниказ";"вестимо, лучше, – пробормотал он – и далеко";"закинул";" ";"удочку.";"И. С. Тургенев. Малиновая вода (1848)";"И. С. Тургенев";"1818";"Малиновая вода";"1848";"художественная";"";"";"";"";"";"омонимия не снята";"Малиновая вода";"Ivan Turgenev";"Raspberry Spring";"";"1895";"414";"6439";"207";"2651";"rus";"eng";"Великобритания";"";"– Теперь, вестимо, лучше, – пробормотал он – и далеко закинул удочку.";"761e01e326eef40d6a343974c672bb2c:256:7";"' Now, surely it's better,' he muttered, and let out his line further. ";"eng"
" ым ,ечани оге ьтиволс ястсаду ен";"мениказ";"не удастся словить его иначе, мы";"закинем";" ";"удочку с кольцом.";"Arthur Conan Doyle. A Study in Scarlet (1887)";"Arthur Conan Doyle";"1859";"A Study in Scarlet";"1887";"художественная";"";"";"";"";"";"омонимия не снята";"A Study in Scarlet";"Артур Конан Дойл";"Этюд в багровых тонах";"";"1966";"5072";"76704";"2536";"43569";"rus";"rus";"Великобритания";"";"Если не удастся словить его иначе, мы закинем удочку с кольцом.";"0633af4fce598e40958e1ce04ae375b6:1591:7";" If we have no other way of catching him, we can always bait our line with the ring. ";"eng"
" мотоП ";"луниказ";"Потом";"закинул";" ";"удочку, чтобы наловить рыбы к завтраку.";"Mark Twain. The Adventures of Huckleberry Finn (1884)";"Mark Twain";"1835";"The Adventures of Huckleberry Finn";"1884";"художественная";"";"";"";"";"";"омонимия не снята";"The Adventures of Huckleberry Finn";"Марк Твен";"Приключения Гекльберри Финна";"";"1950";"12080";"203856";"6040";"112742";"rus";"rus";"США";"";"Потом закинул удочку, чтобы наловить рыбы к завтраку.";"46b4d09a41c99ac2c036814a48684159:1637:1";" Then I set out a line to catch some fish for breakfast. ";"eng"
" ьтяпо ,вокчюрк с быр окьлоксен илянс";"илуниказ";"сняли несколько рыб с крючков, опять";"закинули";" ";"удочки и пошли готовить обед.";"Mark Twain. The Adventures of Huckleberry Finn (1884)";"Mark Twain";"1835";"The Adventures of Huckleberry Finn";"1884";"художественная";"";"";"";"";"";"омонимия не снята";"The Adventures of Huckleberry Finn";"Марк Твен";"Приключения Гекльберри Финна";"";"1950";"12080";"203856";"6040";"112742";"rus";"rus";"США";"";"Мы сняли несколько рыб с крючков, опять закинули удочки и пошли готовить обед.";"46b4d09a41c99ac2c036814a48684159:2109:7";" We took some fish off of the lines and set them again, and begun to get ready for dinner. ";"eng"
" огот елсоП ";"мениказ";"После того";"закинем";" ";"удочки и лезем в реку.";"Mark Twain. The Adventures of Huckleberry Finn (1884)";"Mark Twain";"1835";"The Adventures of Huckleberry Finn";"1884";"художественная";"";"";"";"";"";"омонимия не снята";"The Adventures of Huckleberry Finn";"Марк Твен";"Приключения Гекльберри Финна";"";"1950";"12080";"203856";"6040";"112742";"rus";"rus";"США";"";"Река здесь была необъятной ширины, такая громадина ― местами шириной мили в полторы; мы плыли по ночам, а днем отдыхали и прятались; бывало, как только ночь подходит к концу, мы останавливаемся и привязываем плот ― почти всегда там, где нет течения, под отмелью, потом нарежем ивовых и тополевых веток и спрячем плот под ними.  После того закинем удочки и лезем в реку.  Чтобы освежиться немножко, а потом сядем на песчаное дно, где вода по колено, и смотрим, как светает.";"46b4d09a41c99ac2c036814a48684159:5079:2";" It was a monstrous big river down there ― sometimes a mile and a half wide; we run nights, and laid up and hid daytimes; soon as night was most gone we stopped navigating and tied up ― nearly always in the dead water under a towhead; and then cut young cottonwoods and willows, and hid the raft with them.  Then we set out the lines.  Next we slid into the river and had a swim, so as to freshen up and cool off; then we set down on the sandy bottom where the water was about knee deep, and watched the daylight come. ";"eng"
" окбор яслижавто ожД ценокаН ";"ьтуниказ";"Наконец Джо отважился робко";"закинуть";" ";"удочку насчет того, ― как другие смотрят";"Mark Twain. The Adventures of Tom Sawyer (1876)";"Mark Twain";"1835";"The Adventures of Tom Sawyer";"1876";"художественная";"";"";"";"";"";"омонимия не снята";"The Adventures of Tom Sawyer";"Марк Твен";"Приключения Тома Сойера";"";"1950";"10168";"129719";"5084";"70911";"rus";"rus";"США";"";"Наконец Джо отважился робко закинуть удочку насчет того, ― как другие смотрят на возвращение к цивилизации ― не сейчас, а когда-нибудь потом.";"0b5f9ea369c4ee04fa231a91cd8b5b5a:4283:4";" By and by Joe timidly ventured upon a roundabout ""feeler"" as to how the others might look upon a return to civilization… not right now, but… ";"eng"
