"Reversed left context";"Reversed center";"Left context";"Center";"Punct";"Right context";"Title";"Author";"Birthday";"Header";"Created";"Sphere";"Type";"Topic";"Publication";"Publ_year";"Medium";"Ambiguity";"Header";"Author_trans";"Header_trans";"Translator";"Date_trans";"Sentences";"Words";"Orig_sentences";"Orig_words";"Lang";"Lang_trans";"Lang_variant";"Dialect";"Full context";"Example source";"Para context 1";"Lang 1"
" ястидохирп оготэ ялд йороП ";"ьтавырказ";"Порой для этого приходится";"закрывать";" ";"глаза на все, что прочитал о";"Angela Gallop. When the Dogs Don't Bark (2019)";"Angela Gallop";"1950";"When the Dogs Don't Bark";"2019";"учебно-научная";"";"наука и технологии, криминалистика";"";"";"";"омонимия не снята";"When the Dogs Don't Bark";"Анджела Галлоп";"Когда собаки не лают. Путь криминалиста от смелых предположений до неопровержимых доказательств";"";"2019";"7482";"183315";"3741";"101160";"rus";"rus";"США";"";"Порой для этого приходится закрывать глаза на все, что прочитал о деле в газетах, хотя бы потому, что в приведенной информации практически всегда имеются какие-то неточности.";"44fdfd9dec52ae57653e4ebbf52a6df2:2909:4";" Sometimes, that involves ignoring whatever you've read in the newspapers about a case, not least because there will almost always be something reported that isn't entirely accurate. ";"eng"
" ,еиненсяъбо олыб ин ыб микаК ";"ьтавырказ";"Каким бы ни было объяснение,";"закрывать";" ";"глаза на зацепку ― всегда плохая идея";"Angela Gallop. When the Dogs Don't Bark (2019)";"Angela Gallop";"1950";"When the Dogs Don't Bark";"2019";"учебно-научная";"";"наука и технологии, криминалистика";"";"";"";"омонимия не снята";"When the Dogs Don't Bark";"Анджела Галлоп";"Когда собаки не лают. Путь криминалиста от смелых предположений до неопровержимых доказательств";"";"2019";"7482";"183315";"3741";"101160";"rus";"rus";"США";"";"Каким бы ни было объяснение, закрывать глаза на зацепку ― всегда плохая идея, потому что она никогда не появляется просто так.";"44fdfd9dec52ae57653e4ebbf52a6df2:4591:5";" Whatever the explanation, it's never a good idea effectively to ignore a loose end, because there is always a reason for it. ";"eng"
" илсе ,ешьлоб еще ястеавилису ьтсонсапО ";"ьтавырказ";"Опасность усиливается еще больше, если";"закрывать";" ";"глаза на контекст и сообщать лишь";"Angela Gallop. When the Dogs Don't Bark (2019)";"Angela Gallop";"1950";"When the Dogs Don't Bark";"2019";"учебно-научная";"";"наука и технологии, криминалистика";"";"";"";"омонимия не снята";"When the Dogs Don't Bark";"Анджела Галлоп";"Когда собаки не лают. Путь криминалиста от смелых предположений до неопровержимых доказательств";"";"2019";"7482";"183315";"3741";"101160";"rus";"rus";"США";"";"Опасность усиливается еще больше, если закрывать глаза на контекст и сообщать лишь сухие результаты, не принимая во внимание отдельные обстоятельства дела.";"44fdfd9dec52ae57653e4ebbf52a6df2:6853:5";" Those dangers are further exacerbated if you also ignore context and report just the facts of your results without taking into account the individual contextual circumstances of the case. ";"eng"
" йедюл теаджубоп ьлыбирп ьтавищаран еинелмертс ,виторпаН";"ьтавырказ";"Напротив, стремление наращивать прибыль побуждает людей";"закрывать";" ";"глаза на любые этические нормы.";"Yuval Noah Harari. Sapiens: A Brief History of Humankind (2014)";"Yuval Noah Harari";"1976";"Sapiens: A Brief History of Humankind";"2014";"учебно-научная";"";"";"";"";"";"омонимия не снята";"Sapiens: A Brief History of Humankind";"Юваль Ной Харари";"Sapiens. Краткая история человечества";"";"2016";"12622";"234740";"6311";"129148";"rus";"rus";"Великобритания";"";"Напротив, стремление наращивать прибыль побуждает людей закрывать глаза на любые этические нормы.";"35272a5a1849715bdf72e6c5c15d92be:9859:6";" On the contrary, the craving to increase profits and production blinds people to anything that might stand in the way. ";"eng"
" олыб онжомзовеН ";"ьтавырказ";"Невозможно было";"закрывать";" ";"глаза на то, что он проигрывает";"Jim Hutton. Mercury and Me (2013)";"Jim Hutton";"1949";"Mercury and Me";"2013";"публицистика";"мемуары";"искусство и культура";"";"";"";"омонимия не снята";"Mercury and Me";"Джим Хаттон";"Меркьюри и я";"";"2019";"9842";"135558";"4921";"75220";"rus";"rus";"США";"";"Невозможно было закрывать глаза на то, что он проигрывает в схватке с болезнью.";"418e3813ee181bc0782a6f1a5bef0f1d:5927:2";" There was no escaping the fact that he was losing his battle against his illness. ";"eng"
" язьлен ман отч ,мот о окьлот";"ьтавырказ";"только о том, что нам нельзя";"закрывать";" ";"глаза на естественную антихрупкость систем и";"Nassim Nicholas Taleb. Antifragile: Things That Gain From Disorder (2012)";"Nassim Nicholas Taleb";"1960";"Antifragile: Things That Gain From Disorder";"2012";"учебно-научная, публицистика";"";"наука и технологии, философия";"";"";"";"омонимия не снята";"Antifragile: Things That Gain From Disorder";"Нассим Николас Талеб";"Антихрупкость. Как извлечь выгоду из хаоса";"";"2022";"16592";"336787";"8296";"180355";"rus";"rus";"США";"";"Я говорю сейчас только о том, что нам нельзя закрывать глаза на естественную антихрупкость систем и их способность к самовосстановлению; мы должны бороться со своим желанием вредить им и делать их хрупкими, не давая системам залечивать раны.";"17154569778daa68a2de3fadfcd05453:3657:9";" Here, all I am saying is that we need to avoid being blind to the natural antifragility of systems, their ability to take care of themselves, and fight our tendency to harm and fragilize them by not giving them a chance to do so. ";"eng"
" мечазен тедуб мав ,имав аз – еинешер";"ьтавырказ";"решение – за вами, вам будет незачем";"закрывать";" ";"глаза.";"Daniel Kahneman. Thinking, Fast and Slow (2011)";"Daniel Kahneman";"1934";"Thinking, Fast and Slow";"2011";"учебно-научная, публицистика";"";"";"";"";"";"омонимия не снята";"Thinking, Fast and Slow";"Даниэль Канеман";"Думай медленно… решай быстро";"";"2013";"15944";"301630";"7972";"169866";"rus";"rus";"США";"";"Так как последнее решение – за вами, вам будет незачем закрывать глаза.";"8b957dd89361bcd9f82266d628bf684c:8009:9";" Because you are in charge of the final decision, you should not do a “close your eyes.” ";"eng"
" ыботч ,огот ялд ямерв ьтсЕ ";"ьтавырказ";"Есть время для того, чтобы";"закрывать";" ";"глаза, есть время ― чтобы видеть…";"Walter Isaacson. Benjamin Franklin: An American Life (2003)";"Walter Isaacson";"1952";"Benjamin Franklin: An American Life";"2003";"учебно-научная";"";"наука и технологии, история";"";"";"";"омонимия не снята";"Benjamin Franklin: An American Life";"Уолтер Айзексон";"Бенджамин Франклин. Биография";"";"2014";"16174";"343808";"8087";"182129";"rus";"rus";"США";"";"Есть время для того, чтобы закрывать глаза, есть время ― чтобы видеть…";"81b6e1b6e410f8b1242cb9655e0bac1e:3189:5";" There's a time to wink as well as to see… ";"eng"
" етежом ен ыв он ― ,ллоганоГкаМ россефорп";"ьтавырказ";"профессор МакГонаголл, ― но вы не можете";"закрывать";" ";"глаза на то, что он очень";"J. K. Rowling. Harry Potter and the Sorcerer’s Stone (1997)";"J. K. Rowling";"1965";"Harry Potter and the Sorcerer’s Stone";"1997";"художественная";"";"";"";"";"";"омонимия не снята";"Harry Potter and the Sorcerer’s Stone";"Дж. К. Роулинг";"Гарри Поттер и Волшебный камень";"";"2001";"12950";"147101";"6475";"78303";"rus";"rus";"Великобритания";"";"― Я не говорю, что у него нет сердца, ― неохотно объяснила профессор МакГонаголл, ― но вы не можете закрывать глаза на то, что он очень неосторожен.";"12b754d39037221c39040f54b069cffc:595:16";" ""I'm not saying his heart isn't in the right place, ""said Professor McGonagall grudgingly, ""but you can't pretend he's not careless. ";"eng"
" и ишу ьтакытаз ,юицамрофни юунтяирпен ьтачулоп";"ьтавырказ";"получать неприятную информацию, затыкать уши и";"закрывать";" ";"глаза, когда вы к ним обращаетесь.";"Kurt Vonnegut. Hocus Pocus (1990)";"Kurt Vonnegut";"1922";"Hocus Pocus";"1990";"художественная";"";"";"";"";"";"омонимия не снята";"Hocus Pocus";"Курт Воннегут";"Фокус-покус";"";"1993";"9922";"154407";"4961";"81715";"rus";"rus";"США";"";"Пожалуй, единственный принцип, который мне внушил Дедушка Уиллс, принцип, который я чтил всю свою сознательную жизнь, заключался в том, что сквернословие и богохульство дают право людям, не желающим получать неприятную информацию, затыкать уши и закрывать глаза, когда вы к ним обращаетесь.";"2c09150b04d05302afc19154b49438b7:155:34";" Perhaps the only precept taught me by Grandfather Wills that I have honored all my adult life is that profanity and obscenity entitle people who don't want unpleasant information to close their ears and eyes to you. ";"eng"
" еварпв ен ым еж есв И";"ьтавырказ";"И все же мы не вправе";"закрывать";" ";"глаза на заскорузлость ее души.";"Vladimir Nabokov. Ada, or Ardor (1968)";"Vladimir Nabokov";"1899";"Ada, or Ardor";"1968";"художественная";"";"";"";"";"";"омонимия не снята";"Ada, or Ardor";"Владимир Набоков";"Ада, или Радости страсти";"";"1996";"15402";"336152";"7701";"178506";"rus";"rus";"Великобритания, США";"";"И все же мы не вправе закрывать глаза на заскорузлость ее души.";"e9229fa20eafdc0cca78d0f9aa4b1272:5811:6";" Yet we cannot condone the grossness of her soul. ";"eng"
" латс ен нО ";"ьтавырказ";"Он не стал";"закрывать";" ";"глаза, но в комнате все равно";"Ernest Hemingway. The Garden of Eden (1946-1961)";"Ernest Hemingway";"1899";"The Garden of Eden";"1946-1961";"художественная";"";"";"";"";"";"омонимия не снята";"The Garden of Eden";"Эрнест Хемингуэй";"Райский сад";"";"2019";"12096";"122707";"6048";"66906";"rus";"rus";"США";"";"Он не стал закрывать глаза, но в комнате все равно было темно, и за окном в вершинах сосен гудел ветер.";"a7882a28a598be4042500b8065ce2d22:3969:3";" He did not shut his eyes but it was dark in the room and outside the wind was high in the trees. ";"eng"
" отч ан еок ,ясьтавичаровто огогонм то";"ьтавырказ";"от многого отворачиваться, кое на что";"закрывать";" ";"глаза, делал вид, что все благополучно";"Arthur Hailey. The Final Diagnosis (1959)";"Arthur Hailey";"1920";"The Final Diagnosis";"1959";"художественная";"";"";"";"";"";"омонимия не снята";"The Final Diagnosis";"Артур Хейли";"Окончательный диагноз";"";"1980";"8888";"96698";"4444";"56776";"rus";"rus";"США";"";"Он, предпочитая от многого отворачиваться, кое на что закрывать глаза, делал вид, что все благополучно, хотя его опыт и совесть подсказывали, что все обстоит далеко не так.";"81ba1eabedb711b6913d23c6352d064d:7639:8";" God knows, he thought, there had been plenty of danger signs: Rufus and Reubens had warned him, and he had had the evidence of his own eyes to tell him Pearson was failing with his years, his responsibilities growing beyond him in the busy, expanded hospital. ";"eng"
" отэ — идюл еынчыбо тюалед еыроток ,йещев";"ьтавырказ";"вещей, которые делают обычные люди — это";"закрывать";" ";"глаза на Факты.";"Clive Staples Lewis. The Chronicles of Narnia. The Voyage of the ‘Dawn Treader’ (1952)";"Clive Staples Lewis";"1898";"The Chronicles of Narnia. The Voyage of the ‘Dawn Treader’";"1952";"художественная";"";"";"";"";"";"омонимия не снята";"The Chronicles of Narnia. The Voyage of the ‘Dawn Treader’";"Клайв Стейплз Льюис";"Хроники Нарнии. Плавание «Утреннего Путника»";"";"1991";"6782";"99104";"3391";"53138";"rus";"rus";"Великобритания";"";"Все остальные делают вид, что не замечают этого: либо из хвастовства, либо потому, что, как говорит Гарольд, одна из самых трусливых вещей, которые делают обычные люди — это закрывать глаза на Факты.";"9900890b5211ff4ad94d2a1688ace777:673:27";" All the others pretend to take no notice of this, either from swank or because Harold says one of the most cowardly things ordinary people do is to shut their eyes to Facts. ";"eng"
" ен ябес яялватсаз йелов йеовс йесв";"ьтавырказ";"всей своей волей заставляя себя не";"закрывать";" ";"глаза перед несущейся на него вражеской";"Борис Полевой. Повесть о настоящем человеке (1946)";"Борис Полевой";"1908";"Повесть о настоящем человеке";"1946";"художественная";"";"";"";"";"";"омонимия не снята";"Повесть о настоящем человеке";"Boris Polevoi";"A Story about a real man";"";"1950";"12740";"210874";"6370";"88696";"rus";"eng";"Великобритания";"";"― Держись, ""Рихтгофен""! ― промычал сквозь зубы Алексей и, до крови закусив губу, сжавшись в комок твердых мускулов, впился в цель, всей своей волей заставляя себя не закрывать глаза перед несущейся на него вражеской машиной.";"680f1b3200a7177681680ab35c78de1e:12056:25";" ""Look out,' Richthofen'! ""muttered Alexei through his teeth. Biting his lips until they bled and contracting his firm muscles, he glued his eyes to his sight and exercised all his will-power to prevent them from shutting in the face of the enemy machine that was charging straight at him. ";"eng"
" ,ьтенсарк тедуб ано ,онтяореВ ";"ьтавырказ";"Вероятно, она будет краснеть,";"закрывать";" ";"глаза и терпеливо переносить все и";"Петр Успенский. Странная жизнь Ивана Осокина (1915)";"Петр Успенский";"1878";"Странная жизнь Ивана Осокина";"1915";"художественная";"";"";"";"";"";"омонимия не снята";"Странная жизнь Ивана Осокина";"P. D. Ouspensky";"Strange life of Ivan Osokin";"";"1947";"6498";"73651";"3249";"31583";"rus";"eng";"Великобритания";"";"Вероятно, она будет краснеть, закрывать глаза и терпеливо переносить все и предпочитать при этом, чтобы было темно.";"74d077deda09703777c412b78d3d9a2c:4864:4";" First there are those millions, and then I think that Valerie is too virtuous for me. ";"eng"
" аварп ьшееми ен ыТ ";"ьтавырказ";"Ты не имеешь права";"закрывать";" ";"глаза на что-либо и не имеешь";"Ernest Hemingway. For Whom The Bell Tolls (1940)";"Ernest Hemingway";"1899";"For Whom The Bell Tolls";"1940";"художественная";"";"";"";"";"";"омонимия не снята";"For Whom The Bell Tolls";"Эрнест Хемингуэй";"По ком звонит колокол";"";"1968";"31088";"318191";"15544";"173648";"rus";"rus";"США";"";"Ты не имеешь права закрывать глаза на что-либо и не имеешь права забывать что-либо, или смягчать что-либо, или искажать.";"384001a800d7e011ac1012bba3dfe9dd:20433:4";" You have no right to shut your eyes to any of it nor any right to forget any of it nor to soften it nor to change it. ";"eng"
" меилсымокгел мымитсуподен ыб олыб и юьречод";"ьтавырказ";"дочерью и было бы недопустимым легкомыслием";"закрывать";" ";"глаза на то, что человека этого";"Margaret Mitchell. Gone with the Wind, Part 1 (1936)";"Margaret Mitchell";"1900";"Gone with the Wind, Part 1";"1936";"художественная";"";"";"";"";"";"омонимия не снята";"Gone with the Wind, Part 1";"Маргарет Митчелл";"Унесённые ветром, ч. 1";"";"1982";"25706";"403929";"12853";"209514";"rus";"rus";"США";"";"Тетушка Питтипэт, разумеется, прекрасно понимала, что Эллин не может одобрить знакомства капитана Батлера со своей дочерью и было бы недопустимым легкомыслием закрывать глаза на то, что человека этого не принимают ни в одном из хороших домов Чарльстона, но тем не менее, выслушивая его комплименты или протягивая ему для поцелуя руку, она проявляла не больше твердости духа, чем муха, летящая на запах меда.";"b1a6e9a3c23689e80357c5e30e2d9a2f:9845:21";" While Pitty knew Ellen would disapprove of his calls on her daughter, and knew also that the edict of Charleston banning him from polite society was not one to be lightly disregarded, she could no more resist his elaborate compliments and hand kissing than a fly can resist a honey pot. ";"eng"
" язьлеН – ";"ьтавырказ";"– Нельзя";"закрывать";" ";"глаза на важность такого поворота событий";"Agatha Christie. Death in the Clouds (1935)";"Agatha Christie";"1890";"Death in the Clouds";"1935";"художественная";"";"";"";"";"";"омонимия не снята";"Death in the Clouds";"Агата Кристи";"Смерть в облаках";"";"2016";"13022";"109861";"6511";"60562";"rus";"rus";"Великобритания";"";"– Нельзя закрывать глаза на важность такого поворота событий, – сказал Фурнье.";"d41640dfe0aa8ddb62c0eb6304db5910:11785:1";" ""You cannot shut your eyes to the importance of this turn of events, ""said Fournier. ";"eng"
" акгелс латс но и ,оге ьтаминаз";"ьтавырказ";"занимать его, и он стал слегка";"закрывать";" ";"глаза и склонять голову к подушке.";"Н. В. Гоголь. Мертвые души (1835-1852)";"Н. В. Гоголь";"1809";"Мертвые души";"1835-1852";"художественная";"";"";"";"";"";"омонимия не снята";"Мертвые души";"Nikolay Gogol";"Dead Souls";"";"1931";"9082";"160470";"4541";"73436";"rus";"eng";"Великобритания";"";"Наконец и дорога перестала занимать его, и он стал слегка закрывать глаза и склонять голову к подушке.";"dfcae36f84cdc44b70de0cc56b339c1e:8276:10";" Again, in its turn, the road ceased to interest him, and he began to close his eyes and to loll his head against the cushions. ";"eng"
" ьсолетох ен енм и ,няьп ьнечо";"ьтавырказ";"очень пьян, и мне не хотелось";"закрывать";" ";"глаза, потому что комната сразу начала";"Ernest Hemingway. The Sun Also Rises (1926)";"Ernest Hemingway";"1899";"The Sun Also Rises";"1926";"художественная";"";"";"";"";"";"омонимия не снята";"The Sun Also Rises";"Эрнест Хемингуэй";"Фиеста (И восходит солнце)";"";"1935";"15646";"124370";"7823";"68860";"rus";"rus";"США";"";"Я был очень пьян, и мне не хотелось закрывать глаза, потому что комната сразу начала бы кружиться.";"b7ee784d3c8ecd8aa42512e15ced7e30:9171:8";" I was very drunk and I did not want to shut my eyes because the room would go round and round. ";"eng"
" еероксоп ,олед еовс валедс ,ястеатсо ,мядюл";"ьтавырказ";"людям, остается, сделав свое дело, поскорее";"закрывать";" ";"глаза, не ища награды.";"Ф. М. Достоевский. Бесы (1872)";"Ф. М. Достоевский";"1821";"Бесы";"1872";"художественная";"";"";"";"";"";"омонимия не снята";"Бесы";"Fedor Dostoevsky";"The Possessed, or The Devils";"";"1913";"29104";"455640";"14552";"199311";"rus";"eng";"Великобритания";"";"Нам, великим людям, остается, сделав свое дело, поскорее закрывать глаза, не ища награды.";"9e7e7e2d8d58ee27b69a10516c4acde9:18896:8";" When we have done our duty, all that's left for us great men is to make haste to close our eyes without seeking a reward. ";"eng"
" еогонм ан оге лялватсаз инзиж йонтсемвос";"ьтавырказ";"совместной жизни заставлял его на многое";"закрывать";" ";"глаза, но теперь, когда она уже";"Theodore Dreiser. The Financier (1912)";"Theodore Dreiser";"1871";"The Financier";"1912";"художественная";"";"";"";"";"";"омонимия не снята";"The Financier";"Теодор Драйзер";"Финансист";"";"1944";"23456";"363269";"11728";"196713";"rus";"rus";"США";"";"Юношеский пыл в первые годы их совместной жизни заставлял его на многое закрывать глаза, но теперь, когда она уже безраздельно принадлежала ему…";"2e33158397b70dd397e746e464f37657:3143:12";" The vigor of youth — those first years — had made up for so many things, but now that he had her safely. ";"eng"
" :ьталед уме ястедирп ,сачйес ,ьрепет отч";"ьтавырказ";"что теперь, сейчас, придется ему делать:";"закрывать";" ";"глаза, одевать, заказывать гроб.";"Л. Н. Толстой. Анна Каренина (ч. 5-8) (1878)";"Л. Н. Толстой";"1828";"Анна Каренина (ч. 5-8)";"1878";"художественная";"";"";"";"";"";"омонимия не снята";"Анна Каренина (ч. 5-8)";"Leo Tolstoy";"Anna Karenina (parts 5-8)";"";"1911";"17958";"288534";"8979";"125442";"rus";"eng";"Великобритания";"";"Он чувствовал, что давно уже отстал от умирающего. Он не мог уже думать о самом вопросе смерти, но невольно ему приходили мысли о том, что теперь, сейчас, придется ему делать: закрывать глаза, одевать, заказывать гроб.";"f7a6706715d8c4ffc53d99eba6fa6a4a:2778:30";" He could not even think of the problem of death itself, but with no will of his own thoughts kept coming to him of what he had to do next; closing the dead man's eyes, dressing him, ordering the coffin. ";"eng"
" лачан ьтяпо мат а ,ьтип лисорпоп";"ьтавырказ";"попросил пить, а там опять начал";"закрывать";" ";"глаза и метаться головой по подушке.";"И. С. Тургенев. Яков Пасынков (1855)";"И. С. Тургенев";"1818";"Яков Пасынков";"1855";"художественная";"";"";"";"";"";"омонимия не снята";"Яков Пасынков";"Ivan Turgenev";"Yakov Pasinkov";"";"1899";"2078";"26130";"1039";"11286";"rus";"eng";"Великобритания";"";"Он сперва слушал меня с большим вниманием, потом попросил пить, а там опять начал закрывать глаза и метаться головой по подушке.";"dcfdf3c987ad6c83a4319d0bd4d6d55d:1084:14";" He listened to me at first with great attention, then asked for drink, and then began closing his eyes again and turning his head restlessly on the pillow. ";"eng"
" яслатып Я ";"ьтавырказ";"Я пытался";"закрывать";" ";"глаза, но они, как нарочно, открывались";"Henry Rider Haggard. King Solomon’s Mines (1885)";"Henry Rider Haggard";"1856";"King Solomon’s Mines";"1885";"художественная";"";"";"";"";"";"омонимия не снята";"King Solomon’s Mines";"Генри Райдер Хаггард";"Копи царя Соломона";"";"1958";"7558";"153337";"3779";"81688";"rus";"rus";"Великобритания";"";"Я пытался закрывать глаза, но они, как нарочно, открывались в самый неподходящий момент.";"ad73b287ebdbf855f0cd7ce1263ab993:4033:2";" I tried to keep my eyes shut, but they would open just at the wrong time. ";"eng"
" гом ен ешьлоб ежу но ― ,удоран";"ьтавырказ";"народу, ― он уже больше не мог";"закрывать";" ";"глаза на истинное положение вещей и";"Charles Dickens. The Tale of two Cities (1859)";"Charles Dickens";"1812";"The Tale of two Cities";"1859";"художественная";"";"";"";"";"";"омонимия не снята";"The Tale of two Cities";"Чарльз Диккенс";"Повесть о двух городах";"";"1950-1960";"15180";"261740";"7590";"135772";"rus";"rus";"Великобритания";"";"Но когда они приехали в город Бове, ― это было под вечер и на улицах толпилась масса народу, ― он уже больше не мог закрывать глаза на истинное положение вещей и понял, что все это может кончиться для него очень плохо.";"45dc0f44a28f331677ad6ee35a429c4b:9549:22";" But when they came to the town of Beauvais ― which they did at eventide, when the streets were filled with people ― he could not conceal from himself that the aspect of affairs was very alarming. ";"eng"
" анжлод я удогу в йе отч";"ьтавырказ";"что ей в угоду я должна";"закрывать";" ";"глаза на происки мистера Хитклифа.";"Emily Brontë. Wuthering Heights (1847)";"Emily Brontë";"1818";"Wuthering Heights";"1847";"художественная";"";"";"";"";"";"омонимия не снята";"Wuthering Heights";"Эмили Бронте";"Грозовой перевал";"";"1956";"12548";"224130";"6274";"117752";"rus";"rus";"Великобритания";"";"Я не знала, что ей в угоду я должна закрывать глаза на происки мистера Хитклифа.";"4dd9a884633da9a0b633833588f2afc1:4731:9";" I didn't know that, to humour her, I should wink at Mr. Heathcliff. ";"eng"
