"Reversed left context";"Reversed center";"Left context";"Center";"Punct";"Right context";"Title";"Author";"Birthday";"Header";"Created";"Sphere";"Type";"Topic";"Publication";"Publ_year";"Medium";"Ambiguity";"Header";"Author_trans";"Header_trans";"Translator";"Date_trans";"Sentences";"Words";"Orig_sentences";"Orig_words";"Lang";"Lang_trans";"Lang_variant";"Dialect";"Full context";"Example source";"Para context 1";"Lang 1"
" ыботч ,огот ялд ьшил ылокш виторпан";"ьтиромаз";"напротив школы лишь для того, чтобы";"заморить";" ";"червячка? Однако что-то в этом человеке";"Michael Crichton. NEXT (2006)";"Michael Crichton";"1942";"NEXT";"2006";"художественная";"";"";"";"";"";"омонимия не снята";"NEXT";"Майкл Крайтон";"NEXT";"";"2007";"21110";"215480";"10555";"109512";"rus";"rus";"США";"";"Может, он и впрямь остановился напротив школы лишь для того, чтобы заморить червячка? Однако что-то в этом человеке насторожило ее.";"9bebd6418c70982072881b587bbcbc96:13873:11";" Had he stopped by the school just to eat lunch? Something about that didn't seem right. ";"eng"
" ыботч ,уксисос или регрубмаг ,тежоМ ― .носйеМ";"ьтиромаз";"Мейсон. ― Может, гамбургер или сосиску, чтобы";"заморить";" ";"червячка.";"Erle Stanley Gardner. The Case of the Daring Divorcee (1964)";"Erle Stanley Gardner";"1889";"The Case of the Daring Divorcee";"1964";"художественная";"";"";"";"";"";"омонимия не снята";"The Case of the Daring Divorcee";"Эрл Стэнли Гарднер";"Дело смелой разведенки";"";"1990";"9058";"98306";"4529";"55014";"rus";"rus";"США";"";"― Это потом, ― сказал Мейсон. ― Может, гамбургер или сосиску, чтобы заморить червячка.";"a6f1949c158888e1992c3e910183a225:877:9";" “We eat afterwards,” Mason said, “unless you want a hamburger or a hot dog to tide you over.” ";"eng"
" ыботч ,ценок йодух ан вокчеволеч нижюд";"ьтиромаз";"дюжин человечков на худой конец, чтобы";"заморить";" ";"червячка.";"L. Frank Baum. Dorothy and the Wizard in Oz (1908)";"L. Frank Baum";"1856";"Dorothy and the Wizard in Oz";"1908";"художественная";"";"";"";"";"";"омонимия не снята";"Dorothy and the Wizard in Oz";"Л. Фрэнк Баум";"Дороти и Волшебник в Стране Оз";"";"1992";"4684";"73241";"2342";"41597";"rus";"rus";"США";"";"Если повезет, принесет слона или парочку носорогов или хоть пару дюжин человечков на худой конец, чтобы заморить червячка.";"4505bc87ba7824faf1f16efaeab5ad55:2995:16";" If she has good luck she will bring us an elephant, or a brace of rhinoceri, or perhaps a few dozen people to stay our hunger. """;"eng"
" илсе отч ,елсымс мот в яслазаксыв";"ьтиромаз";"высказался в том смысле, что если";"заморить";" ";"червячка, то развитие болезни может несколько";"Jerome K. Jerome. Three Men in a Boat (To Say Nothing Of The Dog) (1889)";"Jerome K. Jerome";"1859";"Three Men in a Boat (To Say Nothing Of The Dog)";"1889";"художественная";"";"";"";"";"";"омонимия не снята";"Three Men in a Boat (To Say Nothing Of The Dog)";"Джером К. Джером";"Трое в лодке, не считая собаки";"";"1958";"6478";"121423";"3239";"66090";"rus";"rus";"Великобритания";"";"Гаррис высказался в том смысле, что если заморить червячка, то развитие болезни может несколько задержаться+; и миссис Попитс внесла поднос, и мы поплелись к столу и принялись ковырять бифштексы с луком и пирог с ревенем.";"20485619ebdfa1f237874a4c84c417bc:191:7";" Harris said a little something in one's stomach often kept the disease in check; and MrsPoppets brought the tray in, and we drew up to the table, and toyed with a little steak and onions, and some rhubarb tart. ";"eng"
