"Reversed left context";"Reversed center";"Left context";"Center";"Punct";"Right context";"Title";"Author";"Birthday";"Header";"Created";"Sphere";"Type";"Topic";"Publication";"Publ_year";"Medium";"Ambiguity";"Header";"Author_trans";"Header_trans";"Translator";"Date_trans";"Sentences";"Words";"Orig_sentences";"Orig_words";"Lang";"Lang_trans";"Lang_variant";"Dialect";"Full context";"Example source";"Para context 1";"Lang 1"
" ынитед огосуонреч у отч ,еинаминв литарбо";"тунктаз";"обратил внимание, что у черноусого детины";"заткнут";" ";"за пояс жуткого вида топор с";"J. K. Rowling. Harry Potter and the Prisoner of Azkaban (1999)";"J. K. Rowling";"1965";"Harry Potter and the Prisoner of Azkaban";"1999";"художественная";"";"";"";"";"";"омонимия не снята";"Harry Potter and the Prisoner of Azkaban";"Дж. К. Роулинг";"Гарри Поттер и узник Азкабана";"";"2002";"16396";"194597";"8198";"108830";"rus";"rus";"Великобритания";"";"Тут только Гарри обратил внимание, что у черноусого детины заткнут за пояс жуткого вида топор с широким сверкающим лезвием — он любовно поигрывал пальцами по отполированной рукояти.";"89bcf033d380f4be17459dd58609ff8f:11647:9";" The black-moustached man was fingering something in his belt; Harry looked and saw that he was running one broad thumb along the blade of a shining axe. ";"eng"
" я рекошорткелэ и икинчуран а ,ьтатсод";"алунктаз";"достать, а наручники и электрошокер я";"заткнула";" ";"за пояс джинсов.";"Janet Evanovich. Two for the Dough (1996)";"Janet Evanovich";"1943";"Two for the Dough";"1996";"художественная";"";"";"";"";"";"омонимия не снята";"Two for the Dough";"Джанет Иванович";"Денежки дважды имеют значение";"";"2009";"16714";"151889";"8357";"82078";"rus";"rus";"США";"";"У меня был перцовый баллончик в кармане куртки, который легко можно было достать, а наручники и электрошокер я заткнула за пояс джинсов.";"870b652622bfc06abf6de04c83fd1a0e:5849:18";" I had the pepper spray easily accessible in my jacket pocket, and my cuffs and stun gun stuck into my Levis. ";"eng"
" оньлетачноко илащебо ыцйероК как ,огот од";"ьтунктаз";"до того, как Корейцы обещали окончательно";"заткнуть";" ";"за пояс Братьев Паркер в Индонезии";"Kurt Vonnegut. Hocus Pocus (1990)";"Kurt Vonnegut";"1922";"Hocus Pocus";"1990";"художественная";"";"";"";"";"";"омонимия не снята";"Hocus Pocus";"Курт Воннегут";"Фокус-покус";"";"1993";"9922";"154407";"4961";"81715";"rus";"rus";"США";"";"ГРИО (тм), по крайней мере в прежнее время, до того, как Корейцы обещали окончательно заткнуть за пояс Братьев Паркер в Индонезии с помощью дешевого труда и спутниковой связи, не всегда выдавал одну и ту же биографию, когда вы вводили в него определенный набор фактов.";"2c09150b04d05302afc19154b49438b7:3035:14";" GRIOTM, in the old days anyway, before the Koreans promised to make Parker Brothers lean and mean in Indonesia, didn't come up with the same biography every time you gave it a certain set of facts. ";"eng"
" и очелп зереч оготибу меьжур ,хакур";"мытунктаз";"руках, ружьем убитого через плечо и";"заткнутым";" ";"за пояс пистолетом.";"Mario Puzo. The Sicilian (1984)";"Mario Puzo";"1920";"The Sicilian";"1984";"художественная";"";"";"";"";"";"омонимия не снята";"The Sicilian";"Марио Пьюзо";"Сицилиец";"";"1990";"16788";"225931";"8394";"130831";"rus";"rus";"США";"";"Он стоял на дороге с лупарой в руках, ружьем убитого через плечо и заткнутым за пояс пистолетом.";"452fb6ed98766c4a74440ae59747a844:3709:13";" Now he too had stepped out of the magic circle of boyhood, of society, and joined Turi on the outside of that circle. ";"eng"
" но ателотсип авД ";"лунктаз";"Два пистолета он";"заткнул";" ";"за пояс, а пистолет-автомат сунул";"Mario Puzo. The Sicilian (1984)";"Mario Puzo";"1920";"The Sicilian";"1984";"художественная";"";"";"";"";"";"омонимия не снята";"The Sicilian";"Марио Пьюзо";"Сицилиец";"";"1990";"16788";"225931";"8394";"130831";"rus";"rus";"США";"";"Два пистолета он заткнул за пояс, а пистолет-автомат сунул под куртку так, чтобы он был прикрыт и в то же время его легко можно было выхватить.";"452fb6ed98766c4a74440ae59747a844:3807:3";" He put two pistols in his waistband and strapped the machine pistol inside the jacket so it could be covered and yet swung into action immediately. ";"eng"
" – йоктрук доп а ,аквотнив ьсалиокоп елхеч";"йытунктаз";"чехле покоилась винтовка, а под курткой –";"заткнутый";" ";"за пояс пистолет…";"Mario Puzo. The Sicilian (1984)";"Mario Puzo";"1920";"The Sicilian";"1984";"художественная";"";"";"";"";"";"омонимия не снята";"The Sicilian";"Марио Пьюзо";"Сицилиец";"";"1990";"16788";"225931";"8394";"130831";"rus";"rus";"США";"";"Шесть главарей мафии с бесстрастными лицами мерили с точностью метрономов расстояние вдоль стены; у каждого за спиной висела лупара, в чехле покоилась винтовка, а под курткой – заткнутый за пояс пистолет…";"452fb6ed98766c4a74440ae59747a844:12269:26";" The six Mafia chiefs rode their horses up and down as consistent as metronomes, their faces impassive, their guns sheathed in rifle holsters, lupare on shoulder straps, pistols tucked in their belts hidden by jackets. ";"eng"
" ,мецнетолоп мыннохук с ожД ясливяоп ецьлырк";"мытунктаз";"крыльце появился Джо с кухонным полотенцем,";"заткнутым";" ";"за пояс наподобие передника.";"Margaret Atwood. Edible Woman (1969)";"Margaret Atwood";"1939";"Edible Woman";"1969";"художественная";"";"";"";"";"";"омонимия не снята";"Edible Woman";"Маргарет Этвуд";"Лакомый кусочек";"";"1981";"11726";"188776";"5863";"103795";"rus";"rus";"Канада";"";"На крыльце появился Джо с кухонным полотенцем, заткнутым за пояс наподобие передника.";"ad665abca6dd8ec58be26a38c4eace42:919:7";" Joe appeared on the back porch, a dishtowel tucked apron-like into the belt of his trousers. ";"eng"
" и ынетелпаз ,еовдан ынасёчсар илыб хин";"ытунктаз";"них были расчёсаны надвое, заплетены и";"заткнуты";" ";"за пояс.";"J. R. R. Tolkien. The Hobbit (1937)";"J. R. R. Tolkien";"1892";"The Hobbit";"1937";"художественная";"";"";"";"";"";"омонимия не снята";"The Hobbit";"Дж. Р. Р. Толкин";"Хоббит";"";"1976";"6160";"162107";"3080";"94297";"rus";"rus";"Великобритания";"";"Бороды у них были расчёсаны надвое, заплетены и заткнуты за пояс.";"733d6ab161d8781a312dcdd32cd0e15f:5677:8";" Their beards were forked and plaited and thrust into their belts. ";"eng"
" но ыцьлап еишьлоБ ";"лунктаз";"Большие пальцы он";"заткнул";" ";"за пояс с квадратной стальной пряжкой.";"John Steinbeck. Of Mice and Men (1937)";"John Steinbeck";"1902";"Of Mice and Men";"1937";"художественная";"";"";"";"";"";"омонимия не снята";"Of Mice and Men";"Джон Стейнбек";"О мышах и людях";"";"1965";"4240";"53537";"2120";"30427";"rus";"rus";"США";"";"Большие пальцы он заткнул за пояс с квадратной стальной пряжкой.";"a263fce8b9cdb67296948f0143b99f15:887:3";" His thumbs were stuck in his belt, on each side of a square steel buckle. ";"eng"
" виварпоп и ещинелог аз жон вунуС";"йытунктаз";"Сунув нож за голенище и поправив";"заткнутый";" ";"за пояс пистолет, Арчи проковылял к";"Margaret Mitchell. Gone with the Wind, Part 2 (1936)";"Margaret Mitchell";"1900";"Gone with the Wind, Part 2";"1936";"художественная";"";"";"";"";"";"омонимия не снята";"Gone with the Wind, Part 2";"Маргарет Митчелл";"Унесённые ветром, ч. 2";"";"1982";"29314";"414569";"14657";"216232";"rus";"rus";"США";"";"Сунув нож за голенище и поправив заткнутый за пояс пистолет, Арчи проковылял к двери и распахнул ее.";"3ddd25fe52e8f0ab80e3eac915d26b53:15749:6";" Slipping his knife into his boot top and loosening the pistol in his trouser band, Archie stumped over to the door and flung it open. ";"eng"
" анолоС но ятох ,ьлун умот я";"инктаз";"я тому нуль, хотя он Солона";"заткни";" ";"за пояс»!";"Н. В. Гоголь. Мертвые души (1835-1852)";"Н. В. Гоголь";"1809";"Мертвые души";"1835-1852";"художественная";"";"";"";"";"";"омонимия не снята";"Мертвые души";"Nikolay Gogol";"Dead Souls";"";"1931";"9082";"160470";"4541";"73436";"rus";"eng";"Великобритания";"";"Я поставлю полные баллы во всех науках тому, кто ни аза не знает, да ведет себя похвально; а в ком я вижу дурной дух да насмешливость, я тому нуль, хотя он Солона заткни за пояс»!";"dfcae36f84cdc44b70de0cc56b339c1e:8390:32";" And shall award full marks to those who conduct themselves properly, even if they fail to learn a single letter of their alphabet: whereas to those in whom I may perceive a tendency to jocularity I shall award nothing, even though they should outdo Solon himself». ";"eng"
" с ронакиН речуК ";"юотунктаз";"Кучер Никанор с";"заткнутою";" ";"за пояс полой, в валенках, весь";"А. П. Чехов. Жена (1891)";"А. П. Чехов";"1860";"Жена";"1891";"художественная";"";"";"";"";"";"омонимия не снята";"Жена";"Anton Chekhov";"The Wife";"";"1900-1930";"2034";"31387";"1017";"13548";"rus";"eng";"Великобритания";"";"Кучер Никанор с заткнутою за пояс полой, в валенках, весь мокрый от снега и довольный, что я уезжаю, улыбнулся мне дружелюбно и сказал:";"7af6ad49b9f89ccb3f6dfc102e7ee290:1440:3";" My coachman Nikanor, wearing high felt boots and the skirt of his coat tucked up through his belt, all wet with the snow and glad I was going away, gave me a friendly smile and said: ";"eng"
" Я ";"лунктаз";"Я";"заткнул";" ";"за пояс пистолет и вышел.";"М. Ю. Лермонтов. Герой нашего времени (1839-1841)";"М. Ю. Лермонтов";"1814";"Герой нашего времени";"1839-1841";"художественная";"";"";"";"";"";"омонимия не снята";"Герой нашего времени";"Mikhail Lermontov";"A Hero of Our Time";"";"1916";"6094";"90567";"3047";"37526";"rus";"eng";"Великобритания";"";"Я заткнул за пояс пистолет и вышел.";"e03e5f56426db106cfa5c850eda37532:2402:1";" I stuffed a pistol in my belt and went out. ";"eng"
" я ,ынйокоп етьдуБ ";"унктаз";"Будьте покойны, я";"заткну";" ";"за пояс эту старую колючку.";"L. Frank Baum. Dorothy and the Wizard in Oz (1908)";"L. Frank Baum";"1856";"Dorothy and the Wizard in Oz";"1908";"художественная";"";"";"";"";"";"омонимия не снята";"Dorothy and the Wizard in Oz";"Л. Фрэнк Баум";"Дороти и Волшебник в Стране Оз";"";"1992";"4684";"73241";"2342";"41597";"rus";"rus";"США";"";"Будьте покойны, я заткну за пояс эту старую колючку.";"4505bc87ba7824faf1f16efaeab5ad55:795:3";" I'll beat Old Prickly, all right. """;"eng"
" овородз оге Я ";"лунктаз";"Я его здорово";"заткнул";" ";"за пояс!";"Theodore Dreiser. Sister Carrie (1900)";"Theodore Dreiser";"1871";"Sister Carrie";"1900";"художественная";"";"";"";"";"";"омонимия не снята";"Sister Carrie";"Теодор Драйзер";"Сестра Керри";"";"1927";"16624";"207821";"8312";"110830";"rus";"rus";"США";"";"Там был еще один комми, представитель фирмы Бернштейн, но он ничего не сумел сделать.  Я его здорово заткнул за пояс!  Снимая воротничок и отстегивая запонки, перед тем как пойти умыться и переодеться, Друэ продолжал описывать свою поездку.";"2c7442eeefbdfb995db3f3e251340205:5859:3";" There was another fellow there, representing Burnstein, a regular hook-nosed sheeny, but he wasn't in it.  I made him look like nothing at all.  As he undid his collar and unfastened his studs, preparatory to washing his face and changing his clothes, he dilated upon his trip. ";"eng"
" аноммиркаМ огобюл екнылов ан Я — ";"унктаз";"— Я на волынке любого Макриммона";"заткну";" ";"за пояс! — вскричал Робин.";"Robert Louis Stevenson. Kidnapped (1886)";"Robert Louis Stevenson";"1850";"Kidnapped";"1886";"художественная";"";"";"";"";"";"омонимия не снята";"Kidnapped";"Роберт Луис Стивенсон";"Похищенный";"";"1967";"7020";"146548";"3510";"80444";"rus";"rus";"Великобритания";"";"— Я на волынке любого Макриммона заткну за пояс! — вскричал Робин.";"b1442d947f941d6612bea226225d7e39:5739:5";" ""I can pipe like a Macrimmon! ""cries Robin. ";"eng"
" лыб жон нидО ";"тунктаз";"Один нож был";"заткнут";" ";"за пояс из хвоста буйвола, а";"Henry Rider Haggard. King Solomon’s Mines (1885)";"Henry Rider Haggard";"1856";"King Solomon’s Mines";"1885";"художественная";"";"";"";"";"";"омонимия не снята";"King Solomon’s Mines";"Генри Райдер Хаггард";"Копи царя Соломона";"";"1958";"7558";"153337";"3779";"81688";"rus";"rus";"Великобритания";"";"Один нож был заткнут за пояс из хвоста буйвола, а остальные два укреплены на тыльной стороне круглого щита.";"ad73b287ebdbf855f0cd7ce1263ab993:2885:3";" One knife was fixed in the ox-tail girdle, and the other two at the back of the round shield. ";"eng"
" хи хесв нотниЛ сиссим а ,моварн";"тенктаз";"нравом, а миссис Линтон всех их";"заткнет";" ";"за пояс.";"Emily Brontë. Wuthering Heights (1847)";"Emily Brontë";"1818";"Wuthering Heights";"1847";"художественная";"";"";"";"";"";"омонимия не снята";"Wuthering Heights";"Эмили Бронте";"Грозовой перевал";"";"1956";"12548";"224130";"6274";"117752";"rus";"rus";"Великобритания";"";"― Ее муж вам расскажет, ― ответила я, ― но вы знаете этих Эрншо с их бешеным нравом, а миссис Линтон всех их заткнет за пояс.";"4dd9a884633da9a0b633833588f2afc1:4793:20";"' The master will inform you,' I answered;' but you are acquainted with the Earnshaws'violent dispositions, and Mrs. Linton caps them all. ";"eng"
