"Reversed left context";"Reversed center";"Left context";"Center";"Punct";"Right context";"Title";"Author";"Birthday";"Header";"Created";"Sphere";"Type";"Topic";"Publication";"Publ_year";"Medium";"Ambiguity";"Header";"Author_trans";"Header_trans";"Translator";"Date_trans";"Sentences";"Words";"Orig_sentences";"Orig_words";"Lang";"Lang_trans";"Lang_variant";"Dialect";"Full context";"Example source";"Para context 1";"Lang 1"
" тюанз еыроток ,»ыротялугер« иивтсделсопв ьтичулоп тугом";"есв";"могут получить впоследствии «регуляторы», которые знают";"все";" ";"ходы и выходы. Их «регуляторское» знание";"Nassim Nicholas Taleb. Antifragile: Things That Gain From Disorder (2012)";"Nassim Nicholas Taleb";"1960";"Antifragile: Things That Gain From Disorder";"2012";"учебно-научная, публицистика";"";"наука и технологии, философия";"";"";"";"омонимия не снята";"Antifragile: Things That Gain From Disorder";"Нассим Николас Талеб";"Антихрупкость. Как извлечь выгоду из хаоса";"";"2022";"16592";"336787";"8296";"180355";"rus";"rus";"США";"";"Вы только подумайте: чем сложнее регулирование, тем больше в системе бюрократии – и тем больше прибыли могут получить впоследствии «регуляторы», которые знают все ходы и выходы. Их «регуляторское» знание – это выпуклая функция от разницы в опыте и знаниях.";"17154569778daa68a2de3fadfcd05453:12871:21";" Think about it a bit further: the more complex the regulation, the more bureaucratic the network, the more a regulator who knows the loops and glitches would benefit from it later, as his regulator edge would be a convex function of his differential knowledge. ";"eng"
" екшичьлам тежакоп иббонШ йаксуп ,ламудоП ";"есв";"Подумал, пускай Шнобби покажет мальчишке";"все";" ";"ходы и выходы, вроде того.";"Terry Pratchett. Guards! Guards! (1989)";"Terry Pratchett";"1948";"Guards! Guards!";"1989";"художественная";"";"";"";"";"";"омонимия не снята";"Guards! Guards!";"Терри Пратчетт";"Стража! Стража!";"";"2020";"17614";"190939";"8807";"98029";"rus";"rus";"Великобритания";"";"Подумал, пускай Шнобби покажет мальчишке все ходы и выходы, вроде того.";"c2e7f1ce36a69de8129b3884a6c8ee28:2725:5";" I said he'd show him the ropes, sort of thing. """;"eng"
" юанз Я ";"есв";"Я знаю";"все";" ";"ходы и выходы.";"Ken Kesey. One Flew over the Cuckoo’s Nest (1962)";"Ken Kesey";"1935";"One Flew over the Cuckoo’s Nest";"1962";"художественная";"";"";"";"";"";"омонимия не снята";"One Flew over the Cuckoo’s Nest";"Кен Кизи";"Пролетая над гнездом кукушки";"";"2004";"10012";"211901";"5006";"115013";"rus";"rus";"США";"";"Ерунда, у них просто рухнул бюджет от того, что они возили меня туда-сюда из тюряги, а потом еще сюда. Он покачал головой и надул щеки. — Но это — ненадолго.  Я знаю все ходы и выходы.  Сказать правду, изнасилование и оскорбление действием, там, в Пендлетоне, были первой отсидкой — почти целый год.";"d3e00ad60d52f4c322a7e5b864fbe112:533:2";" Hooee, it was breaking up the budget drivin'me to and from the pokey for a while there.” He shakes his head and puffs out his cheeks. “But that was just for a period of time.  I learned the ropes.  To tell the truth, this sault and battery I was doing in Pendleton was the first hitch in close to a year. ";"eng"
" юанз Я ";"есв";"Я знаю";"все";" ";"ходы и выходы.";"Vladimir Nabokov. Lolita (1955)";"Vladimir Nabokov";"1899";"Lolita";"1955";"художественная";"";"";"";"";"";"омонимия не снята";"Lolita";"Владимир Набоков";"Лолита";"";"1967";"10540";"215246";"5270";"113039";"rus";"rus";"Великобритания, США";"";"Я автор пятидесяти двух удачных сценариев.  Я знаю все ходы и выходы.  Дайте мне взяться за это.";"e3840ecf96e627c7aad620a0f06daa5a:10095:2";" I'm the author of fifty-two successful scenarios.  I know all the ropes.  Let me handle this. ";"eng"
" яанЗ .норреп ан итйорп ьсилатып онтещт";"есв";"тщетно пытались пройти на перрон. Зная";"все";" ";"ходы и выходы, Павел провел свою";"Николай Островский. Как закалялась сталь (ч. 2) (1930-1934)";"Николай Островский";"1904";"Как закалялась сталь (ч. 2)";"1930-1934";"художественная";"";"";"";"";"";"омонимия не снята";"Как закалялась сталь (ч. 2)";"Nikolai Ostrovsky";"How the Steel was Tempered (pt 2)";"";"1952";"6612";"131631";"3306";"53770";"rus";"eng";"СССР/Россия";"";"Павел и Рита тщетно пытались пройти на перрон. Зная все ходы и выходы, Павел провел свою спутницу через багажную. С трудом пробрались они к вагону No 4. У дверей вагона, сдерживая густую толпу, стоял распаренный жарой чекист, повторяя в сотый раз:";"de0612c035f8cb9a8e40eb6c517f33e4:84:9";" After vainly attempting to push through the crowd collected at the platform entrance, Pavel, who knew all the ins and outs at the station, led Rita through the luggage room. With difficulty they made their way to coach No. 4. At the carriage door a Cheka man, sweating profusely in the heat, was trying to hold back the crowd, and repeated over and over again: ";"eng"
" мат ланз кичьлам он ,ьсилитаркерп ежу";"есв";"уже прекратились, но мальчик знал там";"все";" ";"ходы и выходы и знал также";"Theodore Dreiser. The Financier (1912)";"Theodore Dreiser";"1871";"The Financier";"1912";"художественная";"";"";"";"";"";"омонимия не снята";"The Financier";"Теодор Драйзер";"Финансист";"";"1944";"23456";"363269";"11728";"196713";"rus";"rus";"США";"";"Операции в банке уже прекратились, но мальчик знал там все ходы и выходы и знал также, что мистер Каупервуд будет доволен, если сын заработает тридцать долларов.";"2e33158397b70dd397e746e464f37657:837:9";" It was after banking hours; but he knew how to get in, and he knew that his father would be glad to see him make thirty dollars. ";"eng"
" ьседз йищюанз ,кеволеч ястибоданоп мав ,юиссецнок";"есв";"концессию, вам понадобится человек, знающий здесь";"все";" ";"ходы и выходы.";"O. Henry. A Double-Dyed Deceiver (1909)";"O. Henry";"1862";"A Double-Dyed Deceiver";"1909";"художественная";"";"";"";"";"";"омонимия не снята";"A Double-Dyed Deceiver";"О. Генри";"Гнусный обманщик";"";"1950-1960";"598";"7827";"299";"4295";"rus";"rus";"США";"";"Если вы покупаете фруктовые плантации или хотите получить какую-нибудь концессию, вам понадобится человек, знающий здесь все ходы и выходы.";"e4c383809652e554af03bc1df823958a:213:15";" If you're buying fruit lands or looking for a concession of any sort, you'll want somebody who knows the ropes to look out for you. """;"eng"
" ";"есВ";"";"Все";" ";"ходы и выходы вам подскажет мистер";"Robert Louis Stevenson. Kidnapped (1886)";"Robert Louis Stevenson";"1850";"Kidnapped";"1886";"художественная";"";"";"";"";"";"омонимия не снята";"Kidnapped";"Роберт Луис Стивенсон";"Похищенный";"";"1967";"7020";"146548";"3510";"80444";"rus";"rus";"Великобритания";"";"Все ходы и выходы вам подскажет мистер Томсон, он человек бывалый, вы же с помощью этого кредита добудете средства для побега.";"b1442d947f941d6612bea226225d7e39:6969:0";" Consult Mr. Thomson, he will know of ways; and you, with this credit, can supply the means. ";"eng"
