"Reversed left context";"Reversed center";"Left context";"Center";"Punct";"Right context";"Title";"Author";"Birthday";"Header";"Created";"Sphere";"Type";"Topic";"Publication";"Publ_year";"Medium";"Ambiguity";"Header";"Author_trans";"Header_trans";"Translator";"Date_trans";"Sentences";"Words";"Orig_sentences";"Orig_words";"Lang";"Lang_trans";"Lang_variant";"Dialect";"Full context";"Example source";"Para context 1";"Lang 1"
" ,ее юанз Я — ";"как";"— Я знаю ее,";"как";" ";"свои пять пальцев, — сказал он, продолжая";"André Aciman. Find Me (2019)";"André Aciman";"1951";"Find Me";"2019";"художественная";"";"";"";"";"";"омонимия не снята";"Find Me";"Андре Асиман";"Найди меня";"";"2020";"10458";"132249";"5229";"71048";"rus";"rus";"США";"";"— Я знаю ее, как свои пять пальцев, — сказал он, продолжая улыбаться.";"c04fcfde0931c7732a19a12e91a18d64:7803:3";" “I know it inside out.” Again the smile. ";"eng"
" ланз еинадз умотоп и ервуЛ в";"как";"в Лувре и потому здание знал";"как";" ";"свои пять пальцев.";"Philip Hook. Breakfast at Sothebys An A-Z of the Art World (2013)";"Philip Hook";"1951";"Breakfast at Sothebys An A-Z of the Art World";"2013";"учебно-научная";"";"";"";"";"";"омонимия не снята";"Breakfast at Sothebys An A-Z of the Art World";"Филип Хук";"Завтрак у Sotheby’s. Мир искусства от А до Я";"";"2014";"7914";"152823";"3957";"80281";"rus";"rus";"Великобритания";"";"Похититель был плотником, прежде служил в Лувре и потому здание знал как свои пять пальцев.";"907ddabaeb78f2e27d397e97656182a0:5481:11";" He was a carpenter, and had done work for the museum in the past, so he knew his way about. ";"eng"
" оге теанз йыроток ,мокеволеч с оннебосО";"как";"Особенно с человеком, который знает его";"как";" ";"свои пять пальцев.";"Jojo Moyes. Me Before You (2012)";"Jojo Moyes";"1969";"Me Before You";"2012";"художественная";"";"";"";"";"";"омонимия не снята";"Me Before You";"Джоджо Мойес";"До встречи с тобой";"";"2013";"22902";"229150";"11451";"129694";"rus";"rus";"Великобритания";"";"Особенно с человеком, который знает его как свои пять пальцев.";"58ec84c599babae296f7f33817fce7e2:12149:6";" Especially with someone who knows his way around. ";"eng"
" колуереп йосоК йишвичузи ,ирраГ сёнзиорп — ,низагамооз";"как";"зоомагазин, — произнёс Гарри, изучивший Косой переулок";"как";" ";"свои пять пальцев.";"J. K. Rowling. Harry Potter and the Prisoner of Azkaban (1999)";"J. K. Rowling";"1965";"Harry Potter and the Prisoner of Azkaban";"1999";"художественная";"";"";"";"";"";"омонимия не снята";"Harry Potter and the Prisoner of Azkaban";"Дж. К. Роулинг";"Гарри Поттер и узник Азкабана";"";"2002";"16396";"194597";"8198";"108830";"rus";"rus";"Великобритания";"";"— Тут неподалёку есть зоомагазин, — произнёс Гарри, изучивший Косой переулок как свои пять пальцев.";"89bcf033d380f4be17459dd58609ff8f:1915:9";"‘ There's a magical-creature shop just over there,' said Harry, who knew Diagon Alley very well by now. ";"eng"
" ,ыцилу итэ аланз Я ";"как";"Я знала эти улицы,";"как";" ";"свои пять пальцев.";"Janet Evanovich. Two for the Dough (1996)";"Janet Evanovich";"1943";"Two for the Dough";"1996";"художественная";"";"";"";"";"";"омонимия не снята";"Two for the Dough";"Джанет Иванович";"Денежки дважды имеют значение";"";"2009";"16714";"151889";"8357";"82078";"rus";"rus";"США";"";"Я знала эти улицы, как свои пять пальцев.";"870b652622bfc06abf6de04c83fd1a0e:11639:4";" I knew these streets like I knew my own hand. ";"eng"
" йечур тотэ иланз ыМ ";"как";"Мы знали этот ручей";"как";" ";"свои пять пальцев.";"Анатолий Кузнецов. Бабий Яр (1965-1970)";"Анатолий Кузнецов";"1929";"Бабий Яр";"1965-1970";"художественная";"";"";"";"";"";"омонимия не снята";"Бабий Яр";"Anatoly Kuznetsov";"Babi Yar";"";"1970";"15164";"239938";"7582";"92495";"rus";"eng";"Великобритания";"";"Мы знали этот ручей как свои пять пальцев.";"86fdb395a48cd1424071e803fff507ae:94:4";" We knew the stream like the palms of our hands. ";"eng"
" нойар ьсев ежу ланз ,еногруф меовс";"как";"своем фургоне, знал уже весь район";"как";" ";"свои пять пальцев, где въехать, где";"John Fowles. The Collector (1963)";"John Fowles";"1926";"The Collector";"1963";"художественная";"";"";"";"";"";"омонимия не снята";"The Collector";"Джон Фаулз";"Коллекционер";"";"1991";"14096";"144108";"7048";"74076";"rus";"rus";"Великобритания";"";"Я хорошо поездил по Хэмпстеду на своем фургоне, знал уже весь район как свои пять пальцев, где въехать, где свернуть, куда выехать, чтоб по-быстрому.";"4b0282fa14a9dd0e87a0fde07a36a72f:797:12";" I drove round the Hampstead district and learnt the A to Z for that part off and how to get quickly away down to Fosters. ";"eng"
" юанз я вовьЛ ― ";"как";"― Львов я знаю";"как";" ";"свои пять пальцев.";"Д. Н. Медведев, М. Белахова. Это было под Ровно (1948)";"Д. Н. Медведев, М. Белахова";"1898";"Это было под Ровно";"1948";"художественная";"";"";"";"";"";"омонимия не снята";"Это было под Ровно";"Dmitry Medvedev";"Stout hearts";"";"1961";"10040";"129406";"5020";"56617";"rus";"eng";"СССР/Россия";"";"― Львов я знаю как свои пять пальцев.";"12ae9a5673a0e034f68f063f878952c1:9260:3";" “I know the city like the palm of my hand,” she said. ";"eng"
" крап йыньлартнеЦ юанз и екроЙ-юьН в";"как";"в Нью-Йорке и знаю Центральный парк";"как";" ";"свои пять пальцев ― с самого детства";"J. D. Salinger. The Catcher in the Rye (1951)";"J. D. Salinger";"1919";"The Catcher in the Rye";"1951";"художественная";"";"";"";"";"";"омонимия не снята";"The Catcher in the Rye";"Дж. Д. Сэлинджер";"Над пропастью во ржи";"";"1965";"13012";"132371";"6506";"75296";"rus";"rus";"США";"";"Всю жизнь я прожил в Нью-Йорке и знаю Центральный парк как свои пять пальцев ― с самого детства я там и на роликах катался, и на велосипеде, ― и все-таки я никак не мог найти этот самый прудик.";"9c42c78736aec0c65f6bad9bf144bf26:9347:10";" I've lived in New York all my life, and I know Central Park like the back of my hand, because I used to roller-skate there all the time and ride my bike when I was a kid, but I had the most terrific trouble finding that lagoon that night. ";"eng"
" уме ымоканз илыб оверед еоджак и";"как";"и каждое дерево были знакомы ему";"как";" ";"свои пять пальцев.";"J. R. R. Tolkien. The Hobbit (1937)";"J. R. R. Tolkien";"1892";"The Hobbit";"1937";"художественная";"";"";"";"";"";"омонимия не снята";"The Hobbit";"Дж. Р. Р. Толкин";"Хоббит";"";"1976";"6160";"162107";"3080";"94297";"rus";"rus";"Великобритания";"";"Поскольку всё на свете имеет конец, и наша повесть тоже, то настал день, когда они завидели местность, где Бильбо родился и вырос, где каждый холмик и каждое дерево были знакомы ему как свои пять пальцев.";"733d6ab161d8781a312dcdd32cd0e15f:6097:31";" As all things come to an end, even this story, a day came at last when they were in sight of the country where Bilbo had been born and bred, where the shapes of the land and of the trees were as well known to him as his hands and toes. ";"eng"
" аланз огороток кологу йыджак ,ллох йынротсорп";"как";"просторный холл, каждый уголок которого знала";"как";" ";"свои пять пальцев.";"Margaret Mitchell. Gone with the Wind, Part 1 (1936)";"Margaret Mitchell";"1900";"Gone with the Wind, Part 1";"1936";"художественная";"";"";"";"";"";"омонимия не снята";"Gone with the Wind, Part 1";"Маргарет Митчелл";"Унесённые ветром, ч. 1";"";"1982";"25706";"403929";"12853";"209514";"rus";"rus";"США";"";"Крепко сжимая руку отца, Скарлетт вступила в просторный холл, каждый уголок которого знала как свои пять пальцев.";"b1a6e9a3c23689e80357c5e30e2d9a2f:19905:13";" Her father's arm held tightly in her own, Scarlett felt her way down the wide dark hall which, even in its blackness, was as familiar as her own mind. ";"eng"
" юанз я ,ертает ан илавырги оно";"как";"оно игрывали на театре, я знаю";"как";" ";"свои пять пальцев, — чудесное именье! и";"Л. Н. Толстой. Детство (1852)";"Л. Н. Толстой";"1828";"Детство";"1852";"художественная";"";"";"";"";"";"омонимия не снята";"Детство";"Leo Tolstoy";"Childhood";"";"1910-1935";"2782";"68830";"1391";"29995";"rus";"eng";"Великобритания";"";"У него очень хорошее состояние, а Наташину Хабаровку, в которой мы с вами во время оно игрывали на театре, я знаю как свои пять пальцев, — чудесное именье! и всегда должно приносить прекрасный доход.";"4151522dc785dd18f56ea58909099b83:1612:21";" He has a very handsome income, and Natalia has Chabarovska, where we used to act plays, and which I know as well as I do my own hand. It is a splendid property, and ought to bring in an excellent return. ";"eng"
" тов юанз оге алед есв ,ужив";"как";"вижу, все дела его знаю вот";"как";" ";"свои пять пальцев, мамаша, и он";"А. П. Чехов. В овраге (1899)";"А. П. Чехов";"1860";"В овраге";"1899";"художественная";"";"";"";"";"";"омонимия не снята";"В овраге";"Anton Chekhov";"In the Ravine";"";"1900-1930";"1876";"27888";"938";"11621";"rus";"eng";"Великобритания";"";"Я его насквозь вижу, все дела его знаю вот как свои пять пальцев, мамаша, и он это чувствует и всё за мной ходит, не отстает, и нас теперь водой не разольешь.";"90eec614789c1874e33b92fb76ba4422:294:9";" I can see through him, I know all his affairs like the five fingers of my hand, and he feels that, and he always follows me about, we are regular inseparables. ";"eng"
" ,дорог тотэ теанз ,авокьраХ мецнежору ястеавызако";"как";"оказывается уроженцем Харькова, знает этот город,";"как";" ";"свои пять пальцев, но не помнит";"А. П. Чехов. Скучная история (1889)";"А. П. Чехов";"1860";"Скучная история";"1889";"художественная";"";"";"";"";"";"омонимия не снята";"Скучная история";"Anton Chekhov";"A Dreary Story";"";"1900-1930";"2728";"41828";"1364";"18091";"rus";"eng";"Великобритания";"";"Лакей оказывается уроженцем Харькова, знает этот город, как свои пять пальцев, но не помнит ни одного такого дама, который носил бы фамилию Гнеккера.";"5a4104b65d5d166228319ec317b87906:2418:7";" The attendant turns out to be a native of Harkov; he knows the town like the fingers of his hand, but does not remember any household of the surname of Gnekker. ";"eng"
" оге юанз я и ,йом киндуР";"как";"Рудник мой, и я знаю его";"как";" ";"свои пять пальцев.";"L. Frank Baum. The Patchwork Girl of Oz (1913)";"L. Frank Baum";"1856";"The Patchwork Girl of Oz";"1913";"художественная";"";"";"";"";"";"омонимия не снята";"The Patchwork Girl of Oz";"Л. Фрэнк Баум";"Лоскутушка из Страны Оз";"";"1990-2000";"7112";"95872";"3556";"56499";"rus";"rus";"США";"";"— Рудник мой, и я знаю его как свои пять пальцев.";"1348c3ba5ab7c922e05eeac5fce2c6c4:6333:6";" The mine's mine and I know every step of the way. ";"eng"
" коночвед хикат ланз ;урги утэ ламиноп";"как";"понимал эту игру; знал таких девчонок";"как";" ";"свои пять пальцев.";"Jack London. Martin Eden (1909)";"Jack London";"1876";"Martin Eden";"1909";"художественная";"";"";"";"";"";"омонимия не снята";"Martin Eden";"Джек Лондон";"Мартин Иден";"";"1984";"6748";"96210";"3374";"53634";"rus";"rus";"США";"";"Да, он отлично понимал эту игру; знал таких девчонок как свои пять пальцев.";"08312822409a5b08b614c44854349957:2211:9";" Oh, he knew it all, and knew them well, from A to Z. ";"eng"
" ,атсем итэ юанз я хариднум хынсарк";"как";"красных мундирах я знаю эти места,";"как";" ";"свои пять пальцев; если хочешь еще";"Robert Louis Stevenson. Catriona (1893)";"Robert Louis Stevenson";"1850";"Catriona";"1893";"художественная";"";"";"";"";"";"омонимия не снята";"Catriona";"Роберт Луис Стивенсон";"Катриона";"";"1967";"10076";"182510";"5038";"101252";"rus";"rus";"Великобритания";"";"Благодаря Джонни Коупу и остолопам в красных мундирах я знаю эти места, как свои пять пальцев; если хочешь еще раз бежать с Аланом Бреком, то мы повернем от берега и снова выйдем к морю возле Дирлтона.";"2952b62afab51e809220d50458ae5cad:3893:12";" Thanks to Johnnie Cope and other red-coat gomerals, I should ken this country like the back of my hand; and if ye're ready for another bit run with Alan Breck, we'll can cast back inshore, and come to the seaside again by Dirleton. ";"eng"
" ,сав юанз я ьдеВ .ыб яслиревод";"как";"доверился бы. Ведь я знаю вас,";"как";" ";"свои пять пальцев, и все ваши";"Robert Louis Stevenson. Catriona (1893)";"Robert Louis Stevenson";"1850";"Catriona";"1893";"художественная";"";"";"";"";"";"омонимия не снята";"Catriona";"Роберт Луис Стивенсон";"Катриона";"";"1967";"10076";"182510";"5038";"101252";"rus";"rus";"Великобритания";"";"Если бы я осмелился заговорить об этом с ней, можете не сомневаться, вам я ни за что не доверился бы. Ведь я знаю вас, как свои пять пальцев, и все ваши россказни для меня не более чем пустые слова.";"2952b62afab51e809220d50458ae5cad:9081:24";" If I durst speak to herself, you may be certain I would never dream of trusting it to you; because I know you like the back of my hand, and all your blustering talk is that much wind to me. ";"eng"
" ,ляноп и ледялгзар ёсв узарс но";"как";"он сразу всё разглядел и понял,";"как";" ";"свои пять пальцев.";"Ф. М. Достоевский. Вечный муж (1870)";"Ф. М. Достоевский";"1821";"Вечный муж";"1870";"художественная";"";"";"";"";"";"омонимия не снята";"Вечный муж";"Fedor Dostoevsky";"The Permanent Husband";"";"1888";"4814";"88044";"2407";"39594";"rus";"eng";"Великобритания";"";"Теперь же он сразу всё разглядел и понял, как свои пять пальцев.";"201374da9375508f76b469b8d76b7089:172:8";" He jumped from his chair, and in an instant it all stood out before him as plain as his five fingers! ";"eng"
" етеанз ыв лед ичясыт йолец итсонбордоп";"как";"подробности целой тысячи дел вы знаете";"как";" ";"свои пять пальцев, странно было бы";"Arthur Conan Doyle. A Study in Scarlet (1887)";"Arthur Conan Doyle";"1859";"A Study in Scarlet";"1887";"художественная";"";"";"";"";"";"омонимия не снята";"A Study in Scarlet";"Артур Конан Дойл";"Этюд в багровых тонах";"";"1966";"5072";"76704";"2536";"43569";"rus";"rus";"Великобритания";"";"Все злодеяния имеют большое фамильное сходство, и если подробности целой тысячи дел вы знаете как свои пять пальцев, странно было бы не разгадать тысячу первое.";"0633af4fce598e40958e1ce04ae375b6:625:14";" There is a strong family resemblance about misdeeds, and if you have all the details of a thousand at your finger ends, it is odd if you can't unravel the thousand and first. ";"eng"
" юанЗ ";"как";"Знаю";"как";" ";"свои пять пальцев я родился и";"Mark Twain. The Adventures of Huckleberry Finn (1884)";"Mark Twain";"1835";"The Adventures of Huckleberry Finn";"1884";"художественная";"";"";"";"";"";"омонимия не снята";"The Adventures of Huckleberry Finn";"Марк Твен";"Приключения Гекльберри Финна";"";"1950";"12080";"203856";"6040";"112742";"rus";"rus";"США";"";"Знаю как свои пять пальцев я родился и вырос на Юге, жил на Севере, так что среднего человека я знаю наизусть.";"46b4d09a41c99ac2c036814a48684159:6011:1";" I know you clear through was born and raised in the South, and I've lived in the North; so I know the average all around. ";"eng"
