"Reversed left context";"Reversed center";"Left context";"Center";"Punct";"Right context";"Title";"Author";"Birthday";"Header";"Created";"Sphere";"Type";"Topic";"Publication";"Publ_year";"Medium";"Ambiguity";"Header";"Author_trans";"Header_trans";"Translator";"Date_trans";"Sentences";"Words";"Orig_sentences";"Orig_words";"Lang";"Lang_trans";"Lang_variant";"Dialect";"Full context";"Example source";"Para context 1";"Lang 1"
"« и »арезо инеТ« – амьлиф хынжартемокторок авд";"яатолоЗ";"два короткометражных фильма – «Тени озера» и «";"Золотая";" ";"середина».";"Rich Karlgaard. Late Bloomers: The Power of Patience in a World Obsessed with Early Achievement (2019)";"Rich Karlgaard";"";"Late Bloomers: The Power of Patience in a World Obsessed with Early Achievement";"2019";"публицистика";"";"наука и технологии, психология";"";"";"";"омонимия не снята";"Late Bloomers: The Power of Patience in a World Obsessed with Early Achievement";"Рич Карлгаард";"Поздний расцвет. Как взрослым добиться успеха в мире, одержимом ранним развитием";"";"2020";"8214";"143662";"4107";"76929";"rus";"rus";"США";"";"Талант к режиссуре начал проявляться, он получил призы за два короткометражных фильма – «Тени озера» и «Золотая середина».";"bc7f1462cd2fb380722a7a5d6cd0fd42:3913:15";" His film directing talents began to be recognized, and he won awards for two of his short films, Shades of the Lake and Fine Line. ";"eng"
" – ьтсордещ ,ремирпан ,как ,)»меинечес мытолоз« йомеунеми";"яатолоз";"именуемой «золотым сечением»), как, например, щедрость –";"золотая";" ";"середина между расточительством и скупостью. «Неуязвимое";"Nassim Nicholas Taleb. Antifragile: Things That Gain From Disorder (2012)";"Nassim Nicholas Taleb";"1960";"Antifragile: Things That Gain From Disorder";"2012";"учебно-научная, публицистика";"";"наука и технологии, философия";"";"";"";"омонимия не снята";"Antifragile: Things That Gain From Disorder";"Нассим Николас Талеб";"Антихрупкость. Как извлечь выгоду из хаоса";"";"2022";"16592";"336787";"8296";"180355";"rus";"rus";"США";"";"Золотая неуязвимость: категория «неуязвимое» в  среднем столбце не равна аристотелевской «золотой середине» (сплошь и рядом неверно именуемой «золотым сечением»), как, например, щедрость – золотая середина между расточительством и скупостью. «Неуязвимое» может быть такой серединой, а может и не быть.";"17154569778daa68a2de3fadfcd05453:865:22";" The Golden Robust: Further, the robust here in the middle column is not equivalent to Aristotle's “golden middle” (commonly mislabeled the “golden mean”), in the way that, say, generosity is the middle between profligacy and stinginess — it can be, but it is not necessarily so. ";"eng"
"« ;»укжонменоп огешороХ« ;»ищробереп еН« ;»илинец ен";"яатолоЗ";"не ценили»; «Не переборщи»; «Хорошего понемножку»; «";"Золотая";" ";"середина»; «Чего мы хотим? ПОСТЕПЕННЫХ ПЕРЕМЕН";"Kate Fox. Watching the English: The Hidden Rules of Behaviour (2004)";"Kate Fox";"";"Watching the English: The Hidden Rules of Behaviour";"2004";"учебно-научная";"";"";"";"";"";"омонимия не снята";"Watching the English: The Hidden Rules of Behaviour";"Кейт Фокс";"Наблюдая за англичанами: скрытые правила поведения";"";"2008";"9658";"258647";"4829";"135556";"rus";"rus";"Великобритания";"";"Ключевые фразы: «Не раскачивай лодку»; «Не лезь вон из кожи»; «Не переусердствуй»; «Во имя мира и покоя»; «Не стоит»; «Все хорошо в меру»; «Живой и невредимый»; «Соблюдайте порядок!»; «Чашка хорошего чая»; «Если бы так было всегда, мы бы это не ценили»; «Не переборщи»; «Хорошего понемножку»; «Золотая середина»; «Чего мы хотим? ПОСТЕПЕННЫХ ПЕРЕМЕН! Когда, по-нашему, это должно произойти? В СВОЕ ВРЕМЯ!»";"e942a1d8208258b0803d634c38c69929:9363:45";" Key phrases include:' Don't rock the boat';' Don't go overboard';' Don't overdo it';' For the sake of peace and quiet';' Can't be bothered';' All very well, in moderation';' Safe and sound';' Order! Order!';' A nice cup of tea';' If it was like this all the time, we wouldn't appreciate it';' Over-egging the pudding';' Too much of a good thing';' Happy medium';' What do we want? GRADUAL CHANGE! When do we want it? IN DUE COURSE!' ";"eng"
" ястеадюлбос мороток ирп ,еисевонвар адор огеовс";"яатолоз";"своего рода равновесие, при котором соблюдается";"золотая";" ";"середина между скукой и абсурдом"".";"Walter Isaacson. Benjamin Franklin: An American Life (2003)";"Walter Isaacson";"1952";"Benjamin Franklin: An American Life";"2003";"учебно-научная";"";"наука и технологии, история";"";"";"";"омонимия не снята";"Benjamin Franklin: An American Life";"Уолтер Айзексон";"Бенджамин Франклин. Биография";"";"2014";"16174";"343808";"8087";"182129";"rus";"rus";"США";"";"Необходимый талант, говорил он, ""это своего рода равновесие, при котором соблюдается золотая середина между скукой и абсурдом"".";"81b6e1b6e410f8b1242cb9655e0bac1e:3203:11";" A requisite talent, he said, ""is a sort of gravity, which keeps a due medium between dullness and nonsense. """;"eng"
" и ьтсе окандО .аткепса авд тюувтстусирп";"яатолоз";"присутствуют два аспекта. Однако есть и";"золотая";" ";"середина, и для обеих представляемых нами";"Erle Stanley Gardner. The Case of the Daring Divorcee (1964)";"Erle Stanley Gardner";"1889";"The Case of the Daring Divorcee";"1964";"художественная";"";"";"";"";"";"омонимия не снята";"The Case of the Daring Divorcee";"Эрл Стэнли Гарднер";"Дело смелой разведенки";"";"1990";"9058";"98306";"4529";"55014";"rus";"rus";"США";"";"В конце концов, в любом вопросе присутствуют два аспекта. Однако есть и золотая середина, и для обеих представляемых нами сторон имеется достаточно капитала.";"a6f1949c158888e1992c3e910183a225:6335:12";" After all, there are always two sides to every question, there's always a middle ground and there are enough assets here for both parties. ";"eng"
