"Reversed left context";"Reversed center";"Left context";"Center";"Punct";"Right context";"Title";"Author";"Birthday";"Header";"Created";"Sphere";"Type";"Topic";"Publication";"Publ_year";"Medium";"Ambiguity";"Header";"Author_trans";"Header_trans";"Translator";"Date_trans";"Sentences";"Words";"Orig_sentences";"Orig_words";"Lang";"Lang_trans";"Lang_variant";"Dialect";"Full context";"Example source";"Para context 1";"Lang 1"
" еещяотсан отэ – ,еиксечитвецамраф еынневтсйед и еще";"еотолоз";"еще и действенные фармацевтические, – это настоящее";"золотое";" ";"дно для производителей и продавцов.";"Simon Singh and Edzard Ernst. Trick or Treatment: The Undeniable Facts about Alternative Medicine (2008)";"Simon Singh and Edzard Ernst";"1964, 1948";"Trick or Treatment: The Undeniable Facts about Alternative Medicine";"2008";"учебно-научная";"";"";"";"";"";"омонимия не снята";"Trick or Treatment: The Undeniable Facts about Alternative Medicine";"Саймон Сингх и Эдзард Эрнст";"Ни кошелька, ни жизни. Нетрадиционная медицина под следствием";"";"2017";"7552";"175676";"3776";"94500";"rus";"rus";"Великобритания";"";"Однако неэффективные растительные средства, в которые добавили еще и действенные фармацевтические, – это настоящее золотое дно для производителей и продавцов.";"eac624523d806c260c1b26cd86fdb4f4:5301:13";" But concealing pharmaceuticals within these ineffective herbal products leads to a dream scenario for the manufacturers and retailers. ";"eng"
" и ,имятсонсапо имынзеьрес атаверч акиткарп яаннамбо";"еотолоз";"обманная практика чревата серьезными опасностями, и";"золотое";" ";"дно легко может обернуться зыбучими песками.";"Simon Singh and Edzard Ernst. Trick or Treatment: The Undeniable Facts about Alternative Medicine (2008)";"Simon Singh and Edzard Ernst";"1964, 1948";"Trick or Treatment: The Undeniable Facts about Alternative Medicine";"2008";"учебно-научная";"";"";"";"";"";"омонимия не снята";"Trick or Treatment: The Undeniable Facts about Alternative Medicine";"Саймон Сингх и Эдзард Эрнст";"Ни кошелька, ни жизни. Нетрадиционная медицина под следствием";"";"2017";"7552";"175676";"3776";"94500";"rus";"rus";"Великобритания";"";"Однако такая обманная практика чревата серьезными опасностями, и золотое дно легко может обернуться зыбучими песками.";"eac624523d806c260c1b26cd86fdb4f4:5305:8";" There are, however, serious problems with this deceitful practice and the dream scenario can easily turn into a nightmare. ";"eng"
" – йежеталп хынжород аробс ыметсис иксечитамотвА ";"еотолоз";"Автоматически системы сбора дорожных платежей –";"золотое";" ";"дно приватной информации.";"Simson Garfinkel. Database Nation: The Death of Privacy in the 21st Century (2000)";"Simson Garfinkel";"1965";"Database Nation: The Death of Privacy in the 21st Century";"2000";"публицистика";"";"политика и общественная жизнь";"";"";"";"омонимия не снята";"Database Nation: The Death of Privacy in the 21st Century";"Симеон Гарфинкель";"Все под контролем: Кто и как следит за тобой";"";"2003";"11896";"220728";"5948";"117762";"rus";"rus";"США";"";"Автоматически системы сбора дорожных платежей – золотое дно приватной информации.";"ec5f66a0d129aaf5b7f4f139d81a7b32:3195:5";" Automatic toll collection systems create a goldmine of private information. ";"eng"
" отсорп ― мяицказнарт оп еыннад иксечиткаф оН";"еотолоз";"Но фактически данные по транзакциям ― просто";"золотое";" ";"дно.";"Simson Garfinkel. Database Nation: The Death of Privacy in the 21st Century (2000)";"Simson Garfinkel";"1965";"Database Nation: The Death of Privacy in the 21st Century";"2000";"публицистика";"";"политика и общественная жизнь";"";"";"";"омонимия не снята";"Database Nation: The Death of Privacy in the 21st Century";"Симеон Гарфинкель";"Все под контролем: Кто и как следит за тобой";"";"2003";"11896";"220728";"5948";"117762";"rus";"rus";"США";"";"Но фактически данные по транзакциям ― просто золотое дно.";"ec5f66a0d129aaf5b7f4f139d81a7b32:6141:6";" But in fact, there is a gold mine of information buried in this transaction data. ";"eng"
" ― ,укичзовереп тиК лазакс ― ,йом гурд ,акночдол";"еотолоз";"лодчонка, друг мой, ― сказал Кит перевозчику, ―";"золотое";" ";"дно.";"Jack London. Smoke Bellew (1912)";"Jack London";"1876";"Smoke Bellew";"1912";"художественная";"";"";"";"";"";"омонимия не снята";"Smoke Bellew";"Джек Лондон";"Смок Беллью";"";"1927";"4866";"75956";"2433";"42602";"rus";"rus";"США";"";"― Твоя лодчонка, друг мой, ― сказал Кит перевозчику, ― золотое дно.";"169f155c6d62ef94d371db91e164dc3d:865:7";" ""You've got a gold-mine, my friend, in that dinky boat, ""Kit said to the ferryman. ";"eng"
" еогурд и ебет ьтазакоп угом я";"еотолоз";"я могу показать тебе и другое";"золотое";" ";"дно.";"Jack London. Smoke Bellew (1912)";"Jack London";"1876";"Smoke Bellew";"1912";"художественная";"";"";"";"";"";"омонимия не снята";"Smoke Bellew";"Джек Лондон";"Смок Беллью";"";"1927";"4866";"75956";"2433";"42602";"rus";"rus";"США";"";"― Твоя лодчонка, друг мой, ― сказал Кит перевозчику, ― золотое дно.  Но я могу показать тебе и другое золотое дно.  ― Покажи! ― был ответ.";"169f155c6d62ef94d371db91e164dc3d:867:7";" ""You've got a gold-mine, my friend, in that dinky boat, ""Kit said to the ferryman. "" Do you want another gold-mine? """" Show me, ""was the answer. ";"eng"
" отэ он ,илыб ин ынишам еымас";"еотолоз";"самые машины ни были, но это";"золотое";" ";"дно, и огребает все шустрый малютка";"Gilbert K. Chesterton. The Innocence of Father Brown (1911)";"Gilbert K. Chesterton";"1874";"The Innocence of Father Brown";"1911";"художественная";"";"";"";"";"";"омонимия не снята";"The Innocence of Father Brown";"Гилберт К. Честертон";"Неведение отца Брауна";"";"1975";"3528";"55135";"1764";"31075";"rus";"rus";"Великобритания";"";"Так вот, какими бы эти самые машины ни были, но это золотое дно, и огребает все шустрый малютка, которого я знала в Ладбери.";"d2d85264a6bcfd9b963f938b0c261ec8:183:11";" Well, whatever these machines are, they are making pots of money; and they are making it all for that little imp whom I knew down in Ludbury. ";"eng"
" ястеоркто отч ,ьшеанз и отэ есв";"еотолоз";"все это и знаешь, что откроется";"золотое";" ";"дно.";"Jack London. The Burning Daylight (1910)";"Jack London";"1876";"The Burning Daylight";"1910";"художественная";"";"";"";"";"";"омонимия не снята";"The Burning Daylight";"Джек Лондон";"Время-не-ждет";"";"1956";"14758";"209384";"7379";"114448";"rus";"rus";"США";"";"Обидно все-таки, подумал он, упустить свое счастье, когда нюхом чуешь все это и знаешь, что откроется золотое дно.";"11d7865e51a07f08a30dd98fb7d68095:3387:16";" It was sure hell, he thought, with the hunch a-working and that big strike coming, to be out of it all. ";"eng"
" ястеоркто адгоК ";"еотолоз";"Когда откроется";"золотое";" ";"дно, индейская река в стороне не";"Jack London. The Burning Daylight (1910)";"Jack London";"1876";"The Burning Daylight";"1910";"художественная";"";"";"";"";"";"омонимия не снята";"The Burning Daylight";"Джек Лондон";"Время-не-ждет";"";"1956";"14758";"209384";"7379";"114448";"rus";"rus";"США";"";"Когда откроется золотое дно, индейская река в стороне не останется.";"11d7865e51a07f08a30dd98fb7d68095:3555:2";" There's a big strike coming, and Indian River ain't going to be a million miles away. ";"eng"
""" лавзан но йыроток ,ектсачу оге ан";"еотолоЗ";"на его участке, который он назвал """;"Золотое";" ";"дно"", за промывкой золота, впервые найденного";"Jack London. The Burning Daylight (1910)";"Jack London";"1876";"The Burning Daylight";"1910";"художественная";"";"";"";"";"";"омонимия не снята";"The Burning Daylight";"Джек Лондон";"Время-не-ждет";"";"1956";"14758";"209384";"7379";"114448";"rus";"rus";"США";"";"Если бы Харниш прошел немного дальше по водоразделу, то застал бы Боба Гендерсона на его участке, который он назвал ""Золотое дно"", за промывкой золота, впервые найденного на Клондайке в таком изобилии.";"11d7865e51a07f08a30dd98fb7d68095:3593:19";" While on the divide, had he kept the big dome on his right, he would have come down on the Gold Bottom, so named by Bob Henderson, whom he would have found at work on it, taking out the first pay-gold ever panned on the Klondike. ";"eng"
" еокат еокаК ― ";"еотолоЗ";"― Какое такое";"Золотое";" ";"дно, где это?";"Jack London. The Burning Daylight (1910)";"Jack London";"1876";"The Burning Daylight";"1910";"художественная";"";"";"";"";"";"омонимия не снята";"The Burning Daylight";"Джек Лондон";"Время-не-ждет";"";"1956";"14758";"209384";"7379";"114448";"rus";"rus";"США";"";"Он ехал с Шестидесятой Мили и хотел подняться по Индейской реке, переправить продовольствие через водораздел между Кварцевым ручьем и Золотым дном.  ― Какое такое Золотое дно, где это?  ― спросил Кудрявый Поп.";"11d7865e51a07f08a30dd98fb7d68095:3707:2";" He'd come out to Sixty Mile, planning to go back up Indian River and portage the grub across the divide between Quartz Creek and Gold Bottom - """" Where in hell's Gold Bottom?  Curly Parsons demanded. ";"eng"
" ― ,ерим в едзев и как ,ьседз";"еотолоз";"здесь, как и везде в мире, ―";"золотое";" ";"дно.";"Theodore Dreiser. Sister Carrie (1900)";"Theodore Dreiser";"1871";"Sister Carrie";"1900";"художественная";"";"";"";"";"";"омонимия не снята";"Sister Carrie";"Теодор Драйзер";"Сестра Керри";"";"1927";"16624";"207821";"8312";"110830";"rus";"rus";"США";"";"По самодовольным лицам владельцев этих заведений, по бриллиантам, сверкавшим на запонках их сорочек, и по элегантному покрою их одежды видно было, что торговля алкоголем здесь, как и везде в мире, ― золотое дно.";"2c7442eeefbdfb995db3f3e251340205:13253:30";" He saw by portly keepers, whose shirt fronts shone with large diamonds, and whose clothes were properly cut, that the liquor business here, as elsewhere, yielded the same golden profit. ";"eng"
" в ыб ьсолитарверп оно хакур хищюанз";"еотолоз";"знающих руках оно превратилось бы в";"золотое";" ";"дно; но он также понимал, что";"И. С. Тургенев. Дым (1867)";"И. С. Тургенев";"1818";"Дым";"1867";"художественная";"";"";"";"";"";"омонимия не снята";"Дым";"Ivan Turgenev";"Smoke";"";"1896";"7084";"113656";"3542";"49422";"rus";"eng";"Великобритания";"";"Он понимал, что имение его матери, плохо и вяло управляемое его одряхлевшим отцом, не давало и десятой доли тех доходов, которые могло бы давать, и что в опытных и знающих руках оно превратилось бы в золотое дно; но он также понимал, что именно опыта и знания ему недоставало, ― и он отправился за границу учиться агрономии и технологии, учиться с азбуки.";"04dce474dfe779c7149cacf2fd89786b:74:35";" He realised that his mother's property, under the indolent and feeble management of his infirm old father, did not yield a tenth of the revenue it might yield, and that in experienced and skilful hands it might be converted into a perfect gold mine. But he realised, too, that experience and skill were just what he lacked — and he went abroad to study agriculture and technology — to learn them from the first rudiments. ";"eng"
