"Reversed left context";"Reversed center";"Left context";"Center";"Punct";"Right context";"Title";"Author";"Birthday";"Header";"Created";"Sphere";"Type";"Topic";"Publication";"Publ_year";"Medium";"Ambiguity";"Header";"Author_trans";"Header_trans";"Translator";"Date_trans";"Sentences";"Words";"Orig_sentences";"Orig_words";"Lang";"Lang_trans";"Lang_variant";"Dialect";"Full context";"Example source";"Para context 1";"Lang 1"
" ьтиловзоп онжом укнебер отч ,мот о";"ьтарги";"о том, что ребенку можно позволить";"играть";" ";"с огнем, многие другие особенности воспитания";"Jared Diamond. The World Until Yesterday (2012)";"Jared Diamond";"1937";"The World Until Yesterday";"2012";"учебно-научная";"";"";"";"";"";"омонимия не снята";"The World Until Yesterday";"Джаред Даймонд";"Мир позавчера. Чему нас могут научить люди, до сих пор живущие в каменном веке";"";"2013";"13002";"334959";"6501";"180376";"rus";"rus";"США";"";"Хотя немногие читатели этой книги сочли бы привлекательной идею о том, что ребенку можно позволить играть с огнем, многие другие особенности воспитания детей в традиционных сообществах, как мы увидим, вполне достойны рассмотрения.";"1877783c54029c5c05c6b204e23f5352:4439:15";" While few readers of this book would consider it admirable to let children roll into fires, we shall see that many other traditional child-rearing practices do recommend themselves for consideration. ";"eng"
" ,)»еинендован тедуб«( ыдов итсонхревоп оп икшумак";"ьтарги";"камушки по поверхности воды («будет наводнение»),";"играть";" ";"с огнем («земля провалится под ногами";"Jared Diamond. The World Until Yesterday (2012)";"Jared Diamond";"1937";"The World Until Yesterday";"2012";"учебно-научная";"";"";"";"";"";"омонимия не снята";"The World Until Yesterday";"Джаред Даймонд";"Мир позавчера. Чему нас могут научить люди, до сих пор живущие в каменном веке";"";"2013";"13002";"334959";"6501";"180376";"rus";"rus";"США";"";"Например, меня учили, что не следует запускать камушки по поверхности воды («будет наводнение»), играть с огнем («земля провалится под ногами» или «огонь обожжет тебя и не станет готовить тебе еду»), не называть по имени летучих мышей в пещере, когда на них охотишься («пещера обвалится») и многим другим «не следует» под угрозой сходных санкций со стороны естественного окружения.";"1877783c54029c5c05c6b204e23f5352:7771:13";" For example, I was told to stop skipping stones on the surface of our river(‘ a flood will come up'); not to play with fire(‘ the ground will open up,' or‘ the fire will burn you, and not cook your food'); not to call the name of cave bats while hunting them(‘ the cave will collapse'); and many other‘ don'ts'with similar sanctions carried out by the natural environment.” ";"eng"
" ,ьтазакс кат ,олыб еьнащеваз ьтасип оН";"ьтарги";"Но писать завещанье было, так сказать,";"играть";" ";"с огнем; это значило мысленно похоронить";"Владимир Набоков. Подлец (1927)";"Владимир Набоков";"1899";"Подлец";"1927";"художественная";"";"";"";"";"";"омонимия не снята";"Подлец";"Vladimir Nabokov";"An affair of honor";"";"1966";"1728";"17319";"864";"7340";"rus";"eng";"Великобритания, США";"";"Но писать завещанье было, так сказать, играть с огнем; это значило мысленно похоронить себя.";"40f9ca1120f9c56ed8fac9b32ea8a53e:924:6";" But to make a will was, so to speak, playing with fire; it meant inspecting the contents of one's own urn in the columbarium. ";"eng"
" онжом отч ,аламуд ,манищнеж мигонм онбодоп";"ьтарги";"подобно многим женщинам, думала, что можно";"играть";" ";"с огнем и все же избежать";"Jack London. The Burning Daylight (1910)";"Jack London";"1876";"The Burning Daylight";"1910";"художественная";"";"";"";"";"";"омонимия не снята";"The Burning Daylight";"Джек Лондон";"Время-не-ждет";"";"1956";"14758";"209384";"7379";"114448";"rus";"rus";"США";"";"Дид отлично все это видела, но, подобно многим женщинам, думала, что можно играть с огнем и все же избежать пожара.";"11d7865e51a07f08a30dd98fb7d68095:5717:12";" Nor was she blind to it yet, like many women before her, she thought to play with the pretty fire and escape the consequent conflagration. ";"eng"
