"Reversed left context";"Reversed center";"Left context";"Center";"Punct";"Right context";"Title";"Author";"Birthday";"Header";"Created";"Sphere";"Type";"Topic";"Publication";"Publ_year";"Medium";"Ambiguity";"Header";"Author_trans";"Header_trans";"Translator";"Date_trans";"Sentences";"Words";"Orig_sentences";"Orig_words";"Lang";"Lang_trans";"Lang_variant";"Dialect";"Full context";"Example source";"Para context 1";"Lang 1"
" теди ценежеб :)АШС( NNC ";"оп";"CNN (США): беженец идет";"по";" ";"стопам Хабиба Нурмагомедова";"Ben Morse and Alex Thomas. The refugee following in the footsteps of Khabib Nurmagomedov [The Guardian] (21.12.2020)";"Ben Morse and Alex Thomas";"";"The refugee following in the footsteps of Khabib Nurmagomedov [The Guardian]";"21.12.2020";"публицистика";"";"";"";"";"";"омонимия не снята";"The refugee following in the footsteps of Khabib Nurmagomedov [The Guardian]";"";"Беженец идет по стопам Хабиба Нурмагомедова";"";"";"190";"3050";"95";"1626";"rus";"rus";"США";"";"CNN (США): беженец идет по стопам Хабиба Нурмагомедова";"27ff1a9a2d5801846ece0321e809a34f:1:4";" The refugee following in the footsteps of Khabib Nurmagomedov ";"eng"
" тедйоп но отч ,тяровог еигонм и";"оп";"и многие говорят, что он пойдет";"по";" ";"стопам своего земляка Хабиба Нурмагомедова.";"Ben Morse and Alex Thomas. The refugee following in the footsteps of Khabib Nurmagomedov [The Guardian] (21.12.2020)";"Ben Morse and Alex Thomas";"";"The refugee following in the footsteps of Khabib Nurmagomedov [The Guardian]";"21.12.2020";"публицистика";"";"";"";"";"";"омонимия не снята";"The refugee following in the footsteps of Khabib Nurmagomedov [The Guardian]";"";"Беженец идет по стопам Хабиба Нурмагомедова";"";"";"190";"3050";"95";"1626";"rus";"rus";"США";"";"Теперь это один из самых перспективных бойцов в смешанных единоборствах. У него нет поражений, и многие говорят, что он пойдет по стопам своего земляка Хабиба Нурмагомедова.";"27ff1a9a2d5801846ece0321e809a34f:11:20";" Now, he is one of the hottest prospects in mixed martial arts, with an undefeated record and is being tipped to follow in the footsteps of his countryman, Khabib Nurmagomedov. ";"eng"
" лешоп Я ";"оп";"Я пошел";"по";" ";"стопам отца.";"André Aciman. Find Me (2019)";"André Aciman";"1951";"Find Me";"2019";"художественная";"";"";"";"";"";"омонимия не снята";"Find Me";"Андре Асиман";"Найди меня";"";"2020";"10458";"132249";"5229";"71048";"rus";"rus";"США";"";"— Не особо.  Я пошел по стопам отца.  Он был юристом, его отец был юристом, и я стал юристом.";"c04fcfde0931c7732a19a12e91a18d64:5271:2";" “Not really.  I followed in my father's footsteps.  He was a lawyer, his father was a lawyer, I became a lawyer. ";"eng"
" юуделс адгесв ен Я — ";"оп";"— Я не всегда следую";"по";" ";"стопам своего отца, но его тени";"André Aciman. Find Me (2019)";"André Aciman";"1951";"Find Me";"2019";"художественная";"";"";"";"";"";"омонимия не снята";"Find Me";"Андре Асиман";"Найди меня";"";"2020";"10458";"132249";"5229";"71048";"rus";"rus";"США";"";"— Я не всегда следую по стопам своего отца, но его тени трудно избежать.";"c04fcfde0931c7732a19a12e91a18d64:5507:4";" “I don't always walk in my father's footsteps, but his shadow is difficult to avoid. ";"eng"
" лешоп но ететисревину моксдрофскО ирп аносфьлоВ";"оп";"Вольфсона при Оксфордском университете он пошел";"по";" ";"стопам основателя этого учебного заведения, легендарного";"Rich Karlgaard. Late Bloomers: The Power of Patience in a World Obsessed with Early Achievement (2019)";"Rich Karlgaard";"";"Late Bloomers: The Power of Patience in a World Obsessed with Early Achievement";"2019";"публицистика";"";"наука и технологии, психология";"";"";"";"омонимия не снята";"Late Bloomers: The Power of Patience in a World Obsessed with Early Achievement";"Рич Карлгаард";"Поздний расцвет. Как взрослым добиться успеха в мире, одержимом ранним развитием";"";"2020";"8214";"143662";"4107";"76929";"rus";"rus";"США";"";"В колледже Вольфсона при Оксфордском университете он пошел по стопам основателя этого учебного заведения, легендарного сэра Исайи Берлина, и стал изучать философию.";"bc7f1462cd2fb380722a7a5d6cd0fd42:617:8";" At Oxford University's Wolfson College, he walked in the steps of Wolfson's founder, the legendary Sir Isaiah Berlin, and studied philosophy. ";"eng"
" ьтаводелс йе еещюяловзоп ,хыннад овтсечилок еончотатсод";"оп";"достаточное количество данных, позволяющее ей следовать";"по";" ";"стопам физики, которая была наблюдательной наукой";"Juan Enriquez. The age of genetic wonder (2018)";"Juan Enriquez";"1959";"The age of genetic wonder";"2018";"учебно-научная, публицистика, устная публичная речь";"";"";"";"";"";"омонимия не снята";"The age of genetic wonder";"Хуан Энрикес";"Век генетического чуда";"";"";"448";"5266";"224";"2988";"rus";"rus";"США";"";"В некотором смысле в биологии появляется достаточное количество данных, позволяющее ей следовать по стопам физики, которая была наблюдательной наукой и занималась экспериментами, а затем начала становиться теоретической.";"914135ad8040e5de6ba7fa8e23491fee:283:12";" And in a sense, what's beginning to happen is biology is beginning to get enough data that it can begin to follow the steps of physics, which used to be observational physics and experimental physicists, and then started creating theoretical biology. ";"eng"
" алшоп адА ыботч ,алетох ен оньлетишер";"оп";"решительно не хотела, чтобы Ада пошла";"по";" ";"стопам своего отца, и она решила";"Walter Isaacson. The Innovators. How Group of Hackers, Geniuses and Geeks Created the Digital Revolution (2014)";"Walter Isaacson";"1952";"The Innovators. How Group of Hackers, Geniuses and Geeks Created the Digital Revolution";"2014";"учебно-научная, публицистика";"";"наука и технологии, информатика";"";"";"";"омонимия не снята";"The Innovators. How Group of Hackers, Geniuses and Geeks Created the Digital Revolution";"Уолтер Айзексон";"Инноваторы. Как несколько гениев, хакеров и гиков совершили цифровую революцию";"";"2015";"15914";"322417";"7957";"170459";"rus";"rus";"";"";"Леди Байрон решительно не хотела, чтобы Ада пошла по стопам своего отца, и она решила, что лучший способ избежать этого ― начать серьезно обучать девушку математике. В ее представлении это послужило бы противоядием от поэтического воображения.";"dc448dbc5b8f0d6bfc6fdd0195f720f8:381:8";" Lady Byron wanted to make sure that Ada did not turn out like her father, and part of her strategy was to have the girl rigorously study math, as if it were an antidote to poetic imagination. ";"eng"
" алшоп LOA адгок ,адог 3991 ербятнес";"оп";"сентябре 1993 года, когда AOL пошла";"по";" ";"стопам своего конкурента, менее крупной компании";"Walter Isaacson. The Innovators. How Group of Hackers, Geniuses and Geeks Created the Digital Revolution (2014)";"Walter Isaacson";"1952";"The Innovators. How Group of Hackers, Geniuses and Geeks Created the Digital Revolution";"2014";"учебно-научная, публицистика";"";"наука и технологии, информатика";"";"";"";"омонимия не снята";"The Innovators. How Group of Hackers, Geniuses and Geeks Created the Digital Revolution";"Уолтер Айзексон";"Инноваторы. Как несколько гениев, хакеров и гиков совершили цифровую революцию";"";"2015";"15914";"322417";"7957";"170459";"rus";"rus";"";"";"Процесс принял глобальные масштабы в сентябре 1993 года, когда AOL пошла по стопам своего конкурента, менее крупной компании Delphi, и запустила портал, при помощи которого члены AOL-сообщества могли попадать в новостные группы и на доски объявлений всемирной сети.";"dc448dbc5b8f0d6bfc6fdd0195f720f8:13007:11";" It began in earnest when AOL, following the lead of a smaller competitor named Delphi, opened a portal in September 1993 to allow its members access to the newsgroups and bulletin boards of the Internet. ";"eng"
" итди ешчуЛ ";"оп";"Лучше идти";"по";" ";"стопам Эдисона.";"Walter Isaacson. The Innovators. How Group of Hackers, Geniuses and Geeks Created the Digital Revolution (2014)";"Walter Isaacson";"1952";"The Innovators. How Group of Hackers, Geniuses and Geeks Created the Digital Revolution";"2014";"учебно-научная, публицистика";"";"наука и технологии, информатика";"";"";"";"омонимия не снята";"The Innovators. How Group of Hackers, Geniuses and Geeks Created the Digital Revolution";"Уолтер Айзексон";"Инноваторы. Как несколько гениев, хакеров и гиков совершили цифровую революцию";"";"2015";"15914";"322417";"7957";"170459";"rus";"rus";"";"";"― У него не получалось зарабатывать на своих изобретениях, ему едва хватало денег на собственные исследования.  Лучше идти по стопам Эдисона.  Вот вы что-то изобрели, но людям от этого ни тепло ни холодно.";"dc448dbc5b8f0d6bfc6fdd0195f720f8:14613:2";" ""He couldn't commercialize anything, he could barely fund his own research.  You'd want to be more like Edison.  If you invent something, that doesn't necessarily help anybody. ";"eng"
" леш тот а ,атрабьлегнЭ агаД у";"оп";"у Дага Энгельбарта, а тот шел";"по";" ";"стопам Джозефа Ликлайдера и Вэнивара Буша.";"Walter Isaacson. The Innovators. How Group of Hackers, Geniuses and Geeks Created the Digital Revolution (2014)";"Walter Isaacson";"1952";"The Innovators. How Group of Hackers, Geniuses and Geeks Created the Digital Revolution";"2014";"учебно-научная, публицистика";"";"наука и технологии, информатика";"";"";"";"омонимия не снята";"The Innovators. How Group of Hackers, Geniuses and Geeks Created the Digital Revolution";"Уолтер Айзексон";"Инноваторы. Как несколько гениев, хакеров и гиков совершили цифровую революцию";"";"2015";"15914";"322417";"7957";"170459";"rus";"rus";"";"";"Стив Джобс развил идеи Алана Кея, которые тот позаимствовал у Дага Энгельбарта, а тот шел по стопам Джозефа Ликлайдера и Вэнивара Буша.";"dc448dbc5b8f0d6bfc6fdd0195f720f8:15625:15";" Steve Jobs built on the work of Alan Kay, who built on Doug Engelbart, who built on J. C. R. Licklider and Vannevar Bush. ";"eng"
" етйуделс и хин то ьсетинревтО ";"оп";"Отвернитесь от них и следуйте";"по";" ";"стопам Христа.";"Yuval Noah Harari. Sapiens: A Brief History of Humankind (2014)";"Yuval Noah Harari";"1976";"Sapiens: A Brief History of Humankind";"2014";"учебно-научная";"";"";"";"";"";"омонимия не снята";"Sapiens: A Brief History of Humankind";"Юваль Ной Харари";"Sapiens. Краткая история человечества";"";"2016";"12622";"234740";"6311";"129148";"rus";"rus";"Великобритания";"";"Отвернитесь от них и следуйте по стопам Христа.";"35272a5a1849715bdf72e6c5c15d92be:4567:5";" You must rise above them, and follow in Christ's footsteps. ";"eng"
" ьтаводелс тунчан ынартс еыни или ,яинапсИ";"оп";"Испания, или иные страны начнут следовать";"по";" ";"стопам Греции, значение решений АМСД будет";"Undefined. Banks Shouldn’t Be Judge, Jury on Credit Defaults: View [www.bloomberg.com] (2012)";"Undefined";"";"Banks Shouldn’t Be Judge, Jury on Credit Defaults: View [www.bloomberg.com]";"2012";"публицистика";"";"";"";"";"";"омонимия не снята";"Banks Shouldn’t Be Judge, Jury on Credit Defaults: View [www.bloomberg.com]";"";"Страховой полис от напёрсточника";"";"";"76";"1495";"38";"765";"rus";"rus";"США";"";"Если Ирландия, Италия, Португалия, Испания, или иные страны начнут следовать по стопам Греции, значение решений АМСД будет расти пропорционально сумме задолженности.";"df01a57e2982509a4a5acd479098092f:37:10";" If Ireland, Italy, Portugal, Spain or any other troubled European Union country sought to restructure its debts like Greece, the heretofore obscure ISDA could become a household name. ";"eng"
" алш анО ";"оп";"Она шла";"по";" ";"стопам Фер.";"Владимир Сорокин. Путь Бро (2004)";"Владимир Сорокин";"1955";"Путь Бро";"2004";"художественная";"";"";"";"";"";"омонимия не снята";"Путь Бро";"Vladimir Sorokin";"Bro";"";"2011";"14752";"153733";"7376";"65788";"rus";"eng";"США";"";"Мы поддерживали Храм.  Она шла по стопам Фер.  Я сделал ее путь более простым.";"2d26a5bd8b99ec8682aeec8a5d875682:14626:2";" We supported Khram.  She was walking in Fer's footsteps.  I made her path simpler. ";"eng"
" огещюуделс ,атарб ,моволс ― алитС иммоТ атарб";"оп";"брата Томми Стила ― словом, брата, следующего";"по";" ";"стопам своего брата.";"Davies Hunter. The Beatles (2009)";"Davies Hunter";"1936";"The Beatles";"2009";"публицистика";"";"частная жизнь, искусство и культура";"";"";"";"омонимия не снята";"The Beatles";"Дэвис Хантер";"Битлз. Авторизованная биография";"";"2017";"19102";"256628";"9551";"135825";"rus";"rus";"США";"";"Мне всегда меньше всего хотелось оказаться в положении брата Сина Коннери, брата Томми Стила ― словом, брата, следующего по стопам своего брата.";"709f915a7285306ee9b879f3b13bd5b0:13329:17";" What I always worried about was being like Sean Connery's brother, or Tommy Steele's brother, just trying to follow in their brothers'footsteps.' ";"eng"
" итйоп летох ллиХ ";"оп";"Хилл хотел пойти";"по";" ";"стопам отца и стать врачом, однако";"Simon Singh and Edzard Ernst. Trick or Treatment: The Undeniable Facts about Alternative Medicine (2008)";"Simon Singh and Edzard Ernst";"1964, 1948";"Trick or Treatment: The Undeniable Facts about Alternative Medicine";"2008";"учебно-научная";"";"";"";"";"";"омонимия не снята";"Trick or Treatment: The Undeniable Facts about Alternative Medicine";"Саймон Сингх и Эдзард Эрнст";"Ни кошелька, ни жизни. Нетрадиционная медицина под следствием";"";"2017";"7552";"175676";"3776";"94500";"rus";"rus";"Великобритания";"";"Хилл хотел пойти по стопам отца и стать врачом, однако из-за помешавшего обострения туберкулеза избрал карьеру математика.";"eac624523d806c260c1b26cd86fdb4f4:825:3";" Hill had wanted to follow in his father's footsteps and become a doctor, but a bout of tuberculosis made this impossible, so instead he pursued a more mathematical career. ";"eng"
" илшоп вокичьлам хишратс еовд илсе он";"оп";"но если двое старших мальчиков пошли";"по";" ";"стопам отца и стали акушерами, то";"Michael Crichton. NEXT (2006)";"Michael Crichton";"1942";"NEXT";"2006";"художественная";"";"";"";"";"";"омонимия не снята";"NEXT";"Майкл Крайтон";"NEXT";"";"2007";"21110";"215480";"10555";"109512";"rus";"rus";"США";"";"Все братья окончили медицинский факультет, но если двое старших мальчиков пошли по стопам отца и стали акушерами, то Рик отказался от врачебной практики, отдав предпочтение чистой науке.";"9bebd6418c70982072881b587bbcbc96:593:11";" All the other boys went to medical school and became obstetricians, like their father. Diehl refused, and went into medical research. ";"eng"
" алшоп ен ано ыботч ,кат ьталедс";"оп";"сделать так, чтобы она не пошла";"по";" ";"стопам своих северных соседей ― Вьетнама, Камбоджи";"John Perkins. Confessions of an Economic Hit Man (2004)";"John Perkins";"1945";"Confessions of an Economic Hit Man";"2004";"публицистика";"мемуары";"бизнес, коммерция, экономика, финансы";"";"";"";"омонимия не снята";"Confessions of an Economic Hit Man";"Джон Перкинс";"Исповедь экономического убийцы";"";"2014";"11796";"194405";"5898";"105675";"rus";"rus";"США";"";"Мы должны сделать так, чтобы она не пошла по стопам своих северных соседей ― Вьетнама, Камбоджи и Лаоса.";"ad62254e86326fab8967495c7d85651f:1553:8";" Our responsibility is to make sure that Indonesia doesn't follow in the footsteps of its northern neighbors, Vietnam, Cambodia, and Laos. ";"eng"
" ястюялварпто и ― ястюавызакто обил ,укжреддоп ушан";"оп";"нашу поддержку, либо отказываются ― и отправляются";"по";" ";"стопам Моссадыка.";"John Perkins. Confessions of an Economic Hit Man (2004)";"John Perkins";"1945";"Confessions of an Economic Hit Man";"2004";"публицистика";"мемуары";"бизнес, коммерция, экономика, финансы";"";"";"";"омонимия не снята";"Confessions of an Economic Hit Man";"Джон Перкинс";"Исповедь экономического убийцы";"";"2014";"11796";"194405";"5898";"105675";"rus";"rus";"США";"";"Не сомневаюсь, что в конечном итоге саудовцы осознали: либо они принимают наше предложение и тогда получают нашу поддержку, либо отказываются ― и отправляются по стопам Моссадыка.";"ad62254e86326fab8967495c7d85651f:4043:22";" I have no doubt that they were left with the distinct impression that either they could accept our offer and thus gain assurances that we would support and protect them as rulers, or they could refuse ― and go the way of Mossadegh. ";"eng"
" илшоп ретсес и веьтарб ее овтснишьлоБ";"оп";"Большинство ее братьев и сестер пошли";"по";" ";"стопам отца и стали работать и";"Lauren Weisberger. The Devil Wears Prada (2003)";"Lauren Weisberger";"1977";"The Devil Wears Prada";"2003";"художественная";"";"";"";"";"";"омонимия не снята";"The Devil Wears Prada";"Лорен Вайсбергер";"Дьявол носит Прада";"";"2006";"17508";"261692";"8754";"142530";"rus";"rus";"США";"";"Большинство ее братьев и сестер пошли по стопам отца и стали работать и молиться, некоторые сумели окончить университет а рано завели собственные огромные семьи.";"790e2572bdbad061ff7ddeede1926f77:1667:6";" Most of her brothers and sisters went on to work blue-collar jobs like their father, with little time to do anything but pray and work; a couple managed to get themselves into and through the university, only to marry young and begin having large families of their own. ";"eng"
" ядйоп ,и кат ,анодноЛ имамад имындом";"оп";"модными дамами Лондона, так и, пойдя";"по";" ";"стопам отца, в объятиях проституток и";"Walter Isaacson. Benjamin Franklin: An American Life (2003)";"Walter Isaacson";"1952";"Benjamin Franklin: An American Life";"2003";"учебно-научная";"";"наука и технологии, история";"";"";"";"омонимия не снята";"Benjamin Franklin: An American Life";"Уолтер Айзексон";"Бенджамин Франклин. Биография";"";"2014";"16174";"343808";"8087";"182129";"rus";"rus";"США";"";"Со своей стороны, Уильям занялся поиском собственного счастья как с модными дамами Лондона, так и, пойдя по стопам отца, в объятиях проституток и других женщин легкого поведения.";"81b6e1b6e410f8b1242cb9655e0bac1e:6051:16";" For his part, William was finding his own happiness, both with the fashionable ladies of London and, too much his father's son, occasionally with prostitutes and other women of low repute. ";"eng"
" лешоп мяьлиУ ,адог 0671 еларвеф в";"оп";"в феврале 1760 года, Уильям пошел";"по";" ";"стопам своего отца, став отцом внебрачного";"Walter Isaacson. Benjamin Franklin: An American Life (2003)";"Walter Isaacson";"1952";"Benjamin Franklin: An American Life";"2003";"учебно-научная";"";"наука и технологии, история";"";"";"";"омонимия не снята";"Benjamin Franklin: An American Life";"Уолтер Айзексон";"Бенджамин Франклин. Биография";"";"2014";"16174";"343808";"8087";"182129";"rus";"rus";"США";"";"Приблизительно в это время, вероятно, в феврале 1760 года, Уильям пошел по стопам своего отца, став отцом внебрачного сына, Уильяма Темпла Франклина, известного как Темпл.";"81b6e1b6e410f8b1242cb9655e0bac1e:6409:11";" Around this time, probably in February 1760, William followed in his father's steps by siring an illegitimate son, William Temple Franklin, known as Temple. ";"eng"
" итйоп оляотсдерп укунВ ";"оп";"Внуку предстояло пойти";"по";" ";"стопам деда не только как печатника";"Walter Isaacson. Benjamin Franklin: An American Life (2003)";"Walter Isaacson";"1952";"Benjamin Franklin: An American Life";"2003";"учебно-научная";"";"наука и технологии, история";"";"";"";"омонимия не снята";"Benjamin Franklin: An American Life";"Уолтер Айзексон";"Бенджамин Франклин. Биография";"";"2014";"16174";"343808";"8087";"182129";"rus";"rus";"США";"";"Внуку предстояло пойти по стопам деда не только как печатника, но впоследствии и как редактора газеты.";"81b6e1b6e410f8b1242cb9655e0bac1e:13865:3";" Benny was destined to follow in Franklin's footsteps, not only as a printer but also eventually as a newspaper editor. ";"eng"
" итйоп лечопдерп но оготэ отсемВ ";"оп";"Вместо этого он предпочел пойти";"по";" ";"стопам деда (и отца) менее похвальным";"Walter Isaacson. Benjamin Franklin: An American Life (2003)";"Walter Isaacson";"1952";"Benjamin Franklin: An American Life";"2003";"учебно-научная";"";"наука и технологии, история";"";"";"";"омонимия не снята";"Benjamin Franklin: An American Life";"Уолтер Айзексон";"Бенджамин Франклин. Биография";"";"2014";"16174";"343808";"8087";"182129";"rus";"rus";"США";"";"Вместо этого он предпочел пойти по стопам деда (и отца) менее похвальным образом, чем Бенни.";"81b6e1b6e410f8b1242cb9655e0bac1e:13879:5";" Instead, he emulated his grandfather (and father) in a less laudable way than Benny. ";"eng"
" лешоп но ,игинк оге еигонм и";"оп";"и многие его книги, он пошел";"по";" ";"стопам своего деда, начав издавать через";"Walter Isaacson. Benjamin Franklin: An American Life (2003)";"Walter Isaacson";"1952";"Benjamin Franklin: An American Life";"2003";"учебно-научная";"";"наука и технологии, история";"";"";"";"омонимия не снята";"Benjamin Franklin: An American Life";"Уолтер Айзексон";"Бенджамин Франклин. Биография";"";"2014";"16174";"343808";"8087";"182129";"rus";"rus";"США";"";"Бенджамин Бейч. Унаследовавший печатное оборудование Франклина и многие его книги, он пошел по стопам своего деда, начав издавать через семьдесят лет после выхода первого номера New England Courant радикальную газету Джефферсона The American Aurora.";"81b6e1b6e410f8b1242cb9655e0bac1e:15535:12";" Benjamin Bache: Inheriting Franklin's printing equipment and many of his books, he followed in his grandfather's steps by launching, seventy years after the New England Courant was first published, a crusading Jeffersonian newspaper, The American Aurora. ";"eng"
" лешоп нидО ";"оп";"Один пошел";"по";" ";"стопам Дона в пожарную охрану.";"Michael Connelly. City Of Bones (2002)";"Michael Connelly";"1956";"City Of Bones";"2002";"художественная";"";"";"";"";"";"омонимия не снята";"City Of Bones";"Майкл Коннели";"Город костей";"";"2006";"19928";"179121";"9964";"102852";"rus";"rus";"США";"";"Один пошел по стопам Дона в пожарную охрану.";"3143a5bab28226b1f70031064021b69a:18793:2";" One followed Don into the fire service. ";"eng"
" тудйоп еыроток ,ыларебил …икинйокоп еичядох …ыцратс";"оп";"старцы… ходячие покойники… либералы, которые пойдут";"по";" ";"стопам покойного папы. Они, подобно ему";"Dan Brown. Angels and Demons (2000)";"Dan Brown";"1964";"Angels and Demons";"2000";"художественная";"";"";"";"";"";"омонимия не снята";"Angels and Demons";"Дэн Браун";"Ангелы и демоны";"";"2004";"16144";"298893";"8072";"150396";"rus";"rus";"США";"";"Ни один из preferiti на это не способен. Все они старцы… ходячие покойники… либералы, которые пойдут по стопам покойного папы. Они, подобно ему, обратятся лицом к науке и будут привлекать к себе новых сторонников, отказываясь от древних традиций.";"516f8420ab7d29d361213657275ee895:15585:16";" Certainly not one of the PREFERITI. They were old… walking death… liberals who would follow the Pope, endorsing science in his memory, seeking modern followers by abandoning the ancient ways. ";"eng"
" илш ― ,неневтсетсе хин ялд йыроток ,инзиж";"оп";"жизни, который для них естественен, ― шли";"по";" ";"стопам предков.";"George Orwell. Nineteen Eighty-Four (1949)";"George Orwell";"1903";"Nineteen Eighty-Four";"1949";"художественная";"";"";"";"";"";"омонимия не снята";"Nineteen Eighty-Four";"Джордж Оруэлл";"1984";"";"1989";"11596";"178997";"5798";"104594";"rus";"rus";"Великобритания";"";"Предоставленные сами себе, как скот на равнинах Аргентины, они всегда возвращались к тому образу жизни, который для них естественен, ― шли по стопам предков.";"4206ba7edddabe494609d306d8a29013:2313:20";" Left to themselves, like cattle turned loose upon the plains of Argentina, they had reverted to a style of life that appeared to be natural to them, a sort of ancestral pattern. ";"eng"
" тедйоп но илсЕ ";"оп";"Если он пойдет";"по";" ";"стопам отца, я просто не знаю";"John Galsworthy. In Chancery (1920)";"John Galsworthy";"1867";"In Chancery";"1920";"художественная";"";"";"";"";"";"омонимия не снята";"In Chancery";"Джон Голсуорси";"В петле";"";"1946";"13260";"182981";"6630";"95409";"rus";"rus";"Великобритания";"";"Если он пойдет по стопам отца, я просто не знаю, что я буду делать.";"dc0289b5e01c07f1490b7b6f61eea229:789:3";" If he takes after his father I don't know what I shall do! ";"eng"
" теди лэВ ;ареждоР борг ан еищюадап";"оп";"падающие на гроб Роджера; Вэл идет";"по";" ";"стопам отца; жемчуга, за которые он";"John Galsworthy. In Chancery (1920)";"John Galsworthy";"1867";"In Chancery";"1920";"художественная";"";"";"";"";"";"омонимия не снята";"In Chancery";"Джон Голсуорси";"В петле";"";"1946";"13260";"182981";"6630";"95409";"rus";"rus";"Великобритания";"";"А Джемс остался со своими видениями ― Уинифрид в суде на бракоразводном процессе, имя Форсайтов в газетах, комья земли, падающие на гроб Роджера; Вэл идет по стопам отца; жемчуга, за которые он заплатил и которых он больше не увидит; доход с капитала, понизившийся до четырех процентов; страна, разорившаяся в прах; и по мере того как день переходил в сумерки и прошло время чая и обеда, видения становились все более путаными и зловещими ― и ему ничего не скажут, пока ничего не останется от всех его денег, ему никто ничего не говорит.";"dc0289b5e01c07f1490b7b6f61eea229:1677:24";" But James sat there seeing visions — of Winifred in the Divorce Court, and the family name in the papers; of the earth falling on Roger's coffin; of Val taking after his father; of the pearls he had paid for and would never see again; of money back at four per cent., and the country going to the dogs; and, as the afternoon wore into evening, and tea-time passed, and dinnertime, those visions became more and more mixed and menacing — of being told nothing, till he had nothing left of all his wealth, and they told him nothing of it. ";"eng"
" итйоп нереман ончот ,ужив я ,ыт";"оп";"ты, я вижу, точно намерен пойти";"по";" ";"стопам дядюшки.";"И. С. Тургенев. Отцы и дети (1862)";"И. С. Тургенев";"1818";"Отцы и дети";"1862";"художественная";"";"";"";"";"";"омонимия не снята";"Отцы и дети";"Ivan Turgenev";"Fathers And Children";"";"1917";"9082";"126257";"4541";"54711";"rus";"eng";"Великобритания";"";"― Э-э! да ты, я вижу, точно намерен пойти по стопам дядюшки.";"36ae621380e9001e907c46936cab621b:5558:9";"' Ha! ha! you really do intend, I see, to walk in your uncle's footsteps. ";"eng"
" — иворк в ,тичанз ,отЭ ";"оп";"Это, значит, в крови —";"по";" ";"стопам папеньки пошел.";"Theodore Dreiser. The Financier (1912)";"Theodore Dreiser";"1871";"The Financier";"1912";"художественная";"";"";"";"";"";"омонимия не снята";"The Financier";"Теодор Драйзер";"Финансист";"";"1944";"23456";"363269";"11728";"196713";"rus";"rus";"США";"";"Это, значит, в крови — по стопам папеньки пошел.";"2e33158397b70dd397e746e464f37657:499:4";" Get something of that from your father, eh? ";"eng"
" тедйоп от ,ешав аз ястемьзов тэвоЛ";"оп";"Ловэт возьмется за ваше, то пойдет";"по";" ";"стопам отца.";"Robert Louis Stevenson. Catriona (1893)";"Robert Louis Stevenson";"1850";"Catriona";"1893";"художественная";"";"";"";"";"";"омонимия не снята";"Catriona";"Роберт Луис Стивенсон";"Катриона";"";"1967";"10076";"182510";"5038";"101252";"rus";"rus";"Великобритания";"";"Ведь дело леди Грэндж состряпал старый Ловэт; если младший Ловэт возьмется за ваше, то пойдет по стопам отца.";"2952b62afab51e809220d50458ae5cad:2853:15";" It was old Lovat that managed the Lady Grange affair; if young Lovat is to handle yours, it'll be all in the family. ";"eng"
" лешоп ен и ымзилк и икинсударг";"оп";"градусники и клизмы и не пошел";"по";" ";"стопам отца. Лучшая смерть ― в бою.";"Arthur Conan Doyle. John Barrington Cowles (1884)";"Arthur Conan Doyle";"1859";"John Barrington Cowles";"1884";"художественная";"";"";"";"";"";"омонимия не снята";"John Barrington Cowles";"Артур Конан Дойл";"Джон Баррингтон Каулз";"";"1992";"1042";"16046";"521";"9517";"rus";"rus";"Великобритания";"";"― Вот о какой смерти можно мечтать! ― сверкнул глазами Каулз. ― Жаль, что я выбрал никому не нужные градусники и клизмы и не пошел по стопам отца. Лучшая смерть ― в бою.";"675b6d39d351bcf707b5f07d5b4a140a:469:22";" ""That's the sort of death I should like to die, ""said Cowles, his dark eyes flashing, as they would when he was excited; ""I often wish I had taken to my father's profession instead of this vile pill-compounding drudgery. """;"eng"
" итди учох ен я и ,хавтсьлетяотсбо";"оп";"обстоятельствах, и я не хочу идти";"по";" ";"стопам чересчур сговорчивых женщин.";"Thomas Hardy. Far from the Madding Crowd (1874)";"Thomas Hardy";"1840";"Far from the Madding Crowd";"1874";"художественная";"";"";"";"";"";"омонимия не снята";"Far from the Madding Crowd";"Томас Гарди";"Вдали от обезумевшей толпы";"";"1970";"17882";"257619";"8941";"137583";"rus";"rus";"Великобритания";"";"Мне ужасно неприятен брак при таких обстоятельствах, и я не хочу идти по стопам чересчур сговорчивых женщин.";"e235f4b270c34dc6f661c547dc123d5d:15379:12";" I hate the act of marriage under such circumstances, and the class of women I should seem to belong to by doing it!» ";"eng"
" яуделс оньлетаратс ,арорукорп огонвалг ьлетитсемаз нидопсоГ";"оп";"Господин заместитель главного прокурора, старательно следуя";"по";" ";"стопам своего начальства, приступил к допросу";"Charles Dickens. The Tale of two Cities (1859)";"Charles Dickens";"1812";"The Tale of two Cities";"1859";"художественная";"";"";"";"";"";"омонимия не снята";"The Tale of two Cities";"Чарльз Диккенс";"Повесть о двух городах";"";"1950-1960";"15180";"261740";"7590";"135772";"rus";"rus";"Великобритания";"";"Господин заместитель главного прокурора, старательно следуя по стопам своего начальства, приступил к допросу патриота: имя джентльмена ― Джон Барсед.";"45dc0f44a28f331677ad6ee35a429c4b:2327:6";" Mr. Solicitor-General then, following his leader's lead, examined the patriot: John Barsad, gentleman, by name. ";"eng"
" алшоп ,ьчод яаннадерп как ,атреБ ";"оп";"Берта, как преданная дочь, пошла";"по";" ";"стопам своих родителей во всех отношениях.";"Charlotte Brontë. Jane Eyre (1847)";"Charlotte Brontë";"1816";"Jane Eyre";"1847";"художественная";"";"";"";"";"";"омонимия не снята";"Jane Eyre";"Шарлотта Бронте";"Джейн Эйр";"";"1950";"17896";"344453";"8948";"186739";"rus";"rus";"Великобритания";"";"Берта, как преданная дочь, пошла по стопам своих родителей во всех отношениях.";"0a7c00da545dbcb74563ade41aadf337:10693:5";" Bertha, like a dutiful child, copied her parent in both points. ";"eng"
" ино туди олемс и онневтсежум ,иктсордоп";"оп";"подростки, мужественно и смело идут они";"по";" ";"стопам мужчин и гибнут…";"Леонид Андреев. Тьма (1907)";"Леонид Андреев";"1871";"Тьма";"1907";"художественная";"";"";"";"";"";"омонимия не снята";"Тьма";"Leonid Andreev";"The Dark";"";"";"2810";"31873";"1405";"13877";"rus";"eng";"США";"";"― Молоденькие, нежные девушки, почти подростки, мужественно и смело идут они по стопам мужчин и гибнут…";"22e23f181ca0808b8fd02cc6276c6525:2326:10";"» Young, gentle girls, still in their teens they follow in the steps of the men, manfully, daringly, die with them… «";"eng"
