"Reversed left context";"Reversed center";"Left context";"Center";"Punct";"Right context";"Title";"Author";"Birthday";"Header";"Created";"Sphere";"Type";"Topic";"Publication";"Publ_year";"Medium";"Ambiguity";"Header";"Author_trans";"Header_trans";"Translator";"Date_trans";"Sentences";"Words";"Orig_sentences";"Orig_words";"Lang";"Lang_trans";"Lang_variant";"Dialect";"Full context";"Example source";"Para context 1";"Lang 1"
" тудуб ино едг ,етсем мокат в";"ясьтасорб";"в таком месте, где они будут";"бросаться";" ";"в глаза.";"Jen Sincero. You Are a Badass®: How to Stop Doubting Your Greatness and Start Living an Awesome Life (2013)";"Jen Sincero";"1965";"You Are a Badass®: How to Stop Doubting Your Greatness and Start Living an Awesome Life";"2013";"публицистика";"";"";"";"";"";"омонимия не снята";"You Are a Badass®: How to Stop Doubting Your Greatness and Start Living an Awesome Life";"Джен Синсеро";"НИ СЫ";"";"2018";"6048";"116117";"3024";"64940";"rus";"rus";"США";"";"Вырежи изображения мест, людей, вещей и переживаний, которые хочешь видеть в своей жизни, наклей их на доску и повесь в таком месте, где они будут бросаться в глаза.";"2641badec1a75475f593f1c63b397fcd:2263:25";" Cut out pictures of places, people, things, and experiences that you want in your life, paste them onto a board and hang it somewhere where you'll see it all day long. ";"eng"
" ешьнем латс килотс йикьнелам шан отч";"ясьтасорб";"что наш маленький столик стал меньше";"бросаться";" ";"в глаза, удушливый запах цветов смягчился";"Jojo Moyes. Me Before You (2012)";"Jojo Moyes";"1969";"Me Before You";"2012";"художественная";"";"";"";"";"";"омонимия не снята";"Me Before You";"Джоджо Мойес";"До встречи с тобой";"";"2013";"22902";"229150";"11451";"129694";"rus";"rus";"Великобритания";"";"Свет притушили, так что наш маленький столик стал меньше бросаться в глаза, удушливый запах цветов смягчился благодаря вечернему ветерку, а музыка, вино и танцы означали, что мы начали наслаждаться жизнью там, где меньше всего ожидали.";"58ec84c599babae296f7f33817fce7e2:16627:9";" The lights dropped, so that our little table was less conspicuous, the overpowering fragrance of the flowers was tempered by the evening breezes, and the music and the wine and the dancing meant that in the most unlikely of places, we all began to actually enjoy ourselves. ";"eng"
" тенатсереп отэ ,йедюл хигонм у тудуб";"ясьтасорб";"будут у многих людей, это перестанет";"бросаться";" ";"в глаза, и они станут таким";"Michael Crichton. NEXT (2006)";"Michael Crichton";"1942";"NEXT";"2006";"художественная";"";"";"";"";"";"омонимия не снята";"NEXT";"Майкл Крайтон";"NEXT";"";"2007";"21110";"215480";"10555";"109512";"rus";"rus";"США";"";"Когда такие уши будут у многих людей, это перестанет бросаться в глаза, и они станут таким же обычным явлением, каким являются сегодня силиконовые имплантанты для груди.";"9bebd6418c70982072881b587bbcbc96:6453:9";" When lots of people have them, no one will notice anymore. We believe big ears will become the new standard, like silicon breast implants.” ";"eng"
" мокшилс ен лему ретиП ";"ясьтасорб";"Питер умел не слишком";"бросаться";" ";"в глаза и в то же";"Margaret Atwood. Edible Woman (1969)";"Margaret Atwood";"1939";"Edible Woman";"1969";"художественная";"";"";"";"";"";"омонимия не снята";"Edible Woman";"Маргарет Этвуд";"Лакомый кусочек";"";"1981";"11726";"188776";"5863";"103795";"rus";"rus";"Канада";"";"Питер умел не слишком бросаться в глаза и в то же время выделяться на общем фоне.";"ad665abca6dd8ec58be26a38c4eace42:5757:4";" He knew how to blend in and stand out at the same time. ";"eng"
" оньлис кат ен илыб ынжлод ино";"ясьтасорб";"они должны были не так сильно";"бросаться";" ";"в глаза.";"Clive Staples Lewis. The Chronicles of Narnia. The Voyage of the ‘Dawn Treader’ (1952)";"Clive Staples Lewis";"1898";"The Chronicles of Narnia. The Voyage of the ‘Dawn Treader’";"1952";"художественная";"";"";"";"";"";"омонимия не снята";"The Chronicles of Narnia. The Voyage of the ‘Dawn Treader’";"Клайв Стейплз Льюис";"Хроники Нарнии. Плавание «Утреннего Путника»";"";"1991";"6782";"99104";"3391";"53138";"rus";"rus";"Великобритания";"";"Они вернулись обратно на дорожку, где за деревьями, теоретически, они должны были не так сильно бросаться в глаза.";"9900890b5211ff4ad94d2a1688ace777:3573:15";" They came out and went back on to the path where the trees might possibly make them less conspicuous. ";"eng"
" алатс ьтсоннемереб ее адгок ,мин с";"ясьтасорб";"с ним, когда ее беременность стала";"бросаться";" ";"в глаза.";"Margaret Mitchell. Gone with the Wind, Part 2 (1936)";"Margaret Mitchell";"1900";"Gone with the Wind, Part 2";"1936";"художественная";"";"";"";"";"";"омонимия не снята";"Gone with the Wind, Part 2";"Маргарет Митчелл";"Унесённые ветром, ч. 2";"";"1982";"29314";"414569";"14657";"216232";"rus";"rus";"США";"";"Ей не хотелось встречаться с ним, когда ее беременность стала бросаться в глаза.";"3ddd25fe52e8f0ab80e3eac915d26b53:20953:10";" She hadn't wanted to see him at all when she was so obviously pregnant. ";"eng"
" ешьнемоп ясйишваратс ,дйалК ыботч ,ончотатсод олыб";"ясьтасорб";"было достаточно, чтобы Клайд, старавшийся поменьше";"бросаться";" ";"в глаза, ушел на корму, тогда";"Theodore Dreiser. An American Tragedy, book III (1925)";"Theodore Dreiser";"1871";"An American Tragedy, book III";"1925";"художественная";"";"";"";"";"";"омонимия не снята";"An American Tragedy, book III";"Теодор Драйзер";"Американская трагедия (ч. 3)";"";"1948";"15052";"256860";"7526";"140326";"rus";"rus";"США";"";"А взгляд этой девушки выражал скорее восхищение. Впрочем, этого было достаточно, чтобы Клайд, старавшийся поменьше бросаться в глаза, ушел на корму, тогда как остальные предпочитали носовую часть палубы.";"e580980c0946d1f66803a4bbd917b81d:1605:15";" And her glances were admiring rather than otherwise, although sufficient, because of his keen desire for secrecy, to cause him to retire to the rear of the boat, whereas the others appeared to prefer the forward deck. ";"eng"
