"Reversed left context";"Reversed center";"Left context";"Center";"Punct";"Right context";"Title";"Author";"Birthday";"Header";"Created";"Sphere";"Type";"Topic";"Publication";"Publ_year";"Medium";"Ambiguity";"Header";"Author_trans";"Header_trans";"Translator";"Date_trans";"Sentences";"Words";"Orig_sentences";"Orig_words";"Lang";"Lang_trans";"Lang_variant";"Dialect";"Full context";"Example source";"Para context 1";"Lang 1"
" юумас ут ан ясьтунктан итсонжомзов ешьлоб";"уклоги";"больше возможности наткнуться на ту самую";"иголку";" ";"в стоге сена из пословицы.";"Angela Gallop. When the Dogs Don't Bark (2019)";"Angela Gallop";"1950";"When the Dogs Don't Bark";"2019";"учебно-научная";"";"наука и технологии, криминалистика";"";"";"";"омонимия не снята";"When the Dogs Don't Bark";"Анджела Галлоп";"Когда собаки не лают. Путь криминалиста от смелых предположений до неопровержимых доказательств";"";"2019";"7482";"183315";"3741";"101160";"rus";"rus";"США";"";"То есть шансов найти кровь нападавшего, казалось, было не больше возможности наткнуться на ту самую иголку в стоге сена из пословицы.";"44fdfd9dec52ae57653e4ebbf52a6df2:4801:15";" So the chances of finding any of her attacker's blood felt a bit like looking for the proverbial needle in a haystack. ";"eng"
" ьтакси как отЭ ?йедюл хикат итйан";"уклоги";"найти таких людей? Это как искать";"иголку";" ";"в стоге сена.";"James Logan. Can dogs sniff out malaria? (2019)";"James Logan";"";"Can dogs sniff out malaria?";"2019";"учебно-научная, публицистика, устная публичная речь";"";"";"";"";"";"омонимия не снята";"Can dogs sniff out malaria?";"Джеймс Логан";"Как мы используем собак, чтобы вынюхивать малярию";"";"";"436";"5198";"218";"3127";"rus";"rus";"Великобритания";"";"Например, некоторые люди обладают подобием иммунитета к болезни. Спустя время инфекция развивается, люди становятся заразными, но при этом у них нет никаких симптомов. Это может стать большой проблемой. Ведь как найти таких людей? Это как искать иголку в стоге сена.";"6560de51809f061b2d2112fd5b03a552:17:36";" So for example, if people have some level of immunity to the disease, then they can develop an infection and become infectious and still pass it on, but not actually develop any symptoms, and that can be a big problem because how do you find those people – it's like looking for a needle in a haystack. ";"eng"
" ьтакси отч онвар есВ ";"уклоги";"Все равно что искать";"иголку";" ";"в стоге сена.";"Dan Brown. The Da Vinci Code (2003)";"Dan Brown";"1964";"The Da Vinci Code";"2003";"художественная";"";"";"";"";"";"омонимия не снята";"The Da Vinci Code";"Дэн Браун";"Код Да Винчи";"";"2004";"23810";"268080";"11905";"139806";"rus";"rus";"США";"";"Все равно что искать иголку в стоге сена.";"add6866690bf4af011e7eb199aba2d38:20889:4";" It could turn out to be like trying to find a missing blade of grass on a golf course. ";"eng"
" ьтаксыто отч ,онвар есв олыб акеволеч";"уклоги";"человека было все равно, что отыскать";"иголку";" ";"в стоге сена; это был напрасный";"Robert Louis Stevenson. Kidnapped (1886)";"Robert Louis Stevenson";"1850";"Kidnapped";"1886";"художественная";"";"";"";"";"";"омонимия не снята";"Kidnapped";"Роберт Луис Стивенсон";"Похищенный";"";"1967";"7020";"146548";"3510";"80444";"rus";"rus";"Великобритания";"";"А скал вокруг торчало видимоневидимо, выследить в них человека было все равно, что отыскать иголку в стоге сена; это был напрасный труд, и солдаты не проявляли особого рвения.";"b1442d947f941d6612bea226225d7e39:4423:14";" These lay round in so great a number, that to look for men among them was like looking for a needle in a bottle of hay; and being so hopeless a task, it was gone about with the less care. ";"eng"
