"Reversed left context";"Reversed center";"Left context";"Center";"Punct";"Right context";"Title";"Author";"Birthday";"Header";"Created";"Sphere";"Type";"Topic";"Publication";"Publ_year";"Medium";"Ambiguity";"Header";"Author_trans";"Header_trans";"Translator";"Date_trans";"Sentences";"Words";"Orig_sentences";"Orig_words";"Lang";"Lang_trans";"Lang_variant";"Dialect";"Full context";"Example source";"Para context 1";"Lang 1"
" — мотоп а ,уголбо ьзовкс ьдубин-йокак ястереборп";"ищи";"проберется какой-нибудь сквозь облогу, а потом —";"ищи";" ";"ветра в поле.";"Владимир Сорокин. Метель (2010)";"Владимир Сорокин";"1955";"Метель";"2010";"художественная";"";"";"";"";"";"омонимия не снята";"Метель";"Vladimir Sorokin";"The Blizzard";"";"2015";"8566";"85448";"4283";"35716";"rus";"eng";"США";"";"Лишь бы карантин не подвел по такой погоде, а то проберется какой-нибудь сквозь облогу, а потом — ищи ветра в поле.";"35d7046b38f854156c294b8ac23b778d:348:16";" We have to hope that the weather hasn't interfered with the quarantine; if someone made it through the lea pastures — you'll never find him. ";"eng"
" :есв И ";"ищи";"И все:";"ищи";" ";"ветра в поле.";"Kurt Vonnegut. Hocus Pocus (1990)";"Kurt Vonnegut";"1922";"Hocus Pocus";"1990";"художественная";"";"";"";"";"";"омонимия не снята";"Hocus Pocus";"Курт Воннегут";"Фокус-покус";"";"1993";"9922";"154407";"4961";"81715";"rus";"rus";"США";"";"На нем была надпись: Юнион 31, Хобарт 3.  И все: ищи ветра в поле.  Для опознания черепа дантист не понадобился бы: чей бы он ни был, его обладателю или обладательнице не пришлось запломбировать ни одного зуба.";"2c09150b04d05302afc19154b49438b7:5725:2";" On it was painted: Union 31, Hobart 3.  After that: thin air.  A dentist would be no help in identifying the skull, since whoever owned it never had so much as a single cavity to be filled. ";"eng"
" ,йуборпоп иди от А …обисапс мот";"ищи";"том спасибо… А то иди попробуй,";"ищи";" ";"ветра в поле. Без меня не";"И. А. Ильф, Е. П. Петров. Двенадцать стульев (1927)";"И. А. Ильф, Е. П. Петров";"1897, 1903";"Двенадцать стульев";"1927";"художественная";"";"";"";"";"";"омонимия не снята";"Двенадцать стульев";"Ilya Ilf, Evgeny Petrov";"The Twelve Chairs";"";"1961";"14010";"182628";"7005";"79262";"rus";"eng";"";"";"А кто сохранил, кто уберег? Коробейников. Вот господа спасибо и скажут старичку, помогут на старости лет… А мне много не нужно ― по десяточке за ордерок подадут ― и на том спасибо… А то иди попробуй, ищи ветра в поле. Без меня не найдут!";"4ebb3a11b88ee1de62c62bd600095408:2968:34";" And who will have preserved it? Who will have looked after it? Korobeinikov! So the gentlemen will say thank you to the old man and help him in his old age. And I don't need very much; ten roubles an order will do me. Otherwise, they might as well look for the wind in the field. They won't find the furniture without me. """;"eng"
" ― он ,илавиксызар саН .имас илажебс ыМ";"ищи";"Мы сбежали сами. Нас разыскивали, но ―";"ищи";" ";"ветра в поле.";"John Steinbeck. Of Mice and Men (1937)";"John Steinbeck";"1902";"Of Mice and Men";"1937";"художественная";"";"";"";"";"";"омонимия не снята";"Of Mice and Men";"Джон Стейнбек";"О мышах и людях";"";"1965";"4240";"53537";"2120";"30427";"rus";"rus";"США";"";"― Выгнали, как бы не так! ― возмутился Джордж. Мы сбежали сами. Нас разыскивали, но ― ищи ветра в поле.";"a263fce8b9cdb67296948f0143b99f15:253:13";" ""Run us out, hell, ""said George disgustedly. ""We run. They was lookin'for us, but they didn't catch us. """;"eng"
" ― :лавытсивсоп и ыбуз лилакс окьлот молшорп";"ищИ";"прошлом только скалил зубы и посвистывал: ―";"Ищи";" ";"ветра в поле!";"Л. Н. Андреев. Рассказ о семи повешенных (1908)";"Л. Н. Андреев";"1871";"Рассказ о семи повешенных";"1908";"художественная";"";"";"";"";"";"омонимия не снята";"Рассказ о семи повешенных";"Leonid Andreev";"The Seven who were hanged";"";"1909";"3166";"49171";"1583";"20596";"rus";"eng";"США";"";"О последнем преступлении, где запирательство не вело ни к чему, он рассказывал подробно и охотно, на вопросы же о прошлом только скалил зубы и посвистывал: ― Ищи ветра в поле!";"b3da6d606d4c907251222a1e614757b2:734:25";" ""Of his last crime, since it was useless for him to deny anything, he spoke freely and in detail, but in answer to questions about his past, he merely gritted his teeth, whistled, and said: ""Search for the wind of the fields! ";"eng"
