"Reversed left context";"Reversed center";"Left context";"Center";"Punct";"Right context";"Title";"Author";"Birthday";"Header";"Created";"Sphere";"Type";"Topic";"Publication";"Publ_year";"Medium";"Ambiguity";"Header";"Author_trans";"Header_trans";"Translator";"Date_trans";"Sentences";"Words";"Orig_sentences";"Orig_words";"Lang";"Lang_trans";"Lang_variant";"Dialect";"Full context";"Example source";"Para context 1";"Lang 1"
""" :ламудоп но ,анихублоТ вашулсыВ ";"каК";"Выслушав Толбухина, он подумал: """;"Как";" ";"в воду глядел"", ― и сказал: ― Слушаюсь";"Василий Гроссман. Жизнь и судьба, ч. 3 (1960)";"Василий Гроссман";"1905";"Жизнь и судьба, ч. 3";"1960";"художественная";"";"";"";"";"";"омонимия не снята";"Жизнь и судьба, ч. 3";"Vasily Grossman";"Life and fate. Part 3";"";"1985";"10828";"166690";"5414";"70645";"rus";"eng";"Великобритания";"";"Выслушав Толбухина, он подумал: ""Как в воду глядел"", ― и сказал: ― Слушаюсь, товарищ генерал-лейтенант, будет исполнено.";"39536018a7f64c8564e917406293ef8e:1312:4";" He heard Tolbukhin through, thought,' Just as I guessed,' and said:' Yes, comrade Lieutenant-General. Immediately.' ";"eng"
" веьметрА ройам-ларенеГ ";"как";"Генерал-майор Артемьев";"как";" ";"в воду глядел – он был снят";"Варлам Шаламов. Последний бой майора Пугачева (1959)";"Варлам Шаламов";"1907";"Последний бой майора Пугачева";"1959";"художественная";"";"";"";"";"";"омонимия не снята";"Последний бой майора Пугачева";"Varlam Shalamov";"Major Pugachov’s Last Battle";"";"1980";"580";"7967";"290";"3422";"rus";"eng";"США";"";"Генерал-майор Артемьев как в воду глядел – он был снят с работы, уволен со службы в охране.";"d9c919fdce6bdcf73627e813a4161caa:538:2";" Major General Artemyev's words were prophetic: he was removed from his position in the guard. ";"eng"
" ";"каК";"";"Как";" ";"в воду глядел ― нечего хоронить… С";"А. Н. Стругацкий, Б. Н. Стругацкий. Пикник на обочине (1971)";"А. Н. Стругацкий, Б. Н. Стругацкий";"1925, 1933";"Пикник на обочине";"1971";"художественная";"";"";"";"";"";"омонимия не снята";"Пикник на обочине";"Arkady Strugatsky, Boris Strugatsky";"Roadside Picnic";"";"1977";"6254";"103306";"3127";"46331";"rus";"eng";"США";"";"Как в воду глядел ― нечего хоронить… С зоной ведь так: с хабаром вернулся ― чудо, живой вернулся ― удача, патрульная пуля мимо ― везенье, а все остальное ― судьба…";"74afd4586b39eb278292543c733e16f8:512:0";" When I looked down into the water, there was nothing. This is the way it is with the Zone: if you come back with swag ― it's a miracle; if you come back alive ― it's a success; if the patrol bullets miss you ― it's a stroke of luck. And as for anything else ― that's fate. ";"eng"
" омярп дларежД ";"как";"Джералд прямо";"как";" ";"в воду глядел, когда сказал вчера";"Margaret Mitchell. Gone with the Wind, Part 1 (1936)";"Margaret Mitchell";"1900";"Gone with the Wind, Part 1";"1936";"художественная";"";"";"";"";"";"омонимия не снята";"Gone with the Wind, Part 1";"Маргарет Митчелл";"Унесённые ветром, ч. 1";"";"1982";"25706";"403929";"12853";"209514";"rus";"rus";"США";"";"Джералд прямо как в воду глядел, когда сказал вчера, что не хочет, чтобы вся округа потешалась над его дочерью!";"b1a6e9a3c23689e80357c5e30e2d9a2f:5391:2";" And Gerald had said only last night that he wouldn't be having the County laughing at his daughter. ";"eng"
