"Reversed left context";"Reversed center";"Left context";"Center";"Punct";"Right context";"Title";"Author";"Birthday";"Header";"Created";"Sphere";"Type";"Topic";"Publication";"Publ_year";"Medium";"Ambiguity";"Header";"Author_trans";"Header_trans";"Translator";"Date_trans";"Sentences";"Words";"Orig_sentences";"Orig_words";"Lang";"Lang_trans";"Lang_variant";"Dialect";"Full context";"Example source";"Para context 1";"Lang 1"
" тадлоС ";"как";"Солдат";"как";" ";"ветром сдуло, попрятались в люках.";"Светлана Алексиевич. Время секонд хэнд (2013)";"Светлана Алексиевич";"1948";"Время секонд хэнд";"2013";"художественная, публицистика";"";"";"";"";"";"омонимия не снята";"Время секонд хэнд";"Svetlana Alexievich";"Secondhand Time";"";"2016";"25158";"324997";"12579";"131168";"rus";"eng";"США";"";"Солдат как ветром сдуло, попрятались в люках.";"52c856c99bb936c84da0bfb0ca2f4218:5384:1";" As though they'd been blown away by a strong wind, the soldiers vanished back into the hatches. ";"eng"
" ушонЮ ";"как";"Юношу";"как";" ";"ветром сдуло.";"Иван Ефремов. Таис Афинская (1972)";"Иван Ефремов";"1908";"Таис Афинская";"1972";"художественная";"";"";"";"";"";"омонимия не снята";"Таис Афинская";"Ivan Yefremov";"Thais of Athens";"";"2011";"21868";"322590";"10934";"137020";"rus";"eng";"СССР/Россия";"";"– Будь мужем, иди и утешай.  Юношу как ветром сдуло.  – Ты ударила ее до слез, – укорила Эрис.";"95af57aed4d8ddd1ac985449f4f20871:21094:1";" “Be a man. Go console her. ” The young man vanished in an instant.  “You struck her to tears,” Eris reproached. ";"eng"
" укшувеД ";"как";"Девушку";"как";" ";"ветром сдуло.";"Charles R. Cross. Heavier Than Heaven (2001)";"Charles R. Cross";"1975";"Heavier Than Heaven";"2001";"публицистика";"";"частная жизнь, искусство и культура";"";"";"";"омонимия не снята";"Heavier Than Heaven";"Чарльз Кросс";"Тяжелее Небес: Жизнь и смерть Курта Кобейна";"";"2021";"15128";"273446";"7564";"143069";"rus";"rus";"США";"";"― Вот: ""чёрт, сука, придурок, козёл, дерьмоед, сукин сын, анальный зонд, ублюдок…"""".  Девушку как ветром сдуло.  Курт отправился искать Криста и нашёл его наверху фургона, мочащимся на машины других гостей.";"062510b66d8f2a1c6f2278f9937aac95:3679:1";" ""They are,' fuck, cunt, cocksucker, asshole, shit-eating, son-of-a-bitch, anal prober, mother fucker…. ' ""The girl stormed away.  Kurt went to look for Krist and found him atop the panel van, urinating on the cars of the other guests. ";"eng"
" воротнемед ,окалбо еотсирберес олетелыв ёен зИ";"как";"Из неё вылетело серебристое облако, дементоров";"как";" ";"ветром сдуло… Он был вне себя";"J. K. Rowling. Harry Potter and the Prisoner of Azkaban (1999)";"J. K. Rowling";"1965";"Harry Potter and the Prisoner of Azkaban";"1999";"художественная";"";"";"";"";"";"омонимия не снята";"Harry Potter and the Prisoner of Azkaban";"Дж. К. Роулинг";"Гарри Поттер и узник Азкабана";"";"2002";"16396";"194597";"8198";"108830";"rus";"rus";"Великобритания";"";"Из неё вылетело серебристое облако, дементоров как ветром сдуло… Он был вне себя от ярости, что они вошли на территорию…";"89bcf033d380f4be17459dd58609ff8f:6449:6";" Shot silver stuff at them. They left the stadium straight away… he was furious they'd come into the grounds, we heard him-' ";"eng"
" оге и — уроаз как Я .оген";"как";"него. Я как заору — и его";"как";" ";"ветром сдуло.»";"J. K. Rowling. Harry Potter and the Prisoner of Azkaban (1999)";"J. K. Rowling";"1965";"Harry Potter and the Prisoner of Azkaban";"1999";"художественная";"";"";"";"";"";"омонимия не снята";"Harry Potter and the Prisoner of Azkaban";"Дж. К. Роулинг";"Гарри Поттер и узник Азкабана";"";"2002";"16396";"194597";"8198";"108830";"rus";"rus";"Великобритания";"";"Я повернулся, а он прямо надо мной стоит… как скелет. Волосы колтуном. В руке огромный нож, сантиметров тридцать, а то и сорок. Смотрит на меня, а я на него. Я как заору — и его как ветром сдуло.»";"89bcf033d380f4be17459dd58609ff8f:9741:34";" I rolled over… and I saw him standing over me… like a skeleton, with loads of filthy hair… holding this great long knife, must've been twelve inches… and he looked at me, and I looked at him, and then I yelled, and he scarpered. ";"eng"
" ьтсомишер ее окандО ";"как";"Однако ее решимость";"как";" ";"ветром сдуло, когда Джерард лениво посмотрел";"Miranda Lee. Fugitive Bride (1998)";"Miranda Lee";"";"Fugitive Bride";"1998";"художественная";"";"";"";"";"";"омонимия не снята";"Fugitive Bride";"Миранда Ли";"В любви все средства хороши";"";"2000";"8032";"81891";"4016";"44589";"rus";"rus";"Австралия";"";"Однако ее решимость как ветром сдуло, когда Джерард лениво посмотрел на нее из-за своего стола, наслаждаясь этим неожиданным театральным появлением. Его лицо не выражало ничего, кроме легкого изумления.";"8a21d5553eb46c5978f89acfb49531cf:6763:3";" All the wind was taken out of her sails, however, when Gerard glanced up idly from his desk at her dramatic entrance, his body language betraying nothing but the mildest of surprises. ";"eng"
" янем И ";"как";"И меня";"как";" ";"ветром сдуло.";"Анатолий Кузнецов. Бабий Яр (1965-1970)";"Анатолий Кузнецов";"1929";"Бабий Яр";"1965-1970";"художественная";"";"";"";"";"";"омонимия не снята";"Бабий Яр";"Anatoly Kuznetsov";"Babi Yar";"";"1970";"15164";"239938";"7582";"92495";"rus";"eng";"Великобритания";"";"Пошли!  И меня как ветром сдуло.  Вся Кирилловская улица (при советской власти она называлась улицей Фрунзе, но название не прививалось), была, сколько видно в оба конца, забита машинами и повозками.";"86fdb395a48cd1424071e803fff507ae:332:2";" Let's go!  I was off like the wind.  The whole of the Kirillovskaya (under Soviet rule it had been renamed Frunze Street, but the name did not catch on); as far as you could see in both directions, was jammed with trucks and other vehicles. ";"eng"
" нярогирп и вотиббох ясхишватсО ";"как";"Оставшихся хоббитов и пригорян";"как";" ";"ветром сдуло – ни пива, ни разговоров";"J. R. R. Tolkien. The Lord of the Rings: The Fellowship of the Ring (1954)";"J. R. R. Tolkien";"1892";"The Lord of the Rings: The Fellowship of the Ring";"1954";"художественная";"";"";"";"";"";"омонимия не снята";"The Lord of the Rings: The Fellowship of the Ring";"Джон Рональд Руэл Толкин";"Властелин колец: Братство кольца";"";"1982";"23436";"316643";"11718";"186177";"rus";"rus";"Великобритания";"";"Оставшихся хоббитов и пригорян как ветром сдуло – ни пива, ни разговоров им больше не хотелось, а в дверях один-другой обернулись и мрачно поглядели на Фродо.";"8eca275ebcf4afaefc167433be07b53c:9307:4";" Most of the Hobbits and the Men of Bree went off then and there in a huff, having no fancy for further entertainment that evening. One or two gave Frodo a black look and departed muttering among themselves. ";"eng"
" ьтсовилнос хи и йедюл хынчитапа-овинел";"как";"лениво-апатичных людей и их сонливость";"как";" ";"ветром сдуло.";"Margaret Mitchell. Gone with the Wind, Part 1 (1936)";"Margaret Mitchell";"1900";"Gone with the Wind, Part 1";"1936";"художественная";"";"";"";"";"";"омонимия не снята";"Gone with the Wind, Part 1";"Маргарет Митчелл";"Унесённые ветром, ч. 1";"";"1982";"25706";"403929";"12853";"209514";"rus";"rus";"США";"";"» И в то же мгновение словно искра пробежала по рядам лениво-апатичных людей и их сонливость как ветром сдуло.";"b1a6e9a3c23689e80357c5e30e2d9a2f:4399:16";" In an instant, the somnolence had fled from the lounging throng and something electric went snapping through the air. ";"eng"
" ьладу и ьтсонтобаззеб ее юсВ ";"как";"Всю ее беззаботность и удаль";"как";" ";"ветром сдуло.";"Margaret Mitchell. Gone with the Wind, Part 1 (1936)";"Margaret Mitchell";"1900";"Gone with the Wind, Part 1";"1936";"художественная";"";"";"";"";"";"омонимия не снята";"Gone with the Wind, Part 1";"Маргарет Митчелл";"Унесённые ветром, ч. 1";"";"1982";"25706";"403929";"12853";"209514";"rus";"rus";"США";"";"Всю ее беззаботность и удаль как ветром сдуло.";"b1a6e9a3c23689e80357c5e30e2d9a2f:8831:5";" She did not feel reckless and defiant now. ";"eng"
" оге и ,янок лиропширп нО ";"как";"Он пришпорил коня, и его";"как";" ";"ветром сдуло, а Скарлетт осталась стоять";"Margaret Mitchell. Gone with the Wind, Part 1 (1936)";"Margaret Mitchell";"1900";"Gone with the Wind, Part 1";"1936";"художественная";"";"";"";"";"";"омонимия не снята";"Gone with the Wind, Part 1";"Маргарет Митчелл";"Унесённые ветром, ч. 1";"";"1982";"25706";"403929";"12853";"209514";"rus";"rus";"США";"";"Он пришпорил коня, и его как ветром сдуло, а Скарлетт осталась стоять посреди улицы, утонув по щиколотку в красной пыли.";"b1a6e9a3c23689e80357c5e30e2d9a2f:16973:5";" The spurred horse went off as though on springs and Scarlett was left standing in the middle of the street with the red dust thick upon her ankles. ";"eng"
" есв — ,ниллЭ йе ьтивирп ьсаларатс онняотсоп";"как";"постоянно старалась привить ей Эллин, — все";"как";" ";"ветром сдуло, сдуло, словно листья с";"Margaret Mitchell. Gone with the Wind, Part 1 (1936)";"Margaret Mitchell";"1900";"Gone with the Wind, Part 1";"1936";"художественная";"";"";"";"";"";"омонимия не снята";"Gone with the Wind, Part 1";"Маргарет Митчелл";"Унесённые ветром, ч. 1";"";"1982";"25706";"403929";"12853";"209514";"rus";"rus";"США";"";"Всю мягкость, всю учтивость, которые постоянно старалась привить ей Эллин, — все как ветром сдуло, сдуло, словно листья с веток при первом холодном дыхании осени.";"b1a6e9a3c23689e80357c5e30e2d9a2f:21363:11";" All the courtesy, all the gentleness Ellen had striven to instill in her had fallen away from her as quickly as leaves fall from trees in the first chill wind of autumn. ";"eng"
" анотлиХ ьтсовилдогу юсв ,нелоб оньлетремс лыб";"как";"был смертельно болен, всю угодливость Хилтона";"как";" ";"ветром сдуло.";"Margaret Mitchell. Gone with the Wind, Part 1 (1936)";"Margaret Mitchell";"1900";"Gone with the Wind, Part 1";"1936";"художественная";"";"";"";"";"";"омонимия не снята";"Gone with the Wind, Part 1";"Маргарет Митчелл";"Унесённые ветром, ч. 1";"";"1982";"25706";"403929";"12853";"209514";"rus";"rus";"США";"";"Прежде его отличала та же смесь угодливости и нахальства, которая была присуща и Уилкерсону, но теперь, когда мистер Калверт и Рейфорд погибли на войне, а Кэйд был смертельно болен, всю угодливость Хилтона как ветром сдуло.";"b1a6e9a3c23689e80357c5e30e2d9a2f:24467:32";" Formerly he had the same combination of servility and impertinence which Wilkerson possessed but now, with Mr. Calvert and Raiford dead in the war and Cade sick, he had dropped all servility. ";"eng"
" гурдв ,яьтсил еихус ончот ,игьнед ыботч";"как";"чтобы деньги, точно сухие листья, вдруг";"как";" ";"ветром сдуло.";"Margaret Mitchell. Gone with the Wind, Part 2 (1936)";"Margaret Mitchell";"1900";"Gone with the Wind, Part 2";"1936";"художественная";"";"";"";"";"";"омонимия не снята";"Gone with the Wind, Part 2";"Маргарет Митчелл";"Унесённые ветром, ч. 2";"";"1982";"29314";"414569";"14657";"216232";"rus";"rus";"США";"";"Не может так быть, чтобы деньги, точно сухие листья, вдруг как ветром сдуло.";"3ddd25fe52e8f0ab80e3eac915d26b53:1217:10";" Money couldn't just dry up and blow away. ";"eng"
" вомонГ а ,хитс могим хемс и";"как";"и смех мигом стих, а Гномов";"как";" ";"ветром сдуло с окрестных скал.";"L. Frank Baum. Ozma of Oz (1907)";"L. Frank Baum";"1856";"Ozma of Oz";"1907";"художественная";"";"";"";"";"";"омонимия не снята";"Ozma of Oz";"Л. Фрэнк Баум";"Озма из страны Оз";"";"1992";"4412";"67565";"2206";"38886";"rus";"rus";"США";"";"Гномы было опять захохотали, но откуда-то изпод земли послышалось грозное рычание, и смех мигом стих, а Гномов как ветром сдуло с окрестных скал.";"393628b2d11538cf09bf1d40a670b86d:2577:17";" The Nomes started to laugh again; but a low growl came from the mountain, and in a flash they had all vanished from sight and were silent. ";"eng"
