"Reversed left context";"Reversed center";"Left context";"Center";"Punct";"Right context";"Title";"Author";"Birthday";"Header";"Created";"Sphere";"Type";"Topic";"Publication";"Publ_year";"Medium";"Ambiguity";"Header";"Author_trans";"Header_trans";"Translator";"Date_trans";"Sentences";"Words";"Orig_sentences";"Orig_words";"Lang";"Lang_trans";"Lang_variant";"Dialect";"Full context";"Example source";"Para context 1";"Lang 1"
" ,еынропссеб и еынчот еж еикат ,ыткаф";"как";"факты, такие же точные и бесспорные,";"как";" ";"дважды два четыре или законы физики.";"Kate Fox. Watching the English: The Hidden Rules of Behaviour (2004)";"Kate Fox";"";"Watching the English: The Hidden Rules of Behaviour";"2004";"учебно-научная";"";"";"";"";"";"омонимия не снята";"Watching the English: The Hidden Rules of Behaviour";"Кейт Фокс";"Наблюдая за англичанами: скрытые правила поведения";"";"2008";"9658";"258647";"4829";"135556";"rus";"rus";"Великобритания";"";"Для англичан — это доказанные, неопровержимые факты, такие же точные и бесспорные, как дважды два четыре или законы физики.";"e942a1d8208258b0803d634c38c69929:6853:11";" To the English, these are established, incontrovertible facts; they are on a par with two-plus-two-is-four and the laws of physics. ";"eng"
" ,отч еони ен ьтыб анжлод ,ястеемузар";"как";"разумеется, должна быть не иное что,";"как";" ";"дважды два четыре, то есть формула";"Ф. М. Достоевский. Записки из подполья (1864)";"Ф. М. Достоевский";"1821";"Записки из подполья";"1864";"художественная";"";"";"";"";"";"омонимия не снята";"Записки из подполья";"Fedor Dostoevsky";"Notes from the underground";"";"1961";"5404";"86045";"2702";"38022";"rus";"eng";"США";"";"И кто знает (поручиться нельзя), может быть, что и вся-то цель на земле, к которой человечество стремится, только и заключается в одной этой беспрерывности процесса достижения, иначе сказать в самой жизни, а не собственно в цели, которая, разумеется, должна быть не иное что, как дважды два четыре, то есть формула, а ведь дважды два четыре есть уже не жизнь, господа, а начало смерти.";"8b075a8a5cc7f9e03aa598711a555c4a:948:44";" And who knows (there is no saying with certainty), perhaps the only goal on earth to which mankind is striving lies in this incessant process of attaining, in other words, in life itself, and not in the thing to be attained, which must always be expressed as a formula, as positive as twice two makes four, and such positiveness is not life, gentlemen, but is the beginning of death. ";"eng"
" ,увоселоП вазакоД ";"как";"Доказав Полесову,";"как";" ";"дважды два ― четыре, что муки в";"И. А. Ильф, Е. П. Петров. Двенадцать стульев (1927)";"И. А. Ильф, Е. П. Петров";"1897, 1903";"Двенадцать стульев";"1927";"художественная";"";"";"";"";"";"омонимия не снята";"Двенадцать стульев";"Ilya Ilf, Evgeny Petrov";"The Twelve Chairs";"";"1961";"14010";"182628";"7005";"79262";"rus";"eng";"";"";"Доказав Полесову, как дважды два ― четыре, что муки в городе сколько угодно и что нечего устраивать панику, граждане бежали домой, брали все наличные деньги и присоединялись к мучной очереди.";"4ebb3a11b88ee1de62c62bd600095408:8858:2";" Having proved to him as easily as pie that there was as much flour available as they required and that there was no need to panic, the citizens ran home, collected all their ready cash, and joined the flour queue. ";"eng"
" ,асачлоп в и ― мищин еинеми еовс";"как";"свое имение нищим ― и в полчаса,";"как";" ";"дважды два четыре, Я доказал, что";"Леонид Андреев. Дневник Сатаны (1918-1919)";"Леонид Андреев";"1871";"Дневник Сатаны";"1918-1919";"художественная";"";"";"";"";"";"омонимия не снята";"Дневник Сатаны";"Leonid Andreev";"Satan’s Diary";"";"1920";"7962";"100903";"3981";"44165";"rus";"eng";"США";"";"Темой Моей, или ""текстом"", было обращение Иисуса к богатому юноше с предложением раздать все свое имение нищим ― и в полчаса, как дважды два четыре, Я доказал, что любовь к ближним наилучшее помещение для капитала.";"bec29f15dcab8702eb1ebffdc6081f03:1500:20";" I took as my subject or “text” Jesus'advice to the rich youth to distribute his wealth among the poor-and in not more than half an hour, I demonstrated as conclusively as 2 and 2 make 4, that love of one's neighbor is the all important thing. ";"eng"
" ,алазакод и алитумс хесв огеовс акызя";"как";"языка своего всех смутила и доказала,";"как";" ";"дважды два четыре, что такая невеста";"С. Т. Аксаков. Семейная хроника (1856)";"С. Т. Аксаков";"1791";"Семейная хроника";"1856";"художественная";"";"";"";"";"";"омонимия не снята";"Семейная хроника";"Sergey Aksakov";"A Russian Gentleman";"";"1917";"5024";"147698";"2512";"64418";"rus";"eng";"Великобритания";"";"― Александра Степановна, которая заправляла всем делом, с помощью бойкого и ядовитого языка своего всех смутила и доказала, как дважды два четыре, что такая невеста, как Софья Николавна, ― совершенная беда для них; ""что она, пожалуй, и Степана Михайловича приворотит, и тогда все они пропали; следовательно, надо употребить все усилия, чтобы Алексей Степаныч не женился на Софье Николавне"".";"f9791504e6bbec59b8a5bbd1258292ee:1716:17";" Alexandra managed the whole affair; her glib and wicked tongue frightened them all and soon proved to them, beyond all possibility of doubt, that such a marriage was a terrible misfortune for them. ""Likely enough, she will get round Stepan Mihailovitch himself, and then we're all done for; we must leave no stone unturned to prevent the marriage. """;"eng"
" ,онся отЭ ";"как";"Это ясно,";"как";" ";"дважды два четыре, ваша правда, только";"Jack London. The Burning Daylight (1910)";"Jack London";"1876";"The Burning Daylight";"1910";"художественная";"";"";"";"";"";"омонимия не снята";"The Burning Daylight";"Джек Лондон";"Время-не-ждет";"";"1956";"14758";"209384";"7379";"114448";"rus";"rus";"США";"";"Это ясно, как дважды два четыре, ваша правда, только мне это никогда в голову не приходило.";"11d7865e51a07f08a30dd98fb7d68095:11919:2";" ""That's all as clear as print, and you're correcter than I ever guessed before. ";"eng"
" ,отсорп еж кат отэ ,уН ― ";"как";"― Ну, это так же просто,";"как";" ";"дважды два четыре, и так же";"Mark Twain. The Adventures of Huckleberry Finn (1884)";"Mark Twain";"1835";"The Adventures of Huckleberry Finn";"1884";"художественная";"";"";"";"";"";"омонимия не снята";"The Adventures of Huckleberry Finn";"Марк Твен";"Приключения Гекльберри Финна";"";"1950";"12080";"203856";"6040";"112742";"rus";"rus";"США";"";"― Ну, это так же просто, как дважды два четыре, и так же легко, как не учить уроков.";"46b4d09a41c99ac2c036814a48684159:9793:5";" ""It's as simple as tit-tat-toe, three-in-a-row, and as easy as playing hooky. ";"eng"
" ,онся отэ ― тяотс ен сав йогурд";"как";"другой вас не стоят ― это ясно,";"как";" ";"дважды два ― четыре.";"И. С. Тургенев. Переписка (1844-1854)";"И. С. Тургенев";"1818";"Переписка";"1844-1854";"художественная";"";"";"";"";"";"омонимия не снята";"Переписка";"Ivan Turgenev";"A Correspondence";"";"";"1302";"21274";"651";"9292";"rus";"eng";"Великобритания";"";"Ни тот, ни другой вас не стоят ― это ясно, как дважды два ― четыре.";"b8a7c6ed9ba6b17748a7bf5ed54bea82:862:9";" Neither of them is worthy of you — that's as clear as that twice two makes four. ";"eng"
