"Reversed left context";"Reversed center";"Left context";"Center";"Punct";"Right context";"Title";"Author";"Birthday";"Header";"Created";"Sphere";"Type";"Topic";"Publication";"Publ_year";"Medium";"Ambiguity";"Header";"Author_trans";"Header_trans";"Translator";"Date_trans";"Sentences";"Words";"Orig_sentences";"Orig_words";"Lang";"Lang_trans";"Lang_variant";"Dialect";"Full context";"Example source";"Para context 1";"Lang 1"
" аледис ыб я дазан цясем ещЕ";"как";"Еще месяц назад я бы сидела";"как";" ";"на иголках.";"Emma Cline. The Girls (2016)";"Emma Cline";"1989";"The Girls";"2016";"художественная";"";"";"";"";"";"омонимия не снята";"The Girls";"Эмма Клайн";"Девочки";"";"2017";"12230";"150185";"6115";"80741";"rus";"rus";"США";"";"Еще месяц назад я бы сидела как на иголках.";"ef632e22541e74a23699105fe920de5b:9805:6";" How I would have been, a month ago, tense with expectation. ";"eng"
" мат ледис ,адварп ,лешоп еж есв";"как";"все же пошел, правда, сидел там";"как";" ";"на иголках, желая поскорее вернуться домой";"Jim Hutton. Mercury and Me (2013)";"Jim Hutton";"1949";"Mercury and Me";"2013";"публицистика";"мемуары";"искусство и культура";"";"";"";"омонимия не снята";"Mercury and Me";"Джим Хаттон";"Меркьюри и я";"";"2019";"9842";"135558";"4921";"75220";"rus";"rus";"США";"";"Но все же пошел, правда, сидел там как на иголках, желая поскорее вернуться домой и проверить, как я себя чувствую.";"418e3813ee181bc0782a6f1a5bef0f1d:3281:7";" They did go, though, but Freddie spent most of the time wanting to get back to see how I was. ";"eng"
" лыб онвар есв ,етатьлузер в яславенмос";"как";"сомневался в результате, все равно был";"как";" ";"на иголках: один шанс на миллион";"Jim Hutton. Mercury and Me (2013)";"Jim Hutton";"1949";"Mercury and Me";"2013";"публицистика";"мемуары";"искусство и культура";"";"";"";"омонимия не снята";"Mercury and Me";"Джим Хаттон";"Меркьюри и я";"";"2019";"9842";"135558";"4921";"75220";"rus";"rus";"США";"";"Хотя я не сомневался в результате, все равно был как на иголках: один шанс на миллион, что результат первого теста окажется ошибочным.";"418e3813ee181bc0782a6f1a5bef0f1d:7791:9";" Although I knew what the result would be, I was a bundle of nerves. It was a one-in-a-million chance that the result of the first test had been a mistake. ";"eng"
" иледис удоран овтснишьлоб оН ";"как";"Но большинство народу сидели";"как";" ";"на иголках, наверное, из-за Дня Купидона";"Lauren Oliver. Before I fall (2010)";"Lauren Oliver";"1982";"Before I fall";"2010";"художественная";"";"";"";"";"";"омонимия не снята";"Before I fall";"Лорен Оливер";"Прежде чем я упаду";"";"2017";"17506";"210817";"8753";"120458";"rus";"rus";"США";"";"Но большинство народу сидели как на иголках, наверное, из-за Дня Купидона, а Даймлеру на самом деле все равно…";"9bb065fd6edd02c58f47e9712e4e06d6:13531:4";" But mostly everyone was a little bit antsy, I think because of Cupid Day, and Daimler didn't really care that'' ";"eng"
" ябес ьшеувтсвуч ыт ,иицаутис йобюл в";"как";"в любой ситуации, ты чувствуешь себя";"как";" ";"на иголках.";"André Aciman. Call me by your name (2007)";"André Aciman";"1951";"Call me by your name";"2007";"художественная";"";"";"";"";"";"омонимия не снята";"Call me by your name";"Андре Асиман";"Назови меня своим именем";"";"2019";"10388";"141170";"5194";"78458";"rus";"rus";"США";"";"И хуже всего то, что несмотря на наличие опыта, чувства юмора и способности преодолевать робость в любой ситуации, ты чувствуешь себя как на иголках.";"a58f2ae2382079b450a9d886ae9c0c27:7751:21";" And the worst thing is that, with all your experience and your sense of irony and your ability to overcome shyness wherever it threatens to crop up, you feel totally stranded. ";"eng"
" ледис ноР ";"как";"Рон сидел";"как";" ";"на иголках, а Лаванда вдруг сказала";"J. K. Rowling. Harry Potter and the Prisoner of Azkaban (1999)";"J. K. Rowling";"1965";"Harry Potter and the Prisoner of Azkaban";"1999";"художественная";"";"";"";"";"";"омонимия не снята";"Harry Potter and the Prisoner of Azkaban";"Дж. К. Роулинг";"Гарри Поттер и узник Азкабана";"";"2002";"16396";"194597";"8198";"108830";"rus";"rus";"Великобритания";"";"Рон сидел как на иголках, а Лаванда вдруг сказала: — Но ведь Невилл всё-таки разбил чашку! Как это объяснить?";"89bcf033d380f4be17459dd58609ff8f:3815:2";" Ron still looked worried, and Lavender whispered,‘ But what about Neville's cup?' ";"eng"
" ,иледис ино анижу елсоП ";"как";"После ужина они сидели,";"как";" ";"на иголках, в креслах общей гостиной.";"J. K. Rowling. Harry Potter and the Sorcerer’s Stone (1997)";"J. K. Rowling";"1965";"Harry Potter and the Sorcerer’s Stone";"1997";"художественная";"";"";"";"";"";"омонимия не снята";"Harry Potter and the Sorcerer’s Stone";"Дж. К. Роулинг";"Гарри Поттер и Волшебный камень";"";"2001";"12950";"147101";"6475";"78303";"rus";"rus";"Великобритания";"";"После ужина они сидели, как на иголках, в креслах общей гостиной.";"12b754d39037221c39040f54b069cffc:11127:4";" After dinner the three of them sat nervously apart in the common room. ";"eng"
" ,ябес алавовтсвуч ежу я и ,ьтацдирт";"как";"тридцать, и я уже чувствовала себя,";"как";" ";"на иголках.";"Janet Evanovich. Two for the Dough (1996)";"Janet Evanovich";"1943";"Two for the Dough";"1996";"художественная";"";"";"";"";"";"омонимия не снята";"Two for the Dough";"Джанет Иванович";"Денежки дважды имеют значение";"";"2009";"16714";"151889";"8357";"82078";"rus";"rus";"США";"";"К тому моменту, как вернулся Морелли, было девять тридцать, и я уже чувствовала себя, как на иголках.";"870b652622bfc06abf6de04c83fd1a0e:8541:14";" By the time Morelli got back to me it was nine-thirty, and I was feeling restless. ";"eng"
" леворп я ярбакед оготяп ьнед ьсеВ";"как";"Весь день пятого декабря я провел";"как";" ";"на иголках.";"Владимир Буковский. «И возвращается ветер…» (1978)";"Владимир Буковский";"1942";"«И возвращается ветер…»";"1978";"публицистика";"";"";"";"";"";"омонимия не снята";"«И возвращается ветер…»";"Vladimir Bukovsky";"To build the castle. My life as a dissenter";"";"1979";"16614";"269869";"8307";"118447";"rus";"eng";"Великобритания";"";"Весь день пятого декабря я провел как на иголках.";"848ab4fe8251c23892099a6a4b79f2fa:9308:6";" All through December 5 I was on tenterhooks. ";"eng"
" ямерв есв я ябет зереЧ ";"как";"Через тебя я все время";"как";" ";"на иголках!";"John Steinbeck. Of Mice and Men (1937)";"John Steinbeck";"1902";"Of Mice and Men";"1937";"художественная";"";"";"";"";"";"омонимия не снята";"Of Mice and Men";"Джон Стейнбек";"О мышах и людях";"";"1965";"4240";"53537";"2120";"30427";"rus";"rus";"США";"";"Через тебя я все время как на иголках!";"a263fce8b9cdb67296948f0143b99f15:487:5";" You keep me in hot water all the time. """;"eng"
" ,халзок ан теазре аноИ ";"как";"Иона ерзает на козлах,";"как";" ";"на иголках, тыкает в стороны локтями";"А. П. Чехов. Тоска (1886)";"А. П. Чехов";"1860";"Тоска";"1886";"художественная";"";"";"";"";"";"омонимия не снята";"Тоска";"Anton Chekhov";"Misery";"";"1900-1930";"388";"3571";"194";"1455";"rus";"eng";"Великобритания";"";"Иона ерзает на козлах, как на иголках, тыкает в стороны локтями и водит глазами, как угорелый, словно не понимает, где он и зачем он здесь.";"151e9e3c902362504acf2806de511ffb:62:4";" Iona fidgets on the box as though he were sitting on thorns, jerks his elbows, and turns his eyes about like one possessed as though he did not know where he was or why he was there. ";"eng"
" ледис но ;яиныну ежад …яинепретен ,яинещумс";"как";"смущения, нетерпения… даже уныния; он сидел";"как";" ";"на иголках, пытался говорить ― и умолкал";"И. С. Тургенев. Новь (1877)";"И. С. Тургенев";"1818";"Новь";"1877";"художественная";"";"";"";"";"";"омонимия не снята";"Новь";"Ivan Turgenev";"Virgin Soil";"";"1929";"13114";"171448";"6557";"76108";"rus";"eng";"Великобритания";"";"Черты лица у Нежданова были, правда, гораздо красивее и приятнее, чем у Соломина; но самое лицо выражало смесь различных тревожных ощущений: досады, смущения, нетерпения… даже уныния; он сидел как на иголках, пытался говорить ― и умолкал, усмехался нервически…";"18fa54af30364a96799683ef7d1894f9:7312:28";" Nejdanov's face was, it is true, handsomer and pleasanter to look at than Solomin's, but the very face expressed a medley of troubled sensations: embarrassment, annoyance, impatience, and even dejection, He seemed to be sitting on hot coals; tried to speak, but did not, and laughed nervously. ";"eng"
" илыб ыв иивтстусирп меом в ьдеВ";"как";"Ведь в моем присутствии вы были";"как";" ";"на иголках, никогда еще не видела";"Robert Louis Stevenson. Catriona (1893)";"Robert Louis Stevenson";"1850";"Catriona";"1893";"художественная";"";"";"";"";"";"омонимия не снята";"Catriona";"Роберт Луис Стивенсон";"Катриона";"";"1967";"10076";"182510";"5038";"101252";"rus";"rus";"Великобритания";"";"Ведь в моем присутствии вы были как на иголках, никогда еще не видела молодого человека, который так жаждал бы избавиться от своих дам, то есть от меня и двух моих сестер. Но, оказывается, вы все-таки обратили на меня внимание и соизволили высказаться о моей красоте.";"2952b62afab51e809220d50458ae5cad:6231:6";" When you was in my society, you seemed upon hot iron: by all marks, if ever I saw a young man that wanted to be gone, it was yourself, and I and my two sisters were the ladies you were so desirous to be gone from; and now it appeared you had given me some notice in the by-going, and was so kind as to comment on my attractions! ";"eng"
" етерак йеовс в аледис и ииненлов";"как";"волнении и сидела в своей карете";"как";" ";"на иголках.";"Ф. М. Достоевский. Дядюшкин сон (1858-1859)";"Ф. М. Достоевский";"1821";"Дядюшкин сон";"1858-1859";"художественная";"";"";"";"";"";"омонимия не снята";"Дядюшкин сон";"Fedor Dostoevsky";"Uncle’s Dream";"";"1888";"3544";"60649";"1772";"27037";"rus";"eng";"Великобритания";"";"Вообще она была в ужасном волнении и сидела в своей карете как на иголках.";"270fbf2bb2c0cf74933411460b3da0a0:2050:11";" She was in a great state of agitation, and sat in her carriage as if on pins and needles. ";"eng"
" ыМ ";"как";"Мы";"как";" ";"на иголках сидели, пока он вертелся";"Robert Louis Stevenson. Kidnapped (1886)";"Robert Louis Stevenson";"1850";"Kidnapped";"1886";"художественная";"";"";"";"";"";"омонимия не снята";"Kidnapped";"Роберт Луис Стивенсон";"Похищенный";"";"1967";"7020";"146548";"3510";"80444";"rus";"rus";"Великобритания";"";"Мы как на иголках сидели, пока он вертелся рядом и досаждал нам расспросами; а когда ушел, не чаяли, как бы самим поскорей выбраться отсюда, потому что пьянчуга был не из тех, кто умеет держать язык за зубами.";"b1442d947f941d6612bea226225d7e39:6149:1";" As long as he stayed there he kept us in hot water with prying questions; and after he was gone, as he was a man not very likely to hold his tongue, we were in the greater impatience to be gone ourselves. ";"eng"
" ледис Я ";"как";"Я сидел";"как";" ";"на иголках и смотрел на него";"Mark Twain. The Adventures of Huckleberry Finn (1884)";"Mark Twain";"1835";"The Adventures of Huckleberry Finn";"1884";"художественная";"";"";"";"";"";"омонимия не снята";"The Adventures of Huckleberry Finn";"Марк Твен";"Приключения Гекльберри Финна";"";"1950";"12080";"203856";"6040";"112742";"rus";"rus";"США";"";"Я сидел как на иголках и смотрел на него во все глаза.";"46b4d09a41c99ac2c036814a48684159:7481:2";" I was in a sweat then, and watched him pretty keen. ";"eng"
" иледис есв и ,укьнохитоп лавиравогзар отк-еок";"как";"кое-кто разговаривал потихоньку, и все сидели";"как";" ";"на иголках, всем было не по";"Mark Twain. The Adventures of Huckleberry Finn (1884)";"Mark Twain";"1835";"The Adventures of Huckleberry Finn";"1884";"художественная";"";"";"";"";"";"омонимия не снята";"The Adventures of Huckleberry Finn";"Марк Твен";"Приключения Гекльберри Финна";"";"1950";"12080";"203856";"6040";"112742";"rus";"rus";"США";"";"Они тоже расселись по всей комнате; кое-кто разговаривал потихоньку, и все сидели как на иголках, всем было не по себе, хотя они старались этого не показывать; только я-то видел, потому что они то снимут шляпы, то наденут, то почешут в затылке, и пересаживаются все время с места на место, и перебирают пуговицы.";"46b4d09a41c99ac2c036814a48684159:11315:12";" They was setting around, some of them talking a little, in a low voice, and all of them fidgety and uneasy, but trying to look like they warn't; but I knowed they was, because they was always taking off their hats, and putting them on, and scratching their heads, and changing their seats, and fumbling with their buttons. ";"eng"
" иледис отч ,еындяран еикат и еыннасечирп";"как";"причесанные и такие нарядные, что сидели";"как";" ";"на иголках и маялись невыносимо; неуклюжие";"Mark Twain. The Adventures of Tom Sawyer (1876)";"Mark Twain";"1835";"The Adventures of Tom Sawyer";"1876";"художественная";"";"";"";"";"";"омонимия не снята";"The Adventures of Tom Sawyer";"Марк Твен";"Приключения Тома Сойера";"";"1950";"10168";"129719";"5084";"70911";"rus";"rus";"США";"";"Слева от учительского места, позади зрителей, возвышалась просторная эстрада, на которой сидели школьники, участвующие в программе: маленькие мальчики, умытые, причесанные и такие нарядные, что сидели как на иголках и маялись невыносимо; неуклюжие верзилы; белоснежные ряды девочек и разряженные в батист и кисею взрослые барышни, которые стеснялись своих голых рук в старинных бабушкиных браслетах, розовых и голубых бантов и цветов в волосах.";"0b5f9ea369c4ee04fa231a91cd8b5b5a:5959:25";" To his left, back of the rows of citizens, was a spacious temporary platform upon which were seated the scholars who were to take part in the exercises of the evening; rows of small boys, washed and dressed to an intolerable state of discomfort; rows of gawky big boys; snowbanks of girls and young ladies clad in lawn and muslin and conspicuously conscious of their bare arms, their grandmothers'ancient trinkets, their bits of pink and blue ribbon and the flowers in their hair. ";"eng"
