"Reversed left context";"Reversed center";"Left context";"Center";"Punct";"Right context";"Title";"Author";"Birthday";"Header";"Created";"Sphere";"Type";"Topic";"Publication";"Publ_year";"Medium";"Ambiguity";"Header";"Author_trans";"Header_trans";"Translator";"Date_trans";"Sentences";"Words";"Orig_sentences";"Orig_words";"Lang";"Lang_trans";"Lang_variant";"Dialect";"Full context";"Example source";"Para context 1";"Lang 1"
" тедйорп есв яндогес — ,ано алазакс — ,оксаВ";"как";"Васко, — сказала она, — сегодня все пройдет";"как";" ";"по нотам.";"Michael Crichton. NEXT (2006)";"Michael Crichton";"1942";"NEXT";"2006";"художественная";"";"";"";"";"";"омонимия не снята";"NEXT";"Майкл Крайтон";"NEXT";"";"2007";"21110";"215480";"10555";"109512";"rus";"rus";"США";"";"— Васко, — сказала она, — сегодня все пройдет как по нотам.";"9bebd6418c70982072881b587bbcbc96:13203:6";" “Vasco,” she said. “Everything's going to be fine today.” ";"eng"
" тачувз иголаид еигонм отч ,етитемаз ыв";"как";"вы заметите, что многие диалоги звучат";"как";" «";"по нотам», в том смысле, что";"Kate Fox. Watching the English: The Hidden Rules of Behaviour (2004)";"Kate Fox";"";"Watching the English: The Hidden Rules of Behaviour";"2004";"учебно-научная";"";"";"";"";"";"омонимия не снята";"Watching the English: The Hidden Rules of Behaviour";"Кейт Фокс";"Наблюдая за англичанами: скрытые правила поведения";"";"2008";"9658";"258647";"4829";"135556";"rus";"rus";"Великобритания";"";"Если вы часами будете сидеть в пабах, вслушиваясь в болтовню посетителей, вы заметите, что многие диалоги звучат как «по нотам», в том смысле, что они ведутся по определенным схемам в соответствии со строгими правилами, которым сами собеседники подчиняются неосознанно.";"e942a1d8208258b0803d634c38c69929:1935:17";" If you spend hundreds of hours sitting eavesdropping in pubs, you will notice that many pub conversations could be described as' choreographed', in the sense that they follow a prescribed pattern, and are conducted in accordance with strict rules – although participants are not conscious of this, and obey the rules instinctively. ";"eng"
" отсорп ,онаргызар онсаркерП ― ";"как";"― Прекрасно разыграно, просто";"как";" ";"по нотам, ― сказал Тибинг, когда машина";"Dan Brown. The Da Vinci Code (2003)";"Dan Brown";"1964";"The Da Vinci Code";"2003";"художественная";"";"";"";"";"";"омонимия не снята";"The Da Vinci Code";"Дэн Браун";"Код Да Винчи";"";"2004";"23810";"268080";"11905";"139806";"rus";"rus";"США";"";"― Прекрасно разыграно, просто как по нотам, ― сказал Тибинг, когда машина, набирая скорость, помчалась к выезду из аэропорта.";"add6866690bf4af011e7eb199aba2d38:17557:3";" ""Well played, my good man, ""Teabing chimed from the rear seat as the limousine accelerated out of the airport. ";"eng"
" олшоп есв ешьлаД ";"как";"Дальше все пошло";"как";" ";"по нотам.";"Владимир Буковский. «И возвращается ветер…» (1978)";"Владимир Буковский";"1942";"«И возвращается ветер…»";"1978";"публицистика";"";"";"";"";"";"омонимия не снята";"«И возвращается ветер…»";"Vladimir Bukovsky";"To build the castle. My life as a dissenter";"";"1979";"16614";"269869";"8307";"118447";"rus";"eng";"Великобритания";"";"Это-то мне и требовалось ― документ с упоминанием ""допуска"".  Дальше все пошло как по нотам.  ― Какой допуск?";"848ab4fe8251c23892099a6a4b79f2fa:14558:3";" This was what I needed, a document with a reference to the “permit.  After that it was plain sailing.  “What permit? ";"eng"
" ,ястеаргызар есв ,елаз в тедуб ,тедирп";"как";"придет, будет в зале, все разыграется,";"как";" ";"по нотам: сначала выступит Лева, потом";"Юрий Трифонов. Нетерпение (1973)";"Юрий Трифонов";"1925";"Нетерпение";"1973";"художественная";"";"";"";"";"";"омонимия не снята";"Нетерпение";"Yury Trifonov";"The Impatient Ones";"";"1978";"20840";"309076";"10420";"126143";"rus";"eng";"Великобритания";"";"И они знали, что он придет, будет в зале, все разыграется, как по нотам: сначала выступит Лева, потом Папий, потом Лева разбросает прокламации.";"c51f594667acb50310461738d88d3ce4:18256:11";" And they knew that he would be coming, would be in the hall, and everything would go according to plan. First, Lev would speak, then Papiy, then Lev would scatter the proclamations. ";"eng"
" ларгызар есВ ";"как";"Все разыграл";"как";" ";"по нотам.";"Theodore Dreiser. The Financier (1912)";"Theodore Dreiser";"1871";"The Financier";"1912";"художественная";"";"";"";"";"";"омонимия не снята";"The Financier";"Теодор Драйзер";"Финансист";"";"1944";"23456";"363269";"11728";"196713";"rus";"rus";"США";"";"— Видишь ли, — глухо отвечал Батлер, — я всегда полагал, что этот молодой человек умен, но что он такой пройдоха, я не думал.  Все разыграл как по нотам.  Да и ты, я вижу, тоже не из простачков, а?";"2e33158397b70dd397e746e464f37657:8415:2";" ""Now you know, ""observed Butler, thickly and solemnly, ""I always thought that young felly was clever, but I hardly thought he was as clever as all that.  So that's his game.  You're pretty shrewd yourself, aren't you? ";"eng"
" ,леп ьтсоГ ";"как";"Гость пел,";"как";" ";"по нотам, но всё время, пока";"Ф. М. Достоевский. Вечный муж (1870)";"Ф. М. Достоевский";"1821";"Вечный муж";"1870";"художественная";"";"";"";"";"";"омонимия не снята";"Вечный муж";"Fedor Dostoevsky";"The Permanent Husband";"";"1888";"4814";"88044";"2407";"39594";"rus";"eng";"Великобритания";"";"Гость пел, как по нотам, но всё время, пока изъяснялся, глядел в землю, хотя, конечно, всё видел и вверху.";"201374da9375508f76b469b8d76b7089:580:2";" The guest sang all this out as though he were reading it from music, but kept his eyes fixed on the ground the while, although, of course, he saw what was going on above his eyelashes exceedingly well all the same. ";"eng"
