"Reversed left context";"Reversed center";"Left context";"Center";"Punct";"Right context";"Title";"Author";"Birthday";"Header";"Created";"Sphere";"Type";"Topic";"Publication";"Publ_year";"Medium";"Ambiguity";"Header";"Author_trans";"Header_trans";"Translator";"Date_trans";"Sentences";"Words";"Orig_sentences";"Orig_words";"Lang";"Lang_trans";"Lang_variant";"Dialect";"Full context";"Example source";"Para context 1";"Lang 1"
" ябес лавовтсвуч но ,вотнатьлуснок и ворежденем";"как";"менеджеров и консультантов, он чувствовал себя";"как";" ";"рыба в воде.";"Jim Hutton. Mercury and Me (2013)";"Jim Hutton";"1949";"Mercury and Me";"2013";"публицистика";"мемуары";"искусство и культура";"";"";"";"омонимия не снята";"Mercury and Me";"Джим Хаттон";"Меркьюри и я";"";"2019";"9842";"135558";"4921";"75220";"rus";"rus";"США";"";"Вышагивая вдоль вереницы кланяющихся менеджеров и консультантов, он чувствовал себя как рыба в воде.";"418e3813ee181bc0782a6f1a5bef0f1d:2751:10";" He was in his element as he was greeted by an endless line of meticulously attentive managers and sales assistants. ";"eng"
" екитилоп в ябес яащюувтсвуч ,яатагоБ ";"как";"Богатая, чувствующая себя в политике";"как";" ";"рыба в воде, обладающая нужными связями";"Siddhartha Mukherjee. The Emperor of All Maladies. A Biography of Cancer (2011)";"Siddhartha Mukherjee";"1970";"The Emperor of All Maladies. A Biography of Cancer";"2011";"учебно-научная";"";"наука и технологии, здоровье и медицина";"";"";"";"омонимия не снята";"The Emperor of All Maladies. A Biography of Cancer";"Сиддхартха Мукерджи";"Царь всех болезней. Биография рака";"";"2012";"10690";"205939";"5345";"111070";"rus";"rus";"США";"";"Богатая, чувствующая себя в политике как рыба в воде, обладающая нужными связями, она обедала с Рокфеллерами, танцевала с Трумэнами, ужинала с Кеннеди и дружила с женой Линдона Б. Джонсона.";"42c82d58db98365a3d4a1fd04bf10aed:3705:5";" Wealthy, politically savvy, and well connected, she lunched with the Rockefellers, danced with the Trumans, dined with the Kennedys, and called Lady Bird Johnson by her first name. ";"eng"
" юувтсвуч ябес я от-ьрепеТ ";"как";"Теперь-то я себя чувствую";"как";" ";"рыба в воде.";"Davies Hunter. The Beatles (2009)";"Davies Hunter";"1936";"The Beatles";"2009";"публицистика";"";"частная жизнь, искусство и культура";"";"";"";"омонимия не снята";"The Beatles";"Дэвис Хантер";"Битлз. Авторизованная биография";"";"2017";"19102";"256628";"9551";"135825";"rus";"rus";"США";"";"Теперь-то я себя чувствую как рыба в воде.";"709f915a7285306ee9b879f3b13bd5b0:13291:5";" Now I've taken to it like a duck to water. ";"eng"
" волаутир ямерв ов ябес ьтавовтсвуч ынжлод";"как";"должны чувствовать себя во время ритуалов";"как";" ";"рыба в воде. Помпезность, церемонность — это";"Kate Fox. Watching the English: The Hidden Rules of Behaviour (2004)";"Kate Fox";"";"Watching the English: The Hidden Rules of Behaviour";"2004";"учебно-научная";"";"";"";"";"";"омонимия не снята";"Watching the English: The Hidden Rules of Behaviour";"Кейт Фокс";"Наблюдая за англичанами: скрытые правила поведения";"";"2008";"9658";"258647";"4829";"135556";"rus";"rus";"Великобритания";"";"Еще один заокеанский респондент высказался так «Мне всегда казалось, что англичане должны чувствовать себя во время ритуалов как рыба в воде. Помпезность, церемонность — это все их стихия.";"e942a1d8208258b0803d634c38c69929:8267:17";" Another transatlantic informant told me,' I'd always thought the English were supposed to be good at ritual – you know, pomp and ceremony and all that. ";"eng"
" мат ябес теувтсвуч нО ";"как";"Он чувствует себя там";"как";" ";"рыба в воде.";"Tess Gerritsen. The Apprentice (2002)";"Tess Gerritsen";"1953";"The Apprentice";"2002";"художественная";"";"";"";"";"";"омонимия не снята";"The Apprentice";"Тесс Герритсен";"Ученик";"";"2015";"18404";"175484";"9202";"95891";"rus";"rus";"США";"";"Он чувствует себя там как рыба в воде.";"259906a1aefabd07197b474ca45aed68:16339:4";" Places where he'd feel right at home.” ";"eng"
" ьседз я ьрепет оН ";"как";"Но теперь я здесь";"как";" ";"рыба в воде, что, вообще говоря";"Stephen Chbosky. The Perks of Being a Wallflower (1999)";"Stephen Chbosky";"1970";"The Perks of Being a Wallflower";"1999";"художественная";"";"";"";"";"";"омонимия не снята";"The Perks of Being a Wallflower";"Стивен Чбоски";"Хорошо быть тихоней";"";"2013";"11182";"114915";"5591";"63141";"rus";"rus";"США";"";"Но теперь я здесь как рыба в воде, что, вообще говоря, довольно странно.";"260e3ece542707bb2e93321616ef7e32:8473:4";" Today, I feel good, so that's kind of funny. ";"eng"
" ,онмушсеб ,аругиф яанреч ьсаляндоп емьт оВ";"как";"Во тьме поднялась черная фигура, бесшумно,";"как";" ";"рыба в воде, поплыла к двери";"Максим Горький. Женщина (1913)";"Максим Горький";"1868";"Женщина";"1913";"художественная";"";"";"";"";"";"омонимия не снята";"Женщина";"Maxime Gorky";"A Woman";"";"1921";"1358";"20538";"679";"7419";"rus";"eng";"Великобритания";"";"Во тьме поднялась черная фигура, бесшумно, как рыба в воде, поплыла к двери, исчезла.";"9dc999f865d2a86002602cf712b3aa86:640:6";" Amid the darkness a black shape rises. It does so as soundlessly as a fish in a pond, glides to the door, and disappears. ";"eng"
" лыб окнещыдреФ ,мынижогоР с ьлетяирп лыб";"как";"был приятель с Рогожиным, Фердыщенко был";"как";" ";"рыба в воде; Ганечка всё еще";"Ф. М. Достоевский. Идиот (1868-1869)";"Ф. М. Достоевский";"1821";"Идиот";"1868-1869";"художественная";"";"";"";"";"";"омонимия не снята";"Идиот";"Fedor Dostoevsky";"The Idiot";"";"1915";"23994";"441819";"11997";"200886";"rus";"eng";"Великобритания";"";"Что же касается мужчин, то Птицын, например, был приятель с Рогожиным, Фердыщенко был как рыба в воде; Ганечка всё еще в себя прийти не мог, но хоть смутно, а неудержимо сам ощущал горячечную потребность достоять до конца у своего позорного столба; старичок учитель, мало понимавший в чем дело, чуть не плакал и буквально дрожал от страха, заметив какую-то необыкновенную тревогу кругом и в Настасье Филипповне, которую обожал, как свою внучку; но он скорее бы умер, чем ее в такую минуту покинул.";"02acae359836f47f703b337b87151cb4:6310:13";" As for the men, Ptitsin was one of Rogojin's friends; Ferdishenko was as much at home as a fish in the sea, Gania, not yet recovered from his amazement, appeared to be chained to a pillory. The old professor did not in the least understand what was happening; but when he noticed how extremely agitated the mistress of the house, and her friends, seemed, he nearly wept, and trembled with fright: but he would rather have died than leave Nastasia Philipovna at such a crisis, for he loved her as if she were his own granddaughter. ";"eng"
" ,но отч ,юанз я ,оге юанз";"как";"знаю его, я знаю, что он,";"как";" ";"рыба в воде, плавает и наслаждается";"Л. Н. Толстой. Анна Каренина (ч. 1-4) (1878)";"Л. Н. Толстой";"1828";"Анна Каренина (ч. 1-4)";"1878";"художественная";"";"";"";"";"";"омонимия не снята";"Анна Каренина (ч. 1-4)";"Leo Tolstoy";"Anna Karenina (parts 1-4)";"";"1911";"20604";"334050";"10302";"144525";"rus";"eng";"Великобритания";"";"Я знаю его, я знаю, что он, как рыба в воде, плавает и наслаждается во лжи.";"434ebe5d38d7f16f8d773fa3966777b1:13846:7";" I know him; I know that he's at home and is happy in deceit, like a fish swimming in the water. ";"eng"
" ,евтсещбо в окьлот йищувиж ,йонживдоп нидО";"как";"Один подвижной, живущий только в обществе,";"как";" ";"рыба в воде; другой, наш Костя";"Л. Н. Толстой. Анна Каренина (ч. 5-8) (1878)";"Л. Н. Толстой";"1828";"Анна Каренина (ч. 5-8)";"1878";"художественная";"";"";"";"";"";"омонимия не снята";"Анна Каренина (ч. 5-8)";"Leo Tolstoy";"Anna Karenina (parts 5-8)";"";"1911";"17958";"288534";"8979";"125442";"rus";"eng";"Великобритания";"";"― Один подвижной, живущий только в обществе, как рыба в воде; другой, наш Костя, живой, быстрый, чуткий на все, но, как только в обществе, так или замрет, или бьется бестолково, как рыба на земле.";"f7a6706715d8c4ffc53d99eba6fa6a4a:5866:6";" ""One all movement, only living in society, like a fish in water; the other our Kostya, lively, alert, quick in everything, but as soon as he is in society, he either sinks into apathy, or struggles helplessly like a fish on land. """;"eng"
" тут Я ";"как";"Я тут";"как";" ";"рыба в воде.";"Jack London. Martin Eden (1909)";"Jack London";"1876";"Martin Eden";"1909";"художественная";"";"";"";"";"";"омонимия не снята";"Martin Eden";"Джек Лондон";"Мартин Иден";"";"1984";"6748";"96210";"3374";"53634";"rus";"rus";"США";"";"Я могу заниматься сам.  Я тут как рыба в воде.  Вы сами видите, как я справился с грамматикой.";"08312822409a5b08b614c44854349957:3703:2";" I can study by myself.  I take to it kindly, like a duck to water.  You see yourself what I did with grammar. ";"eng"
