"Reversed left context";"Reversed center";"Left context";"Center";"Punct";"Right context";"Title";"Author";"Birthday";"Header";"Created";"Sphere";"Type";"Topic";"Publication";"Publ_year";"Medium";"Ambiguity";"Header";"Author_trans";"Header_trans";"Translator";"Date_trans";"Sentences";"Words";"Orig_sentences";"Orig_words";"Lang";"Lang_trans";"Lang_variant";"Dialect";"Full context";"Example source";"Para context 1";"Lang 1"
" отч ,юаминоп я ,йикьнелиМ ";"как";"Миленький, я понимаю, что";"как";" ";"снег на голову…";"Михаил Елизаров. Библиотекарь (2007)";"Михаил Елизаров";"1973";"Библиотекарь";"2007";"художественная";"";"";"";"";"";"омонимия не снята";"Библиотекарь";"Mikhail Elizarov";"The Librarian";"";"2015";"12806";"167519";"6403";"68297";"rus";"eng";"Великобритания";"";"Миленький, я понимаю, что как снег на голову…";"6cb1f460471f2b708b6e9d91c2d619f3:3148:4";" Dear man, I realize this is a bolt out of the blue… ";"eng"
" адут ясьтилавс и енотреппеШ в ясьтивяоп";"как";"появиться в Шеппертоне и свалиться туда";"как";" ";"снег на голову.";"Davies Hunter. The Beatles (2009)";"Davies Hunter";"1936";"The Beatles";"2009";"публицистика";"";"частная жизнь, искусство и культура";"";"";"";"омонимия не снята";"The Beatles";"Дэвис Хантер";"Битлз. Авторизованная биография";"";"2017";"19102";"256628";"9551";"135825";"rus";"rus";"США";"";"""Битлз"" легкомысленно полагали, что после Девона отснимут какую-то часть ленты в студиях Шеппертона, наивно считая, что могут без предупреждения появиться в Шеппертоне и свалиться туда как снег на голову.";"709f915a7285306ee9b879f3b13bd5b0:12749:25";" They'd blithely expected to do a week in the studios at Shepperton after Devon, thinking you could just turn up. ";"eng"
" ендор ястеавилавс ,днэ-киу ан адут ястеялварпто";"как";"отправляется туда на уик-энд, сваливается родне";"как";" ";"снег на голову.";"Davies Hunter. The Beatles (2009)";"Davies Hunter";"1936";"The Beatles";"2009";"публицистика";"";"частная жизнь, искусство и культура";"";"";"";"омонимия не снята";"The Beatles";"Дэвис Хантер";"Битлз. Авторизованная биография";"";"2017";"19102";"256628";"9551";"135825";"rus";"rus";"США";"";"Пол же сплошь и рядом, если нет Джейн или нет работы, отправляется туда на уик-энд, сваливается родне как снег на голову.";"709f915a7285306ee9b879f3b13bd5b0:17031:17";" But Paul is always going up for the weekend on a sudden whim, if Jane is away and there's no work on. ";"eng"
" янем ан яслилавс ровогзар тотэ ьсеВ";"как";"Весь этот разговор свалился на меня";"как";" ";"снег на голову.";"Lauren Weisberger. The Devil Wears Prada (2003)";"Lauren Weisberger";"1977";"The Devil Wears Prada";"2003";"художественная";"";"";"";"";"";"омонимия не снята";"The Devil Wears Prada";"Лорен Вайсбергер";"Дьявол носит Прада";"";"2006";"17508";"261692";"8754";"142530";"rus";"rus";"США";"";"Весь этот разговор свалился на меня как снег на голову.";"790e2572bdbad061ff7ddeede1926f77:1105:6";" Saying those words had shocked me into semiwakefulness. ";"eng"
" ьсишвилавс ― ледибо оге оньлетивтсйед я ,омидив";"как";"видимо, я действительно его обидел ― свалившись";"как";" ";"снег на голову, пытаясь произвести впечатление";"Robert Sapolsky. A Primate’s Memoir (2001)";"Robert Sapolsky";"1957";"A Primate’s Memoir";"2001";"учебно-научная, публицистика";"";"";"";"";"";"омонимия не снята";"A Primate’s Memoir";"Роберт Сапольски";"Записки примата: Необычайная жизнь учёного среди павианов";"";"2018";"13280";"230051";"6640";"126204";"rus";"rus";"США";"";"Да, видимо, я действительно его обидел ― свалившись как снег на голову, пытаясь произвести впечатление, дать понять, что в животных мы разбираемся и на нас можно положиться, отрекомендовавшись ""это доктор М., а я доктор С."", козыряя прошлыми заслугами.";"3c38f8c8fac54291f66017e902a902a3:8725:7";" I understood, I had offended him, us descending on him, my trying to impress him, letting him know he could trust our competence with his animals, giving him the ""This is Dr. M. and I'm Dr. S., ""reciting our credentials. ";"eng"
" дазан цясем акеладзи от-адукто ясяашвивя ,ынеж";"как";"жены, явившаяся откуда-то издалека месяц назад";"как";" ";"снег на голову, или как родственница";"Саша Соколов. Школа для дураков (1973)";"Саша Соколов";"1943";"Школа для дураков";"1973";"художественная";"";"";"";"";"";"омонимия не снята";"Школа для дураков";"Sasha Sokolov";"А School for Fools";"";"1977";"5334";"126923";"2667";"55223";"rus";"eng";"США";"";"Обед ему готовила дальняя родственница жены, явившаяся откуда-то издалека месяц назад как снег на голову, или как родственница жены, а сама жена у доцента давно умерла, и другой пока не было.";"415b2af8bc2fb16a988987fa6001f138:1792:11";" A distant relative of his wife made his lunch for him: she had dropped in from somewhere very far away a month ago like a bolt from the blue, or like a relative of his wife, but the professor's wife herself had died long ago, and so far there had not been anyone else. ";"eng"
" ьтяпо — .но ламудоп — ,кичбулог ,ясливЯ« ";"как";"«Явился, голубчик, — подумал он. — опять";"как";" ";"снег на голову.";"А. Н. Стругацкий, Б. Н. Стругацкий. Обитаемый остров (1971)";"А. Н. Стругацкий, Б. Н. Стругацкий";"1925, 1933";"Обитаемый остров";"1971";"художественная";"";"";"";"";"";"омонимия не снята";"Обитаемый остров";"Arkady Strugatsky, Boris Strugatsky";"Prisoners of Power";"";"1977";"17098";"190818";"8549";"88020";"rus";"eng";"США";"";"«Явился, голубчик, — подумал он. — опять как снег на голову.";"6599e74e18391ebc6a3ec46d732cee53:7782:5";" “So, my friend, you've turned up out of the blue again. ";"eng"
" - .еклоп ан мишвяотс ,масач микьнелам оцил";"каК";"лицо маленьким часам, стоявшим на полке. -";"Как";" ";"снег на голову…";"Владимир Набоков. Благость (1927)";"Владимир Набоков";"1899";"Благость";"1927";"художественная";"";"";"";"";"";"омонимия не снята";"Благость";"Vladimir Nabokov";"The doorbell";"";"1976";"628";"7408";"314";"3101";"rus";"eng";"Великобритания, США";"";"― Ты так нагрянул, ― сказала она и, кусая губы, заглянула в лицо маленьким часам, стоявшим на полке. - Как снег на голову…";"4d6083178cd15f8ddc3c471f6898d36e:478:16";". ""You came tumbling in so suddenly, ""she said and, biting her lips, she consulted a small clock standing on the shelf. ""Like snow out of a cloudless sky… ";"eng"
" ,гурдв И ";"как";"И вдруг,";"как";" ";"снег на голову, без всякого предупреждения";"М. М. Пришвин. Тема (1925)";"М. М. Пришвин";"1873";"Тема";"1925";"художественная";"";"";"";"";"";"омонимия не снята";"Тема";"Mikhail Prishvin";"The Topic";"";"1958";"72";"1606";"36";"715";"rus";"eng";"СССР/Россия";"";"И вдруг, как снег на голову, без всякого предупреждения являются трое делегатов от Сокольнической биостанции юных натуралистов; один в австрийской солдатской шинели, другой в английской, третий в русской, а когда сняли шинели, то там оказалось еще хуже: у одного даже штаны далеко не доходили донизу.";"f5f00efbb34ef117aa6625c00c052b8f:14:2";" Suddenly, like a bolt from the blue, three delegates arrived from the Sokolniki Young Naturalists Post. One was wearing an old Austrian greatcoat, the second an English one and the third that of the Russian army. When they took them off they looked even worse: one fellow's trousers did not even reach his boots properly. ";"eng"
" яслилавС ― ";"как";"― Свалился";"как";" ";"снег на голову, ― смеялась Рита.";"Николай Островский. Как закалялась сталь (ч. 2) (1930-1934)";"Николай Островский";"1904";"Как закалялась сталь (ч. 2)";"1930-1934";"художественная";"";"";"";"";"";"омонимия не снята";"Как закалялась сталь (ч. 2)";"Nikolai Ostrovsky";"How the Steel was Tempered (pt 2)";"";"1952";"6612";"131631";"3306";"53770";"rus";"eng";"СССР/Россия";"";"― Свалился как снег на голову, ― смеялась Рита.";"de0612c035f8cb9a8e40eb6c517f33e4:306:1";" ""He turned up quite unexpectedly, ""Rita explained with a happy laugh. ";"eng"
" ,оннадижоен хин ан ьсяавилавс ,иицнатс еыволзу";"как";"узловые станции, сваливаясь на них неожиданно,";"как";" ";"снег на голову.";"Борис Полевой. Повесть о настоящем человеке (1946)";"Борис Полевой";"1908";"Повесть о настоящем человеке";"1946";"художественная";"";"";"";"";"";"омонимия не снята";"Повесть о настоящем человеке";"Boris Polevoi";"A Story about a real man";"";"1950";"12740";"210874";"6370";"88696";"rus";"eng";"Великобритания";"";"Стальная армада вламывалась в расположения немецких тылов, в укрепленные деревни, на узловые станции, сваливаясь на них неожиданно, как снег на голову.";"680f1b3200a7177681680ab35c78de1e:10216:17";" The steel armada charged into the Germans'rear, fortified villages and railway junctions, bursting in upon them like a bolt from the blue. ";"eng"
" ясьтилавс тежом йинноротсоп хыроток у ,хынрозод";"как";"дозорных, у которых посторонний может свалиться";"как";" ";"снег на голову. Надо сказать, после";"J. R. R. Tolkien. The Hobbit (1937)";"J. R. R. Tolkien";"1892";"The Hobbit";"1937";"художественная";"";"";"";"";"";"омонимия не снята";"The Hobbit";"Дж. Р. Р. Толкин";"Хоббит";"";"1976";"6160";"162107";"3080";"94297";"rus";"rus";"Великобритания";"";"Бог ты мой, как они подскочили от неожиданности! Как завопили от удивления и радости! Гэндальф был изумлён не меньше других, но, пожалуй, доволен больше. Он подозвал Балина и сделал ему выговор, высказав всё, что думает о дозорных, у которых посторонний может свалиться как снег на голову. Надо сказать, после этого случая Бильбо сильно вырос в глазах гномов. Если раньше, несмотря на уверения Гэндальфа, они сомневались в том, что он взломщик первой категории, то теперь их сомнения рассеялись. Балин был ошарашен больше других. И все гномы признали Бильбо ловкачом.";"733d6ab161d8781a312dcdd32cd0e15f:2055:42";" Bless me, how they jumped! Then they shouted with surprise and delight. Gandalf was as astonished as any of them, but probably more pleased than all the others. He called to Balin and told him what he thought of a look-out man who let people walk right into them like that without warning. It is a fact that Bilbo's reputation went up a very great deal with the dwarves after this. If they had still doubted that he was really a first-class burglar, in spite of Gandalf's words, they doubted no longer. Balin was the most puzzled of all; but everyone said it was a very clever bit of work. ";"eng"
" ясьтавилавс ьдерпв и ебет юалеЖ ― ";"как";"― Желаю тебе и впредь сваливаться";"как";" ";"снег на голову, когда ты нужнее";"J. R. R. Tolkien. The Hobbit (1937)";"J. R. R. Tolkien";"1892";"The Hobbit";"1937";"художественная";"";"";"";"";"";"омонимия не снята";"The Hobbit";"Дж. Р. Р. Толкин";"Хоббит";"";"1976";"6160";"162107";"3080";"94297";"rus";"rus";"Великобритания";"";"― Желаю тебе и впредь сваливаться как снег на голову, когда ты нужнее всего.";"733d6ab161d8781a312dcdd32cd0e15f:6007:5";" ""May you ever appear where you are most needed and least expected! ";"eng"
" ман к ьсаливя ,ончилонневтсбос ,амас гурдв";"как";"вдруг сама, собственнолично, явилась к нам";"как";" ";"снег на голову.";"Ф. М. Достоевский. Игрок (1866)";"Ф. М. Достоевский";"1821";"Игрок";"1866";"художественная";"";"";"";"";"";"омонимия не снята";"Игрок";"Fedor Dostoevsky";"The Gambler";"";"1935";"6070";"105773";"3035";"44723";"rus";"eng";"Великобритания";"";"Да, это была она сама, грозная и богатая, семидесятипятилетняя Антонида Васильевна Тарасевичева, помещица и московская барыня, la baboulinka, о которой пускались и получались телеграммы, умиравшая и не умершая и которая вдруг сама, собственнолично, явилась к нам как снег на голову.";"8a55ff685fab6d17e21f02da31670ba5:2216:36";" Yes, it was she — rich, and imposing, and seventy-five years of age — Antonida Vassilievna Tarassevitcha, landowner and grande dame of Moscow — the ""La Baboulenka"" who had caused so many telegrams to be sent off and received — who had been dying, yet not dying — who had, in her own person, descended upon us even as snow might fall from the clouds! ";"eng"
" ";"каК";"";"Как";" ";"снег на голову.";"Agatha Christie. The murder at the Vicarage (1930)";"Agatha Christie";"1890";"The murder at the Vicarage";"1930";"художественная";"";"";"";"";"";"омонимия не снята";"The murder at the Vicarage";"Агата Кристи";"Убийство в доме викария";"";"2009";"13846";"132133";"6923";"70763";"rus";"rus";"Великобритания";"";"Приезжает сегодня.  Как снег на голову.  И за всем я должна следить сама!";"75e0b3db95fafa629a8f8f1fd60b1f49:7731:0";" He is coming down to-day.  Such a to-do.  I have to see to everything myself. ";"eng"
" …еинежолдерп лаледс !цаб ― гурдв речев йынсаркерп";"как";"прекрасный вечер вдруг ― бац! сделал предложение…";"как";" ";"снег на голову…";"А. П. Чехов. Попрыгунья (1891)";"А. П. Чехов";"1860";"Попрыгунья";"1891";"художественная";"";"";"";"";"";"омонимия не снята";"Попрыгунья";"Anton Chekhov";"The Grasshopper";"";"1900-1930";"1248";"17276";"624";"7529";"rus";"eng";"Великобритания";"";"Ну, после смерти отца он иногда бывал у меня, встречался на улице и в один прекрасный вечер вдруг ― бац! сделал предложение… как снег на голову…";"7e172acf5bf6a23e604c54531184f417:64:21";" Well, after my father's death he came to see me sometimes, met me in the street, and one fine evening, all at once he made me an offer… like snow upon my head… ";"eng"
" оген ан яслишурбо онпазенв йыроток ,есажу";"как";"ужасе, который внезапно обрушился на него";"как";" ";"снег на голову.";"Theodore Dreiser. An American Tragedy, book III (1925)";"Theodore Dreiser";"1871";"An American Tragedy, book III";"1925";"художественная";"";"";"";"";"";"омонимия не снята";"An American Tragedy, book III";"Теодор Драйзер";"Американская трагедия (ч. 3)";"";"1948";"15052";"256860";"7526";"140326";"rus";"rus";"США";"";"Просто признался Клайд: они были его друзьями, и ему очень хотелось добраться до такого места, где он мог бы как следует подумать обо всем этом ужасе, который внезапно обрушился на него как снег на голову.";"e580980c0946d1f66803a4bbd917b81d:9239:31";" They were his friends and he wanted to get off somewhere where he could think about this terrible thing that had descended upon him so suddenly out of a clear sky. ";"eng"
" ьсолилавС ";"как";"Свалилось";"как";" ";"снег на голову, но ощущается где-то";"John Galsworthy. To Let (1921)";"John Galsworthy";"1867";"To Let";"1921";"художественная";"";"";"";"";"";"омонимия не снята";"To Let";"Джон Голсуорси";"Сдается внаем";"";"1946";"13226";"167590";"6613";"89255";"rus";"rus";"Великобритания";"";"Свалилось как снег на голову, но ощущается где-то глубже.";"9e56d585c22911eb3b02689320d18f4c:2823:1";" I've got it in the neck, only the feeling is really lower down. ";"eng"
" но яслилавс ,видерпудерп ен огокин ,амьсип";"как";"письма, никого не предупредив, свалился он";"как";" ";"снег на голову.";"И. С. Тургенев. Часы (1875)";"И. С. Тургенев";"1818";"Часы";"1875";"художественная";"";"";"";"";"";"омонимия не снята";"Часы";"Ivan Turgenev";"The Watch";"";"1921";"2274";"29866";"1137";"12934";"rus";"eng";"Великобритания";"";"Не прислав предварительного письма, никого не предупредив, свалился он как снег на голову.";"7351c3ae98ce9e2cc337d3851f1be6b7:2210:9";" Without sending any letter in advance, without warning anyone, he descended on us like snow on our heads. ";"eng"
" ,)!юьтсачс к и ,тежом а( юом";"как";"мою (а может, и к счастью!),";"как";" ";"снег на голову ремонтер наскакал на";"Ф. М. Достоевский. Ползунков (1848)";"Ф. М. Достоевский";"1821";"Ползунков";"1848";"художественная";"";"";"";"";"";"омонимия не снята";"Ползунков";"Fedor Dostoevsky";"Polzunkov";"";"1918";"638";"10545";"319";"4494";"rus";"eng";"Великобритания";"";"Я замечал-замечал, крепился-крепился, а тут вдруг, на беду мою (а может, и к счастью!), как снег на голову ремонтер наскакал на наш городишко.";"39e4dd133e530ec2665f3cb7df4ab8f2:284:16";" I noticed things, I kept quiet; but all at once, unluckily for me (or perhaps luckily!), a cavalry officer galloped into our little town like snow on our head. ";"eng"
" ,гурдв ,ачынапетС яескелА ивбюл ялд огонтяирпогалбен";"как";"неблагоприятного для любви Алексея Степаныча, вдруг,";"как";" ";"снег на голову, явился он сам";"С. Т. Аксаков. Семейная хроника (1856)";"С. Т. Аксаков";"1791";"Семейная хроника";"1856";"художественная";"";"";"";"";"";"омонимия не снята";"Семейная хроника";"Sergey Aksakov";"A Russian Gentleman";"";"1917";"5024";"147698";"2512";"64418";"rus";"eng";"Великобритания";"";"Через несколько дней, которые не были потеряны даром, потому что Арина Васильевна с дочерьми успела напеть в уши старику много неблагоприятного для любви Алексея Степаныча, вдруг, как снег на голову, явился он сам, что мы уже знаем.";"f9791504e6bbec59b8a5bbd1258292ee:1810:26";" A few days passed, and were used by the women to prejudice Stepan Mihailovitch as strongly as possible against the marriage; and then, as we know already, the young man turned up at Bagrovo without having received the letter. ";"eng"
" ,гурдв мотоп а ,ущупто оге я";"как";"я его отпущу, а потом вдруг,";"как";" ";"снег на голову, и застану его";"Ф. М. Достоевский. Идиот (1868-1869)";"Ф. М. Достоевский";"1821";"Идиот";"1868-1869";"художественная";"";"";"";"";"";"омонимия не снята";"Идиот";"Fedor Dostoevsky";"The Idiot";"";"1915";"23994";"441819";"11997";"200886";"rus";"eng";"Великобритания";"";"Так вот я его отпущу, а потом вдруг, как снег на голову, и застану его у капитанши, — собственно чтоб его пристыдить, как семейного человека и как человека вообще говоря.";"02acae359836f47f703b337b87151cb4:17606:8";" But I am going to follow that naughty old general and catch him, I know where, at a certain widow's house; for I think it will be a good lesson, to put him to shame by catching him with the widow. """;"eng"
" янем ан ьсолилавс еинежолдерп отЭ ";"как";"Это предложение свалилось на меня";"как";" ";"снег на голову, но Баскервиль, не";"Arthur Conan Doyle. The Hound of the Baskervilles (1902)";"Arthur Conan Doyle";"1859";"The Hound of the Baskervilles";"1902";"художественная";"";"";"";"";"";"омонимия не снята";"The Hound of the Baskervilles";"Артур Конан Дойл";"Собака Баскервилей";"";"1948";"5560";"106362";"2780";"59488";"rus";"rus";"Великобритания";"";"Это предложение свалилось на меня как снег на голову, но Баскервиль, не дожидаясь моего ответа, уже горячо тряс мне руку.";"c39ed323492793bb3758c97f99e2566c:1491:5";" The proposition took me completely by surprise, but before I had time to answer, Baskerville seized me by the hand and wrung it heartily. ";"eng"
" ончот жу ,гурдв мат а ,олакалп";"как";"плакало, а там вдруг, уж точно";"как";" ";"снег на голову, нагрянет старость ― и";"И. С. Тургенев. Вешние воды (1872)";"И. С. Тургенев";"1818";"Вешние воды";"1872";"художественная";"";"";"";"";"";"омонимия не снята";"Вешние воды";"Ivan Turgenev";"The Torrents of Spring";"";"1897";"5876";"88933";"2938";"38888";"rus";"eng";"Великобритания";"";"Везде все то же вечное переливание из пустого в порожнее, то же толчение воды, то же наполовину добросовестное, наполовину сознательное самообольщение, ― чем бы дитя ни тешилось, лишь бы не плакало, а там вдруг, уж точно как снег на голову, нагрянет старость ― и вместе с нею тот постоянно возрастающий, все разъедающий и подтачивающий страх смерти… и бух в бездну!";"f0dd64d7ba240adb450a50dac6990434:24:35";" Everywhere the same ever-lasting pouring of water into a sieve, the ever-lasting beating of the air, everywhere the same self-deception — half in good faith, half conscious — any toy to amuse the child, so long as it keeps him from crying. And then, all of a sudden, old age drops down like snow on the head, and with it the ever-growing, ever-gnawing, and devouring dread of death… and the plunge into the abyss! ";"eng"
" ,тенярган ,ьчонлоп юумас в ьтох ,уроп";"как";"пору, хоть в самую полночь, нагрянет,";"как";" ";"снег на голову, и ты не";"И. С. Тургенев. Бирюк (1848)";"И. С. Тургенев";"1818";"Бирюк";"1848";"художественная";"";"";"";"";"";"омонимия не снята";"Бирюк";"Ivan Turgenev";"Biryuk";"";"1895";"482";"5086";"241";"2082";"rus";"eng";"Великобритания";"";"По их словам, не бывало еще на свете такого мастера своего дела: «Вязанки хворосту не даст утащить; в какую бы ни было пору, хоть в самую полночь, нагрянет, как снег на голову, и ты не думай сопротивляться, – силен, дескать, и ловок как бес…";"f3e2da8efdb5b503594fc7b649eee275:140:28";" According to them there had never been such a master of his business in the world before:' He won't let you carry off a handful of brushwood; he'll drop upon you like a fall of snow, whatever time it may be, even in the middle of the night, and you needn't think of resisting him-he's strong, and cunning as the devil…. ";"eng"
" ьдев ыв ,хин орп лыбаз и";"как";"и забыл про них, вы ведь";"как";" ";"снег на голову свалились, ― пояснил мосье";"Charles Dickens. The Tale of two Cities (1859)";"Charles Dickens";"1812";"The Tale of two Cities";"1859";"художественная";"";"";"";"";"";"омонимия не снята";"The Tale of two Cities";"Чарльз Диккенс";"Повесть о двух городах";"";"1950-1960";"15180";"261740";"7590";"135772";"rus";"rus";"Великобритания";"";"― Я совсем и забыл про них, вы ведь как снег на голову свалились, ― пояснил мосье Дефарж.";"45dc0f44a28f331677ad6ee35a429c4b:1289:8";" ""I forgot them in the surprise of your visit, ""explained Monsieur Defarge. ";"eng"
