"Reversed left context";"Reversed center";"Left context";"Center";"Punct";"Right context";"Title";"Author";"Birthday";"Header";"Created";"Sphere";"Type";"Topic";"Publication";"Publ_year";"Medium";"Ambiguity";"Header";"Author_trans";"Header_trans";"Translator";"Date_trans";"Sentences";"Words";"Orig_sentences";"Orig_words";"Lang";"Lang_trans";"Lang_variant";"Dialect";"Full context";"Example source";"Para context 1";"Lang 1"
" янем у он ,ртсигаМ ,янем етитсорП";"ьнемак";"Простите меня, Магистр, но у меня";"камень";" ";"с души свалился.";"Philip Pullman. His Dark Materials: Nothern Lights (1995)";"Philip Pullman";"1946";"His Dark Materials: Nothern Lights";"1995";"художественная";"";"";"";"";"";"омонимия не снята";"His Dark Materials: Nothern Lights";"Филип Пулман";"Северное сияние";"";"2005";"17198";"208873";"8599";"118637";"rus";"rus";"Великобритания";"";"– Простите меня, Магистр, но у меня камень с души свалился.";"84c21d468a0bb9c6743d9ca2a3916389:1263:6";" «Forgive me, Master, but I can't help being relieved. ";"eng"
" янем У ";"ьнемак";"У меня";"камень";" ";"с души свалился.";"Agatha Christie. The murder at the Vicarage (1930)";"Agatha Christie";"1890";"The murder at the Vicarage";"1930";"художественная";"";"";"";"";"";"омонимия не снята";"The murder at the Vicarage";"Агата Кристи";"Убийство в доме викария";"";"2009";"13846";"132133";"6923";"70763";"rus";"rus";"Великобритания";"";"Как я рада это слышать!  У меня камень с души свалился.  Там он будет в полной безопасности.";"75e0b3db95fafa629a8f8f1fd60b1f49:12909:2";" Oh, that's a great relief!  I am so very glad to hear it.  He'll be quite safe there. ";"eng"
" омярп янем у ,мозарбо мыпулг мымас";"ьнемак";"самым глупым образом, у меня прямо";"камень";" ";"с души свалился.";"Agatha Christie. The murder at the Vicarage (1930)";"Agatha Christie";"1890";"The murder at the Vicarage";"1930";"художественная";"";"";"";"";"";"омонимия не снята";"The murder at the Vicarage";"Агата Кристи";"Убийство в доме викария";"";"2009";"13846";"132133";"6923";"70763";"rus";"rus";"Великобритания";"";"Должна вам сказать, что, когда они, друг за дружкой, оговорили себя самым глупым образом, у меня прямо камень с души свалился.";"75e0b3db95fafa629a8f8f1fd60b1f49:13099:17";" And to begin with, when first he and then she both confessed in the most foolish way ― well, I was more relieved than I could say. ";"eng"
" онволс янем у ,ьревд имин аз";"ьнемак";"за ними дверь, у меня словно";"камень";" ";"с души свалился.";"Arthur Conan Doyle. A Study in Scarlet (1887)";"Arthur Conan Doyle";"1859";"A Study in Scarlet";"1887";"художественная";"";"";"";"";"";"омонимия не снята";"A Study in Scarlet";"Артур Конан Дойл";"Этюд в багровых тонах";"";"1966";"5072";"76704";"2536";"43569";"rus";"rus";"Великобритания";"";"Когда я заперла за ними дверь, у меня словно камень с души свалился.";"0633af4fce598e40958e1ce04ae375b6:2257:9";" When I closed the door behind them a load seemed to be lifted from my mind. ";"eng"
