"Reversed left context";"Reversed center";"Left context";"Center";"Punct";"Right context";"Title";"Author";"Birthday";"Header";"Created";"Sphere";"Type";"Topic";"Publication";"Publ_year";"Medium";"Ambiguity";"Header";"Author_trans";"Header_trans";"Translator";"Date_trans";"Sentences";"Words";"Orig_sentences";"Orig_words";"Lang";"Lang_trans";"Lang_variant";"Dialect";"Full context";"Example source";"Para context 1";"Lang 1"
" ";"аН";"";"На";" ";"голову выше, старая красавица склонилась, а";"Людмила Улицкая. Зеленый шатер (2011)";"Людмила Улицкая";"1943";"Зеленый шатер";"2011";"художественная";"";"";"";"";"";"омонимия не снята";"Зеленый шатер";"Liudmila Ulitskaia";"The Big Green Tent";"";"2014";"24914";"345015";"12457";"142298";"rus";"eng";"США";"";"На голову выше, старая красавица склонилась, а он был перед ней гном гномом, но от нее исходил страх, а от него угроза.";"07bbb7ae9d77d8903966e4952714070f:16138:0";" A head taller than he, the older beauty had to bend down to communicate with this gnomish creature; still, she exuded fear, and he menace. ";"eng"
" лыб тел ьтацданнидо иовс в ревилК";"ан";"Кливер в свои одиннадцать лет был";"на";" ";"голову выше остальных сверстников. Его рост";"Michael Crichton. NEXT (2006)";"Michael Crichton";"1942";"NEXT";"2006";"художественная";"";"";"";"";"";"омонимия не снята";"NEXT";"Майкл Крайтон";"NEXT";"";"2007";"21110";"215480";"10555";"109512";"rus";"rus";"США";"";"Униженный и оскорбленный Билли Кливер в свои одиннадцать лет был на голову выше остальных сверстников. Его рост превышал сто семьдесят сантиметров, а вес — шестьдесят килограммов.";"9bebd6418c70982072881b587bbcbc96:15999:10";" Something sick. Humiliated. At age eleven, Billy Cleever was five-nine and 120 pounds, solid muscle for a kid his age, and a good foot taller than anybody else in the school. ";"eng"
" лыб тнарФ ";"ан";"Франт был";"на";" ";"голову выше Райслипа, зато Райслип весил";"Neil Gaiman. Neverwhere (1993)";"Neil Gaiman";"1960";"Neverwhere";"1993";"художественная";"";"";"";"";"";"омонимия не снята";"Neverwhere";"Нил Гейман";"Никогде";"";"2006";"18264";"177195";"9132";"99548";"rus";"rus";"Великобритания";"";"Франт был на голову выше Райслипа, зато Райслип весил примерно как четыре франта, если каждому из них еще вручить по кожаному чемодану, забитому салом.";"46b35f98532d2e0bc79832ff21e3767d:5747:2";" On the other hand, Ruislip looked as if he weighed as much as four fops, each of them carrying a large leather suitcase entirely filled with lard. ";"eng"
" ябес яувтсвуч ,еонвалг ,и итсонбордоп еищюунлов";"ан";"волнующие подробности и, главное, чувствуя себя";"на";" ";"голову выше, чем до него.";"Фазиль Искандер. Письмо (1969)";"Фазиль Искандер";"1929";"Письмо";"1969";"художественная";"";"";"";"";"";"омонимия не снята";"Письмо";"Fazil Iskander";"The Letter";"";"1972-1989";"734";"13966";"367";"6272";"rus";"eng";"Великобритания";"";"На следующий день я гулял по берегу моря, все еще находясь под впечатлением свидания, вспоминая его волнующие подробности и, главное, чувствуя себя на голову выше, чем до него.";"581d5ba1645576dfef3751b250d3c6fa:610:22";" The next day I walked along the seashore, still under the impression of our meeting, remembering all the breathtaking details and, most important, feeling twice the man I had been before. ";"eng"
" лыб йобосырК ";"ан";"Крысобой был";"на";" ";"голову выше самого высокого из солдат";"Михаил Булгаков. Мастер и Маргарита (1929-1940)";"Михаил Булгаков";"1891";"Мастер и Маргарита";"1929-1940";"художественная";"";"";"";"";"";"омонимия не снята";"Мастер и Маргарита";"Mikhail Bulgakov";"Master and Margarita";"";"1979";"16426";"258609";"8213";"113104";"rus";"eng";"США";"";"Крысобой был на голову выше самого высокого из солдат легиона и настолько широк в плечах, что совершенно заслонил еще невысокое солнце.";"837d64d30f4e8ff87ef2f71e79dfe19b:512:2";" Ratslayer was a head taller than the tallest soldier of the legion and so broad in the shoulders that he completely blocked out the still-low sun. ";"eng"
" ьдев ыт :ябес ан иртомсоП ";"ан";"Посмотри на себя: ты ведь";"на";" ";"голову выше любого мужчины в отделении.";"Ken Kesey. One Flew over the Cuckoo’s Nest (1962)";"Ken Kesey";"1935";"One Flew over the Cuckoo’s Nest";"1962";"художественная";"";"";"";"";"";"омонимия не снята";"One Flew over the Cuckoo’s Nest";"Кен Кизи";"Пролетая над гнездом кукушки";"";"2004";"10012";"211901";"5006";"115013";"rus";"rus";"США";"";"Посмотри на себя: ты ведь на голову выше любого мужчины в отделении.";"d3e00ad60d52f4c322a7e5b864fbe112:6671:5";" Criminy, look at you: you stand a head taller'n any man on the ward. ";"eng"
" итчоп алыб анО ";"ан";"Она была почти";"на";" ";"голову выше своего горячего, вспыльчивого коротышки";"Margaret Mitchell. Gone with the Wind, Part 1 (1936)";"Margaret Mitchell";"1900";"Gone with the Wind, Part 1";"1936";"художественная";"";"";"";"";"";"омонимия не снята";"Gone with the Wind, Part 1";"Маргарет Митчелл";"Унесённые ветром, ч. 1";"";"1982";"25706";"403929";"12853";"209514";"rus";"rus";"США";"";"Она была почти на голову выше своего горячего, вспыльчивого коротышки-супруга, но спокойная грация движении, приковывая к себе внимание, заставляла забывать про ее высокий рост.";"b1a6e9a3c23689e80357c5e30e2d9a2f:1767:3";" She was a tall woman, standing a head higher than her fiery little husband, but she moved with such quiet grace in her swaying hoops that the height attracted no attention to itself. ";"eng"
" лыб но юинавозарбо умеовс оп мет";"ан";"тем по своему образованию он был";"на";" ";"голову выше этих Слэттери, и Скарлетт";"Margaret Mitchell. Gone with the Wind, Part 1 (1936)";"Margaret Mitchell";"1900";"Gone with the Wind, Part 1";"1936";"художественная";"";"";"";"";"";"омонимия не снята";"Gone with the Wind, Part 1";"Маргарет Митчелл";"Унесённые ветром, ч. 1";"";"1982";"25706";"403929";"12853";"209514";"rus";"rus";"США";"";"Вместе с тем по своему образованию он был на голову выше этих Слэттери, и Скарлетт казалось вполне естественным, что он и не подумает жениться на Эмми, хотя частенько гулял с ней в сумерках.";"b1a6e9a3c23689e80357c5e30e2d9a2f:2641:8";" As he was several cuts above the Slatterys in education, it was only natural that he should not want to marry Emmie, no matter how often he might walk with her in the twilight. ";"eng"
" ,косыв лыб нО ";"ан";"Он был высок,";"на";" ";"голову выше стоявших рядом офицеров — широкоплечий";"Margaret Mitchell. Gone with the Wind, Part 1 (1936)";"Margaret Mitchell";"1900";"Gone with the Wind, Part 1";"1936";"художественная";"";"";"";"";"";"омонимия не снята";"Gone with the Wind, Part 1";"Маргарет Митчелл";"Унесённые ветром, ч. 1";"";"1982";"25706";"403929";"12853";"209514";"rus";"rus";"США";"";"Он был высок, на голову выше стоявших рядом офицеров — широкоплечий, узкобедрый, с тонкой талией и до смешного миниатюрными ногами в отлично начищенных ботинках.";"b1a6e9a3c23689e80357c5e30e2d9a2f:7643:3";" He was dressed in black broadcloth, a tall man, towering over the officers who stood near him, bulky in the shoulders but tapering to a small waist and absurdly small feet in varnished boots. ";"eng"
" но ,урог доп яститак ен есвов";"ан";"вовсе не катится под гору, он";"на";" ";"голову выше других, и это говорит";"Thomas Hardy. Far from the Madding Crowd (1874)";"Thomas Hardy";"1840";"Far from the Madding Crowd";"1874";"художественная";"";"";"";"";"";"омонимия не снята";"Far from the Madding Crowd";"Томас Гарди";"Вдали от обезумевшей толпы";"";"1970";"17882";"257619";"8941";"137583";"rus";"rus";"Великобритания";"";"Мистер Трой вовсе не катится под гору, он на голову выше других, и это говорит о его достоинствах.";"e235f4b270c34dc6f661c547dc123d5d:7743:8";" Mr. Troy's course is not by any means downward; and his superiority IS a proof of his worth!» ";"eng"
" ано аД !ьлетиварпу ,ыв ,хЭ ― ";"ан";"― Эх, вы, управитель! Да она";"на";" ";"голову выше вас, и вы должны";"Thomas Hardy. Far from the Madding Crowd (1874)";"Thomas Hardy";"1840";"Far from the Madding Crowd";"1874";"художественная";"";"";"";"";"";"омонимия не снята";"Far from the Madding Crowd";"Томас Гарди";"Вдали от обезумевшей толпы";"";"1970";"17882";"257619";"8941";"137583";"rus";"rus";"Великобритания";"";"― Эх, вы, управитель! Да она на голову выше вас, и вы должны это признать: породистая лошадка… тонкая штучка.";"e235f4b270c34dc6f661c547dc123d5d:15745:5";" ""Ah baily she's a notch above you, and you must own it: a higher class of animal ― a finer tissue. ";"eng"
" лыб ,солов хыруколеб йонпок с ,йичелпокориш";"ан";"широкоплечий, с копной белокурых волос, был";"на";" ";"голову выше своей голубоглазой сестренки.";"Mary Mapes Dodge. Hans Brinker or the Silver Skates (1865)";"Mary Mapes Dodge";"1831";"Hans Brinker or the Silver Skates";"1865";"художественная";"";"";"";"";"";"омонимия не снята";"Hans Brinker or the Silver Skates";"Мэри Мейпс Додж";"Серебряные коньки";"";"1941";"11526";"150751";"5763";"80734";"rus";"rus";"США";"";"Ханс, широкоплечий, с копной белокурых волос, был на голову выше своей голубоглазой сестренки.";"e7118cb2a258d86e243d71189fb37afd:117:7";" Hans, with his great square shoulders and bushy yellow hair, towered high above his blue-eyed little sister as they trudged homeward. ";"eng"
" ано ;анму ьнечо и арбод ьнечо";"ан";"очень добра и очень умна; она";"на";" ";"голову выше остальных, она гораздо образованнее";"Charlotte Brontë. Jane Eyre (1847)";"Charlotte Brontë";"1816";"Jane Eyre";"1847";"художественная";"";"";"";"";"";"омонимия не снята";"Jane Eyre";"Шарлотта Бронте";"Джейн Эйр";"";"1950";"17896";"344453";"8948";"186739";"rus";"rus";"Великобритания";"";"— Мисс Темпль очень добра и очень умна; она на голову выше остальных, она гораздо образованнее их.";"0a7c00da545dbcb74563ade41aadf337:1505:8";" “Miss Temple is very good and very clever; she is above the rest, because she knows far more than they do.” ";"eng"
" тиотс отк ,тот ьшил ясьтатичс тежом";"ан";"может считаться лишь тот, кто стоит";"на";" ";"голову выше всех окружающих.";"Jane Austen. Pride and Prejudice (1813)";"Jane Austen";"1775";"Pride and Prejudice";"1813";"художественная";"";"";"";"";"";"омонимия не снята";"Pride and Prejudice";"Джейн Остин";"Гордость и предубеждение";"";"1967";"11612";"229406";"5806";"122012";"rus";"rus";"Великобритания";"";"— О, в самом деле! — воскликнула его преданная союзница. — По-настоящему образованным может считаться лишь тот, кто стоит на голову выше всех окружающих.";"f3fb9609c440de2fc83d19527e4ed80d:1191:16";" ""Oh! certainly, ""cried his faithful assistant, ""no one can be really esteemed accomplished who does not greatly surpass what is usually met with. ";"eng"
