"Reversed left context";"Reversed center";"Left context";"Center";"Punct";"Right context";"Title";"Author";"Birthday";"Header";"Created";"Sphere";"Type";"Topic";"Publication";"Publ_year";"Medium";"Ambiguity";"Header";"Author_trans";"Header_trans";"Translator";"Date_trans";"Sentences";"Words";"Orig_sentences";"Orig_words";"Lang";"Lang_trans";"Lang_variant";"Dialect";"Full context";"Example source";"Para context 1";"Lang 1"
" зарбо кинзов иироттиВ морозв мыннелсым дереП";"ясогещятак";"Перед мысленным взором Виттории возник образ";"катящегося";" ";"под гору поезда, у которого отказали";"Dan Brown. Angels and Demons (2000)";"Dan Brown";"1964";"Angels and Demons";"2000";"художественная";"";"";"";"";"";"омонимия не снята";"Angels and Demons";"Дэн Браун";"Ангелы и демоны";"";"2004";"16144";"298893";"8072";"150396";"rus";"rus";"США";"";"Всякое новое техническое достижение, будь то появление огня, изобретение пороха или двигателя внутреннего сгорания, могло служить как делу добра, так и делу зла. Все зависит от того, в чьи руки оно попадет. Все новые изобретения, оказавшись в плохих руках, могут сеять смерть. А антивещество способно превратиться в самое смертоносное оружие в человеческом арсенале. От этого оружия нет защиты. Похищенная в ЦЕРНе ловушка начала отсчет времени в тот момент, когда ее сняли с зарядной консоли. Перед мысленным взором Виттории возник образ катящегося под гору поезда, у которого отказали тормоза…";"516f8420ab7d29d361213657275ee895:2723:80";" Like any technology ― fire, gunpowder, the combustion engine ― in the wrong hands, antimatter could be deadly. Very deadly. Antimatter was a lethal weapon. Potent, and unstoppable. Once removed from its recharging platform at CERN, the canister would count down inexorably. A runaway train. ";"eng"
" окбиш акчирБ ";"яститак";"Бричка шибко";"катится";" ";"под гору и стучит по дощатому";"Л. Н. Толстой. Отрочество (1854)";"Л. Н. Толстой";"1828";"Отрочество";"1854";"художественная";"";"";"";"";"";"омонимия не снята";"Отрочество";"Leo Tolstoy";"Boyhood";"";"1910-1935";"2284";"51550";"1142";"22789";"rus";"eng";"Великобритания";"";"Бричка шибко катится под гору и стучит по дощатому мосту; я боюсь пошевелиться и с минуты на минуту ожидаю нашей общей погибели.";"463e39928b8e2ca6185226538deaac94:182:2";" Bowling rapidly down an incline, the britchka cannoned violently against a wooden bridge at the bottom. I dared not stir and expected destruction every moment. ";"eng"
" но ,ястежак енМ ";"яститак";"Мне кажется, он";"катится";" ";"под гору.";"Thomas Hardy. Far from the Madding Crowd (1874)";"Thomas Hardy";"1840";"Far from the Madding Crowd";"1874";"художественная";"";"";"";"";"";"омонимия не снята";"Far from the Madding Crowd";"Томас Гарди";"Вдали от обезумевшей толпы";"";"1970";"17882";"257619";"8941";"137583";"rus";"rus";"Великобритания";"";"― То, что он по образованию и рождению выше рядовых солдат, уж никак не говорит в его пользу.  Мне кажется, он катится под гору.  ― Не понимаю, какое это имеет отношение к нашему разговору!";"e235f4b270c34dc6f661c547dc123d5d:7739:3";" ""His being higher in learning and birth than the ruck o'soldiers is anything but a proof of his worth.  It show's his course to be down'ard.» "" I cannot see what this has to do with our conversation. ";"eng"
" ен есвов йорТ ретсиМ ";"яститак";"Мистер Трой вовсе не";"катится";" ";"под гору, он на голову выше";"Thomas Hardy. Far from the Madding Crowd (1874)";"Thomas Hardy";"1840";"Far from the Madding Crowd";"1874";"художественная";"";"";"";"";"";"омонимия не снята";"Far from the Madding Crowd";"Томас Гарди";"Вдали от обезумевшей толпы";"";"1970";"17882";"257619";"8941";"137583";"rus";"rus";"Великобритания";"";"Мистер Трой вовсе не катится под гору, он на голову выше других, и это говорит о его достоинствах.";"e235f4b270c34dc6f661c547dc123d5d:7743:4";" Mr. Troy's course is not by any means downward; and his superiority IS a proof of his worth!» ";"eng"
" ортсыб и хи алирижнарт ,игьнед еынжамуб";"ьсалитак";"бумажные деньги, транжирила их и быстро";"катилась";" ";"под гору.";"Charles Dickens. The Tale of two Cities (1859)";"Charles Dickens";"1812";"The Tale of two Cities";"1859";"художественная";"";"";"";"";"";"омонимия не снята";"The Tale of two Cities";"Чарльз Диккенс";"Повесть о двух городах";"";"1950-1960";"15180";"261740";"7590";"135772";"rus";"rus";"Великобритания";"";"Франция, которая не пользовалась таким благоволением духов, как ее сестрица со щитом и трезубцем*, печатала бумажные деньги, транжирила их и быстро катилась под гору.";"45dc0f44a28f331677ad6ee35a429c4b:17:21";" France, less favoured on the whole as to matters spiritual than her sister of the shield and trident, rolled with exceeding smoothness down hill, making paper money and spending it. ";"eng"
