"Reversed left context";"Reversed center";"Left context";"Center";"Punct";"Right context";"Title";"Author";"Birthday";"Header";"Created";"Sphere";"Type";"Topic";"Publication";"Publ_year";"Medium";"Ambiguity";"Header";"Author_trans";"Header_trans";"Translator";"Date_trans";"Sentences";"Words";"Orig_sentences";"Orig_words";"Lang";"Lang_trans";"Lang_variant";"Dialect";"Full context";"Example source";"Para context 1";"Lang 1"
" лачан нО ";"ьтавелк";"Он начал";"клевать";" ";"носом.";"Michael Crichton. NEXT (2006)";"Michael Crichton";"1942";"NEXT";"2006";"художественная";"";"";"";"";"";"омонимия не снята";"NEXT";"Майкл Крайтон";"NEXT";"";"2007";"21110";"215480";"10555";"109512";"rus";"rus";"США";"";"Теперь, когда в машине стало тихо, на Стэна навалилась вся скопившаяся в нем усталость.  Он начал клевать носом.  Пытаясь отогнать сон, он включил радио, опустил стекло и, высунув голову в окно, подставил ее холодному утреннему ветру, но ничего не помогало.";"9bebd6418c70982072881b587bbcbc96:17709:2";" Now that there was silence in the car, his accumulated fatigue hit him.  Stan began to doze off.  He turned on the radio, rolled down the window, stuck his head out in the cold breeze. Nothing was helping. ";"eng"
" удуб молотс аз я илсе ,олесев";"ьтавелк";"весело, если я за столом буду";"клевать";" ";"носом. К тому же мне хотелось";"Lauren Weisberger. The Devil Wears Prada (2003)";"Lauren Weisberger";"1977";"The Devil Wears Prada";"2003";"художественная";"";"";"";"";"";"омонимия не снята";"The Devil Wears Prada";"Лорен Вайсбергер";"Дьявол носит Прада";"";"2006";"17508";"261692";"8754";"142530";"rus";"rus";"США";"";"Но выйдет не очень весело, если я за столом буду клевать носом. К тому же мне хотелось, чтобы сегодня ночью меня никто не беспокоил. Я хотела побыть одна.";"790e2572bdbad061ff7ddeede1926f77:2967:10";" But I knew I wouldn't be any fun if I fell asleep in my wine, and I kind of wanted a night to unwind and be alone. ";"eng"
" онтсодар юаничан я и ,тидохорп ацинноссеб";"ьтавелк";"бессонница проходит, и я начинаю радостно";"клевать";" ";"носом.";"Chuck Palahniuk. Fight Club (1996)";"Chuck Palahniuk";"1962";"Fight Club";"1996";"художественная";"";"";"";"";"";"омонимия не снята";"Fight Club";"Чак Паланик";"Бойцовский клуб";"";"2002";"8158";"93426";"4079";"49601";"rus";"rus";"США";"";"Стоит только мне представить, что мы можем сгореть, словно табак, в этом летающем сигарном футляре, как моя бессонница проходит, и я начинаю радостно клевать носом.";"3d6653117b350cb629dced65765c3e69:611:23";" That moment cures my insomnia with narcolepsy when we might die helpless and packed human tobacco in the fuselage. ";"eng"
" аланичан олед и от ариЛ и";"ьтавелк";"и Лира то и дело начинала";"клевать";" ";"носом.";"Philip Pullman. His Dark Materials: Nothern Lights (1995)";"Philip Pullman";"1946";"His Dark Materials: Nothern Lights";"1995";"художественная";"";"";"";"";"";"омонимия не снята";"His Dark Materials: Nothern Lights";"Филип Пулман";"Северное сияние";"";"2005";"17198";"208873";"8599";"118637";"rus";"rus";"Великобритания";"";"Приятные запахи табака и поджаренного мака проникали в гардероб, и Лира то и дело начинала клевать носом.";"84c21d468a0bb9c6743d9ca2a3916389:761:15";" The smells of frying poppy and smoke-leaf drifted pleasantly in through the wardrobe door, and more than once Lyra found herself nodding. ";"eng"
" лачан зар как йыроток ,атетисревинУ огомирзеН";"ьтавелк";"Незримого Университета, который как раз начал";"клевать";" ";"носом.";"Terry Pratchett. Guards! Guards! (1989)";"Terry Pratchett";"1948";"Guards! Guards!";"1989";"художественная";"";"";"";"";"";"омонимия не снята";"Guards! Guards!";"Терри Пратчетт";"Стража! Стража!";"";"2020";"17614";"190939";"8807";"98029";"rus";"rus";"Великобритания";"";"Кто-то пихнул в бок аркканцлера Незримого Университета, который как раз начал клевать носом.";"c2e7f1ce36a69de8129b3884a6c8ee28:6201:11";" Someone nudged the Archchancellor of Unseen University, who had nodded off. ";"eng"
" илачан оннепетсоп есв ,йеннелдем и ешит";"ьтавелк";"тише и медленней, все постепенно начали";"клевать";" ";"носом и наконец уснули, протянув ноги";"Clive Staples Lewis. The Chronicles of Narnia. Prince Caspian (1951)";"Clive Staples Lewis";"1898";"The Chronicles of Narnia. Prince Caspian";"1951";"художественная";"";"";"";"";"";"омонимия не снята";"The Chronicles of Narnia. Prince Caspian";"Клайв Стейплз Льюис";"Хроники Нарнии. Принц Каспиан";"";"1991";"5916";"79853";"2958";"45684";"rus";"rus";"Великобритания";"";"Самое приятное в этом пире было то, что он не прерывался, и никто не расходился, потом беседа стала тише и медленней, все постепенно начали клевать носом и наконец уснули, протянув ноги к огню. Рядом с каждым были хорошие друзья. Кругом воцарилось молчание, и стало слышно журчание воды в камнях брода у Беруны.";"b7d1ac92d23f7676c4287041c7d373c9:5655:24";" The best thing of all about this feast was that there was no breaking up or going away, but as the talk grew quieter and slower, one after another would begin to nod and finally drop off to sleep with feet towards the fire and good friends on either side, till at last there was silence all round the circle, and the chattering of water over stone at the Ford of Beruna could be heard once more. ";"eng"
" лачан но мотоП ";"ьтавелк";"Потом он начал";"клевать";" ";"носом, голоса стали затихать, удаляться… и";"J. R. R. Tolkien. The Hobbit (1937)";"J. R. R. Tolkien";"1892";"The Hobbit";"1937";"художественная";"";"";"";"";"";"омонимия не снята";"The Hobbit";"Дж. Р. Р. Толкин";"Хоббит";"";"1976";"6160";"162107";"3080";"94297";"rus";"rus";"Великобритания";"";"Потом он начал клевать носом, голоса стали затихать, удаляться… и вдруг он вздрогнул и проснулся.";"733d6ab161d8781a312dcdd32cd0e15f:2779:3";" Soon he began to nod with sleep and the voices seemed to grow far away, until he woke with a start. ";"eng"
" лачан ижартс киньлачан орокС ";"ьтавелк";"Скоро начальник стражи начал";"клевать";" ";"носом, потом уронил голову на стол";"J. R. R. Tolkien. The Hobbit (1937)";"J. R. R. Tolkien";"1892";"The Hobbit";"1937";"художественная";"";"";"";"";"";"омонимия не снята";"The Hobbit";"Дж. Р. Р. Толкин";"Хоббит";"";"1976";"6160";"162107";"3080";"94297";"rus";"rus";"Великобритания";"";"Скоро начальник стражи начал клевать носом, потом уронил голову на стол и захрапел.";"733d6ab161d8781a312dcdd32cd0e15f:3675:4";" Very soon the chief guard nodded his head, then he laid it on the table and fell fast asleep. ";"eng"
" иланичан ,ищип автсечилок огоннеремуен меинавиравереп и";"ьтавелк";"и перевариванием неумеренного количества пищи, начинали";"клевать";" ";"носом.";"Margaret Mitchell. Gone with the Wind, Part 1 (1936)";"Margaret Mitchell";"1900";"Gone with the Wind, Part 1";"1936";"художественная";"";"";"";"";"";"омонимия не снята";"Gone with the Wind, Part 1";"Маргарет Митчелл";"Унесённые ветром, ч. 1";"";"1982";"25706";"403929";"12853";"209514";"rus";"rus";"США";"";"Медленнее колыхались в воздухе пальмовые веера, и иные из джентльменов, разморенные жарой и перевариванием неумеренного количества пищи, начинали клевать носом.";"b1a6e9a3c23689e80357c5e30e2d9a2f:4367:18";" Palmetto fans were wagging more slowly, and several gentlemen were nodding from the heat and overloaded stomachs. ";"eng"
" латс но ,ьсилилс ,ьсилинамутаз икчортС ";"ьтавелк";"Строчки затуманились, слились, он стал";"клевать";" ";"носом.";"Jack London. Martin Eden (1909)";"Jack London";"1876";"Martin Eden";"1909";"художественная";"";"";"";"";"";"омонимия не снята";"Martin Eden";"Джек Лондон";"Мартин Иден";"";"1984";"6748";"96210";"3374";"53634";"rus";"rus";"США";"";"Строчки затуманились, слились, он стал клевать носом.";"08312822409a5b08b614c44854349957:6325:5";" The lines blurred and ran together and his head nodded. ";"eng"
" илачан енажохирп еигонм отч ,монсеретниен мокат";"ьтавелк";"таком неинтересном, что многие прихожане начали";"клевать";" ";"носом, хотя, в сущности, речь шла";"Mark Twain. The Adventures of Tom Sawyer (1876)";"Mark Twain";"1835";"The Adventures of Tom Sawyer";"1876";"художественная";"";"";"";"";"";"омонимия не снята";"The Adventures of Tom Sawyer";"Марк Твен";"Приключения Тома Сойера";"";"1950";"10168";"129719";"5084";"70911";"rus";"rus";"США";"";"Проповедник прочел текст из Библии и пустился рассуждать скучным голосом о чем-то таком неинтересном, что многие прихожане начали клевать носом, хотя, в сущности, речь шла о преисподней и вечных муках, а число праведников, которым предназначено было спастись, пастор довел до такой ничтожной цифры, что и спасать-то их не стоил.";"0b5f9ea369c4ee04fa231a91cd8b5b5a:1257:18";" The minister gave out his text and droned along monotonously through an argument that was so prosy that many a head by and by began to nod ― and yet it was an argument that dealt in limitless fire and brimstone and thinned the predestined elect down to accompany so small as to be hardly worth the saving. ";"eng"
" лачан нО ";"ьтавелк";"Он начал";"клевать";" ";"носом, голова его опустилась, мордой он";"Mark Twain. The Adventures of Tom Sawyer (1876)";"Mark Twain";"1835";"The Adventures of Tom Sawyer";"1876";"художественная";"";"";"";"";"";"омонимия не снята";"The Adventures of Tom Sawyer";"Марк Твен";"Приключения Тома Сойера";"";"1950";"10168";"129719";"5084";"70911";"rus";"rus";"США";"";"Он начал клевать носом, голова его опустилась, мордой он дотронулся до жука, и тот в него вцепился.";"0b5f9ea369c4ee04fa231a91cd8b5b5a:1291:2";" His head nodded, and little by little his chin descended and touched the enemy, who seized it. ";"eng"
" лачан кеГ ,оленметс месвос окьлот каК";"ьтавелк";"Как только совсем стемнело, Гек начал";"клевать";" ";"носом и скоро захрапел.";"Mark Twain. The Adventures of Tom Sawyer (1876)";"Mark Twain";"1835";"The Adventures of Tom Sawyer";"1876";"художественная";"";"";"";"";"";"омонимия не снята";"The Adventures of Tom Sawyer";"Марк Твен";"Приключения Тома Сойера";"";"1950";"10168";"129719";"5084";"70911";"rus";"rus";"США";"";"Как только совсем стемнело, Гек начал клевать носом и скоро захрапел.";"0b5f9ea369c4ee04fa231a91cd8b5b5a:4291:6";" As the night deepened, Huck began to nod, and presently to snore. ";"eng"
" лачан жоротс и мотоП ";"ьтавелк";"Потом и сторож начал";"клевать";" ";"носом; голова у него клонилась все";"Mark Twain. The Adventures of Tom Sawyer (1876)";"Mark Twain";"1835";"The Adventures of Tom Sawyer";"1876";"художественная";"";"";"";"";"";"омонимия не снята";"The Adventures of Tom Sawyer";"Марк Твен";"Приключения Тома Сойера";"";"1950";"10168";"129719";"5084";"70911";"rus";"rus";"США";"";"Потом и сторож начал клевать носом; голова у него клонилась все ниже и ниже, и вскоре они храпели оба.";"0b5f9ea369c4ee04fa231a91cd8b5b5a:7303:4";" Presently the watcher began to nod; his head drooped lower and lower, both men began to snore now. ";"eng"
" олыб лачан ежу ,иксуказ елсоп вележято";"ьтавелк";"отяжелев после закуски, уже начал было";"клевать";" ";"носом, как вдруг толпа загудела, заворошилась";"Charles Dickens. The Tale of two Cities (1859)";"Charles Dickens";"1812";"The Tale of two Cities";"1859";"художественная";"";"";"";"";"";"омонимия не снята";"The Tale of two Cities";"Чарльз Диккенс";"Повесть о двух городах";"";"1950-1960";"15180";"261740";"7590";"135772";"rus";"rus";"Великобритания";"";"Примостившись кое-как на скамье, охрипший рассыльный, отяжелев после закуски, уже начал было клевать носом, как вдруг толпа загудела, заворошилась, и людской поток, хлынув вверх по лестнице, понес его за собой.";"45dc0f44a28f331677ad6ee35a429c4b:2851:12";" The hoarse messenger, uncomfortably seated on a form after taking that refection, had dropped into a doze, when a loud murmur and a rapid tide of people setting up the stairs that led to the court, carried him along with them. ";"eng"
" алатс утуним еж ут в ,анимак";"ьтавелк";"камина, в ту же минуту стала";"клевать";" ";"носом и заснула.";"Emily Brontë. Wuthering Heights (1847)";"Emily Brontë";"1818";"Wuthering Heights";"1847";"художественная";"";"";"";"";"";"омонимия не снята";"Wuthering Heights";"Эмили Бронте";"Грозовой перевал";"";"1956";"12548";"224130";"6274";"117752";"rus";"rus";"Великобритания";"";"Я с радостью воспользовалась предложением, и, бросившись в кресло у камина, в ту же минуту стала клевать носом и заснула.";"4dd9a884633da9a0b633833588f2afc1:5331:16";" Gladly did I take advantage of this intimation; and the minute I flung myself into a chair, by the fire, I nodded, and slept. ";"eng"
