"Reversed left context";"Reversed center";"Left context";"Center";"Punct";"Right context";"Title";"Author";"Birthday";"Header";"Created";"Sphere";"Type";"Topic";"Publication";"Publ_year";"Medium";"Ambiguity";"Header";"Author_trans";"Header_trans";"Translator";"Date_trans";"Sentences";"Words";"Orig_sentences";"Orig_words";"Lang";"Lang_trans";"Lang_variant";"Dialect";"Full context";"Example source";"Para context 1";"Lang 1"
" ,юьретам дереп аляотс ьшил ,алитевто ен";"яансарк";"не ответила, лишь стояла перед матерью,";"красная";" ";"как рак, с трудом сдерживая слезы.";"Tess Gerritsen. The Apprentice (2002)";"Tess Gerritsen";"1953";"The Apprentice";"2002";"художественная";"";"";"";"";"";"омонимия не снята";"The Apprentice";"Тесс Герритсен";"Ученик";"";"2015";"18404";"175484";"9202";"95891";"rus";"rus";"США";"";"Дочь ничего не ответила, лишь стояла перед матерью, красная как рак, с трудом сдерживая слезы.";"259906a1aefabd07197b474ca45aed68:7339:8";" Her daughter said nothing, just stood there with her face stung red, fighting to keep her tears under control. ";"eng"
" ьсев ,юобос с ьсишвиварпс окьлоксеН ";"йынсарк";"Несколько справившись с собою, весь";"красный";" ";"как рак, он объявил, что счел";"Михаил Булгаков. Мастер и Маргарита (1929-1940)";"Михаил Булгаков";"1891";"Мастер и Маргарита";"1929-1940";"художественная";"";"";"";"";"";"омонимия не снята";"Мастер и Маргарита";"Mikhail Bulgakov";"Master and Margarita";"";"1979";"16426";"258609";"8213";"113104";"rus";"eng";"США";"";"Несколько справившись с собою, весь красный как рак, он объявил, что счел долгом поднять рубашечку, лично принести ее…";"837d64d30f4e8ff87ef2f71e79dfe19b:9952:5";" Getting some control of himself, all red as a lobster, he announced that he felt it was his duty to pick up the little shift and bring it personally… ";"eng"
" яслаледс мижД ";"йынсарк";"Джим сделался";"красный";" ";"как рак.";"Harper Lee. To Kill a Mockingbird (1960)";"Harper Lee";"1926";"To Kill a Mockingbird";"1960";"художественная";"";"";"";"";"";"омонимия не снята";"To Kill a Mockingbird";"Харпер Ли";"Убить пересмешника";"";"2013";"15654";"190089";"7827";"101449";"rus";"rus";"США";"";"― Вот что я тебе скажу: твой отец стал ничуть не лучше черномазых и всяких белых подонков, которых он обслуживает!  Джим сделался красный как рак.  Я потянула его за рукав, и мы пошли, а вслед нам неслись громы и молнии: наша семья выродилась и пала ― ниже некуда, половина Финчей вообще сидит в сумасшедшем доме, по будь жива наша мать, мы бы так не распустились.";"923f6c746295e734657f1ced727527e9:5559:2";" “Your father's no better than the niggers and trash he works for!”  Jem was scarlet.  I pulled at his sleeve, and we were followed up the sidewalk by a philippic on our family's moral degeneration, the major premise of which was that half the Finches were in the asylum anyway, but if our mother were living we would not have come to such a state. ";"eng"
" лыб нО ";"йынсарк";"Он был";"красный";" ";"как рак.";"Harper Lee. To Kill a Mockingbird (1960)";"Harper Lee";"1926";"To Kill a Mockingbird";"1960";"художественная";"";"";"";"";"";"омонимия не снята";"To Kill a Mockingbird";"Харпер Ли";"Убить пересмешника";"";"2013";"15654";"190089";"7827";"101449";"rus";"rus";"США";"";"― Джим поднял голову.  Он был красный как рак.  ― Она про тебя такое говорила, и, по-твоему, она ― леди?";"923f6c746295e734657f1ced727527e9:6135:2";" Jem raised his head.  His face was scarlet.  “After all those things she said about you, a lady?” ";"eng"
" енм ан ледис но а ,улоп";"йынсарк";"полу, а он сидел на мне";"красный";" ";"как рак.";"J. D. Salinger. The Catcher in the Rye (1951)";"J. D. Salinger";"1919";"The Catcher in the Rye";"1951";"художественная";"";"";"";"";"";"омонимия не снята";"The Catcher in the Rye";"Дж. Д. Сэлинджер";"Над пропастью во ржи";"";"1965";"13012";"132371";"6506";"75296";"rus";"rus";"США";"";"Но тут я очутился на полу, а он сидел на мне красный как рак.";"9c42c78736aec0c65f6bad9bf144bf26:2657:11";" Anyway, the next thing I knew, I was on the goddam floor and he was sitting on my chest, with his face all red. ";"eng"
" ястеавилавв мотохорг С »?увтссукс оп какин";"йынсарк";"никак по скусству?» С грохотом вваливается";"красный";" ";"как рак полицейский и докладывает, что";"Vladimir Nabokov. The real Life of Sebastian Knight (1938)";"Vladimir Nabokov";"1899";"The real Life of Sebastian Knight";"1938";"художественная";"";"";"";"";"";"омонимия не снята";"The real Life of Sebastian Knight";"Владимир Набоков";"Истинная жизнь Себастьяна Найта";"";"1991";"6002";"106903";"3001";"59495";"rus";"rus";"Великобритания, США";"";"«Алё, — говорит он, — вы никак по скусству?» С грохотом вваливается красный как рак полицейский и докладывает, что труп исчез.";"0273ae1390fefa4ae206b61b15051612:1541:10";"'' Ullo,' he says,'' ow about Hart?' Suddenly a policeman lumbers in, very red in the face and reports that the corpse has gone. ";"eng"
" яслаледс калС роткепснИ ";"мынсарк";"Инспектор Слак сделался";"красным";" ";"как рак.";"Agatha Christie. The murder at the Vicarage (1930)";"Agatha Christie";"1890";"The murder at the Vicarage";"1930";"художественная";"";"";"";"";"";"омонимия не снята";"The murder at the Vicarage";"Агата Кристи";"Убийство в доме викария";"";"2009";"13846";"132133";"6923";"70763";"rus";"rus";"Великобритания";"";"— Кажется, вы правы, — согласилась она с той же улыбкой, с тем же спокойствием.  Инспектор Слак сделался красным как рак.  — Дело очень серьёзное, миссис Лестрэндж.";"75e0b3db95fafa629a8f8f1fd60b1f49:6609:3";" ""It does seem rather like it, ""she agreed, still with the same smiling calm.  Inspector Slack grew very red. "" This is a serious matter, Mrs. Lestrange. ";"eng"
" латс роткепснИ ";"мынсарк";"Инспектор стал";"красным";" ";"как рак.";"Agatha Christie. The murder at the Vicarage (1930)";"Agatha Christie";"1890";"The murder at the Vicarage";"1930";"художественная";"";"";"";"";"";"омонимия не снята";"The murder at the Vicarage";"Агата Кристи";"Убийство в доме викария";"";"2009";"13846";"132133";"6923";"70763";"rus";"rus";"Великобритания";"";"Ну кто бы мог подумать!  Инспектор стал красным как рак.  — Значит, вот в чём было дело, — пробормотал он себе под нос.";"75e0b3db95fafa629a8f8f1fd60b1f49:10329:2";" Did you ever hear of such a thing! "" The inspector had got very red. "" So that was the game, ""he muttered. ";"eng"
" ,имакисаблок имадрабнекаб с нидопсог ястеялвя гурдВ";"йынсарк";"Вдруг является господин с бакенбардами колбасиками,";"красный";", ";"как рак, объявляет, что в доме";"Л. Н. Толстой. Анна Каренина (ч. 1-4) (1878)";"Л. Н. Толстой";"1828";"Анна Каренина (ч. 1-4)";"1878";"художественная";"";"";"";"";"";"омонимия не снята";"Анна Каренина (ч. 1-4)";"Leo Tolstoy";"Anna Karenina (parts 1-4)";"";"1911";"20604";"334050";"10302";"144525";"rus";"eng";"Великобритания";"";"Вдруг является господин с бакенбардами колбасиками, красный, как рак, объявляет, что в доме никто не живет, кроме его жены, и выгоняет обоих.";"434ebe5d38d7f16f8d773fa3966777b1:6312:6";" All at once a gentleman appears with whiskers like sausages, as red as a lobster, announces that there is no one living in the flat except his wife, and sends them both about their business. """;"eng"
" нО"" ";"несарк";"""Он";"красен";" ";"как рак, ― подумал я, ― а она";"И. С. Тургенев. Первая любовь (1860)";"И. С. Тургенев";"1818";"Первая любовь";"1860";"художественная";"";"";"";"";"";"омонимия не снята";"Первая любовь";"Ivan Turgenev";"First Love";"";"1897";"2762";"43318";"1381";"18811";"rus";"eng";"Великобритания";"";"""Он красен как рак, ― подумал я, ― а она… Отчего она такая бледная? ездила верхом целое утро ― и бледная?";"728b82d436d2a19a179249ba4728ae1e:1656:1";"' He's as red as a crab,' I reflected,' while she… why's she so pale? out riding the whole morning, and pale? ";"eng"
