"Reversed left context";"Reversed center";"Left context";"Center";"Punct";"Right context";"Title";"Author";"Birthday";"Header";"Created";"Sphere";"Type";"Topic";"Publication";"Publ_year";"Medium";"Ambiguity";"Header";"Author_trans";"Header_trans";"Translator";"Date_trans";"Sentences";"Words";"Orig_sentences";"Orig_words";"Lang";"Lang_trans";"Lang_variant";"Dialect";"Full context";"Example source";"Para context 1";"Lang 1"
" — робдоп ан как есВ ";"ьворк";"Все как на подбор —";"кровь";" ";"с молоком, златочубые огонь-ребята.";"Владимир Сорокин. День опричника (2006)";"Владимир Сорокин";"1955";"День опричника";"2006";"художественная";"";"";"";"";"";"омонимия не снята";"День опричника";"Vladimir Sorokin";"Day of the Oprichnik";"";"2011";"8772";"78325";"4386";"32419";"rus";"eng";"США";"";"Все как на подбор — кровь с молоком, златочубые огонь-ребята.";"83a6c7e8f62ebb2c452cfda384caef73:7146:4";" All first-class — blood with milk, gold-forelock fire fellows. ";"eng"
" ";"ьворК";"";"Кровь";" ";"с молоком, гордость техасщины или оклахомщины.";"Сергей Лукьяненко. Дневной дозор (1999)";"Сергей Лукьяненко";"1968";"Дневной дозор";"1999";"художественная";"";"";"";"";"";"омонимия не снята";"Дневной дозор";"Sergei Lukyanenko";"Day Watch";"";"2007";"21262";"243758";"10631";"100112";"rus";"eng";"Великобритания";"";"Кровь с молоком, гордость техасщины или оклахомщины.";"32c324f51e3f248aa3d2538a1bcfcc64:16878:0";" A fresh strawberries and cream complexion, the pride of Texas or Oklahoma. ";"eng"
" ,имикещовозор илыб инО ";"ьворк";"Они были розовощекими,";"кровь";" ";"с молоком, с еще маленькими, но";"Michael Crichton. NEXT (2006)";"Michael Crichton";"1942";"NEXT";"2006";"художественная";"";"";"";"";"";"омонимия не снята";"NEXT";"Майкл Крайтон";"NEXT";"";"2007";"21110";"215480";"10555";"109512";"rus";"rus";"США";"";"Они были розовощекими, кровь с молоком, с еще маленькими, но подающими надежды грудками и симпатичными мордашками.";"9bebd6418c70982072881b587bbcbc96:20531:3";" They were local kids, raised in a milk bottle, healthy and pink-skinned, with little budding breasts and sweet faces. ";"eng"
" ,еынямур ,еындород еикат есв ад ,иизивид";"ьворк";"дивизии, да все такие дородные, румяные,";"кровь";" ";"с молоком, ― им в зону ходить";"А. Н. Стругацкий, Б. Н. Стругацкий. Пикник на обочине (1971)";"А. Н. Стругацкий, Б. Н. Стругацкий";"1925, 1933";"Пикник на обочине";"1971";"художественная";"";"";"";"";"";"омонимия не снята";"Пикник на обочине";"Arkady Strugatsky, Boris Strugatsky";"Roadside Picnic";"";"1977";"6254";"103306";"3127";"46331";"rus";"eng";"США";"";"Сам Вилли сидит за своим столом, сипит своей трубкой и разводит писанину на машинке, а в углу копается в железном шкафу какой-то сержантик, новый какой-то, не знаю я его. У нас в институте этих сержантов больше, чем в дивизии, да все такие дородные, румяные, кровь с молоком, ― им в зону ходить не надо, и на мировые проблемы им наплевать.";"74afd4586b39eb278292543c733e16f8:326:44";" Willy was sitting at his desk, puffing on his pipe, and typing some kind of gibberish. Some little sergeant was digging through the metal file cabinet in the corner. A new guy I'd never seen. We have more sergeants at the institute than at division headquarters. They're all well-built healthy fellows. They don't have to go into the Zone and they don't give a damn about world issues. ";"eng"
" как ,лыб но жевС ";"ьворк";"Свеж он был, как";"кровь";" ";"с молоком; здоровье, казалось, так и";"Н. В. Гоголь. Мертвые души (1835-1852)";"Н. В. Гоголь";"1809";"Мертвые души";"1835-1852";"художественная";"";"";"";"";"";"омонимия не снята";"Мертвые души";"Nikolay Gogol";"Dead Souls";"";"1931";"9082";"160470";"4541";"73436";"rus";"eng";"Великобритания";"";"Свеж он был, как кровь с молоком; здоровье, казалось, так и прыскало с лица его.";"dfcae36f84cdc44b70de0cc56b339c1e:2194:4";" Indeed, so fresh was his complexion that it seemed to have been compounded of blood and milk, while health danced in his every feature. ";"eng"
" ,цевасарк и тнарф адгот но лыб";"ьворк";"был он тогда франт и красавец,";"кровь";" ";"с молоком, губы имел румяные, волосы";"И. С. Тургенев. История лейтенанта Ергунова (1867)";"И. С. Тургенев";"1818";"История лейтенанта Ергунова";"1867";"художественная";"";"";"";"";"";"омонимия не снята";"История лейтенанта Ергунова";"Ivan Turgenev";"Lieutenant Yergunov’s Story";"";"1921";"2000";"20430";"1000";"8976";"rus";"eng";"Великобритания";"";"Сам он говорил про себя, что был он тогда франт и красавец, кровь с молоком, губы имел румяные, волосы кудрявые и очи соколиные.";"1d138b341e53a7f79747992e59186462:20:12";" He said of himself that he was at that time a handsome fellow and a dandy with a complexion of milk and roses, red lips, curly hair, and eyes like a falcon's. ";"eng"
" ,кичвасарк ,тел имес итацдавд ежу лыб";"ьворк";"был уже двадцати семи лет, красавчик,";"кровь";" ";"с молоком: ""кофту да юбку, так";"С. Т. Аксаков. Семейная хроника (1856)";"С. Т. Аксаков";"1791";"Семейная хроника";"1856";"художественная";"";"";"";"";"";"омонимия не снята";"Семейная хроника";"Sergey Aksakov";"A Russian Gentleman";"";"1917";"5024";"147698";"2512";"64418";"rus";"eng";"Великобритания";"";"Старших дочерей своих он пристроил: первая, Веригина, уже давно умерла, оставив трехлетнюю дочь; вторая, Коптяжева, овдовела и опять вышла замуж за Нагаткина; умная и гордая Елизавета какими-то судьбами попала за генерала Ерлыкина, который, между прочим, был стар, беден и пил запоем; Александра нашла себе столбового русского дворянина, молодого и с состоянием, И. И. Коротаева, страстного любителя башкирцев и кочевой их жизни, ― башкирца душой и телом; меньшая, Танюша, оставалась при родителях; сынок был уже двадцати семи лет, красавчик, кровь с молоком: ""кофту да юбку, так больше бы походил на барышню, чем все сестры"", ― так говорил про него сам отец.";"f9791504e6bbec59b8a5bbd1258292ee:1490:77";" His elder daughters had all married, and the oldest had been dead some time, leaving a daughter of three years old. Aksinya, the second, had lost one husband and married again; Elizabeth, a clever but arrogant woman, had somehow married a General Yerlykin, who was old and poor and given to drinking; and Alexandra had found herself a husband in Ivan Karatayeff, well-born, young, and rich, but a passionate lover of the Bashkirs and their wandering life — a true Bashkir himself in mind and body. The youngest daughter, Tanyusha, had not married. The only son was now twenty-six, a handsome youth with a complexion of lilies and roses: his own father used to say of him, ""Put a petticoat on him, and he'd be a prettier girl than any of his sisters! """;"eng"
" ,ьнерап йинтелхерытечитацдавд лыб отЭ .оге меанз";"ьворк";"знаем его. Это был двадцатичетырехлетний парень,";"кровь";" ";"с молоком, молодец в полном смысле";"С. Т. Аксаков. Семейная хроника (1856)";"С. Т. Аксаков";"1791";"Семейная хроника";"1856";"художественная";"";"";"";"";"";"омонимия не снята";"Семейная хроника";"Sergey Aksakov";"A Russian Gentleman";"";"1917";"5024";"147698";"2512";"64418";"rus";"eng";"Великобритания";"";"В радостном недоумении ушла Аксютка, а Степан Михайлыч велел позвать к себе Ивана Малыша; мы отчасти уже знаем его. Это был двадцатичетырехлетний парень, кровь с молоком, молодец в полном смысле и ростом и дородством, сын старинного усердного слуги, Бориса Петрова Хорева, умершего в пугачевщину от забот, как все думали, и сухоты при сохранении в порядке вверенных его управлению крестьян Нового Багрова, когда помещик бежал с семьей в Астрахань.";"f9791504e6bbec59b8a5bbd1258292ee:4134:23";" Aksyutka went out surprised and delighted; and Stepan Mihailovitch summoned Little Ivan to his presence. We have heard something of this man already; he was now twenty-four years old, with a complexion of lilies and roses, a very fine young fellow, both tall and stout. At the time of Pugatchoff's revolt, when the master himself took refuge with his family at Astrakhan, ";"eng"
" ,йынриж ,йынтолп ,итацдирт тел лыб тотэ";"ьворк";"этот был лет тридцати, плотный, жирный,";"кровь";" ";"с молоком, с розовыми губами и";"Ф. М. Достоевский. Преступление и наказание (1866)";"Ф. М. Достоевский";"1821";"Преступление и наказание";"1866";"художественная";"";"";"";"";"";"омонимия не снята";"Преступление и наказание";"Fedor Dostoevsky";"Crime and Punishment";"";"1914";"25564";"369816";"12782";"168521";"rus";"eng";"Великобритания";"";"Господин этот был лет тридцати, плотный, жирный, кровь с молоком, с розовыми губами и с усиками, и очень щеголевато одетый.";"928f8dab693260693ecabf487aa70af5:1890:7";" The gentleman was a plump, thickly-set man, about thirty, fashionably dressed, with a high colour, red lips and moustaches. ";"eng"
" ,йывородз я лыб йылам ;дог йытацдантявед";"ьворк";"девятнадцатый год; малый был я здоровый,";"кровь";" ";"с молоком, думал потешиться и насчет";"И. С. Тургенев. Жид (1846)";"И. С. Тургенев";"1818";"Жид";"1846";"художественная";"";"";"";"";"";"омонимия не снята";"Жид";"Ivan Turgenev";"The Jew";"";"1899";"1032";"10159";"516";"4346";"rus";"eng";"Великобритания";"";"Мне всего тогда пошел девятнадцатый год; малый был я здоровый, кровь с молоком, думал потешиться и насчет француза и насчет того… ну, понимаете… а вышло-то вот что.";"4d9dd1698798f9cfd51706d6317c51dc:28:10";" I was not more than nineteen then; I was a healthy young fellow, fresh as a daisy, thought of nothing but getting all the fun I could out of the French… and in other ways too… you understand what I mean… and this is what happened. ";"eng"
" ,йынневородз йокЭ"" :лировог ,оген ан вунялгзв";"ьворк";"взглянув на него, говорил: ""Экой здоровенный,";"кровь";" ";"с молоком! ""И, однако ж, этот";"Ф. М. Достоевский. Вечный муж (1870)";"Ф. М. Достоевский";"1821";"Вечный муж";"1870";"художественная";"";"";"";"";"";"омонимия не снята";"Вечный муж";"Fedor Dostoevsky";"The Permanent Husband";"";"1888";"4814";"88044";"2407";"39594";"rus";"eng";"Великобритания";"";"Цвет лица его, открытого и румяного, отличался в старину женственною нежностью и обращал на него внимание женщин;  да и теперь иной, взглянув на него, говорил: ""Экой здоровенный, кровь с молоком! ""И, однако ж, этот"" здоровенный"" был жестоко поражен ипохондрией.  Глаза его, большие и голубые, лет десять назад имели тоже много в себе победительного; это были такие светлые, такие веселые и беззаботные глаза, что невольно влекли к себе каждого, с кем только он ни сходился.";"201374da9375508f76b469b8d76b7089:36:10";" His open, healthy-looking face was distinguished by an almost feminine refinement, which quality gained him much attention from the fair sex. [...]***  He had large blue eyes — eyes which ten years ago had known well how to persuade and attract; such clear, merry, careless eyes they had been, that they invariably brought over to his side any person he wished to gain. ";"eng"
