"Reversed left context";"Reversed center";"Left context";"Center";"Punct";"Right context";"Title";"Author";"Birthday";"Header";"Created";"Sphere";"Type";"Topic";"Publication";"Publ_year";"Medium";"Ambiguity";"Header";"Author_trans";"Header_trans";"Translator";"Date_trans";"Sentences";"Words";"Orig_sentences";"Orig_words";"Lang";"Lang_trans";"Lang_variant";"Dialect";"Full context";"Example source";"Para context 1";"Lang 1"
" ";"теьЛ";"";"Льет";" ";"как из ведра.";"Jojo Moyes. Me Before You (2012)";"Jojo Moyes";"1969";"Me Before You";"2012";"художественная";"";"";"";"";"";"омонимия не снята";"Me Before You";"Джоджо Мойес";"До встречи с тобой";"";"2013";"22902";"229150";"11451";"129694";"rus";"rus";"Великобритания";"";"— Кошмар.  Льет как из ведра.  — Уилл останавливается.";"58ec84c599babae296f7f33817fce7e2:107:0";" Terrible.  Raining cats and dogs.'  Will stops. ";"eng"
" ,юнмоп ,и ,морту алахеирП ";"олил";"Приехала утром, и, помню,";"лило";" ";"как из ведра.";"Kazuo Ishiguro. Never Let Me Go (2005)";"Kazuo Ishiguro";"1954";"Never Let Me Go";"2005";"художественная";"";"";"";"";"";"омонимия не снята";"Never Let Me Go";"Кадзуо Исигуро";"Не отпускай меня";"";"2007";"11924";"179374";"5962";"98830";"rus";"rus";"Великобритания";"";"Приехала утром, и, помню, лило как из ведра.";"c2c61110eb1b581b550816a97e252cfc:9587:4";" I arrived in the morning that day, and I remember it was bucketing down. ";"eng"
" ьджод отч от ан яртомсеН ";"лил";"Несмотря на то что дождь";"лил";" ";"как из ведра, Реми высадил его";"Dan Brown. The Da Vinci Code (2003)";"Dan Brown";"1964";"The Da Vinci Code";"2003";"художественная";"";"";"";"";"";"омонимия не снята";"The Da Vinci Code";"Дэн Браун";"Код Да Винчи";"";"2004";"23810";"268080";"11905";"139806";"rus";"rus";"США";"";"Несмотря на то что дождь лил как из ведра, Реми высадил его из машины за несколько кварталов ― не хотел, чтобы лимузин показывался на центральных улицах.";"add6866690bf4af011e7eb199aba2d38:20001:5";" Despite the rain, Rémy had dropped him off a short distance away in order to keep the limousine off the main streets. ";"eng"
" ьджоД ";"лил";"Дождь";"лил";" ";"как из ведра, и он засунул";"Dan Brown. The Da Vinci Code (2003)";"Dan Brown";"1964";"The Da Vinci Code";"2003";"художественная";"";"";"";"";"";"омонимия не снята";"The Da Vinci Code";"Дэн Браун";"Код Да Винчи";"";"2004";"23810";"268080";"11905";"139806";"rus";"rus";"США";"";"Дождь лил как из ведра, и он засунул криптекс поглубже в правый карман, чтобы не намок.";"add6866690bf4af011e7eb199aba2d38:20289:1";" The rain was getting heavier now, and he tucked the cryptex deep in his right-hand pocket to protect it from the dampness. ";"eng"
" адгони ,имакйуртс имикнот леш но адгонИ";"лил";"Иногда он шел тонкими струйками, иногда";"лил";" ";"как из ведра.";"Winston Groom. Forrest Gump (1986)";"Winston Groom";"1944";"Forrest Gump";"1986";"художественная";"";"";"";"";"";"омонимия не снята";"Forrest Gump";"Уинстон Грум";"Форрест Гамп";"";"2004";"7394";"133277";"3697";"75796";"rus";"rus";"США";"";"Иногда он шел тонкими струйками, иногда лил как из ведра.";"d5ace69db606eefa852849cccd5dd9a4:1677:6";" It was little tiny stingin rain sometimes, an big ole fat rain at others. ";"eng"
" йыроток ,яджод ясогешвязв адукто онтсевзиен ,огоннартс";"лил";"странного, неизвестно откуда взявшегося дождя, который";"лил";", ";"как из ведра.";"Douglas Adams. The Hitchhiker’s Guide to the Galaxy (1978-1979)";"Douglas Adams";"1952";"The Hitchhiker’s Guide to the Galaxy";"1978-1979";"художественная";"";"";"";"";"";"омонимия не снята";"The Hitchhiker’s Guide to the Galaxy";"Дуглас Адамс";"Путеводитель хитч-хайкера по Галактике";"";"1995-1997";"5806";"86000";"2903";"47259";"rus";"rus";"Великобритания";"";"Он не замечал, как вдруг стало холодно, он не замечал сильного ветра, он не замечал странного, неизвестно откуда взявшегося дождя, который лил, как из ведра.";"196c00195c1de5423601f6709450f4d9:795:21";" He didn't notice how cold it had suddenly become, he didn't notice the wind, he didn't notice the sudden irrational squall of rain. ";"eng"
"( яджод ястиоб ен роткиВ окьлот илсе";"олил";"если только Виктор не боится дождя (";"лило";" ";"как из ведра, и асфальт, как";"Vladimir Nabokov. Pnin (1957)";"Vladimir Nabokov";"1899";"Pnin";"1957";"художественная";"";"";"";"";"";"омонимия не снята";"Pnin";"Владимир Набоков";"Пнин";"";"1983";"4000";"92496";"2000";"50273";"rus";"rus";"Великобритания, США";"";"Пнин предложил оставить саквояж на вокзале и пройтись один квартал пешком — если только Виктор не боится дождя (лило как из ведра, и асфальт, как горное озерцо, блестел в темноте под большими шумными деревьями).";"10ef58884033683630767999be5bedbd:2047:17";" Pnin suggested leaving the luggage and walking one block, if Victor was not afraid of the rain (it was pouring hard, and the asphalt glistened in the darkness, tarnlike, under large, noisy trees). ";"eng"
" ьджод и ,атоббус алыБ ";"лил";"Была суббота, и дождь";"лил";" ";"как из ведра, а я сидел";"J. D. Salinger. The Catcher in the Rye (1951)";"J. D. Salinger";"1919";"The Catcher in the Rye";"1951";"художественная";"";"";"";"";"";"омонимия не снята";"The Catcher in the Rye";"Дж. Д. Сэлинджер";"Над пропастью во ржи";"";"1965";"13012";"132371";"6506";"75296";"rus";"rus";"США";"";"Была суббота, и дождь лил как из ведра, а я сидел у них на веранде ― у них была огромная застекленная веранда.";"9c42c78736aec0c65f6bad9bf144bf26:4763:4";" It was a Saturday and it was raining like a bastard out, and I was over at her house, on the porch ― they had this big screened-in porch. ";"eng"
" ";"олиЛ";"";"Лило";" ";"как из ведра.";"J. D. Salinger. The Catcher in the Rye (1951)";"J. D. Salinger";"1919";"The Catcher in the Rye";"1951";"художественная";"";"";"";"";"";"омонимия не снята";"The Catcher in the Rye";"Дж. Д. Сэлинджер";"Над пропастью во ржи";"";"1965";"13012";"132371";"6506";"75296";"rus";"rus";"США";"";"Дождь шел прямо на чертово надгробье, прямо на траву, которая растет у него на животе.  Лило как из ведра.  И все посетители кладбища вдруг помчались как сумасшедшие к своим машинам.";"9c42c78736aec0c65f6bad9bf144bf26:9433:0";" It rained on his lousy tombstone, and it rained on the grass on his stomach.  It rained all over the place.  All the visitors that were visiting the cemetery started running like hell over to their cars. ";"eng"
" ен окьлот илсе ,уН – ?речев йыджаК";"олил";"Каждый вечер? – Ну, если только не";"лило";" ";"как из ведра. – И все в";"Agatha Christie. The A.B.C. Murders (1936)";"Agatha Christie";"1890";"The A.B.C. Murders";"1936";"художественная";"";"";"";"";"";"омонимия не снята";"The A.B.C. Murders";"Агата Кристи";"Убийства по алфавиту";"";"2016";"5710";"79432";"2855";"25283";"rus";"rus";"Великобритания";"";"– Именно так.  Он делал это обязательно. – Каждый вечер? – Ну, если только не лило как из ведра. – И все в доме знали об этой его привычке? – Естественно. – А за пределами дома? – Я не совсем понимаю, что вы этим хотите сказать. Знал ли об этом садовник или нет, мне не известно. – А в деревне? – Строго говоря, у нас здесь нет никакой деревни. Есть почтовое отделение и коттеджи в Керстон-Феттерс, но магазинов или деревни как таковой нет.  – Полагаю, что незнакомец, ошивающийся неподалеку, был бы сразу же замечен?";"2680cd8dda7dc0b4451de7c3af46e288:2449:10";"' Quite right.  He always did.' ' I suppose a stranger would be easily noticed around here?' ";"eng"
" ?тен от А — ";"теьЛ";"— А то нет?";"Льет";" ";"как из ведра.";"Margaret Mitchell. Gone with the Wind, Part 2 (1936)";"Margaret Mitchell";"1900";"Gone with the Wind, Part 2";"1936";"художественная";"";"";"";"";"";"омонимия не снята";"Gone with the Wind, Part 2";"Маргарет Митчелл";"Унесённые ветром, ч. 2";"";"1982";"29314";"414569";"14657";"216232";"rus";"rus";"США";"";"Сильный идет дождь?  — А то нет? Льет как из ведра.  — Что ж, ничего не поделаешь: все равно придется тебе сходить для меня в город.";"3ddd25fe52e8f0ab80e3eac915d26b53:4737:3";" Is it raining very hard?  You know it's po'in'.  Well, just the same, you've got to go downtown for me. ";"eng"
" ,мортев мыньлис йыминог ,ьджод йосоК ";"лил";"Косой дождь, гонимый сильным ветром,";"лил";" ";"как из ведра; с фризовой спины";"Л. Н. Толстой. Отрочество (1854)";"Л. Н. Толстой";"1828";"Отрочество";"1854";"художественная";"";"";"";"";"";"омонимия не снята";"Отрочество";"Leo Tolstoy";"Boyhood";"";"1910-1935";"2284";"51550";"1142";"22789";"rus";"eng";"Великобритания";"";"Косой дождь, гонимый сильным ветром, лил как из ведра; с фризовой спины Василья текли потоки в лужу мутной воды, образовавшуюся на фартуке.";"463e39928b8e2ca6185226538deaac94:210:5";" The heavy rain, driven before the tempestuous wind, poured down in pailfuls and, dripping from Vassili's thick cloak, formed a series of pools on the apron. ";"eng"
" ьджод как кат ,лелажос ен оламин";"лил";"нимало не сожалел, так как дождь";"лил";" ";"как из ведра, и созвал срочный";"Dorothy L Sayers. Strong Poison (1930)";"Dorothy L Sayers";"1893";"Strong Poison";"1930";"художественная";"";"";"";"";"";"омонимия не снята";"Strong Poison";"Дороти Сэйерс";"Смертельный яд";"";"2007";"11182";"137800";"5591";"78666";"rus";"rus";"Великобритания";"";"На следующий день было воскресенье, но сэр Импи Биггз отложил назначенную партию в гольф, о чем нимало не сожалел, так как дождь лил как из ведра, и созвал срочный военный совет.";"8afd271a456189c18ea16ec50713b721:1183:22";" The following day was a Sunday, but Sir Impey Biggs cancelled an engagement to play golf (with the less regret as it was pouring cats and dogs), and held an extraordinary council of war. ";"eng"
" ьджоД ";"лил";"Дождь";"лил";" ";"как из ведра. Он стоял под";"Virginia Woolf. Orlando: A Biography (1928)";"Virginia Woolf";"1882";"Orlando: A Biography";"1928";"художественная";"";"";"";"";"";"омонимия не снята";"Orlando: A Biography";"Вирджиния Вулф";"Орландо";"";"1997";"6694";"139900";"3347";"79149";"rus";"rus";"Великобритания";"";"Дождь лил как из ведра. Он стоял под навесом крыльца, не в силах сдвинуться с места.";"ce7a4866368b172478a8bbb898aa69fc:1029:1";" He stood in the doorway in the tremendous rain without moving. ";"eng"
" от ,лисором от ьджод а ,ащинтолоп";"лил";"полотнища, а дождь то моросил, то";"лил";" ";"как из ведра, загоняя всех под";"Ernest Hemingway. The Sun Also Rises (1926)";"Ernest Hemingway";"1899";"The Sun Also Rises";"1926";"художественная";"";"";"";"";"";"омонимия не снята";"The Sun Also Rises";"Эрнест Хемингуэй";"Фиеста (И восходит солнце)";"";"1935";"15646";"124370";"7823";"68860";"rus";"rus";"США";"";"Флаги на площади, мокрые, висли на белых шестах, к фасадам домов липли влажные полотнища, а дождь то моросил, то лил как из ведра, загоняя всех под аркаду, и вся площадь покрылась лужами, потемневшие, мокрые улицы опустели; но фиеста не прекращалась.";"b7ee784d3c8ecd8aa42512e15ced7e30:10459:19";" The flags in the square hung wet from the white poles and the banners were wet and hung damp against the front of the houses, and in between the steady drizzle the rain came down and drove every one under the arcades and made pools of water in the square, and the streets wet and dark and deserted; yet the fiesta kept up without any pause. ";"eng"
" латсереп отч окьлот ьджод ;орыс олыб";"ьтил";"было сыро; дождь только что перестал";"лить";" ";"как из ведра.";"С. Т. Аксаков. Семейная хроника (1856)";"С. Т. Аксаков";"1791";"Семейная хроника";"1856";"художественная";"";"";"";"";"";"омонимия не снята";"Семейная хроника";"Sergey Aksakov";"A Russian Gentleman";"";"1917";"5024";"147698";"2512";"64418";"rus";"eng";"Великобритания";"";"Давно кипел самовар на столе в гостиной, но не в тени у крылечка, потому что на дворе было сыро; дождь только что перестал лить как из ведра.";"f9791504e6bbec59b8a5bbd1258292ee:3640:23";" The samovar had long been hissing on the drawing-room table, not in the shade of the stoop, because heavy rain had just ceased falling and it was damp out of doors. ";"eng"
" ьджод и ,имакалбо ьсолунятаз обен ёсв";"лил";"всё небо затянулось облаками, и дождь";"лил";" ";"как из ведра.";"Ф. М. Достоевский. Братья Карамазовы (ч. 3-4) (1878)";"Ф. М. Достоевский";"1821";"Братья Карамазовы (ч. 3-4)";"1878";"художественная";"";"";"";"";"";"омонимия не снята";"Братья Карамазовы (ч. 3-4)";"Fedor Dostoevsky";"The Brothers Karamazov (parts 3-4)";"";"1912";"23208";"374289";"11604";"169158";"rus";"eng";"Великобритания";"";"Наставшее утро было ненастное, всё небо затянулось облаками, и дождь лил как из ведра.";"01066fd433366c41dcff4c8cece1c4b3:9094:10";" It was a wretched morning, the whole sky was overcast, and the rain streamed down in bucketfuls. ";"eng"
" ьджод еж умот к и ,итсонжомзовен";"лил";"невозможности, и к тому же дождь";"лил";" ";"как из ведра, ласки, собравшись целым";"Kenneth Grahame. The Wind in the Willows (1908)";"Kenneth Grahame";"1859";"The Wind in the Willows";"1908";"художественная";"";"";"";"";"";"омонимия не снята";"The Wind in the Willows";"Кеннет Грэм";"Ветер в ивах";"";"1988";"5292";"91429";"2646";"49543";"rus";"rus";"Великобритания";"";"Однажды темной ночью должен сказать, что это была очень темная ночь, и ветреная до невозможности, и к тому же дождь лил как из ведра, ласки, собравшись целым отрядом, вооруженные до зубов, подползли к парадному входу Тоуд-Холла.";"257f794b8b313de9f338450f793bcc1d:4255:20";" One dark night ― it was a VERY dark night, and blowing hard, too, and raining simply cats and dogs ― a band of weasels, armed to the teeth, crept silently up the carriage-drive to the front entrance. ";"eng"
" ьневил йосок ,яьверед лабигс ретев ,иинлом";"лил";"молнии, ветер сгибал деревья, косой ливень";"лил";" ";"как из ведра, и каждая канава";"Mark Twain. Tom Sawyer, Detective (1896)";"Mark Twain";"1835";"Tom Sawyer, Detective";"1896";"художественная";"";"";"";"";"";"омонимия не снята";"Tom Sawyer, Detective";"Марк Твен";"Том Сойер — сыщик";"";"1960";"2416";"43734";"1208";"23706";"rus";"rus";"США";"";"Однако перед рассветом мы проснулись ― началась гроза, гремел страшный гром и сверкали молнии, ветер сгибал деревья, косой ливень лил как из ведра, и каждая канава превратилась в бурную реку.";"86242979402185e5dc647a8527a56ed2:1271:18";" But before dawn we was awake again, because meantime a storm had come up and been raging, and the thunder and lightning was awful, and the wind was a-thrashing the trees around, and the rain was driving down in slanting sheets, and the gullies was running rivers. ";"eng"
" ьджод мет уджем А ";"лил";"А между тем дождь";"лил";" ";"как из ведра и река, выйдя";"Jerome K. Jerome. Three Men in a Boat (To Say Nothing Of The Dog) (1889)";"Jerome K. Jerome";"1859";"Three Men in a Boat (To Say Nothing Of The Dog)";"1889";"художественная";"";"";"";"";"";"омонимия не снята";"Three Men in a Boat (To Say Nothing Of The Dog)";"Джером К. Джером";"Трое в лодке, не считая собаки";"";"1958";"6478";"121423";"3239";"66090";"rus";"rus";"Великобритания";"";"А между тем дождь лил как из ведра и река, выйдя из берегов, затопила нижнюю часть города.";"20485619ebdfa1f237874a4c84c417bc:1399:4";" Meanwhile, the rain came down in a steady torrent, and the lower part of the town was under water, owing to the river having overflowed. ";"eng"
" ьджод и ,ретев лыв ,яантсанен ,яанмет";"лил";"темная, ненастная, выл ветер, и дождь";"лил";" ";"как из ведра. Но, несмотря на";"Arthur Conan Doyle. A Study in Scarlet (1887)";"Arthur Conan Doyle";"1859";"A Study in Scarlet";"1887";"художественная";"";"";"";"";"";"омонимия не снята";"A Study in Scarlet";"Артур Конан Дойл";"Этюд в багровых тонах";"";"1966";"5072";"76704";"2536";"43569";"rus";"rus";"Великобритания";"";"Ночь была темная, ненастная, выл ветер, и дождь лил как из ведра. Но, несмотря на холод и мрак, меня распирала радость ― такая радость, что я готов был заорать от восторга.";"0633af4fce598e40958e1ce04ae375b6:4667:8";" Dismal as it was outside, I was glad within ― so glad that I could have shouted out from pure exultation. ";"eng"
" ежу а ,икьнепутс йенделсоп с еще";"олил";"еще с последней ступеньки, а уже";"лило";" ";"как из ведра.";"Robert Louis Stevenson. Kidnapped (1886)";"Robert Louis Stevenson";"1850";"Kidnapped";"1886";"художественная";"";"";"";"";"";"омонимия не снята";"Kidnapped";"Роберт Луис Стивенсон";"Похищенный";"";"1967";"7020";"146548";"3510";"80444";"rus";"rus";"Великобритания";"";"Когда я был примерно на полпути вниз, на башню налетел мощный порыв ветра, стих на мгновение — и разом хлынул дождь; я не сошел еще с последней ступеньки, а уже лило как из ведра.";"b1442d947f941d6612bea226225d7e39:751:29";" About half-way down, the wind sprang up in a clap and shook the tower, and died again; the rain followed; and before I had reached the ground level it fell in buckets. ";"eng"
" ьджод ьнед ьсеВ ";"лил";"Весь день дождь";"лил";" ";"как из ведра, островок пропитался влагой";"Robert Louis Stevenson. Kidnapped (1886)";"Robert Louis Stevenson";"1850";"Kidnapped";"1886";"художественная";"";"";"";"";"";"омонимия не снята";"Kidnapped";"Роберт Луис Стивенсон";"Похищенный";"";"1967";"7020";"146548";"3510";"80444";"rus";"rus";"Великобритания";"";"Весь день дождь лил как из ведра, островок пропитался влагой точно губка, нигде не сыскать было сухого местечка, и когда я улегся на ночь, примостясь между двумя нависшими валунами, ноги у меня мокли в болоте.";"b1442d947f941d6612bea226225d7e39:2959:3";" All day it streamed rain; the island ran like a sop, there was no dry spot to be found; and when I lay down that night, between two boulders that made a kind of roof, my feet were in a bog. ";"eng"
" киджод отч умотоп ,мынчаду месвос ен";"лил";"не совсем удачным, потому что дождик";"лил";" ";"как из ведра, процессия не состоялась";"Mark Twain. The Adventures of Tom Sawyer (1876)";"Mark Twain";"1835";"The Adventures of Tom Sawyer";"1876";"художественная";"";"";"";"";"";"омонимия не снята";"The Adventures of Tom Sawyer";"Марк Твен";"Приключения Тома Сойера";"";"1950";"10168";"129719";"5084";"70911";"rus";"rus";"США";"";"Даже славное Четвертое июля вышло не совсем удачным, потому что дождик лил как из ведра, процессия не состоялась, а величайший человек в мире, как полагал Том, настоящий сенатор Соединенных Штатов Бентон ужасно разочаровал его, потому что оказался не в двадцать пять футов ростом, а много меньше.";"0b5f9ea369c4ee04fa231a91cd8b5b5a:6173:11";" Even the Glorious Fourth was in some sense a failure, for it rained hard, there was no procession in consequence, and the greatest man in the world (as Tom supposed), Mr. Benton, an actual United States Senator, proved an overwhelming disappointment ― for he was not twenty-five feet high, nor even anywhere in the neighborhood of it. ";"eng"
" ьджод а ,иинлом илавихыпсв онтсоря олед";"лил";"дело яростно вспыхивали молнии, а дождь";"лил";" ";"как из ведра, — я не испытывала";"Charlotte Brontë. Jane Eyre (1847)";"Charlotte Brontë";"1816";"Jane Eyre";"1847";"художественная";"";"";"";"";"";"омонимия не снята";"Jane Eyre";"Шарлотта Бронте";"Джейн Эйр";"";"1950";"17896";"344453";"8948";"186739";"rus";"rus";"Великобритания";"";"Но радость вскоре заглушила все другие чувства. И несмотря на то, что ветер выл, гром гремел чуть ли не над самой крышей дома и то и дело яростно вспыхивали молнии, а дождь лил как из ведра, — я не испытывала ни страха, ни робости.";"0a7c00da545dbcb74563ade41aadf337:9167:32";" But joy soon effaced every other feeling; and loud as the wind blew, near and deep as the thunder crashed, fierce and frequent as the lightning gleamed, cataract-like as the rain fell during a storm of two hours'duration, I experienced no fear and little awe. ";"eng"
