"Reversed left context";"Reversed center";"Left context";"Center";"Punct";"Right context";"Title";"Author";"Birthday";"Header";"Created";"Sphere";"Type";"Topic";"Publication";"Publ_year";"Medium";"Ambiguity";"Header";"Author_trans";"Header_trans";"Translator";"Date_trans";"Sentences";"Words";"Orig_sentences";"Orig_words";"Lang";"Lang_trans";"Lang_variant";"Dialect";"Full context";"Example source";"Para context 1";"Lang 1"
" лыб я ,ьсилинежоп адгоК …йывисарк …ежад";"ан";"даже… красивый… Когда поженились, я был";"на";" ";"седьмом небе от счастья.";"Светлана Алексиевич. Время секонд хэнд (2013)";"Светлана Алексиевич";"1948";"Время секонд хэнд";"2013";"художественная, публицистика";"";"";"";"";"";"омонимия не снята";"Время секонд хэнд";"Svetlana Alexievich";"Secondhand Time";"";"2016";"25158";"324997";"12579";"131168";"rus";"eng";"США";"";"С того дня я стал веселый и счастливый, и даже… красивый… Когда поженились, я был на седьмом небе от счастья.";"52c856c99bb936c84da0bfb0ca2f4218:23484:15";" Ever since that day, I've been cheerful and happy, I even got handsome… When we got married, I was in seventh heaven. ";"eng"
" ьтыб и ,ясьшидрог ыт меч ,еокат";"ан";"такое, чем ты гордишься, и быть";"на";" ";"седьмом небе от счастья, а потом";"Jen Sincero. You Are a Badass®: How to Stop Doubting Your Greatness and Start Living an Awesome Life (2013)";"Jen Sincero";"1965";"You Are a Badass®: How to Stop Doubting Your Greatness and Start Living an Awesome Life";"2013";"публицистика";"";"";"";"";"";"омонимия не снята";"You Are a Badass®: How to Stop Doubting Your Greatness and Start Living an Awesome Life";"Джен Синсеро";"НИ СЫ";"";"2018";"6048";"116117";"3024";"64940";"rus";"rus";"США";"";"Тебе когда-нибудь случалось сделать что-то такое, чем ты гордишься, и быть на седьмом небе от счастья, а потом увидеть, что кто-то другой сделал нечто похожее, но лучше, и внезапно из-за этого опечалиться?";"2641badec1a75475f593f1c63b397fcd:1233:11";" Have you ever done something that you're so proud of and feel all on top of the world about until you see that someone else has done something similar that, in your mind, is better, and all of a sudden you feel sad? ";"eng"
" лыб отч ,ясланзирп иддерФ ";"ан";"Фредди признался, что был";"на";" ";"седьмом небе от счастья.";"Jim Hutton. Mercury and Me (2013)";"Jim Hutton";"1949";"Mercury and Me";"2013";"публицистика";"мемуары";"искусство и культура";"";"";"";"омонимия не снята";"Mercury and Me";"Джим Хаттон";"Меркьюри и я";"";"2019";"9842";"135558";"4921";"75220";"rus";"rus";"США";"";"Фредди признался, что был на седьмом небе от счастья.";"418e3813ee181bc0782a6f1a5bef0f1d:2041:4";" Freddie said he'd been in seventh heaven. ";"eng"
" лыб иддерФ ";"ан";"Фредди был";"на";" ";"седьмом небе от счастья, и в";"Jim Hutton. Mercury and Me (2013)";"Jim Hutton";"1949";"Mercury and Me";"2013";"публицистика";"мемуары";"искусство и культура";"";"";"";"омонимия не снята";"Mercury and Me";"Джим Хаттон";"Меркьюри и я";"";"2019";"9842";"135558";"4921";"75220";"rus";"rus";"США";"";"Фредди был на седьмом небе от счастья, и в конце сентября 1986 года мы с легким сердцем отправились на каникулы в Японию.";"418e3813ee181bc0782a6f1a5bef0f1d:2705:2";" This kept Freddie feeling on top of the world as we took off for our Japanese holiday at the end of September 1986. ";"eng"
" яслунрев но йомоД ";"ан";"Домой он вернулся";"на";" ";"седьмом небе от счастья.";"Jim Hutton. Mercury and Me (2013)";"Jim Hutton";"1949";"Mercury and Me";"2013";"публицистика";"мемуары";"искусство и культура";"";"";"";"омонимия не снята";"Mercury and Me";"Джим Хаттон";"Меркьюри и я";"";"2019";"9842";"135558";"4921";"75220";"rus";"rus";"США";"";"Монтсеррат понравились демо-записи, и она ответила, что будет рада поработать с Фредди над альбомом.  Домой он вернулся на седьмом небе от счастья.  Примерно через неделю Кабалье прибыла в Лондон, и Фредди пригласил ее на творческий ужин в Гарден Лодж.";"418e3813ee181bc0782a6f1a5bef0f1d:3645:3";" Montserrat liked the demo tracks and said she would be happy to work on an album with Freddie.  He came home on cloud nine.  A week or so later Caballé was in London and Freddie invited her to a working supper at Garden Lodge. ";"eng"
" лыб иддерФ ";"ан";"Фредди был";"на";" ";"седьмом небе от счастья.";"Jim Hutton. Mercury and Me (2013)";"Jim Hutton";"1949";"Mercury and Me";"2013";"публицистика";"мемуары";"искусство и культура";"";"";"";"омонимия не снята";"Mercury and Me";"Джим Хаттон";"Меркьюри и я";"";"2019";"9842";"135558";"4921";"75220";"rus";"rus";"США";"";"Я вытащил его оттуда и понес домой.  Фредди был на седьмом небе от счастья.  Минут пять или больше он обхаживал котенка, обнимал и гладил его.";"418e3813ee181bc0782a6f1a5bef0f1d:4729:2";" I picked him up and went into the house.  Freddie was over the moon.  For five minutes or more he poured his attention on the kitten, cuddling and stroking him. ";"eng"
" лыб и ижаллетс еывотог ьтинецаз леширп";"ан";"пришел заценить готовые стеллажи и был";"на";" ";"седьмом небе от счастья.";"Jim Hutton. Mercury and Me (2013)";"Jim Hutton";"1949";"Mercury and Me";"2013";"публицистика";"мемуары";"искусство и культура";"";"";"";"омонимия не снята";"Mercury and Me";"Джим Хаттон";"Меркьюри и я";"";"2019";"9842";"135558";"4921";"75220";"rus";"rus";"США";"";"Конечно же, я все сделал. Фредди пришел заценить готовые стеллажи и был на седьмом небе от счастья.";"418e3813ee181bc0782a6f1a5bef0f1d:5087:12";" Of course I did, and when the shelving was completely finished he came to see them and was over the moon. ";"eng"
" ьтам яовТ ";"ан";"Твоя мать";"на";" ";"седьмом небе.";"Jojo Moyes. Me Before You (2012)";"Jojo Moyes";"1969";"Me Before You";"2012";"художественная";"";"";"";"";"";"омонимия не снята";"Me Before You";"Джоджо Мойес";"До встречи с тобой";"";"2013";"22902";"229150";"11451";"129694";"rus";"rus";"Великобритания";"";"— Я в курсе.  Твоя мать на седьмом небе.  И, как ты знаешь, в последние месяцы ей пришлось нелегко из-за отъезда Трины, дедушки и всего остального.";"58ec84c599babae296f7f33817fce7e2:14061:2";" I know.  Your mother's over the moon.  And, you know, she's had a tough few months what with Treena going and Granddad and all. ";"eng"
" алыб анО ";"ан";"Она была";"на";" ";"седьмом небе.";"André Aciman. Call me by your name (2007)";"André Aciman";"1951";"Call me by your name";"2007";"художественная";"";"";"";"";"";"омонимия не снята";"Call me by your name";"Андре Асиман";"Назови меня своим именем";"";"2019";"10388";"141170";"5194";"78458";"rus";"rus";"США";"";"Затем почти непроизвольно облизал губы.  Она была на седьмом небе.  Моя мать не могла поверить, чтобы человек, преподающий в престижном университете, облизывал абрикосовый сок с губ.";"a58f2ae2382079b450a9d886ae9c0c27:1165:2";" Then, probably without thinking, he smacked his lips.  She was in heaven.  My mother couldn't believe that people who taught at world - famous universities smacked their lips after downing apricot juice. ";"eng"
" лыб я оН ";"ан";"Но я был";"на";" ";"седьмом небе.";"André Aciman. Call me by your name (2007)";"André Aciman";"1951";"Call me by your name";"2007";"художественная";"";"";"";"";"";"омонимия не снята";"Call me by your name";"Андре Асиман";"Назови меня своим именем";"";"2019";"10388";"141170";"5194";"78458";"rus";"rus";"США";"";"А кто не хотел бы?  Но я был на седьмом небе.  Тот факт, что он не забыл наш разговор о Целане, наполнил меня энергией, которую я не ощущал уже много дней.";"a58f2ae2382079b450a9d886ae9c0c27:1759:3";" Who wouldn't?  But I was in heaven.  That he hadn't forgotten our conversation about Celan gave me a shot of tonic I hadn't experienced in many, many days. ";"eng"
" лыб Я ";"ан";"Я был";"на";" ";"седьмом небе.";"André Aciman. Call me by your name (2007)";"André Aciman";"1951";"Call me by your name";"2007";"художественная";"";"";"";"";"";"омонимия не снята";"Call me by your name";"Андре Асиман";"Назови меня своим именем";"";"2019";"10388";"141170";"5194";"78458";"rus";"rus";"США";"";"– Посмотрим, что с этим можно сделать.  Я был на седьмом небе.  Она знала, как меня зовут.";"a58f2ae2382079b450a9d886ae9c0c27:7303:2";" “We'll see what we can do with him.”  I was in heaven.  She knew my name. ";"eng"
" алыб ано ;анирбаС уцинссалкондо алирадогалбоп — ,ебет";"ан";"тебе, — поблагодарила одноклассницу Сабрина; она была";"на";" ";"седьмом небе от счастья.";"Michael Buckley. The Sisters Grimm: The Unusual Suspects (2005)";"Michael Buckley";"1969";"The Sisters Grimm: The Unusual Suspects";"2005";"художественная";"";"";"";"";"";"омонимия не снята";"The Sisters Grimm: The Unusual Suspects";"Майкл Бакли";"Сестры Гримм: Тайна Алой Руки";"";"2007";"9422";"108278";"4711";"58639";"rus";"rus";"США";"";"— Спасибо тебе, — поблагодарила одноклассницу Сабрина; она была на седьмом небе от счастья.";"1e21edc7f21a9f6ee7325f5525fa33e3:4239:7";" Sabrina was so happy she could have cried. ""Thank you. """;"eng"
" ябес лавовтсвуч еенем ен мет и";"ан";"и тем не менее чувствовал себя";"на";" ";"седьмом небе.";"Dan Brown. Angels and Demons (2000)";"Dan Brown";"1964";"Angels and Demons";"2000";"художественная";"";"";"";"";"";"омонимия не снята";"Angels and Demons";"Дэн Браун";"Ангелы и демоны";"";"2004";"16144";"298893";"8072";"150396";"rus";"rus";"США";"";"Он дышал часто и неглубоко и тем не менее чувствовал себя на седьмом небе.";"516f8420ab7d29d361213657275ee895:9987:11";" Nonetheless, he felt rejuvenated by his good fortune. ";"eng"
" лыб йофлаМ ";"ан";"Малфой был";"на";" ";"седьмом небе от счастья, что гриффиндорцы";"J. K. Rowling. Harry Potter and the Prisoner of Azkaban (1999)";"J. K. Rowling";"1965";"Harry Potter and the Prisoner of Azkaban";"1999";"художественная";"";"";"";"";"";"омонимия не снята";"Harry Potter and the Prisoner of Azkaban";"Дж. К. Роулинг";"Гарри Поттер и узник Азкабана";"";"2002";"16396";"194597";"8198";"108830";"rus";"rus";"Великобритания";"";"Малфой был на седьмом небе от счастья, что гриффиндорцы проиграли матч.";"89bcf033d380f4be17459dd58609ff8f:6533:2";" Malfoy was almost beside himself with glee at Gryffindor's defeat. ";"eng"
" ыб лыб ончот жу я ,ьсоладу";"ан";"удалось, я уж точно был бы";"на";" ";"седьмом небе.";"Stephen Chbosky. The Perks of Being a Wallflower (1999)";"Stephen Chbosky";"1970";"The Perks of Being a Wallflower";"1999";"художественная";"";"";"";"";"";"омонимия не снята";"The Perks of Being a Wallflower";"Стивен Чбоски";"Хорошо быть тихоней";"";"2013";"11182";"114915";"5591";"63141";"rus";"rus";"США";"";"Если бы мне это удалось, я уж точно был бы на седьмом небе.";"260e3ece542707bb2e93321616ef7e32:3023:10";" I bet if I wrote one of them, I would be very proud. ";"eng"
" лыб я и ,»ШЭМ елатипсог в";"ан";"в госпитале МЭШ», и я был";"на";" ";"седьмом небе, особенно когда он поделился";"Stephen Chbosky. The Perks of Being a Wallflower (1999)";"Stephen Chbosky";"1970";"The Perks of Being a Wallflower";"1999";"художественная";"";"";"";"";"";"омонимия не снята";"The Perks of Being a Wallflower";"Стивен Чбоски";"Хорошо быть тихоней";"";"2013";"11182";"114915";"5591";"63141";"rus";"rus";"США";"";"Папа очень обрадовался видеокассете «Чертова служба в госпитале МЭШ», и я был на седьмом небе, особенно когда он поделился своими воспоминаниями о нашем семейном просмотре.";"260e3ece542707bb2e93321616ef7e32:3947:12";" Dad liked his copy of More ""inA"" inSo ""inHave a lot, which made me so happy, especially when he told his own story about that night we watched it. ";"eng"
" лыб нивраГ — ";"ан";"— Гарвин был";"на";" ";"седьмом небе, когда я принесла ему";"Michael Crichton. Disclosure (1994)";"Michael Crichton";"1942";"Disclosure";"1994";"художественная";"";"";"";"";"";"омонимия не снята";"Disclosure";"Майкл Крайтон";"Разоблачение";"";"2004";"22282";"216557";"11141";"113778";"rus";"rus";"США";"";"— Гарвин был на седьмом небе, когда я принесла ему Николса на блюдечке, — продолжала Мередит.";"bd13fa2f2f5499e50b9b34aab730a63e:21749:2";" “Garvin was happy as long as I was delivering Nichols to him on a platter,” Johnson said. ";"eng"
" яавыберп ,ьсяавикрашсар и ьсяяналк ,мяревд к";"ан";"к дверям, кланяясь и расшаркиваясь, пребывая";"на";" ";"седьмом небе от счастья просто от";"Terry Pratchett. Guards! Guards! (1989)";"Terry Pratchett";"1948";"Guards! Guards!";"1989";"художественная";"";"";"";"";"";"омонимия не снята";"Guards! Guards!";"Терри Пратчетт";"Стража! Стража!";"";"2020";"17614";"190939";"8807";"98029";"rus";"rus";"Великобритания";"";"Но вскоре ты уже пятишься к дверям, кланяясь и расшаркиваясь, пребывая на седьмом небе от счастья просто от того, что тебя отсюда выпустили.";"c2e7f1ce36a69de8129b3884a6c8ee28:2213:11";" Next thing you knew, you were shuffling out backwards, bowing and scraping, relieved simply to be getting away. ";"eng"
" лыб йиксрялсиК ";"ан";"Кислярский был";"на";" ";"седьмом небе.";"И. А. Ильф, Е. П. Петров. Двенадцать стульев (1927)";"И. А. Ильф, Е. П. Петров";"1897, 1903";"Двенадцать стульев";"1927";"художественная";"";"";"";"";"";"омонимия не снята";"Двенадцать стульев";"Ilya Ilf, Evgeny Petrov";"The Twelve Chairs";"";"1961";"14010";"182628";"7005";"79262";"rus";"eng";"";"";"Чарушников обменялся значительным взглядом с Дядьевым и, отдавая должное конспиративной ловкости докладчика, продолжал катать по столу хлебные шарики.  Кислярский был на седьмом небе.  ""Золотая голова"", ― думал он.";"4ebb3a11b88ee1de62c62bd600095408:4342:2";" Charushnikov exchanged a significant look with Dyadyev and, giving the speaker his due for conspiratorial ability, continued rolling pellets of bread across the table.  Kislarsky was in seventh heaven.  What a brain, he thought. ";"eng"
" алыб нилюьС ";"ан";"Сьюлин была";"на";" ";"седьмом небе от счастья, снова принимая";"Margaret Mitchell. Gone with the Wind, Part 1 (1936)";"Margaret Mitchell";"1900";"Gone with the Wind, Part 1";"1936";"художественная";"";"";"";"";"";"омонимия не снята";"Gone with the Wind, Part 1";"Маргарет Митчелл";"Унесённые ветром, ч. 1";"";"1982";"25706";"403929";"12853";"209514";"rus";"rus";"США";"";"Сьюлин была на седьмом небе от счастья, снова принимая у себя своего поклонника, и не сводила глаз с Фрэнка Кеннеди.";"b1a6e9a3c23689e80357c5e30e2d9a2f:23599:2";" Suellen was raised to the skies by having a beau of her own in the house again and she could hardly take her eyes off Frank Kennedy. ";"eng"
" ьтыб нежлод ,амод огеовс егороп ан";"ан";"на пороге своего дома, должен быть";"на";" ";"седьмом небе от счастья, как и";"Agatha Christie. The murder at the Vicarage (1930)";"Agatha Christie";"1890";"The murder at the Vicarage";"1930";"художественная";"";"";"";"";"";"омонимия не снята";"The murder at the Vicarage";"Агата Кристи";"Убийство в доме викария";"";"2009";"13846";"132133";"6923";"70763";"rus";"rus";"Великобритания";"";"Деннис был в том возрасте, когда детективы любят больше всего на свете, так что он, обнаружив настоящую детективную историю, да ещё и мёртвое тело в придачу прямо, так сказать, на пороге своего дома, должен быть на седьмом небе от счастья, как и положено нормальному молодому человеку.";"75e0b3db95fafa629a8f8f1fd60b1f49:2185:35";" At Dennis's age a detective story is one of the best things in life, and to find a real detective story, complete with corpse, waiting on one's own front doorstep, so to speak, is bound to send a healthy-minded boy into the seventh heaven of enjoyment. ";"eng"
" лыб йыроток ,атноМ алкйаМ юобос с";"ан";"с собою Майкла Монта, который был";"на";" ";"седьмом небе от счастья, так что";"John Galsworthy. To Let (1921)";"John Galsworthy";"1867";"To Let";"1921";"художественная";"";"";"";"";"";"омонимия не снята";"To Let";"Джон Голсуорси";"Сдается внаем";"";"1946";"13226";"167590";"6613";"89255";"rus";"rus";"Великобритания";"";"Они поехали в город на автомобиле, взяв с собою Майкла Монта, который был на седьмом небе от счастья, так что Уинифрид нашла его «очень забавным».";"9e56d585c22911eb3b02689320d18f4c:10923:13";" They motored up, taking Michael Mont, who, being in his seventh heaven, was found by Winifred ""very amusing. """;"eng"
" ьрепет тедуб киратС ";"ан";"Старик будет теперь";"на";" ";"седьмом небе от счастья, потому что";"John Galsworthy. To Let (1921)";"John Galsworthy";"1867";"To Let";"1921";"художественная";"";"";"";"";"";"омонимия не снята";"To Let";"Джон Голсуорси";"Сдается внаем";"";"1946";"13226";"167590";"6613";"89255";"rus";"rus";"Великобритания";"";"Старик будет теперь на седьмом небе от счастья, потому что у миссис Грэдмен, как известно Сомсу, слабое сердце, а сын их лишился ноги на войне.";"9e56d585c22911eb3b02689320d18f4c:12931:3";" And now the old chap would be as pleased as Punch, for Mrs. Gradman, he knew, had a weak heart, and their son had lost a leg in the War. ";"eng"
" сачйес ыб лыб я — ,укоТ-киТ";"ан";"Тик-Току, — я был бы сейчас";"на";" ";"седьмом небе от счастья.";"L. Frank Baum. Ozma of Oz (1907)";"L. Frank Baum";"1856";"Ozma of Oz";"1907";"художественная";"";"";"";"";"";"омонимия не снята";"Ozma of Oz";"Л. Фрэнк Баум";"Озма из страны Оз";"";"1992";"4412";"67565";"2206";"38886";"rus";"rus";"США";"";"— Если бы с нами был Железный Дровосек, — сказал Страшила Тик-Току, — я был бы сейчас на седьмом небе от счастья.";"393628b2d11538cf09bf1d40a670b86d:4081:15";" ""I would be quite content, ""said the Scarecrow to Tiktok, ""were only the Tin Woodman with us. ";"eng"
" ецнлос ончот ,дог йылгурк тюедр хакещ";"ан";"щеках рдеют круглый год, точно солнце";"на";" ";"седьмом небе.";"Herman Melville. Moby-Dick (1851)";"Herman Melville";"1819";"Moby-Dick";"1851";"художественная";"";"";"";"";"";"омонимия не снята";"Moby-Dick";"Герман Мелвилл";"Моби Дик";"";"1961";"17354";"377670";"8677";"201158";"rus";"rus";"США";"";"Но розы цветут лишь летом, тогда как нежные гвоздики у них на щеках рдеют круглый год, точно солнце на седьмом небе.";"22ace9631fd7c4c29ce5adf190f74ff3:1073:18";" But roses only bloom in summer; whereas the fine carnation of their cheeks is perennial as sunlight in the seventh heavens. ";"eng"
" ябес яувтсвуч и ниЛ идел и";"ан";"и леди Лин и чувствуя себя";"на";" ";"седьмом небе.";"Charlotte Brontë. Jane Eyre (1847)";"Charlotte Brontë";"1816";"Jane Eyre";"1847";"художественная";"";"";"";"";"";"омонимия не снята";"Jane Eyre";"Шарлотта Бронте";"Джейн Эйр";"";"1950";"17896";"344453";"8948";"186739";"rus";"rus";"Великобритания";"";"Затем они подозвали ее к себе, и она, усевшись между ними, начала усиленно болтать то по-французски, то на ломаном английской языке, завладев вниманием не только барышень, но и миссис Эштон и леди Лин и чувствуя себя на седьмом небе.";"0a7c00da545dbcb74563ade41aadf337:5691:36";" And then they had called her to a sofa, where she now sat, ensconced between them, chattering alternately in French and broken English; absorbing not only the young ladies'attention, but that of Mrs. Eshton and Lady Lynn, and getting spoilt to her heart's content. ";"eng"
