"Reversed left context";"Reversed center";"Left context";"Center";"Punct";"Right context";"Title";"Author";"Birthday";"Header";"Created";"Sphere";"Type";"Topic";"Publication";"Publ_year";"Medium";"Ambiguity";"Header";"Author_trans";"Header_trans";"Translator";"Date_trans";"Sentences";"Words";"Orig_sentences";"Orig_words";"Lang";"Lang_trans";"Lang_variant";"Dialect";"Full context";"Example source";"Para context 1";"Lang 1"
" как ,ьтяноп иляловзоп еклоп йоннимак ан";"огонм";"на каминной полке позволяли понять, как";"много";" ";"воды утекло.";"J. K. Rowling. Harry Potter and the Sorcerer’s Stone (1997)";"J. K. Rowling";"1965";"Harry Potter and the Sorcerer’s Stone";"1997";"художественная";"";"";"";"";"";"омонимия не снята";"Harry Potter and the Sorcerer’s Stone";"Дж. К. Роулинг";"Гарри Поттер и Волшебный камень";"";"2001";"12950";"147101";"6475";"78303";"rus";"rus";"Великобритания";"";"Одни лишь фотографии на каминной полке позволяли понять, как много воды утекло.";"12b754d39037221c39040f54b069cffc:719:9";" Only the photographs on the mantelpiece really showed how much time had passed. ";"eng"
" тел ьтясед аЗ — ";"огонм";"— За десять лет";"много";" ";"воды утекло, Том.";"Michael Crichton. Disclosure (1994)";"Michael Crichton";"1942";"Disclosure";"1994";"художественная";"";"";"";"";"";"омонимия не снята";"Disclosure";"Майкл Крайтон";"Разоблачение";"";"2004";"22282";"216557";"11141";"113778";"rus";"rus";"США";"";"— За десять лет много воды утекло, Том.";"bd13fa2f2f5499e50b9b34aab730a63e:1367:3";" “A lot's happened in ten years, Tom,” he said. ";"eng"
" жу мокшилс ― агурд гурд иланимопсв ен";"огонм";"не вспоминали друг друга ― слишком уж";"много";" ";"воды утекло с тех пор.";"Борис Полевой. Повесть о настоящем человеке (1946)";"Борис Полевой";"1908";"Повесть о настоящем человеке";"1946";"художественная";"";"";"";"";"";"омонимия не снята";"Повесть о настоящем человеке";"Boris Polevoi";"A Story about a real man";"";"1950";"12740";"210874";"6370";"88696";"rus";"eng";"Великобритания";"";"Ни он, ни она не искали этой встречи и, может быть, даже не вспоминали друг друга ― слишком уж много воды утекло с тех пор.";"680f1b3200a7177681680ab35c78de1e:5446:18";" Neither had sought that meeting, and they had probably even forgotten each other ― so much water had flowed under the bridge since their parting. ";"eng"
" ";"огонМ";"";"Много";" ";"воды утекло с тех пор, много";"Л. Н. Толстой. Детство (1852)";"Л. Н. Толстой";"1828";"Детство";"1852";"художественная";"";"";"";"";"";"омонимия не снята";"Детство";"Leo Tolstoy";"Childhood";"";"1910-1935";"2782";"68830";"1391";"29995";"rus";"eng";"Великобритания";"";"Много воды утекло с тех пор, много воспоминаний о былом потеряли для меня значение и стали смутными мечтами, даже и странник Гриша давно окончил свое последнее странствование; но впечатление, которое он произвел на меня, и чувство, которое возбудил, никогда не умрут в моей памяти.";"4151522dc785dd18f56ea58909099b83:1000:0";" Much sand has run out since then, many recollections of the past have faded from my memory or become blurred in indistinct visions, and poor Grisha himself has long since reached the end of his pilgrimage; but the impression which he produced upon me, and the feelings which he aroused in my breast, will never leave my mind. ";"eng"
" ";"огонМ";"";"Много";" ";"воды утекло.";"Agatha Christie. The murder at the Vicarage (1930)";"Agatha Christie";"1890";"The murder at the Vicarage";"1930";"художественная";"";"";"";"";"";"омонимия не снята";"The murder at the Vicarage";"Агата Кристи";"Убийство в доме викария";"";"2009";"13846";"132133";"6923";"70763";"rus";"rus";"Великобритания";"";"Когда мы жили в Вестморленде[30], я там неподалёку практиковал.  Много воды утекло.  Почти двадцать лет прошло…";"75e0b3db95fafa629a8f8f1fd60b1f49:11561:0";" When he lived in Westmoreland, I had a practice not far away.  That's a long time ago now.  Nearly twenty years. """;"eng"
" отч ,от ан яакеман ,чтидзмирГ сиссим";"огонм";"миссис Гримздитч, намекая на то, что";"много";" ";"воды утекло с тех пор, как";"Virginia Woolf. Orlando: A Biography (1928)";"Virginia Woolf";"1882";"Orlando: A Biography";"1928";"художественная";"";"";"";"";"";"омонимия не снята";"Orlando: A Biography";"Вирджиния Вулф";"Орландо";"";"1997";"6694";"139900";"3347";"79149";"rus";"rus";"Великобритания";"";"У лошадки – вешалки для полотенец в спальне короля («еще доброго короля Якова, милорд», – сказала миссис Гримздитч, намекая на то, что много воды утекло с тех пор, как королевская особа вообще почивала под этим кровом; но дни проклятого Парламента миновали, теперь в Англии, слава Богу, опять Корона) недоставало ножки; не было скамеек под кувшины в покойчике, прилегающем к гостиной пажа герцогини; мистер Грин изгадил ковер этой своей пакостной трубкой, уж они с Джуди скоблили-скоблили, пятно так и не отстало.";"ce7a4866368b172478a8bbb898aa69fc:1861:20";" The towel horse in the King's bedroom(' and that was King Jamie, my Lord,' she said, hinting that it was many a day since a King had slept under their roof; but the odious Parliament days were over and there was now a Crown in England again) lacked a leg; there were no stands to the ewers in the little closet leading into the waiting room of the Duchess's page; Mr Greene had made a stain on the carpet with his nasty pipe smoking, which she and Judy, for all their scrubbing, had never been able to wash out. ";"eng"
" роп хет С ";"огонм";"С тех пор";"много";" ";"воды утекло.";"Jack London. The Burning Daylight (1910)";"Jack London";"1876";"The Burning Daylight";"1910";"художественная";"";"";"";"";"";"омонимия не снята";"The Burning Daylight";"Джек Лондон";"Время-не-ждет";"";"1956";"14758";"209384";"7379";"114448";"rus";"rus";"США";"";"Другие события заслонили их, и вся аляскинская эпопея, так же как война с Испанией, давно изгладилась из памяти.  С тех пор много воды утекло.  И каждый день приносил новые сенсации, а место в газетах, отведенное сенсационным известиям, было ограничено.";"11d7865e51a07f08a30dd98fb7d68095:6191:3";" The world was interested in other things, and the Alaskan adventure, like the Spanish War, was an old story.  Many things had happened since then.  Exciting things were happening every day, and the sensation-space of newspapers was limited. ";"eng"
" — ,моходзв ос вокинясвО лажлодорп — ,аД — ";"огонм";"— Да, — продолжал Овсяников со вздохом, —";"много";" ";"воды утекло с тех пор, как";"И. С. Тургенев. Однодворец Овсяников (1847)";"И. С. Тургенев";"1818";"Однодворец Овсяников";"1847";"художественная";"";"";"";"";"";"омонимия не снята";"Однодворец Овсяников";"Ivan Turgenev";"The Peasant Proprietor Ovsyanikov";"";"1895";"924";"12115";"462";"5053";"rus";"eng";"Великобритания";"";"— Да, — продолжал Овсяников со вздохом, — много воды утекло с тех пор, как я на свете живу: времена подошли другие.";"859a87a891c9acdeb15befad2884beea:326:5";"' Yes,' continued Ovsyanikov with a sigh,' there's many a gallon of water has flowed down to the sea since I have been living in the world; times are different now. ";"eng"
