"Reversed left context";"Reversed center";"Left context";"Center";"Punct";"Right context";"Title";"Author";"Birthday";"Header";"Created";"Sphere";"Type";"Topic";"Publication";"Publ_year";"Medium";"Ambiguity";"Header";"Author_trans";"Header_trans";"Translator";"Date_trans";"Sentences";"Words";"Orig_sentences";"Orig_words";"Lang";"Lang_trans";"Lang_variant";"Dialect";"Full context";"Example source";"Para context 1";"Lang 1"
" как яндогес ыв ,нивеК и огюьХ";"в";"Хьюго и Кевин, вы сегодня как";"в";" ";"рот воды набрали, от Чабо я";"Lemony Snicket. The Carnivorous Carnival (2002)";"Lemony Snicket";"1970";"The Carnivorous Carnival";"2002";"художественная";"";"";"";"";"";"омонимия не снята";"The Carnivorous Carnival";"Лемони Сникет";"Кровожадный карнавал";"";"2005";"4956";"79225";"2478";"44084";"rus";"rus";"США";"";"— Хьюго и Кевин, вы сегодня как в рот воды набрали, от Чабо я ни одного ворчания не услышала, да и ни от одной из голов тоже.";"e5441b6e2482858601d51d38dceb629e:2907:6";" ""Hugo and Kevin, you haven't talked much, and I don't think I've heard a single growl from Chabo, or heard a word out of either of your heads. """;"eng"
" как ссалк ,ирраГ к ьсилитарбо ьтяпо";"в";"опять обратились к Гарри, класс как";"в";" ";"рот воды набрал.";"J. K. Rowling. Harry Potter and the Prisoner of Azkaban (1999)";"J. K. Rowling";"1965";"Harry Potter and the Prisoner of Azkaban";"1999";"художественная";"";"";"";"";"";"омонимия не снята";"Harry Potter and the Prisoner of Azkaban";"Дж. К. Роулинг";"Гарри Поттер и узник Азкабана";"";"2002";"16396";"194597";"8198";"108830";"rus";"rus";"Великобритания";"";"И хотя все взгляды опять обратились к Гарри, класс как в рот воды набрал.";"89bcf033d380f4be17459dd58609ff8f:3771:10";" Everybody's heads turned towards Harry again, but nobody spoke. ";"eng"
" как амаМ ";"в";"Мама как";"в";" ";"рот воды набрала.";"Stephen Chbosky. The Perks of Being a Wallflower (1999)";"Stephen Chbosky";"1970";"The Perks of Being a Wallflower";"1999";"художественная";"";"";"";"";"";"омонимия не снята";"The Perks of Being a Wallflower";"Стивен Чбоски";"Хорошо быть тихоней";"";"2013";"11182";"114915";"5591";"63141";"rus";"rus";"США";"";"Сестра плачет.  Мама как в рот воды набрала.  Разглагольствует только отец.";"260e3ece542707bb2e93321616ef7e32:1247:2";" My sister was crying.  My mom was very very quiet.  My dad did all the talking. ";"eng"
" как ,тичлоМ !ыв отЧ — ";"в";"— Что вы! Молчит, как";"в";" ";"рот воды набравши.";"Василий Шукшин. Генерал Малафейкин (1972)";"Василий Шукшин";"1929";"Генерал Малафейкин";"1972";"художественная";"";"";"";"";"";"омонимия не снята";"Генерал Малафейкин";"Vasili Shukshin";"The Big Boss";"";"1980";"614";"5520";"307";"2040";"rus";"eng";"";"";"— Что вы! Молчит, как в рот воды набравши.";"4935d0cb26ee489f704d9cdc20bd7bc4:38:4";" ""Like the cat's got their tongues, no less. ";"eng"
" ларбан ,угереб к дох йиндаз лад";"в";"дал задний ход к берегу, набрал";"в";" ";"рот воды и выпустил струйку в";"William Golding. Lord of the Flies (1954)";"William Golding";"1911";"Lord of the Flies";"1954";"художественная";"";"";"";"";"";"омонимия не снята";"Lord of the Flies";"Уильям Голдинг";"Повелитель мух";"";"1985";"11860";"107165";"5930";"60665";"rus";"rus";"Великобритания";"";"Ральф дал задний ход к берегу, набрал в рот воды и выпустил струйку в воздух.";"0975fdf44abcfb183c1e7d0026c2e318:343:7";" Ralph paddled backwards down the slope, immersed his mouth and blew a jet of water into the air. ";"eng"
" ларбан ажереС ";"в";"Сережа набрал";"в";" ";"рот воды и как брызнет на";"Николай Носов. Дневник Коли Синицына (1950)";"Николай Носов";"1908";"Дневник Коли Синицына";"1950";"художественная";"";"";"";"";"";"омонимия не снята";"Дневник Коли Синицына";"Nikolay Nosov";"Kolya Sinitsin’s diary";"";"1954";"3412";"39474";"1706";"17928";"rus";"eng";"СССР/Россия";"";"Сережа набрал в рот воды и как брызнет на пчелу, а Павлик тут же посыпал ее мукой.";"b2e6b369e84930a83c3793e048869959:988:2";" Seryozha took a mouthful of water and spurted it neatly on the bee and Pavlik sprinkled it with flour. ";"eng"
" ларбан ,дазан яслуникто моТ ";"в";"Том откинулся назад, набрал";"в";" ";"рот воды, выпустил ее фонтаном и";"John Steinbeck. The Grapes of Wrath (1939)";"John Steinbeck";"1902";"The Grapes of Wrath";"1939";"художественная";"";"";"";"";"";"омонимия не снята";"The Grapes of Wrath";"Джон Стейнбек";"Гроздья гнева";"";"1940";"31674";"330719";"15837";"184204";"rus";"rus";"США";"";"Том откинулся назад, набрал в рот воды, выпустил ее фонтаном и засмеялся.";"a9f50bec74c8296767523e6580db566a:13001:4";" Tom lay back and filled his mouth with water, and he spurted it into the air and he laughed. ";"eng"
" есв ончот ,ливломорп ен огечин откин";"в";"никто ничего не промолвил, точно все";"в";" ";"рот воды набрали ― точно всем было";"И. С. Тургенев. Новь (1877)";"И. С. Тургенев";"1818";"Новь";"1877";"художественная";"";"";"";"";"";"омонимия не снята";"Новь";"Ivan Turgenev";"Virgin Soil";"";"1929";"13114";"171448";"6557";"76108";"rus";"eng";"Великобритания";"";"Паклин умолк… и никто ничего не промолвил, точно все в рот воды набрали ― точно всем было немножко совестно за него.";"18fa54af30364a96799683ef7d1894f9:648:9";" Paklin ceased, but no one uttered a word and all of them sat with tightly closed mouths as if feeling unutterably sorry for him. ";"eng"
