"Reversed left context";"Reversed center";"Left context";"Center";"Punct";"Right context";"Title";"Author";"Birthday";"Header";"Created";"Sphere";"Type";"Topic";"Publication";"Publ_year";"Medium";"Ambiguity";"Header";"Author_trans";"Header_trans";"Translator";"Date_trans";"Sentences";"Words";"Orig_sentences";"Orig_words";"Lang";"Lang_trans";"Lang_variant";"Dialect";"Full context";"Example source";"Para context 1";"Lang 1"
" автсьлетазакод еыннемервеовс ,еыннёжаксиеН ";"ан";"Неискажённые, своевременные доказательства";"на";" ";"вес золота.";"Julia Shaw. A memory scientist's advice on reporting harassment and discrimination (2018)";"Julia Shaw";"1987";"A memory scientist's advice on reporting harassment and discrimination";"2018";"учебно-научная, публицистика, устная публичная речь";"выступление";"";"";"";"";"омонимия не снята";"A memory scientist's advice on reporting harassment and discrimination";"Джулия Шоу";"Совет специалиста по памяти о том, как сообщать о домогательствах и дискриминации";"";"";"210";"2757";"105";"1540";"rus";"rus";"";"";"Ведь как только вы поделились историей с друзьями или семьёй, коллегами или психотерапевтом, есть вероятность, что воспоминания о случившемся исказятся или изменятся.  Неискажённые, своевременные доказательства на вес золота.  04: 20";"dc4e48cb821c82688a1caa0e2d014e16:85:3";" Because as soon as your share your story with friends or family or colleagues or therapists, you have the potential to distort or change your memory of the event.  Uncontaminated, contemporaneous evidence is worth gold.  04: 20 ";"eng"
" сан у ялмеЗ ";"ан";"Земля у нас";"на";" ";"вес золота, пшеницу меряют не мешками";"Светлана Алексиевич. Время секонд хэнд (2013)";"Светлана Алексиевич";"1948";"Время секонд хэнд";"2013";"художественная, публицистика";"";"";"";"";"";"омонимия не снята";"Время секонд хэнд";"Svetlana Alexievich";"Secondhand Time";"";"2016";"25158";"324997";"12579";"131168";"rus";"eng";"США";"";"Земля у нас на вес золота, пшеницу меряют не мешками, а тюбетейками.";"52c856c99bb936c84da0bfb0ca2f4218:20510:3";" For us, good soil is worth its weight in gold; where we come from, they don't measure wheat by the bag, they measure it by the tubeteika. ";"eng"
" оньлавкуб ьсилинец ылыбок еж еылаМ ";"ан";"Малые же кобылы ценились буквально";"на";" ";"вес золота, их держали только коннозаводчики.";"Владимир Сорокин. Метель (2010)";"Владимир Сорокин";"1955";"Метель";"2010";"художественная";"";"";"";"";"";"омонимия не снята";"Метель";"Vladimir Sorokin";"The Blizzard";"";"2015";"8566";"85448";"4283";"35716";"rus";"eng";"США";"";"Малые же кобылы ценились буквально на вес золота, их держали только коннозаводчики.";"35d7046b38f854156c294b8ac23b778d:444:5";" Little mares were worth their weight in gold, and only horse breeders could afford them. ";"eng"
" ьсилинец ино уроп юуннеов в а";"ан";"а в военную пору они ценились";"на";" ";"вес золота, — мало того, он нашел";"David Bodanis. E=mc²: A Biography of the World’s Most Famous Equation (2005)";"David Bodanis";"1950";"E=mc²: A Biography of the World’s Most Famous Equation";"2005";"учебно-научная";"";"";"";"";"";"омонимия не снята";"E=mc²: A Biography of the World’s Most Famous Equation";"Дэвид Боданис";"E=mc². Биография самого знаменитого уравнения в мире";"";"2009";"5308";"106205";"2654";"55488";"rus";"rus";"Великобритания, США";"";"И Оппенгеймер добился того, чтобы ее отправили в Нью-Мексико в специально оборудованном купе, — а в военную пору они ценились на вес золота, — мало того, он нашел для нее место в больнице, находившейся в достаточной близости от Лос-Аламоса, что позволяло Фейнману регулярно навещать ее.";"9883e7e6573efc90b9502c757341239f:3541:19";" Oppenheimer obtained a rare-as-gold wartime train pass so she could come to New Mexico; he also arranged a place in a hospital close enough to Los Alamos so that Feynman could visit her regularly. ";"eng"
" алыб артаихисп огоджак акжреддоп и ,ессергнок";"ан";"конгрессе, и поддержка каждого психиатра была";"на";" ";"вес золота.";"Владимир Буковский. «И возвращается ветер…» (1978)";"Владимир Буковский";"1942";"«И возвращается ветер…»";"1978";"публицистика";"";"";"";"";"";"омонимия не снята";"«И возвращается ветер…»";"Vladimir Bukovsky";"To build the castle. My life as a dissenter";"";"1979";"16614";"269869";"8307";"118447";"rus";"eng";"Великобритания";"";"Возникла перспектива добиваться обсуждения нашей проблемы на конгрессе, и поддержка каждого психиатра была на вес золота.";"848ab4fe8251c23892099a6a4b79f2fa:13492:13";" The prospect arose of getting our problem discussed at the congress, and the support of each psychiatrist was worth its weight in gold. ";"eng"
" иацилоп ьсилазако и от-туТ ";"ан";"Тут-то и оказались полицаи";"на";" ";"вес золота.";"Владимир Буковский. «И возвращается ветер…» (1978)";"Владимир Буковский";"1942";"«И возвращается ветер…»";"1978";"публицистика";"";"";"";"";"";"омонимия не снята";"«И возвращается ветер…»";"Vladimir Bukovsky";"To build the castle. My life as a dissenter";"";"1979";"16614";"269869";"8307";"118447";"rus";"eng";"Великобритания";"";"Тут-то и оказались полицаи на вес золота.";"848ab4fe8251c23892099a6a4b79f2fa:15654:4";" It was now that the polizei came in handy. ";"eng"
" — менок с еще ад ,кижум сачйес";"ан";"сейчас мужик, да еще с конем —";"на";" ";"вес золота.";"Анатолий Кузнецов. Бабий Яр (1965-1970)";"Анатолий Кузнецов";"1929";"Бабий Яр";"1965-1970";"художественная";"";"";"";"";"";"омонимия не снята";"Бабий Яр";"Anatoly Kuznetsov";"Babi Yar";"";"1970";"15164";"239938";"7582";"92495";"rus";"eng";"Великобритания";"";"Придумал это дед и, по-моему, правильно: нельзя было Василию оставаться в городе, а надо было отправляться в глухую деревню, где сейчас мужик, да еще с конем — на вес золота.";"86fdb395a48cd1424071e803fff507ae:5486:26";" It was my grandfather's idea and I think he was right; Vasili could not remain in the city; he ought to go away as far into the depths of the countryside as he could, where a man, and especially a man with a horse, was now worth his weight in gold. ";"eng"
" оньлавкуб ьрепет ьсолинец онкус еоксрецифо еореС";"ан";"Серое офицерское сукно ценилось теперь буквально";"на";" ";"вес золота, и Эшли носил форму";"Margaret Mitchell. Gone with the Wind, Part 1 (1936)";"Margaret Mitchell";"1900";"Gone with the Wind, Part 1";"1936";"художественная";"";"";"";"";"";"омонимия не снята";"Gone with the Wind, Part 1";"Маргарет Митчелл";"Унесённые ветром, ч. 1";"";"1982";"25706";"403929";"12853";"209514";"rus";"rus";"США";"";"Серое офицерское сукно ценилось теперь буквально на вес золота, и Эшли носил форму из домотканой шерсти.";"b1a6e9a3c23689e80357c5e30e2d9a2f:12173:6";" Gray wool for uniforms was now almost literally more priceless than rubies, and Ashley was wearing the familiar homespun. ";"eng"
" лыб ежот муипо ;хяицатупма хылежят хымас";"ан";"самых тяжелых ампутациях; опиум тоже был";"на";" ";"вес золота, и его давали только";"Margaret Mitchell. Gone with the Wind, Part 1 (1936)";"Margaret Mitchell";"1900";"Gone with the Wind, Part 1";"1936";"художественная";"";"";"";"";"";"омонимия не снята";"Gone with the Wind, Part 1";"Маргарет Митчелл";"Унесённые ветром, ч. 1";"";"1982";"25706";"403929";"12853";"209514";"rus";"rus";"США";"";"Хлороформа не хватало, и к нему приходилось прибегать лишь при самых тяжелых ампутациях; опиум тоже был на вес золота, и его давали только умирающим, чтобы облегчить им переход на тот свет, а оставшимся на этом свете облегчить страдания было нечем.";"b1a6e9a3c23689e80357c5e30e2d9a2f:13653:16";" Chloroform was so scarce now it was used only for the worst amputations and opium was a precious thing, used only to ease the dying out of life, not the living out of pain. ";"eng"
" ,ислиД как ,икинтобар еикат отч ,аламудоп";"ан";"подумала, что такие работники, как Дилси,";"на";" ";"вес золота.";"Margaret Mitchell. Gone with the Wind, Part 1 (1936)";"Margaret Mitchell";"1900";"Gone with the Wind, Part 1";"1936";"художественная";"";"";"";"";"";"омонимия не снята";"Gone with the Wind, Part 1";"Маргарет Митчелл";"Унесённые ветром, ч. 1";"";"1982";"25706";"403929";"12853";"209514";"rus";"rus";"США";"";"Дилси работала молча, неутомимо, как машина, и Скарлетт, которая уже едва могла разогнуть спину и натерла себе плечо тяжелой сумкой, куда собирала хлопок, подумала, что такие работники, как Дилси, на вес золота.";"b1a6e9a3c23689e80357c5e30e2d9a2f:22529:29";" Dilcey worked tirelessly, silently, like a machine, and Scarlett, with her back aching and her shoulder raw from the tugging weight of the cotton bag she carried, thought that Dilcey was worth her weight in gold. ";"eng"
" ьтавинецсар одан ,егрубждирБ в екиткарп йоншепсу";"ан";"успешной практике в Бриджбурге, надо расценивать";"на";" ";"вес золота; многие дела, отложенные из-за";"Theodore Dreiser. An American Tragedy, book III (1925)";"Theodore Dreiser";"1871";"An American Tragedy, book III";"1925";"художественная";"";"";"";"";"";"омонимия не снята";"An American Tragedy, book III";"Теодор Драйзер";"Американская трагедия (ч. 3)";"";"1948";"15052";"256860";"7526";"140326";"rus";"rus";"США";"";"Ведь ясно, что их время, которое доныне было посвящено весьма успешной практике в Бриджбурге, надо расценивать на вес золота; многие дела, отложенные из-за необычайной срочности процесса Клайда, ожидали их внимания, и оба юриста отнюдь не были убеждены, что из деловых расчетов или филантропических побуждений они должны и могут позволить себе помогать Клайду и впредь, не надеясь на какое-либо вознаграждение.";"e580980c0946d1f66803a4bbd917b81d:11553:16";" For obviously, their time being as valuable as it was — devoted hitherto to the most successful practice in Bridgeburg — and with many matters waiting on account of the pressure of this particular case — they were by no means persuaded that either their practical self - interest or their charity permitted or demanded their assisting Clyde without further recompense. ";"eng"
" тедуб акум йомиз йотэ ,ьшидиву тоВ";"ан";"Вот увидишь, этой зимой мука будет";"на";" ";"вес золота.";"Jack London. The Burning Daylight (1910)";"Jack London";"1876";"The Burning Daylight";"1910";"художественная";"";"";"";"";"";"омонимия не снята";"The Burning Daylight";"Джек Лондон";"Время-не-ждет";"";"1956";"14758";"209384";"7379";"114448";"rus";"rus";"США";"";"Вот увидишь, этой зимой мука будет на вес золота.";"11d7865e51a07f08a30dd98fb7d68095:3839:6";" If I'm right, flour'll balance gold on the scales this winter. ";"eng"
" ьтинец тудуб хи ,ыреноицкеллок ясьтяног тудуб";"ан";"будут гоняться коллекционеры, их будут ценить";"на";" ";"вес золота, и богачи будут употреблять";"Jerome K. Jerome. Three Men in a Boat (To Say Nothing Of The Dog) (1889)";"Jerome K. Jerome";"1859";"Three Men in a Boat (To Say Nothing Of The Dog)";"1889";"художественная";"";"";"";"";"";"омонимия не снята";"Three Men in a Boat (To Say Nothing Of The Dog)";"Джером К. Джером";"Трое в лодке, не считая собаки";"";"1958";"6478";"121423";"3239";"66090";"rus";"rus";"Великобритания";"";"За щербатыми и потрескавшимися синими с белым кувшинами, которые подаются в наших придорожных трактирах, будут гоняться коллекционеры, их будут ценить на вес золота, и богачи будут употреблять их как чаши для крюшонаю, а туристы из Японии будут скупать все уцелевшие от разрушений ""подарки из Рэмсгета"" и ""сувениры из Маргета"" и повезут их в Иеддо в качестве реликвий английской старины.";"20485619ebdfa1f237874a4c84c417bc:1757:20";" The blue-and-white mugs of the present-day roadside inn will be hunted up, all cracked and chipped, and sold for their weight in gold, and rich people will use them for claret cups; and travellers from Japan will buy up all the ""Presents from Ramsgate, ""and"" Souvenirs of Margate, ""that may have escaped destruction, and take them back to Jedo as ancient English curios. ";"eng"
" хи илинец и мацивокул мывонапьлют оп";"ан";"по тюльпановым луковицам и ценили их";"на";" ";"вес золота, ― как?";"Mary Mapes Dodge. Hans Brinker or the Silver Skates (1865)";"Mary Mapes Dodge";"1831";"Hans Brinker or the Silver Skates";"1865";"художественная";"";"";"";"";"";"омонимия не снята";"Hans Brinker or the Silver Skates";"Мэри Мейпс Додж";"Серебряные коньки";"";"1941";"11526";"150751";"5763";"80734";"rus";"rus";"США";"";"Люди тогда сходили с ума по тюльпановым луковицам и ценили их на вес золота, ― как?";"e7118cb2a258d86e243d71189fb37afd:2375:11";" Why, persons were so crazy after tulip bulbs in those days that they paid their weight in gold for them"". ";"eng"
" ано ьдев аД ";"ан";"Да ведь она";"на";" ";"вес золота!";"Mary Mapes Dodge. Hans Brinker or the Silver Skates (1865)";"Mary Mapes Dodge";"1831";"Hans Brinker or the Silver Skates";"1865";"художественная";"";"";"";"";"";"омонимия не снята";"Hans Brinker or the Silver Skates";"Мэри Мейпс Додж";"Серебряные коньки";"";"1941";"11526";"150751";"5763";"80734";"rus";"rus";"США";"";"Голландец поднял пухлые руки к небу: ― Икры!  Да ведь она на вес золота!  Кто же тут продает икру?";"e7118cb2a258d86e243d71189fb37afd:4727:3";" The Dutchman raised his fat hands: ""Caviar!  That is made of gold!  Who has caviar to sell? ";"eng"
" икчолим йеом ялд атуним яаджак ,ешьлод";"ан";"дольше, каждая минута для моей милочки";"на";" ";"вес золота, ― шептала мисс Просс.";"Charles Dickens. The Tale of two Cities (1859)";"Charles Dickens";"1812";"The Tale of two Cities";"1859";"художественная";"";"";"";"";"";"омонимия не снята";"The Tale of two Cities";"Чарльз Диккенс";"Повесть о двух городах";"";"1950-1960";"15180";"261740";"7590";"135772";"rus";"rus";"Великобритания";"";"― Мы одни в верхнем этаже, двор глухой, там сейчас никого нет, никто не услышит; Дай мне, боже, силы удержать тебя как можно дольше, каждая минута для моей милочки на вес золота, ― шептала мисс Просс.";"45dc0f44a28f331677ad6ee35a429c4b:14839:28";" ""We are alone at the top of a high house in a solitary courtyard, we are not likely to be heard, and I pray for bodily strength to keep you here, while every minute you are here is worth a hundred thousand guineas to my darling, ""said Miss Pross. ";"eng"
