"Reversed left context";"Reversed center";"Left context";"Center";"Punct";"Right context";"Title";"Author";"Birthday";"Header";"Created";"Sphere";"Type";"Topic";"Publication";"Publ_year";"Medium";"Ambiguity";"Header";"Author_trans";"Header_trans";"Translator";"Date_trans";"Sentences";"Words";"Orig_sentences";"Orig_words";"Lang";"Lang_trans";"Lang_variant";"Dialect";"Full context";"Example source";"Para context 1";"Lang 1"
" я тнемом тотэ В« ";"лиртсован";"«В этот момент я";"навострил";" ";"уши.";"David Smith. Rob Goldstone on Trump: [The Guardian] (29.09.2018)";"David Smith";"";"Rob Goldstone on Trump: [The Guardian]";"29.09.2018";"публицистика";"";"";"";"";"";"омонимия не снята";"Rob Goldstone on Trump: [The Guardian]";"";"«Роб Голдстоун о Трампе: Мне кажется, ему нравится Россия, потому что он ей нравится»";"";"2018";"212";"3856";"106";"1977";"rus";"rus";"США";"";"В ответ на него президент России Владимир Путин запретил американским семьям усыновлять российских сирот.  «В этот момент я навострил уши.  Подождите, подождите, усыновление?";"bd6561c9242250c59ae2474782da653b:87:4";" In retaliation, President Vladimir Putin blocked adoption of Russian children by American families.  “That's when my ears pricked up.  I was like, Wait, wait, wait, adoption?' ";"eng"
"( ";"ИРТСОВАН";"(";"НАВОСТРИ";" ";"УШИ: ЭТО КРАЙНЕ ВАЖНО!)";"Jen Sincero. You Are a Badass®: How to Stop Doubting Your Greatness and Start Living an Awesome Life (2013)";"Jen Sincero";"1965";"You Are a Badass®: How to Stop Doubting Your Greatness and Start Living an Awesome Life";"2013";"публицистика";"";"";"";"";"";"омонимия не снята";"You Are a Badass®: How to Stop Doubting Your Greatness and Start Living an Awesome Life";"Джен Синсеро";"НИ СЫ";"";"2018";"6048";"116117";"3024";"64940";"rus";"rus";"США";"";"ПРОСТИ СЕБЯ  (НАВОСТРИ УШИ: ЭТО КРАЙНЕ ВАЖНО!)  Ты накосячил в прошлом.";"2641badec1a75475f593f1c63b397fcd:1261:0";" 8. FORGIVE YOURSELF  (LISTEN UP! THIS ONE'S EXTREMELY IMPORTANT.)  You have screwed up in the past. ";"eng"
" еж тут сеп и ,актев алунтсурх";"лиртсован";"хрустнула ветка, и пес тут же";"навострил";" ";"уши.";"Michael Buckley. The Sisters Grimm: The Unusual Suspects (2005)";"Michael Buckley";"1969";"The Sisters Grimm: The Unusual Suspects";"2005";"художественная";"";"";"";"";"";"омонимия не снята";"The Sisters Grimm: The Unusual Suspects";"Майкл Бакли";"Сестры Гримм: Тайна Алой Руки";"";"2007";"9422";"108278";"4711";"58639";"rus";"rus";"США";"";"Сабрина услышала, как вдали хрустнула ветка, и пес тут же навострил уши.";"1e21edc7f21a9f6ee7325f5525fa33e3:6057:10";" Sabrina heard a branch snap in the distance and saw the dog's keen ears perk up. ";"eng"
" мокилотс миндесос аз иктощерт ыботч ,окморг";"илиртсован";"громко, чтобы трещотки за соседним столиком";"навострили";" ";"уши.";"Lauren Weisberger. The Devil Wears Prada (2003)";"Lauren Weisberger";"1977";"The Devil Wears Prada";"2003";"художественная";"";"";"";"";"";"омонимия не снята";"The Devil Wears Prada";"Лорен Вайсбергер";"Дьявол носит Прада";"";"2006";"17508";"261692";"8754";"142530";"rus";"rus";"США";"";"У меня нет времени на весь этот вздор! ― громко прошипела она ― достаточно громко, чтобы трещотки за соседним столиком навострили уши.";"790e2572bdbad061ff7ddeede1926f77:15191:18";" I don't have time for this nonsense,” she whispered loudly enough that a few Clackers from a nearby table glanced up. ";"eng"
" ― ?еинежотчинУ ― ";"лиртсован";"― Уничтожение? ―";"навострил";" ";"уши Лэнгдон.";"Dan Brown. Angels and Demons (2000)";"Dan Brown";"1964";"Angels and Demons";"2000";"художественная";"";"";"";"";"";"омонимия не снята";"Angels and Demons";"Дэн Браун";"Ангелы и демоны";"";"2004";"16144";"298893";"8072";"150396";"rus";"rus";"США";"";"― В этом случае антивещество, лишившись поддержки, опустится на дно сосуда, и тогда произойдет его аннигиляция, или уничтожение, если хотите.  ― Уничтожение? ― навострил уши Лэнгдон.  Последнее слово ему явно не понравилось.";"516f8420ab7d29d361213657275ee895:2351:1";" ""The obvious. The antimatter falls out of suspension, hits the bottom of the trap, and we see an annihilation. "" Langdon's ears pricked up. "" Annihilation? ""He didn't like the sound of it. ";"eng"
" иркаМ ";"алиртсован";"Макри";"навострила";" ";"уши. Это издание она очень уважала.";"Dan Brown. Angels and Demons (2000)";"Dan Brown";"1964";"Angels and Demons";"2000";"художественная";"";"";"";"";"";"омонимия не снята";"Angels and Demons";"Дэн Браун";"Ангелы и демоны";"";"2004";"16144";"298893";"8072";"150396";"rus";"rus";"США";"";"Сообщество ""Иллюминати"" упоминается в одном из последних номеров ""Уолл-стрит джорнэл"".  Макри навострила уши. Это издание она очень уважала.  ― Угадай с трех раз, какая игра пользуется сейчас наибольшей популярностью в Интернете?";"516f8420ab7d29d361213657275ee895:7605:1";" Here's an Illuminati reference from a recent WALL STREET JOURNAL. "" This caught Macri's ear. ""The JOURNAL? """" Guess what the most popular Internet computer game in America is right now? """;"eng"
" ежот йофлаМ ";"лиртсован";"Малфой тоже";"навострил";" ";"уши.";"J. K. Rowling. Harry Potter and the Prisoner of Azkaban (1999)";"J. K. Rowling";"1965";"Harry Potter and the Prisoner of Azkaban";"1999";"художественная";"";"";"";"";"";"омонимия не снята";"Harry Potter and the Prisoner of Azkaban";"Дж. К. Роулинг";"Гарри Поттер и узник Азкабана";"";"2002";"16396";"194597";"8198";"108830";"rus";"rus";"Великобритания";"";"— Где? — Гарри с Роном широко раскрыли глаза.  Малфой тоже навострил уши.  — Совсем недалеко отсюда.";"89bcf033d380f4be17459dd58609ff8f:4389:2";"‘ Where?' said Harry and Ron quickly.  On the other side of the table, Malfoy looked up, listening closely. ‘ Not too far from here,' said Seamus, who looked excited. ";"eng"
" и ,тяпс отч ,ьсилировтирп яьзурД .ылокш";"илиртсован";"школы. Друзья притворились, что спят, и";"навострили";" ";"уши.";"J. K. Rowling. Harry Potter and the Prisoner of Azkaban (1999)";"J. K. Rowling";"1965";"Harry Potter and the Prisoner of Azkaban";"1999";"художественная";"";"";"";"";"";"омонимия не снята";"Harry Potter and the Prisoner of Azkaban";"Дж. К. Роулинг";"Гарри Поттер и узник Азкабана";"";"2002";"16396";"194597";"8198";"108830";"rus";"rus";"Великобритания";"";"Он приблизился к углу, где лежали Гарри и Рон с Гермионой. Дамблдор подошёл к старосте школы. Друзья притворились, что спят, и навострили уши.";"89bcf033d380f4be17459dd58609ff8f:5781:21";" Percy was only a short way away from Harry, Ron and Hermione, who quickly pretended to be asleep as Dumbledore's footsteps drew nearer. ";"eng"
" есв ыМ ";"илиртсован";"Мы все";"навострили";" ";"уши и сосредоточились.";"Janet Evanovich. Two for the Dough (1996)";"Janet Evanovich";"1943";"Two for the Dough";"1996";"художественная";"";"";"";"";"";"омонимия не снята";"Two for the Dough";"Джанет Иванович";"Денежки дважды имеют значение";"";"2009";"16714";"151889";"8357";"82078";"rus";"rus";"США";"";"Шипение.  Мы все навострили уши и сосредоточились.  Я увидела, как кожа около глаз Бабули слегка дрогнула.";"870b652622bfc06abf6de04c83fd1a0e:16245:2";" A hiss.  We all pricked our ears and concentrated.  I saw the very slightest tightening around Grandma's eye. ";"eng"
" аттаУ асмйежД огоню иливатсаз инО ";"ьтиртсован";"Они заставили юного Джеймса Уатта";"навострить";" ";"уши, когда чайник его матушки запел";"Kurt Vonnegut. Hocus Pocus (1990)";"Kurt Vonnegut";"1922";"Hocus Pocus";"1990";"художественная";"";"";"";"";"";"омонимия не снята";"Hocus Pocus";"Курт Воннегут";"Фокус-покус";"";"1993";"9922";"154407";"4961";"81715";"rus";"rus";"США";"";"Они заставили юного Джеймса Уатта навострить уши, когда чайник его матушки запел и засвистел.";"2c09150b04d05302afc19154b49438b7:6057:5";" They made young James Watt prick up his ears when his mother's teakettle sang. ";"eng"
" ,имазалг имытырказ с лажел оглод акйанзеН";"виртсован";"Незнайка долго лежал с закрытыми глазами,";"навострив";" ";"уши.";"Николай Носов. Приключения Незнайки и его друзей (1953-1954)";"Николай Носов";"1908";"Приключения Незнайки и его друзей";"1953-1954";"художественная";"";"";"";"";"";"омонимия не снята";"Приключения Незнайки и его друзей";"Nikolay Nosov";"The Adventures of Dunno and his Friends";"";"1980";"5624";"74291";"2812";"33216";"rus";"eng";"США";"";"Незнайка долго лежал с закрытыми глазами, навострив уши.";"eb7873e77a58c8eb5608c17f7501b1dc:1882:6";" For a long time Dunno lay with his eyes closed, trying hard to catch the least sound. ";"eng"
" акруШ ";"лиртсован";"Шурка";"навострил";" ";"уши.";"Василий Шукшин. Сельские жители (1962)";"Василий Шукшин";"1929";"Сельские жители";"1962";"художественная";"";"";"";"";"";"омонимия не снята";"Сельские жители";"Vasili Shukshin";"Country Dwellers";"";"1980";"666";"5331";"333";"2141";"rus";"eng";"Великобритания";"";"– У тебя когда каникулы-то? – спросила бабка строго.  Шурка навострил уши.  – Какие?";"a53a81b0575d19327e2b594a5e94394d:34:1";" ""When do your holidays come round? ""Grandma asked sternly.  Shurka pricked up his ears. "" Which holidays? ";"eng"
" ясхишвижоротсан в и ,униязох к хымеавишакс";"хыннертсован";"скашиваемых к хозяину, и в насторожившихся";"навостренных";" ";"ушах.";"Михаил Булгаков. Мастер и Маргарита (1929-1940)";"Михаил Булгаков";"1891";"Мастер и Маргарита";"1929-1940";"художественная";"";"";"";"";"";"омонимия не снята";"Мастер и Маргарита";"Mikhail Bulgakov";"Master and Margarita";"";"1979";"16426";"258609";"8213";"113104";"rus";"eng";"США";"";"Это он пытался выразить и в глазах, скашиваемых к хозяину, и в насторожившихся навостренных ушах.";"837d64d30f4e8ff87ef2f71e79dfe19b:12962:13";" He also attempted to express this with his eyes, casting sidelong glances at his master, and with his alert, pricked-up ears. ";"eng"
" ,ьлениН акоп( лировог но ,сан витесоп";"виртсован";"посетив нас, он говорил (пока Нинель,";"навострив";" ";"уши, всползала на наш этаж), как";"Vladimir Nabokov. Look at the harlequins! (1974)";"Vladimir Nabokov";"1899";"Look at the harlequins!";"1974";"художественная";"";"";"";"";"";"омонимия не снята";"Look at the harlequins!";"Владимир Набоков";"Смотри на арлекинов!";"";"1999";"5708";"126476";"2854";"68586";"rus";"rus";"Великобритания, США";"";"Даже президент Квирна, опасливо симпатизировавший модным “советчикам”, принял, по сути, мою сторону: посетив нас, он говорил (пока Нинель, навострив уши, всползала на наш этаж), как он горд и т. д., что он нашел мою “последнюю(?) книгу весьма интересной”, хоть и не может не сожалеть о моем обыкновении при всякой возможности хулить во время занятий “нашего великого союзника”.";"c8ee732fe848829e4bacc7bf9b2d4c1d:2911:18";" Even the President of Quirn, who timorously sympathized with the fashionable Sovietizers, was really on my side: he told me when he called on us (while Ninel crept up to grow an ear on our landing) that he was proud, etc., and had found my ""last(?) book very interesting"" though he could not help regretting that I took every opportunity of criticizing ""our Great Ally"" in my classes. ";"eng"
" ";"виртсоваН";"";"Навострив";" ";"уши, точно олень, он вдруг учуял";"Ray Bradbury. Dandelion Wine (1957)";"Ray Bradbury";"1920";"Dandelion Wine";"1957";"художественная";"";"";"";"";"";"омонимия не снята";"Dandelion Wine";"Рэй Брэдбери";"Вино из одуванчиков";"";"2013";"11258";"129889";"5629";"67583";"rus";"rus";"США";"";"Навострив уши, точно олень, он вдруг учуял старую как мир опасность.";"22d7309b38ffca1917392c737ea75787:675:0";" Here, ears pricked like a deer, he snuffed a danger that was old a billion years ago. ";"eng"
" горонидЕ ";"лиртсован";"Единорог";"навострил";" ";"уши и сказал: «Гномы».";"Clive Staples Lewis. The Chronicles of Narnia. The Last Battle (1956)";"Clive Staples Lewis";"1898";"The Chronicles of Narnia. The Last Battle";"1956";"художественная";"";"";"";"";"";"омонимия не снята";"The Chronicles of Narnia. The Last Battle";"Клайв Стейплз Льюис";"Хроники Нарнии. Последняя битва";"";"1991";"5468";"76992";"2734";"43954";"rus";"rus";"Великобритания";"";"В этот момент вдалеке послышался барабанный бой.  Единорог навострил уши и сказал: «Гномы».  — Вероломные гномы, может быть враги, а может быть и нет, — проворчал Тириан.";"973320a117dbc676bfb9df6f6824c81b:1955:1";" At that moment a far off drum beat was heard.  Jewel moved his ears forward. “Dwarfs,” he said.  “And treacherous Dwarfs, enemies, as likely as not,” muttered Tirian. ";"eng"
" ьдашоЛ — ?севО — ";"алиртсован";"— Овес? — Лошадь";"навострила";" ";"уши.";"Clive Staples Lewis. The Chronicles of Narnia. The Magician’s Nephew (1955)";"Clive Staples Lewis";"1898";"The Chronicles of Narnia. The Magician’s Nephew";"1955";"художественная";"";"";"";"";"";"омонимия не снята";"The Chronicles of Narnia. The Magician’s Nephew";"Клайв Стейплз Льюис";"Хроники Нарнии. Племянник чародея";"";"1991";"5350";"68559";"2675";"40334";"rus";"rus";"Великобритания";"";"А у меня чуть деньги заводились, я тебе всегда овес покупал.  — Овес? — Лошадь навострила уши.  — Припоминаю.";"a8775f4aa4198fb2acb46163163c81d0:3633:2";" For you did get a taste of oats when I could afford' em, which no one can deny.”  “Oats?” said the Horse, pricking up his ears.  “Yes, I remember something about that. ";"eng"
" но отч ,ьсолазакоп енм и ,юиротанас";"лиртсован";"санаторию, и мне показалось, что он";"навострил";" ";"уши.";"Vladimir Nabokov. Lolita (1955)";"Vladimir Nabokov";"1899";"Lolita";"1955";"художественная";"";"";"";"";"";"омонимия не снята";"Lolita";"Владимир Набоков";"Лолита";"";"1967";"10540";"215246";"5270";"113039";"rus";"rus";"Великобритания, США";"";"Однажды, совсем по другому случаю, я глупо оговорился ― упомянул свою последнюю санаторию, и мне показалось, что он навострил уши.";"e3840ecf96e627c7aad620a0f06daa5a:3097:17";" Once, in another connection, a stupid lapse on my part made me mention my last sanatorium, and I thought I saw the tips of his ears twitch. ";"eng"
" атсаШ отч ,ьсетйавенмос еН( .долом лыб";"лиртсован";"был молод. (Не сомневайтесь, что Шаста";"навострил";" ";"уши).";"Clive Staples Lewis. The Chronicles of Narnia. The Horse and His Boy (1954)";"Clive Staples Lewis";"1898";"The Chronicles of Narnia. The Horse and His Boy";"1954";"художественная";"";"";"";"";"";"омонимия не снята";"The Chronicles of Narnia. The Horse and His Boy";"Клайв Стейплз Льюис";"Хроники Нарнии. Конь и его мальчик";"";"1991";"6272";"74821";"3136";"47292";"rus";"rus";"Великобритания";"";"— Я облетел ее вдоль и поперек, когда был молод. (Не сомневайтесь, что Шаста навострил уши).";"e5178dfeaa63851bfc78d2087b143db2:1813:13";" “For I have flown above it far and wide in my younger days,” (you may be sure that Shasta pricked up his ears at this point). ";"eng"
" и ьсилунепертсв ытнаицифо ежаД ";"илиртсован";"Даже официанты встрепенулись и";"навострили";" ";"уши.";"George Orwell. Nineteen Eighty-Four (1949)";"George Orwell";"1903";"Nineteen Eighty-Four";"1949";"художественная";"";"";"";"";"";"омонимия не снята";"Nineteen Eighty-Four";"Джордж Оруэлл";"1984";"";"1989";"11596";"178997";"5798";"104594";"rus";"rus";"Великобритания";"";"По всему кафе прошел электрический разряд.  Даже официанты встрепенулись и навострили уши.  Вслед за фанфарами обрушился неслыханной силы шум.";"4206ba7edddabe494609d306d8a29013:11219:4";" A sort of electric drill ran through the cafe/.  Even the waiters had started and pricked up their ears.  The trumpet-call had let loose an enormous volume of noise. ";"eng"
" ,иревд у ясйишвунревс ,сеп йылеб йошьлоБ";"лиртсован";"Большой белый пес, свернувшийся у двери,";"навострил";" ";"ухо и глухо заворчал.";"Василий Ян. Батый (1942)";"Василий Ян";"1875";"Батый";"1942";"художественная";"";"";"";"";"";"омонимия не снята";"Батый";"Vasili Yan";"Batu-Khan";"";"1945";"21164";"255403";"10582";"109049";"rus";"eng";"Великобритания";"";"Большой белый пес, свернувшийся у двери, навострил ухо и глухо заворчал.";"f86d39c8e88de6f75327d0765be4505f:138:6";" The large white dog curled up in the doorway pricked up its ears and gave a low growl. ";"eng"
" ытсидйерф ыб туТ( .юньлоколок ан юокверев";"илиртсован";"веревкою на колокольню. (Тут бы фрейдисты";"навострили";" ";"уши!)";"Vladimir Nabokov. Nikolai Gogol (1944)";"Vladimir Nabokov";"1899";"Nikolai Gogol";"1944";"публицистика";"";"";"";"";"";"омонимия не снята";"Nikolai Gogol";"Владимир Набоков";"Николай Гоголь";"";"1993";"2658";"74871";"1329";"43316";"rus";"rus";"Великобритания, США";"";"И чувствует, что его кто-то тащит веревкою на колокольню. (Тут бы фрейдисты навострили уши!)";"1ae4bb7ea951c219d52d6f84d2eefb83:711:12";" Then he felt that he was being dragged up that belfry by means of a rope [Freudists will prick up their ears here]. ";"eng"
" ,иисрукскэ йотэ в сан ладжоворпос йыроток";"лиртсован";"который сопровождал нас в этой экскурсии,";"навострил";" ";"уши и, наклонив голову, внимательно прислушивался.";"И. А. Ильф, Е. П. Петров. Одноэтажная Америка (1937)";"И. А. Ильф, Е. П. Петров";"1897, 1903";"Одноэтажная Америка";"1937";"художественная, публицистика";"";"";"";"";"";"омонимия не снята";"Одноэтажная Америка";"Ilya Ilf, Evgeny Petrov";"Little Golden America";"";"1944";"18458";"252781";"9229";"108461";"rus";"eng";"США";"";"Мистер Адамс, который сопровождал нас в этой экскурсии, навострил уши и, наклонив голову, внимательно прислушивался.";"d84ae02eb95936ff626a384a72105199:14850:8";" Mr. Adams, who accompanied us on that excursion, pricked up his ears and, bending his head, listened attentively. ";"eng"
" обьлиБ ";"лиртсован";"Бильбо";"навострил";" ";"уши. Он наконец и сам начал";"J. R. R. Tolkien. The Hobbit (1937)";"J. R. R. Tolkien";"1892";"The Hobbit";"1937";"художественная";"";"";"";"";"";"омонимия не снята";"The Hobbit";"Дж. Р. Р. Толкин";"Хоббит";"";"1976";"6160";"162107";"3080";"94297";"rus";"rus";"Великобритания";"";"Бильбо навострил уши. Он наконец и сам начал догадываться. Он ускорил шаги, нагнал Голлума и пошёл за ним, держась на безопасном расстоянии. Тот по-прежнему быстро шлёпал вперёд, не оглядываясь и вертя головой из стороны в сторону, ― Бильбо замечал это по слабому отсвету на стенах.";"733d6ab161d8781a312dcdd32cd0e15f:1853:1";" Bilbo pricked up his ears. He was at last beginning to guess himself. He hurried a little, getting as close as he dared behind Gollum, who was still going quickly, not looking back, but turning his head from side to side, as Bilbo could see from the faint glimmer on the walls. ";"eng"
" ежу анО ";"алиртсован";"Она уже";"навострила";" ";"уши и ждет не дождется удобной";"Margaret Mitchell. Gone with the Wind, Part 2 (1936)";"Margaret Mitchell";"1900";"Gone with the Wind, Part 2";"1936";"художественная";"";"";"";"";"";"омонимия не снята";"Gone with the Wind, Part 2";"Маргарет Митчелл";"Унесённые ветром, ч. 2";"";"1982";"29314";"414569";"14657";"216232";"rus";"rus";"США";"";"Она уже навострила уши и ждет не дождется удобной минуты.";"3ddd25fe52e8f0ab80e3eac915d26b53:10323:2";" She's got her ears laid back and can't hardly wait. ";"eng"
" ымад есВ ";"илиртсован";"Все дамы";"навострили";" ";"уши.";"Agatha Christie. The murder at the Vicarage (1930)";"Agatha Christie";"1890";"The murder at the Vicarage";"1930";"художественная";"";"";"";"";"";"омонимия не снята";"The murder at the Vicarage";"Агата Кристи";"Убийство в доме викария";"";"2009";"13846";"132133";"6923";"70763";"rus";"rus";"Великобритания";"";"Вчера он повздорил с полковником Протеро.  Все дамы навострили уши.  — Полковник Протеро назвал его неучем.";"75e0b3db95fafa629a8f8f1fd60b1f49:613:2";" He had quite a serious quarrel with Colonel Protheroe the other day. "" Every one leaned forward interestedly. "" Colonel Protheroe accused him of being an ignoramus. """;"eng"
" и я туТ .»юащерпаз мав я";"алиртсован";"я вам запрещаю». Тут я и";"навострила";" ";"уши.";"Agatha Christie. The murder at the Vicarage (1930)";"Agatha Christie";"1890";"The murder at the Vicarage";"1930";"художественная";"";"";"";"";"";"омонимия не снята";"The murder at the Vicarage";"Агата Кристи";"Убийство в доме викария";"";"2009";"13846";"132133";"6923";"70763";"rus";"rus";"Великобритания";"";"и: «Вы не смеете с ней видеться, я вам запрещаю». Тут я и навострила уши.";"75e0b3db95fafa629a8f8f1fd60b1f49:8603:13";" And' You shall not see her ― I forbid it-' and that made me prick up my ears. ";"eng"
" ,илетсоп ан ледис цетО ";"виртсован";"Отец сидел на постели,";"навострив";" ";"уши, выглядывавшие из-под седых волос, которые";"John Galsworthy. In Chancery (1920)";"John Galsworthy";"1867";"In Chancery";"1920";"художественная";"";"";"";"";"";"омонимия не снята";"In Chancery";"Джон Голсуорси";"В петле";"";"1946";"13260";"182981";"6630";"95409";"rus";"rus";"Великобритания";"";"Отец сидел на постели, навострив уши, выглядывавшие из-под седых волос, которые Эмили всегда так искусно подстригала.";"dc0289b5e01c07f1490b7b6f61eea229:4055:4";" His father was sitting up in bed, with his ears pricked under the white hair which Emily kept so beautifully cut. ";"eng"
" сачтот — ?с-яаксечимок еж умечоП — ";"лиртсован";"— Почему же комическая-с? — тотчас";"навострил";" ";"уши Порфирий Петрович, тоже повернувшийся было";"Ф. М. Достоевский. Преступление и наказание (1866)";"Ф. М. Достоевский";"1821";"Преступление и наказание";"1866";"художественная";"";"";"";"";"";"омонимия не снята";"Преступление и наказание";"Fedor Dostoevsky";"Crime and Punishment";"";"1914";"25564";"369816";"12782";"168521";"rus";"eng";"Великобритания";"";"— Почему же комическая-с? — тотчас навострил уши Порфирий Петрович, тоже повернувшийся было уйти.";"928f8dab693260693ecabf487aa70af5:16594:5";" ""Why comical?» Porfiry Petrovitch had turned to go, but he seemed to prick up his ears at this. ";"eng"
" ,я лачирксв — ,яиненмос зеб ,О — ";"виртсован";"— О, без сомнения, — вскричал я,";"навострив";" ";"уши, — всё это стачка и сшито";"Ф. М. Достоевский. Бесы (1872)";"Ф. М. Достоевский";"1821";"Бесы";"1872";"художественная";"";"";"";"";"";"омонимия не снята";"Бесы";"Fedor Dostoevsky";"The Possessed, or The Devils";"";"1913";"29104";"455640";"14552";"199311";"rus";"eng";"Великобритания";"";"— О, без сомнения, — вскричал я, навострив уши, — всё это стачка и сшито белыми нитками, и так дурно разыграно.";"9e7e7e2d8d58ee27b69a10516c4acde9:8356:5";" ""Oh, not a doubt of it, ""I cried, pricking up my ears. ""It was a got-up thing and it was too transparent, and so badly acted. """;"eng"
" — ?каК — ";"лиртсован";"— Как? —";"навострил";" ";"уши Петр Степанович, — какая идея?";"Ф. М. Достоевский. Бесы (1872)";"Ф. М. Достоевский";"1821";"Бесы";"1872";"художественная";"";"";"";"";"";"омонимия не снята";"Бесы";"Fedor Dostoevsky";"The Possessed, or The Devils";"";"1913";"29104";"455640";"14552";"199311";"rus";"eng";"Великобритания";"";"— Как? — навострил уши Петр Степанович, — какая идея?";"9e7e7e2d8d58ee27b69a10516c4acde9:26268:1";" ""What? ""Pyotr Stepanovitch pricked up his ears. ""What idea? ";"eng"
" ьсев чивокютеФ ";"лиртсован";"Фетюкович весь";"навострил";" ";"уши, прислушиваясь. Зала замерла в ожидании.";"Ф. М. Достоевский. Братья Карамазовы (ч. 3-4) (1878)";"Ф. М. Достоевский";"1821";"Братья Карамазовы (ч. 3-4)";"1878";"художественная";"";"";"";"";"";"омонимия не снята";"Братья Карамазовы (ч. 3-4)";"Fedor Dostoevsky";"The Brothers Karamazov (parts 3-4)";"";"1912";"23208";"374289";"11604";"169158";"rus";"eng";"Великобритания";"";"Фетюкович весь навострил уши, прислушиваясь. Зала замерла в ожидании.";"01066fd433366c41dcff4c8cece1c4b3:19366:2";" Fetyukovitch pricked up his ears as he listened: the hall was hushed in expectation. ";"eng"
" боБ а ,алунвик анО ";"лиртсован";"Она кивнула, а Боб";"навострил";" ";"уши, почуяв незнакомого седока.";"Jack London. The Burning Daylight (1910)";"Jack London";"1876";"The Burning Daylight";"1910";"художественная";"";"";"";"";"";"омонимия не снята";"The Burning Daylight";"Джек Лондон";"Время-не-ждет";"";"1956";"14758";"209384";"7379";"114448";"rus";"rus";"США";"";"Она кивнула, а Боб навострил уши, почуяв незнакомого седока.";"11d7865e51a07f08a30dd98fb7d68095:4955:4";" She nodded, while Bob pricked up his ears to the knowledge that he had a strange rider on his back. ";"eng"
" ,ыдас в ястюялварпан ино отч ,вашылсорп";"лиртсован";"прослышав, что они направляются в сады,";"навострил";" ";"уши и изъявил готовность присоединиться к";"L. Frank Baum. Dorothy and the Wizard in Oz (1908)";"L. Frank Baum";"1856";"Dorothy and the Wizard in Oz";"1908";"художественная";"";"";"";"";"";"омонимия не снята";"Dorothy and the Wizard in Oz";"Л. Фрэнк Баум";"Дороти и Волшебник в Стране Оз";"";"1992";"4684";"73241";"2342";"41597";"rus";"rus";"США";"";"Джим, прослышав, что они направляются в сады, навострил уши и изъявил готовность присоединиться к процессии, надеясь по пути найти что-нибудь съедобное. Зеб опустил у коляски верх и пригласил Волшебника присоединиться к их компании.";"4505bc87ba7824faf1f16efaeab5ad55:921:7";" Jim pricked up his ears when he heard they were going to the gardens, and wanted to join the party, thinking he might find something proper to eat; so Zeb put down the top of the buggy and invited the Wizard to ride with them. ";"eng"
" ,дерепв ьсилагивдорп укченохитоп и ьтуп илавыпущан";"виртсован";"нащупывали путь и потихонечку продвигались вперед,";"навострив";" ";"уши и держа лапы на рукоятках";"Kenneth Grahame. The Wind in the Willows (1908)";"Kenneth Grahame";"1859";"The Wind in the Willows";"1908";"художественная";"";"";"";"";"";"омонимия не снята";"The Wind in the Willows";"Кеннет Грэм";"Ветер в ивах";"";"1988";"5292";"91429";"2646";"49543";"rus";"rus";"Великобритания";"";"Так они нащупывали путь и потихонечку продвигались вперед, навострив уши и держа лапы на рукоятках пистолетов, пока наконец Барсук не сказал: Ну, мы должны быть уже почти что под Тоуд-Холлом.";"257f794b8b313de9f338450f793bcc1d:4889:8";" So they groped and shuffled along, with their ears pricked up and their paws on their pistols, till at last the Badger said,` We ought by now to be pretty nearly under the Hall'. ";"eng"
" и ыдром вяндоп ,илгелирп индО ";"виртсован";"Одни прилегли, подняв морды и";"навострив";" ";"уши.";"Jack London. The Call of the Wild (1903)";"Jack London";"1876";"The Call of the Wild";"1903";"художественная";"";"";"";"";"";"омонимия не снята";"The Call of the Wild";"Джек Лондон";"Зов предков";"";"1978";"3664";"59910";"1832";"31975";"rus";"rus";"США";"";"Одни прилегли, подняв морды и навострив уши.";"89d2d9624ab0deba6f4aa7e935daf57e:3597:5";" Some were lying down with heads raised and ears pricked forward; ";"eng"
" акшотоТ отч ,ежохоп кат лакуямаз но";"лиртсован";"он замяукал так похоже, что Тотошка";"навострил";" ";"уши и стал озираться в поисках";"L. Frank Baum. The Wonderful Wizard of Oz (1900)";"L. Frank Baum";"1856";"The Wonderful Wizard of Oz";"1900";"художественная";"";"";"";"";"";"омонимия не снята";"The Wonderful Wizard of Oz";"Л. Фрэнк Баум";"Удивительный волшебник из страны Оз";"";"1992";"4356";"68107";"2178";"39272";"rus";"rus";"США";"";"— Тут он замяукал так похоже, что Тотошка навострил уши и стал озираться в поисках кошки.";"7041111ad731d9fdfbd33a38bc0ea57d:3159:7";" Here he mewed so like a kitten that Toto pricked up his ears and looked everywhere to see where she was. ";"eng"
" я он ,илавызакссар от-отч або и";"лиртсован";"и оба что-то рассказывали, но я";"навострил";" ";"уши.";"И. С. Тургенев. Яков Пасынков (1855)";"И. С. Тургенев";"1818";"Яков Пасынков";"1855";"художественная";"";"";"";"";"";"омонимия не снята";"Яков Пасынков";"Ivan Turgenev";"Yakov Pasinkov";"";"1899";"2078";"26130";"1039";"11286";"rus";"eng";"Великобритания";"";"Хозяин и белокурый господин не обратили внимания на последние слова Асанова; они оба держали друг друга за пуговицу и оба что-то рассказывали, но я навострил уши.";"dcfdf3c987ad6c83a4319d0bd4d6d55d:36:24";"' Our host and the light-haired gentleman paid no attention to Asanov's last words; they were holding each other by their buttons, and both relating something; but I pricked up my ears. ";"eng"
" ,ацьлырк у аладижыв оге овилепретен и";"виртсован";"и нетерпеливо его выжидала у крыльца,";"навострив";" ";"уши и поворачивая голову то направо";"И. С. Тургенев. Муму (1852)";"И. С. Тургенев";"1818";"Муму";"1852";"художественная";"";"";"";"";"";"омонимия не снята";"Муму";"Ivan Turgenev";"Mumu";"";"1897";"1074";"20058";"537";"8442";"rus";"eng";"Великобритания";"";"В господский дом Муму не ходила и, когда Герасим носил в комнаты дрова, всегда оставалась назади и нетерпеливо его выжидала у крыльца, навострив уши и поворачивая голову то направо, то вдруг налево, при малейшем стуке за дверями…";"9205f87b2c0c9dd6111e709d68b22c70:516:22";" Mumu never went into the mistress's house; and when Gerasim carried wood into the rooms, she always stayed behind, impatiently waiting for him at the steps, pricking up her ears and turning her head to right and to left at the slightest creak of the door…. ";"eng"
" умуМ ";"алиртсован";"Муму";"навострила";" ";"уши, зарычала, подошла к забору, понюхала";"И. С. Тургенев. Муму (1852)";"И. С. Тургенев";"1818";"Муму";"1852";"художественная";"";"";"";"";"";"омонимия не снята";"Муму";"Ivan Turgenev";"Mumu";"";"1897";"1074";"20058";"537";"8442";"rus";"eng";"Великобритания";"";"Муму навострила уши, зарычала, подошла к забору, понюхала и залилась громким и пронзительным лаем.";"9205f87b2c0c9dd6111e709d68b22c70:752:1";" Mumu pricked up her ears, growled — went up to the fence, sniffed, and gave vent to a loud shrill bark. ";"eng"
" вонивтиЛ ";"лиртсован";"Литвинов";"навострил";" ";"уши.";"И. С. Тургенев. Дым (1867)";"И. С. Тургенев";"1818";"Дым";"1867";"художественная";"";"";"";"";"";"омонимия не снята";"Дым";"Ivan Turgenev";"Smoke";"";"1896";"7084";"113656";"3542";"49422";"rus";"eng";"Великобритания";"";"Ах, какой этот Потугин умница, - что привел вас!  Литвинов навострил уши.  ― Вы с этим господином Потугиным давно знакомы? ― спросил он.";"04dce474dfe779c7149cacf2fd89786b:2550:1";" Ah, what a good fellow that Potugin is to have brought you!'  Litvinov pricked up his ears. ‘ Have you known this Mr. Potugin long?' he queried. ";"eng"
" онпазенв ,екрогирп ан яотс ,адолог то";"лиртсован";"от голода, стоя на пригорке, внезапно";"навострил";" ";"уши, поднял хвост и пустился рысью";"Rudyard Kipling. The Second Jungle Book: Other Stories (1895)";"Rudyard Kipling";"1865";"The Second Jungle Book: Other Stories";"1895";"художественная";"";"";"";"";"";"омонимия не снята";"The Second Jungle Book: Other Stories";"Редьярд Киплинг";"Вторая книга Джунглей: другие рассказы";"";"1915";"1306";"41283";"653";"22622";"rus";"rus";"Великобритания";"";"Маленький худой шакал, лаявший от голода, стоя на пригорке, внезапно навострил уши, поднял хвост и пустился рысью к Адъютанту.";"b79423885c7b28d6e986faded1db425b:279:10";" A mangy little Jackal, who had been yapping hungrily on a low bluff, cocked up his ears and tail, and scuttered across the shallows to join the Adjutant. ";"eng"
" ,тугеб идашол ,топот йынжурд ястисонзар окелад";"виртсован";"далеко разносится дружный топот, лошади бегут,";"навострив";" ";"уши; впереди всех, задравши хвост и";"И. С. Тургенев. Бежин луг (1851)";"И. С. Тургенев";"1818";"Бежин луг";"1851";"художественная";"";"";"";"";"";"омонимия не снята";"Бежин луг";"Ivan Turgenev";"Byezhin Prairie";"";"1895";"954";"13988";"477";"5968";"rus";"eng";"Великобритания";"";"Легкая пыль желтым столбом поднимается и несется по дороге; далеко разносится дружный топот, лошади бегут, навострив уши; впереди всех, задравши хвост и беспрестанно меняя ноги, скачет какой-нибудь рыжий космач, с репейником в спутанной гриве.";"59d230fc7f926e6b369d022b25ca4463:148:15";" The fine dust is stirred up in yellow clouds and moves along the road; the tramp of hoofs in unison resounds afar; the horses race along, pricking up their ears; in front of all, with his tail in the air and thistles in his tangled mane, prances some shaggy chestnut, constantly shifting his paces as he goes. ";"eng"
" ежкат а ,азалг лыркто узарс ьлкниУ";"лиртсован";"Уинкль сразу открыл глаза, а также";"навострил";" ";"уши, лишь только услышал, что противник";"Charles Dickens. The Posthumous Papers of the Pickwick Club (1836-1837)";"Charles Dickens";"1812";"The Posthumous Papers of the Pickwick Club";"1836-1837";"художественная";"";"";"";"";"";"омонимия не снята";"The Posthumous Papers of the Pickwick Club";"Чарльз Диккенс";"Посмертные записки Пиквикского клуба";"";"1933";"31534";"516076";"15767";"287005";"rus";"rus";"Великобритания";"";"Мистер Уинкль сразу открыл глаза, а также навострил уши, лишь только услышал, что противник призывает к прекращению враждебных действий; уловив из последующих слов противника, что, несомненно, произошла ошибка, он моментально сообразил, сколь выгодно для его репутации скрыть истинные причины, побудившие его выйти на дуэль; поэтому он храбро выступил вперед и заявил:";"44c1add02382c6859cb2b4883cdab3f3:1061:7";" Now Mr. Winkle had opened his eyes, and his ears too, when he heard his adversary call out for a cessation of hostilities; and perceiving by what he had afterwards said that there was, beyond all question, some mistake in the matter, he at once foresaw the increase of reputation he should inevitably acquire by concealing the real motive of his coming out; he therefore stepped boldly forward, and said - ";"eng"
" ано как ,оволс еенделсоп ьтировогыв моТ";"алиртсован";"Том выговорить последнее слово, как она";"навострила";" ";"уши и понеслась с такой быстротой";"Charles Dickens. The Posthumous Papers of the Pickwick Club (1836-1837)";"Charles Dickens";"1812";"The Posthumous Papers of the Pickwick Club";"1836-1837";"художественная";"";"";"";"";"";"омонимия не снята";"The Posthumous Papers of the Pickwick Club";"Чарльз Диккенс";"Посмертные записки Пиквикского клуба";"";"1933";"31534";"516076";"15767";"287005";"rus";"rus";"Великобритания";"";"Но вот что мне известно: не успел Том выговорить последнее слово, как она навострила уши и понеслась с такой быстротой и помчала двуколку цвета глины с таким грохотом, что, казалось, красные спицы колес все до единой разлетятся по траве, покрывавшей холмы Мальборо; и даже Том ― уж на что был кучер, ― не мог ее остановить или придержать, пока она по собственному желанию не остановилась перед гостиницей, справа от дороги, на расстоянии около четверти мили от того места, где кончаются холмы.";"44c1add02382c6859cb2b4883cdab3f3:6923:13";" But I can say that Tom had no sooner finished speaking, than she pricked up her ears, and started forward at a speed which made the clay-coloured gig rattle until you would have supposed every one of the red spokes were going to fly out on the turf of Marlborough Downs; and even Tom, whip as he was, couldn't stop or check her pace, until she drew up of her own accord, before a roadside inn on the right-hand side of the way, about half a quarter of a mile from the end of the Downs.' ";"eng"
" ― ";"етиртсоваН";"―";"Навострите";" ";"уши и молчите до тех пор";"Charles Dickens. The Posthumous Papers of the Pickwick Club (1836-1837)";"Charles Dickens";"1812";"The Posthumous Papers of the Pickwick Club";"1836-1837";"художественная";"";"";"";"";"";"омонимия не снята";"The Posthumous Papers of the Pickwick Club";"Чарльз Диккенс";"Посмертные записки Пиквикского клуба";"";"1933";"31534";"516076";"15767";"287005";"rus";"rus";"Великобритания";"";"― Навострите уши и молчите до тех пор, пока я не кончу.";"44c1add02382c6859cb2b4883cdab3f3:23075:0";" Just open them ears o'yourn, and don't say nothin'till I've done.' ";"eng"
" и азалг вищаратыв ,еж тут тиотс";"виртсован";"стоит тут же, вытаращив глаза и";"навострив";" ";"уши.";"Charles Dickens. The Posthumous Papers of the Pickwick Club (1836-1837)";"Charles Dickens";"1812";"The Posthumous Papers of the Pickwick Club";"1836-1837";"художественная";"";"";"";"";"";"омонимия не снята";"The Posthumous Papers of the Pickwick Club";"Чарльз Диккенс";"Посмертные записки Пиквикского клуба";"";"1933";"31534";"516076";"15767";"287005";"rus";"rus";"Великобритания";"";"Это напомнило мистеру Бобу Сойеру, что мальчишка в сером стоит тут же, вытаращив глаза и навострив уши.";"44c1add02382c6859cb2b4883cdab3f3:26151:15";" This reminded Mr. Bob Sawyer that the boy in gray was looking on, with eyes wide open, and greedy ears. ";"eng"
" теуделс как алгом ен и имятсюлеч";"ьтиртсован";"челюстями и не могла как следует";"навострить";" ";"уши. Летописи упоминают лишь об одном";"Walter Scott. Ivanhoe (1819)";"Walter Scott";"1771";"Ivanhoe";"1819";"художественная";"";"";"";"";"";"омонимия не снята";"Ivanhoe";"Вальтер Скотт";"Айвенго";"";"1890-1902";"14144";"333666";"7072";"185803";"rus";"rus";"Великобритания";"";"В другое время подобные речи возбудили бы всеобщее любопытство. Но так как треска была очень соленой, а пиво ― довольно крепким, братия слишком усердно работала челюстями и не могла как следует навострить уши. Летописи упоминают лишь об одном лице, обратившем внимание на таинственные слова настоятеля, ― об отце Диггори. У него была сильная зубная боль, так что он мог жевать лишь одной стороной, поэтому он кое-что расслышал и даже задумался над слышанным.";"ea4bfa5be04d4e7f98090eda4be01bfb:12371:30";" But as the stockfish was highly salted, and the ale reasonably powerful, the jaws of the brethren were too anxiously employed to admit of their making much use of their ears; nor do we read of any of the fraternity, who was tempted to speculate upon the mysterious hints of their Superior, except Father Diggory, who was severely afflicted by the toothache, so that be could only eat on one side of his jaws. ";"eng"
