"Reversed left context";"Reversed center";"Left context";"Center";"Punct";"Right context";"Title";"Author";"Birthday";"Header";"Created";"Sphere";"Type";"Topic";"Publication";"Publ_year";"Medium";"Ambiguity";"Header";"Author_trans";"Header_trans";"Translator";"Date_trans";"Sentences";"Words";"Orig_sentences";"Orig_words";"Lang";"Lang_trans";"Lang_variant";"Dialect";"Full context";"Example source";"Para context 1";"Lang 1"
" ыботч ,онжомзов ,аляедо и инытсорп теарибос";"ьтилосан";"собирает простыни и одеяла, возможно, чтобы";"насолить";" ";"Линдси.";"Lauren Oliver. Before I fall (2010)";"Lauren Oliver";"1982";"Before I fall";"2010";"художественная";"";"";"";"";"";"омонимия не снята";"Before I fall";"Лорен Оливер";"Прежде чем я упаду";"";"2017";"17506";"210817";"8753";"120458";"rus";"rus";"США";"";"— Пойду спать наверх. Она шумно собирает простыни и одеяла, возможно, чтобы насолить Линдси.";"9bb065fd6edd02c58f47e9712e4e06d6:6519:11";" After a minute she says,' I'm going to sleep upstairs.' She gathers up her sheets and blankets, making extra noise, probably to get back at Lindsay. ";"eng"
" окперк от-меч я отч ,от В";"лилосан";"В то, что я чем-то крепко";"насолил";" ";"Завулону и Дневному Дозору.";"Сергей Лукьяненко. Дневной дозор (1999)";"Сергей Лукьяненко";"1968";"Дневной дозор";"1999";"художественная";"";"";"";"";"";"омонимия не снята";"Дневной дозор";"Sergei Lukyanenko";"Day Watch";"";"2007";"21262";"243758";"10631";"100112";"rus";"eng";"Великобритания";"";"В то, что я чем-то крепко насолил Завулону и Дневному Дозору.";"32c324f51e3f248aa3d2538a1bcfcc64:19192:6";" To think I'd done something to really upset Zabulon and the Day Watch. ";"eng"
" енм меачулс мыбюл ястеузьлопсов хин зи";"ьтилосан";"из них воспользуется любым случаем мне";"насолить";". ";"";"Michael Connelly. City Of Bones (2002)";"Michael Connelly";"1956";"City Of Bones";"2002";"художественная";"";"";"";"";"";"омонимия не снята";"City Of Bones";"Майкл Коннели";"Город костей";"";"2006";"19928";"179121";"9964";"102852";"rus";"rus";"США";"";"И кое-кто из них воспользуется любым случаем мне насолить.";"3143a5bab28226b1f70031064021b69a:10465:8";" Some of these people would take any opportunity to put me down if they could. ";"eng"
" яачулс литсупу ен но и ,илавонлов";"ьтилосан";"волновали, и он не упустил случая";"насолить";" ";"соседнему племени.";"Robert Sapolsky. A Primate’s Memoir (2001)";"Robert Sapolsky";"1957";"A Primate’s Memoir";"2001";"учебно-научная, публицистика";"";"";"";"";"";"омонимия не снята";"A Primate’s Memoir";"Роберт Сапольски";"Записки примата: Необычайная жизнь учёного среди павианов";"";"2018";"13280";"230051";"6640";"126204";"rus";"rus";"США";"";"Кипкои излучал ту же гордость, что и Палмер, и предвкушал денежную награду за операцию против мау-мау. Горести племени кикуйю его ― урожденного кипсиги ― не волновали, и он не упустил случая насолить соседнему племени.";"3c38f8c8fac54291f66017e902a902a3:3217:30";" Kipkoi felt the same pride that Palmer did, appreciated the extra pay for Mau Mau patrol. And as a Kipsigi, the Kikuyu grievances made little sense, and he welcomed the chance to set back the fortunes of the other tribe. ";"eng"
" от-умок оличипсирп йе отдуб ,еикат ысолов";"ьтилосан";"волосы такие, будто ей приспичило кому-то";"насолить";", ";"но если уж она берется за";"Stephen Chbosky. The Perks of Being a Wallflower (1999)";"Stephen Chbosky";"1970";"The Perks of Being a Wallflower";"1999";"художественная";"";"";"";"";"";"омонимия не снята";"The Perks of Being a Wallflower";"Стивен Чбоски";"Хорошо быть тихоней";"";"2013";"11182";"114915";"5591";"63141";"rus";"rus";"США";"";"Мэри-Элизабет – очень своеобразная личность: у нее татушка с буддистской символикой и пупочный пирсинг, а волосы такие, будто ей приспичило кому-то насолить, но если уж она берется за дело, то командует, как мой отец после долгого рабочего дня.";"260e3ece542707bb2e93321616ef7e32:2301:21";" Mary Elizabeth is a very interesting person because she has a tattoo that symbolizes Buddhism and a belly button ring and wears her hair to make somebody mad, but when she's in charge of something, she acts like my dad when he comes home from a ""long day. """;"eng"
" лепсу ен еще кидзовГ мыроток ,ет";"ьтилосан";"те, которым Гвоздик еще не успел";"насолить";" ";"как следует; вторые же были из";"Николай Носов. Приключения Незнайки и его друзей (1953-1954)";"Николай Носов";"1908";"Приключения Незнайки и его друзей";"1953-1954";"художественная";"";"";"";"";"";"омонимия не снята";"Приключения Незнайки и его друзей";"Nikolay Nosov";"The Adventures of Dunno and his Friends";"";"1980";"5624";"74291";"2812";"33216";"rus";"eng";"США";"";"Из этого разговора видно, что первые были те, которым Гвоздик еще не успел насолить как следует; вторые же были из тех, которым он насолил изрядно.";"eb7873e77a58c8eb5608c17f7501b1dc:4366:13";" It is clear that those who mourned Nails were those who had never got a taste of his. tricks, and those who did not mourn him were those who had got a very good taste of them. ";"eng"
" но мыроток ,хет зи илыб еж";"лилосан";"же были из тех, которым он";"насолил";" ";"изрядно.";"Николай Носов. Приключения Незнайки и его друзей (1953-1954)";"Николай Носов";"1908";"Приключения Незнайки и его друзей";"1953-1954";"художественная";"";"";"";"";"";"омонимия не снята";"Приключения Незнайки и его друзей";"Nikolay Nosov";"The Adventures of Dunno and his Friends";"";"1980";"5624";"74291";"2812";"33216";"rus";"eng";"США";"";"Из этого разговора видно, что первые были те, которым Гвоздик еще не успел насолить как следует; вторые же были из тех, которым он насолил изрядно.";"eb7873e77a58c8eb5608c17f7501b1dc:4366:23";" It is clear that those who mourned Nails were those who had never got a taste of his. tricks, and those who did not mourn him were those who had got a very good taste of them. ";"eng"
" ьдубин-как тенят ен янеМ ";"ьтилосан";"Меня не тянет как-нибудь";"насолить";" ";"вам, я тогда лучше про вас";"Василий Шукшин. Мастер (1971)";"Василий Шукшин";"1929";"Мастер";"1971";"художественная";"";"";"";"";"";"омонимия не снята";"Мастер";"Vasili Shukshin";"A Master Craftsman";"";"1980";"780";"7546";"390";"3043";"rus";"eng";"";"";"Меня не тянет как-нибудь насолить вам, я тогда лучше про вас про всех думаю.";"b1861eb62c6751f917fb768dfe145327:34:4";" I don't want to play any dirty tricks on you, and I think better of you. ";"eng"
" овородз илсе А ";"лилосан";"А если здорово";"насолил";" ";"кому, то и дома находили.";"Владимир Буковский. «И возвращается ветер…» (1978)";"Владимир Буковский";"1942";"«И возвращается ветер…»";"1978";"публицистика";"";"";"";"";"";"омонимия не снята";"«И возвращается ветер…»";"Vladimir Bukovsky";"To build the castle. My life as a dissenter";"";"1979";"16614";"269869";"8307";"118447";"rus";"eng";"Великобритания";"";"А если здорово насолил кому, то и дома находили.";"848ab4fe8251c23892099a6a4b79f2fa:12126:3";" And if he had really done someone a bad turn, they would catch up with him at home. ";"eng"
" ботч ,огот ялд онневтсниде иматсиланоицутитснок илыб";"ьтилосан";"были конституционалистами единственно для того, чтоб";"насолить";" ";"своим врагам.";"Юрий Трифонов. Нетерпение (1973)";"Юрий Трифонов";"1925";"Нетерпение";"1973";"художественная";"";"";"";"";"";"омонимия не снята";"Нетерпение";"Yury Trifonov";"The Impatient Ones";"";"1978";"20840";"309076";"10420";"126143";"rus";"eng";"Великобритания";"";"А сама Юрьевская и те, кто склонялись под ее крыло, были конституционалистами единственно для того, чтоб насолить своим врагам.";"c51f594667acb50310461738d88d3ce4:19368:16";" And Yuryevskaya herself and those who sheltered under her wing were constitutionalists solely for the purpose of discomforting their enemies. ";"eng"
" уме меиналеж оньлетичюлкси хыннавоткидорп ,хавтсьлетагясоп хикат";"ьтилосан";"таких посягательствах, продиктованных исключительно желанием ему";"насолить";". ";"";"Isaac Asimov. The Gods Themselves (1972)";"Isaac Asimov";"1919";"The Gods Themselves";"1972";"художественная";"";"";"";"";"";"омонимия не снята";"The Gods Themselves";"Айзек Азимов";"Сами боги";"";"1975";"14956";"167562";"7478";"88623";"rus";"rus";"США";"";"Просто он (подобно многим другим людям) терпеть не мог, когда на его столе хозяйничали без его ведома, и всегда готов был заподозрить окружающих в таких посягательствах, продиктованных исключительно желанием ему насолить.";"63531dcfe140d72be59f961e9de650d3:119:30";" However, he hated any interference with his desk (as so many do) and he suspected others of possessing keen desires to engage in such interference out of sheer malice. ";"eng"
" огокид укул ,ьтарбан ыб юьнесо икинсурб";"ьтилосан";"брусники осенью бы набрать, луку дикого";"насолить";" – ";"того не понимают.";"Николай Задорнов. Амур-батюшка (1940-1958)";"Николай Задорнов";"1909";"Амур-батюшка";"1940-1958";"художественная";"";"";"";"";"";"омонимия не снята";"Амур-батюшка";"Nikolai Zadornov";"Amur Saga";"";"1971";"3434";"51896";"1717";"21678";"rus";"eng";"СССР/Россия";"";"Клюквы, брусники осенью бы набрать, луку дикого насолить – того не понимают.";"0ccf2654a2538f14aebb589533441966:510:7";" They don't even know that they ought to pick cranberries and huckleberries in the autumn, and salt a tub of wild onions for the winter. ";"eng"
" я оннеми умок ,ьтинсяъбо мав юемус";"юлосан";"сумею вам объяснить, кому именно я";"насолю";" ";"в этом случае моей злостью; я";"Ф. М. Достоевский. Записки из подполья (1864)";"Ф. М. Достоевский";"1821";"Записки из подполья";"1864";"художественная";"";"";"";"";"";"омонимия не снята";"Записки из подполья";"Fedor Dostoevsky";"Notes from the underground";"";"1961";"5404";"86045";"2702";"38022";"rus";"eng";"США";"";"Я, разумеется, не сумею вам объяснить, кому именно я насолю в этом случае моей злостью; я отлично хорошо знаю, что и докторам я никак не смогу ""нагадить"" тем, что у них не лечусь; я лучше всякого знаю, что всем этим я единственно только себе поврежу и никому больше.";"8b075a8a5cc7f9e03aa598711a555c4a:46:9";" Of course, I can't explain who it is precisely that I am mortifying in this case by my spite: I am perfectly well aware that I cannot ""pay out"" the doctors by not consulting them; I know better than anyone that by all this I am only injuring myself and no one else. ";"eng"
" я И ";"юлосан";"И я";"насолю";" ";"этим и Сью я Бренту…»";"Margaret Mitchell. Gone with the Wind, Part 1 (1936)";"Margaret Mitchell";"1900";"Gone with the Wind, Part 1";"1936";"художественная";"";"";"";"";"";"омонимия не снята";"Gone with the Wind, Part 1";"Маргарет Митчелл";"Унесённые ветром, ч. 1";"";"1982";"25706";"403929";"12853";"209514";"rus";"rus";"США";"";"И я насолю этим и Сью я Бренту…»";"b1a6e9a3c23689e80357c5e30e2d9a2f:5543:2";" And it would hurt Stu and Brent ― She didn't quite know why she wanted to hurt them, except that they had catty sisters. ";"eng"
" ми ьсолетох йе умечоП ";"ьтилосан";"Почему ей хотелось им";"насолить";", ";"она и сама не очень понимала";"Margaret Mitchell. Gone with the Wind, Part 1 (1936)";"Margaret Mitchell";"1900";"Gone with the Wind, Part 1";"1936";"художественная";"";"";"";"";"";"омонимия не снята";"Gone with the Wind, Part 1";"Маргарет Митчелл";"Унесённые ветром, ч. 1";"";"1982";"25706";"403929";"12853";"209514";"rus";"rus";"США";"";"Почему ей хотелось им насолить, она и сама не очень понимала — может быть, потому, что у них такие противные сестры.";"b1a6e9a3c23689e80357c5e30e2d9a2f:5545:4";" And they'd all be sorry when I came back here to visit in a fine carriage and with lots of pretty clothes and a house of my own. ";"eng"
" мигурд ыб ьшил ,ьтитолгорп авотог убаЖ";"ьтилосан";"Жабу готова проглотить, лишь бы другим";"насолить";"», ";"но только теперь до нее полностью";"Margaret Mitchell. Gone with the Wind, Part 1 (1936)";"Margaret Mitchell";"1900";"Gone with the Wind, Part 1";"1936";"художественная";"";"";"";"";"";"омонимия не снята";"Gone with the Wind, Part 1";"Маргарет Митчелл";"Унесённые ветром, ч. 1";"";"1982";"25706";"403929";"12853";"209514";"rus";"rus";"США";"";"Ей не раз доводилось слышать поговорку: «Жабу готова проглотить, лишь бы другим насолить», но только теперь до нее полностью дошел смысл этих слов.";"b1a6e9a3c23689e80357c5e30e2d9a2f:5813:12";" She had often heard of people cutting off their noses to spite their faces but heretofore it had been only a figure of speech. Now she knew just what it meant. ";"eng"
" ыб окьлот ,еболз оп ёсВ ";"ьтилосан";"Всё по злобе, только бы";"насолить";" ";"человеку.";"Agatha Christie. The murder at the Vicarage (1930)";"Agatha Christie";"1890";"The murder at the Vicarage";"1930";"художественная";"";"";"";"";"";"омонимия не снята";"The murder at the Vicarage";"Агата Кристи";"Убийство в доме викария";"";"2009";"13846";"132133";"6923";"70763";"rus";"rus";"Великобритания";"";"Она просто спрятала брошку в доме у другой женщины и донесла в полицию, что эта особа её украла.  Всё по злобе, только бы насолить человеку.  Ненависть — поразительный мотив.";"75e0b3db95fafa629a8f8f1fd60b1f49:4411:5";" She simply hid it in another woman's house and told the police she'd seen this other woman take it.  Spite, you know, sheer spite.  It's an astonishing motive ― spite. ";"eng"
" актыпоп яаксечябер ёе ил авдЕ ";"ьтилосан";"Едва ли её ребяческая попытка";"насолить";" ";"Анне заслуживала серьёзного внимания.";"Agatha Christie. The murder at the Vicarage (1930)";"Agatha Christie";"1890";"The murder at the Vicarage";"1930";"художественная";"";"";"";"";"";"омонимия не снята";"The murder at the Vicarage";"Агата Кристи";"Убийство в доме викария";"";"2009";"13846";"132133";"6923";"70763";"rus";"rus";"Великобритания";"";"Едва ли её ребяческая попытка насолить Анне заслуживала серьёзного внимания.";"75e0b3db95fafa629a8f8f1fd60b1f49:10073:5";" Her childish attempt at vengeance against Anne seemed hardly to be taken seriously. ";"eng"
" ыботч« ,мукину-унитрак липук и укиремА";"ьтилосан";"Америку и купил картину-уникум, «чтобы";"насолить";" ";"распроклятым янки».";"John Galsworthy. To Let (1921)";"John Galsworthy";"1867";"To Let";"1921";"художественная";"";"";"";"";"";"омонимия не снята";"To Let";"Джон Голсуорси";"Сдается внаем";"";"1946";"13226";"167590";"6613";"89255";"rus";"rus";"Великобритания";"";"Другой коллекционер ненавидел Америку и купил картину-уникум, «чтобы насолить распроклятым янки».";"9e56d585c22911eb3b02689320d18f4c:3233:9";" ""The second of the private collectors was an Americophobe, and bought an unique picture to"" spite the damned Yanks. ";"eng"
" месв но тел ьмес аЗ ";"лилосан";"За семь лет он всем";"насолил";"… ";"";"Максим Горький. Мать (1906)";"Максим Горький";"1868";"Мать";"1906";"художественная";"";"";"";"";"";"омонимия не снята";"Мать";"Maxime Gorky";"Mother";"";"1921";"15416";"204312";"7708";"82513";"rus";"eng";"Великобритания";"";"В то утро, может, сто человек Исая видели и девяносто, коли не больше, могли ему плюху дать.  За семь лет он всем насолил…  Хохол заметно изменился.";"f5927bc3f5e116d3200e8287a86dce24:6810:5";" That morning some hundred people met Isay, and ninety of them, if not more, might have given him the blow.  During these eight years he has galled everybody. "" The Little Russian changed considerably. ";"eng"
" и ,илажан юрихич и ,угоб авалс";"илилосан";"слава богу, и чихирю нажали, и";"насолили";", ";"и продадим бочки три винограду, и";"Л. Н. Толстой. Казаки (1863)";"Л. Н. Толстой";"1828";"Казаки";"1863";"художественная";"";"";"";"";"";"омонимия не снята";"Казаки";"Leo Tolstoy";"The Cossacks";"";"1911";"7890";"106588";"3945";"44837";"rus";"eng";"Великобритания";"";"Все у нас есть, слава богу, и чихирю нажали, и насолили, и продадим бочки три винограду, и пить останется.";"f4ae3ad77bcd7113566c63fd70e744f5:6298:10";" We have enough of everything, thank God. We have pressed sufficient CHIKHIR and have preserved and shall sell three or four barrels of grapes and have enough left to drink. ";"eng"
" гроБ ножД мыроток ,йедюл еовд ексялА";"лилосан";"Аляске двое людей, которым Джон Борг";"насолил";" ";"так, что у них могла возникнуть";"Jack London. A Daughter of the Snows (1902)";"Jack London";"1876";"A Daughter of the Snows";"1902";"художественная";"";"";"";"";"";"омонимия не снята";"A Daughter of the Snows";"Джек Лондон";"Дочь снегов";"";"1927";"12982";"158103";"6491";"87010";"rus";"rus";"США";"";"Какими мотивами руководствовались эти люди, она не может сказать; она предоставляет судьям решать, могут ли найтись во всей Аляске двое людей, которым Джон Борг насолил так, что у них могла возникнуть мысль об убийстве.";"00fcb7cba2600469b8b8b3203cff0f4d:11943:24";" As to what particular motive actuated these two men, she could not say; but it rested with them, the judges, to know whether in all Alaska there were or were not two men whom John Borg could have given cause sufficient for them to take his life. ";"eng"
" ьдубин-как ьсолетохаз умЕ ";"ьтилосан";"Ему захотелось как-нибудь";"насолить";" ";"Тому, не подвергая себя риску.";"Mark Twain. The Adventures of Tom Sawyer (1876)";"Mark Twain";"1835";"The Adventures of Tom Sawyer";"1876";"художественная";"";"";"";"";"";"омонимия не снята";"The Adventures of Tom Sawyer";"Марк Твен";"Приключения Тома Сойера";"";"1950";"10168";"129719";"5084";"70911";"rus";"rus";"США";"";"Ему захотелось как-нибудь насолить Тому, не подвергая себя риску.";"0b5f9ea369c4ee04fa231a91cd8b5b5a:5537:3";" He wished there was some way to get that boy into trouble without much risk to himself. ";"eng"
" яачулс огондо ин илаксупу ен инО";"ьтилосан";"Они не упускали ни одного случая";"насолить";" ";"учителю.";"Mark Twain. The Adventures of Tom Sawyer (1876)";"Mark Twain";"1835";"The Adventures of Tom Sawyer";"1876";"художественная";"";"";"";"";"";"омонимия не снята";"The Adventures of Tom Sawyer";"Марк Твен";"Приключения Тома Сойера";"";"1950";"10168";"129719";"5084";"70911";"rus";"rus";"США";"";"Они не упускали ни одного случая насолить учителю.";"0b5f9ea369c4ee04fa231a91cd8b5b5a:5935:6";" They threw away no opportunity to do the master a mischief. ";"eng"
" амас ми ьсаларатс еерокс и аладартсоп";"ьтилосан";"пострадала и скорее старалась им сама";"насолить";". ";"";"Charlotte Brontë. Jane Eyre (1847)";"Charlotte Brontë";"1816";"Jane Eyre";"1847";"художественная";"";"";"";"";"";"омонимия не снята";"Jane Eyre";"Шарлотта Бронте";"Джейн Эйр";"";"1950";"17896";"344453";"8948";"186739";"rus";"rus";"Великобритания";"";"Правда, я не слишком от них пострадала и скорее старалась им сама насолить.";"0a7c00da545dbcb74563ade41aadf337:5839:12";" Not that I ever suffered much from them; I took care to turn the tables. ";"eng"
