"Reversed left context";"Reversed center";"Left context";"Center";"Punct";"Right context";"Title";"Author";"Birthday";"Header";"Created";"Sphere";"Type";"Topic";"Publication";"Publ_year";"Medium";"Ambiguity";"Header";"Author_trans";"Header_trans";"Translator";"Date_trans";"Sentences";"Words";"Orig_sentences";"Orig_words";"Lang";"Lang_trans";"Lang_variant";"Dialect";"Full context";"Example source";"Para context 1";"Lang 1"
" отч ,йылатсто умотоп А – ";"ешьлад";"– А потому отсталый, что";"дальше";" ";"своего носа ничего не видите, – объяснил";"Татьяна Толстая. Кысь (2000)";"Татьяна Толстая";"1951";"Кысь";"2000";"художественная";"";"";"";"";"";"омонимия не снята";"Кысь";"Tatyana Tolstaya";"The Slynx";"";"2007";"14176";"144350";"7088";"60453";"rus";"eng";"США";"";"– А потому отсталый, что дальше своего носа ничего не видите, – объяснил тесть, – и государственного подхода к обчественным процессам не проницаете.";"9c26cca2adf4295a30c6fa7a34bb962a:9678:4";" ""You're backward because you can't see past your own noses, ""Father-in-law explained, ""and you don't understand the governmental approach to social questions. """;"eng"
" ьшидив ен ьдев ыТ ";"ешьлад";"Ты ведь не видишь";"дальше";" ";"своего носа, ведь так?";"Miranda Lee. Fugitive Bride (1998)";"Miranda Lee";"";"Fugitive Bride";"1998";"художественная";"";"";"";"";"";"омонимия не снята";"Fugitive Bride";"Миранда Ли";"В любви все средства хороши";"";"2000";"8032";"81891";"4016";"44589";"rus";"rus";"Австралия";"";"Ты ведь не видишь дальше своего носа, ведь так?";"8a21d5553eb46c5978f89acfb49531cf:6873:4";" You really can't see beyond your classically sculptured nose, can you? ";"eng"
" ино ещбоов И ";"ешьлад";"И вообще они";"дальше";" ";"своего носа ничего не видят.";"John Steinbeck. The Grapes of Wrath (1939)";"John Steinbeck";"1902";"The Grapes of Wrath";"1939";"художественная";"";"";"";"";"";"омонимия не снята";"The Grapes of Wrath";"Джон Стейнбек";"Гроздья гнева";"";"1940";"31674";"330719";"15837";"184204";"rus";"rus";"США";"";"И вообще они дальше своего носа ничего не видят.";"a9f50bec74c8296767523e6580db566a:14099:3";" And, Christ Almighty, they don't know any better than what they got. ";"eng"
" он ,тидив от-есв отч ,теамуд";"ешьлад";"думает, что все-то видит, но";"дальше";" ";"своего носа не видит ничего, — заявила";"Margaret Mitchell. Gone with the Wind, Part 2 (1936)";"Margaret Mitchell";"1900";"Gone with the Wind, Part 2";"1936";"художественная";"";"";"";"";"";"омонимия не снята";"Gone with the Wind, Part 2";"Маргарет Митчелл";"Унесённые ветром, ч. 2";"";"1982";"29314";"414569";"14657";"216232";"rus";"rus";"США";"";"— Мисс Питти очень даже хорошая женщина, и она, конечно, думает, что все-то видит, но дальше своего носа не видит ничего, — заявила Мамушка, повернулась с величественным видом, как бы ставя на этом точку, и вышла в холл.";"3ddd25fe52e8f0ab80e3eac915d26b53:1699:15";" Miss Pittypat a fine woman an'she think she see eve'ything but she doan, said Mammy, and turning with the majestic air of having closed the interview, she went into the hall. ";"eng"
" адгокин ,цето как ,еикаТ ";"ешьлад";"Такие, как отец, никогда";"дальше";" ";"своего носа не видят!";"Agatha Christie. The murder at the Vicarage (1930)";"Agatha Christie";"1890";"The murder at the Vicarage";"1930";"художественная";"";"";"";"";"";"омонимия не снята";"The murder at the Vicarage";"Агата Кристи";"Убийство в доме викария";"";"2009";"13846";"132133";"6923";"70763";"rus";"rus";"Великобритания";"";"Такие, как отец, никогда дальше своего носа не видят!";"75e0b3db95fafa629a8f8f1fd60b1f49:13683:4";" Men like father never see an inch before their noses! """;"eng"
" еыроток ,ырепоклещ еындолог итэ есв меч";"ешьлад";"чем все эти голодные щелкоперы, которые";"дальше";" ";"своего носа ничего не видят и";"И. С. Тургенев. Новь (1877)";"И. С. Тургенев";"1818";"Новь";"1877";"художественная";"";"";"";"";"";"омонимия не снята";"Новь";"Ivan Turgenev";"Virgin Soil";"";"1929";"13114";"171448";"6557";"76108";"rus";"eng";"Великобритания";"";"Вы думаете, мы бы разрешили этот вопрос хуже, чем все эти голодные щелкоперы, которые дальше своего носа ничего не видят и воображают, что они… первые гении?";"18fa54af30364a96799683ef7d1894f9:1670:14";" Don't you think we could do it better than these ignorant, hungry loafers who know nothing and imagine themselves to be men of genius? ";"eng"
" есв ыВ ― ";"ешьлад";"― Вы все";"дальше";" ";"своего носа ничего не видите.";"John Galsworthy. In Chancery (1920)";"John Galsworthy";"1867";"In Chancery";"1920";"художественная";"";"";"";"";"";"омонимия не снята";"In Chancery";"Джон Голсуорси";"В петле";"";"1946";"13260";"182981";"6630";"95409";"rus";"rus";"Великобритания";"";"― Вы все дальше своего носа ничего не видите.";"dc0289b5e01c07f1490b7b6f61eea229:7827:2";" “You can't see two yards before your nose. ";"eng"
" аладив ен ьтсоньлетадюлбан яоМ ";"ешьлад";"Моя наблюдательность не видала";"дальше";" ";"своего носа, и моя скрытность, вероятно";"И. С. Тургенев. Первая любовь (1860)";"И. С. Тургенев";"1818";"Первая любовь";"1860";"художественная";"";"";"";"";"";"омонимия не снята";"Первая любовь";"Ivan Turgenev";"First Love";"";"1897";"2762";"43318";"1381";"18811";"rus";"eng";"Великобритания";"";"Моя наблюдательность не видала дальше своего носа, и моя скрытность, вероятно, никого не обманула; по крайней мере, доктор Лушин скоро меня раскусил.";"728b82d436d2a19a179249ba4728ae1e:1178:4";" My watchfulness did not see beyond the end of my nose, and its secrecy probably deceived no one; any way, Doctor Lushin soon saw through me. ";"eng"
