"Reversed left context";"Reversed center";"Left context";"Center";"Punct";"Right context";"Title";"Author";"Birthday";"Header";"Created";"Sphere";"Type";"Topic";"Publication";"Publ_year";"Medium";"Ambiguity";"Header";"Author_trans";"Header_trans";"Translator";"Date_trans";"Sentences";"Words";"Orig_sentences";"Orig_words";"Lang";"Lang_trans";"Lang_variant";"Dialect";"Full context";"Example source";"Para context 1";"Lang 1"
" ,мокиндеварп мищяотсан ястежако ен вокорги зи";"ен";"из игроков не окажется настоящим праведником,";"не";" ";"от мира сего, игра неизбежно окончится";"Richard Dawkins. The Selfish Gene (2006)";"Richard Dawkins";"1941";"The Selfish Gene";"2006";"учебно-научная";"";"";"";"";"";"омонимия не снята";"The Selfish Gene";"Ричард Докинз";"Эгоистичный ген";"";"2013";"11036";"216750";"5518";"115300";"rus";"rus";"Великобритания";"";"Если хотя бы один из игроков не окажется настоящим праведником, не от мира сего, игра неизбежно окончится обоюдным отказом с парадоксально жалким результатом для обоих игроков.";"6dbf5a5aa147b7df70d5fda318347a04:8387:10";" Unless at least one of the players is a really saintly sucker, too good for this world, the game is doomed to end in mutual defection with its paradoxically poor result for both players. ";"eng"
" ,итус оп ,яинадзос тертроп йыннавозилитс окосыв";"ен";"высоко стилизованный портрет создания, по сути,";"не";" ";"от мира сего — это был портрет";"Virginia Postrel. On glamour (2004)";"Virginia Postrel";"1960";"On glamour";"2004";"учебно-научная, публицистика, устная публичная речь";"выступление";"";"";"";"";"омонимия не снята";"On glamour";"Вирджиния Пострел";"О гламуре";"";"";"402";"4942";"201";"2823";"rus";"rus";"США";"";"В итоге создавался высоко стилизованный портрет создания, по сути, не от мира сего — это был портрет Звезды.";"b6887bf973067b7da5fb97138b416741:91:9";" So you've got this highly stylized portrait of something that was not entirely of this earth – it was a portrait of a star. ";"eng"
" отдуб как ,моцил мынделб с цедналлог";"ен";"голландец с бледным лицом, как будто";"не";" ";"от мира сего.";"Tess Gerritsen. The Apprentice (2002)";"Tess Gerritsen";"1953";"The Apprentice";"2002";"художественная";"";"";"";"";"";"омонимия не снята";"The Apprentice";"Тесс Герритсен";"Ученик";"";"2015";"18404";"175484";"9202";"95891";"rus";"rus";"США";"";"Лаборатория по исследованию ДНК находилась в комнате под номером S253, а на пейджер ей звонил криминалист Уолтер Де Грот, светловолосый голландец с бледным лицом, как будто не от мира сего.";"259906a1aefabd07197b474ca45aed68:8443:26";" The DNA lab was in S253, and the criminalist who'd paged her was Walter De Groot, a blond Dutchman with a pale man-in-the-moon face. ";"eng"
" лыб ,ьсолазак ,йыроток ,вокартаБ ";"ен";"Батраков, который, казалось, был";"не";" ";"от мира сего да к тому";"Василий Гроссман. Жизнь и судьба, ч. 1 (1960)";"Василий Гроссман";"1905";"Жизнь и судьба, ч. 1";"1960";"художественная";"";"";"";"";"";"омонимия не снята";"Жизнь и судьба, ч. 1";"Vasily Grossman";"Life and fate. Part 1";"";"1985";"12318";"194379";"6159";"83407";"rus";"eng";"Великобритания";"";"Батраков, который, казалось, был не от мира сего да к тому же и близорук, обнаружил осведомленность во всех статьях Катиной красоты.";"e45cc5deb0b32bdc355aea93546c9442:8644:4";" The short-sighted Batrakov, who had always seemed to live in another world, turned out to be surprisingly interested. ";"eng"
" кеволеч …тавонив ен меч в ин";"ен";"ни в чем не виноват… человек";"не";" ";"от мира сего… она была арестована";"Василий Гроссман. Жизнь и судьба, ч. 2 (1960)";"Василий Гроссман";"1905";"Жизнь и судьба, ч. 2";"1960";"художественная";"";"";"";"";"";"омонимия не снята";"Жизнь и судьба, ч. 2";"Vasily Grossman";"Life and fate. Part 2";"";"1985";"12394";"187053";"6197";"80631";"rus";"eng";"Великобритания";"";"Я уверен, что он ни в чем не виноват… человек не от мира сего… она была арестована за недонесение на мужа, кажется, дали восемь лет, не знаю точно, я не переписываюсь с ней. Темники, кажется, случайно узнал, встретил ее дочь на улице… не помню точно, он, кажется, был арестован в начале тридцать восьмого года, да, десять лет без права переписки…";"abe75ff5e6fbfa08bfcbac3d557b1bc1:11030:10";" I'm certain he's innocent… he's simply not of this world… she was arrested for not denouncing her husband, I think she got eight years, I'm not sure, I don't write to her, I think she was sent to Temniki, I found out by chance, I met her daughter on the street… I don't remember exactly, I think he was arrested in early 1938, yes, ten years without right of correspondence…' ";"eng"
" окьлоксен он ,ьлетавадоперп йымеажавУ – .роткер литевто";"ен";"ответил ректор. – Уважаемый преподаватель, но несколько";"не";" ";"от мира сего.";"Mario Puzo. The Sicilian (1984)";"Mario Puzo";"1920";"The Sicilian";"1984";"художественная";"";"";"";"";"";"омонимия не снята";"The Sicilian";"Марио Пьюзо";"Сицилиец";"";"1990";"16788";"225931";"8394";"130831";"rus";"rus";"США";"";"– Молодой доктор Натторе, – ответил ректор. – Уважаемый преподаватель, но несколько не от мира сего.";"452fb6ed98766c4a74440ae59747a844:1781:9";" ""Young Doctor Nattore, ""the President said. ""An estimable member of the faculty but as yet a little unworldly. """;"eng"
" и нелез ёще каМ ,онченоК ";"ен";"Конечно, Мак ещё зелен и";"не";" ";"от мира сего.";"А. Н. Стругацкий, Б. Н. Стругацкий. Обитаемый остров (1971)";"А. Н. Стругацкий, Б. Н. Стругацкий";"1925, 1933";"Обитаемый остров";"1971";"художественная";"";"";"";"";"";"омонимия не снята";"Обитаемый остров";"Arkady Strugatsky, Boris Strugatsky";"Prisoners of Power";"";"1977";"17098";"190818";"8549";"88020";"rus";"eng";"США";"";"Конечно, Мак ещё зелен и не от мира сего.";"6599e74e18391ebc6a3ec46d732cee53:4750:5";" Of course Mac was still green, and not from their world. ";"eng"
" ьтсончил ,карудоник йищюажардзар ен и он";"ен";"но и не раздражающий кинодурак, личность";"не";" ";"от мира сего, которая постоянно теряет";"А. Н. Стругацкий, Б. Н. Стругацкий. Понедельник начинается в субботу (1965)";"А. Н. Стругацкий, Б. Н. Стругацкий";"1925, 1933";"Понедельник начинается в субботу";"1965";"художественная";"";"";"";"";"";"омонимия не снята";"Понедельник начинается в субботу";"Arkady Strugatsky, Boris Strugatsky";"Monday Begins on Saturday";"";"1977";"13298";"133760";"6649";"58402";"rus";"eng";"США";"";"Маг для них — не объект опасливого восхищения и преклонения, но и не раздражающий кинодурак, личность не от мира сего, которая постоянно теряет очки, не способна дать по морде хулигану и читает влюблённой девушке избранные места из «Курса дифференциального и интегрального исчисления».";"16b676ab917826be619990953228ccec:12990:15";" For them, the magus is not an object of fearful admiration and adulation, but neither is he the irritating film fool, a person out of this world who is constantly losing his glasses, is incapable of punching a hooligan in the face, and reads excerpts from. Difterential and integral Equations to the girl in love. ";"eng"
"« нищнеж тежом ен ьтепрет отч ,ливяаз";"ен";"заявил, что терпеть не может женщин «";"не";" ";"от мира сего».";"John Fowles. The Collector (1963)";"John Fowles";"1926";"The Collector";"1963";"художественная";"";"";"";"";"";"омонимия не снята";"The Collector";"Джон Фаулз";"Коллекционер";"";"1991";"14096";"144108";"7048";"74076";"rus";"rus";"Великобритания";"";"Я стала совершенно иной после того, как он заявил, что терпеть не может женщин «не от мира сего».";"4b0282fa14a9dd0e87a0fde07a36a72f:5821:14";" I've never been the same since he told me how he hated fey women. ";"eng"
" илыб ино отч умотоП ";"ен";"Потому что они были";"не";" ";"от мира сего…";"Agatha Christie. Ten Little Niggers / And Then There Were None (1939)";"Agatha Christie";"1890";"Ten Little Niggers / And Then There Were None";"1939";"художественная";"";"";"";"";"";"омонимия не снята";"Ten Little Niggers / And Then There Were None";"Агата Кристи";"Десять негритят / И никого не стало";"";"2015";"10838";"98249";"5419";"53955";"rus";"rus";"Великобритания";"";"Потому что они были не от мира сего…";"0da3497f344973d8c0a582bbbf11400d:9295:4";" Because ― they didn't come from this world at all… """;"eng"
" акгелс ,умеом-оп ,и ялхор йокат ябес";"ен";"себя такой рохля и, по-моему, слегка";"не";" ";"от мира сего. Знаете, о таких";"Agatha Christie. The A.B.C. Murders (1936)";"Agatha Christie";"1890";"The A.B.C. Murders";"1936";"художественная";"";"";"";"";"";"омонимия не снята";"The A.B.C. Murders";"Агата Кристи";"Убийства по алфавиту";"";"2016";"5710";"79432";"2855";"25283";"rus";"rus";"Великобритания";"";"И вот квартиру на втором этаже уже больше года снимает у нее мужчина по имени Каст. – Каст? – Совершенно верно. Пожилой человечек, весь из себя такой рохля и, по-моему, слегка не от мира сего. Знаете, о таких говорят обычно, что они мухи не обидят. И мне ничего такого никогда бы не пришло в голову, если б не несколько очень странных вещей.";"2680cd8dda7dc0b4451de7c3af46e288:4367:29";" One of the rooms has been rented for over two years to a man called Cust.' ";"eng"
" ьтсокдер ан и ырбод ьтсокдер ан";"ен";"на редкость добры и на редкость";"не";" ";"от мира сего.";"Margaret Mitchell. Gone with the Wind, Part 1 (1936)";"Margaret Mitchell";"1900";"Gone with the Wind, Part 1";"1936";"художественная";"";"";"";"";"";"омонимия не снята";"Gone with the Wind, Part 1";"Маргарет Митчелл";"Унесённые ветром, ч. 1";"";"1982";"25706";"403929";"12853";"209514";"rus";"rus";"США";"";"Он был глубоко привязан к тете Питти, так и оставшейся до старости ребенком, и необычайно горячо любил Мелани, в обе они были на редкость добры и на редкость не от мира сего.";"b1a6e9a3c23689e80357c5e30e2d9a2f:6657:28";" He had been devoted to the childlike Pitty and closer than brothers usually are to Melanie, and two more sweet, unworldly women could not be found. ";"eng"
" олед ишуд еывтрем а ;умиз юулец";"ен";"целую зиму; а мертвые души дело";"не";" ";"от мира сего.";"Н. В. Гоголь. Мертвые души (1835-1852)";"Н. В. Гоголь";"1809";"Мертвые души";"1835-1852";"художественная";"";"";"";"";"";"омонимия не снята";"Мертвые души";"Nikolay Gogol";"Dead Souls";"";"1931";"9082";"160470";"4541";"73436";"rus";"eng";"Великобритания";"";"Вы собирали его, может быть, около года, с заботами, со старанием, хлопотами; ездили, морили пчел, кормили их в погребе целую зиму; а мертвые души дело не от мира сего.";"dfcae36f84cdc44b70de0cc56b339c1e:1748:25";" Now, you had collected that stuff, it may be, for a year, and with infinite care and labour, you had fussed after it, you had trotted to and fro, you had duly frozen out the bees, and you had fed them in the cellar throughout the winter; but these dead souls of which I speak are quite another matter. ";"eng"
" кеволеч ыв — ,лпраМ ссим алитевто — ,йиракив";"ен";"викарий, — ответила мисс Марпл, — вы человек";"не";" ";"от мира сего.";"Agatha Christie. The murder at the Vicarage (1930)";"Agatha Christie";"1890";"The murder at the Vicarage";"1930";"художественная";"";"";"";"";"";"омонимия не снята";"The murder at the Vicarage";"Агата Кристи";"Убийство в доме викария";"";"2009";"13846";"132133";"6923";"70763";"rus";"rus";"Великобритания";"";"— Дорогой викарий, — ответила мисс Марпл, — вы человек не от мира сего.";"75e0b3db95fafa629a8f8f1fd60b1f49:783:7";" ""Dear Vicar, ""said Miss Marple, ""You are so unworldly. ";"eng"
" кеволеч ыв отч ,алазакс онрев лпраМ";"ен";"Марпл верно сказала, что вы человек";"не";" ";"от мира сего, дорогой викарий.";"Agatha Christie. The murder at the Vicarage (1930)";"Agatha Christie";"1890";"The murder at the Vicarage";"1930";"художественная";"";"";"";"";"";"омонимия не снята";"The murder at the Vicarage";"Агата Кристи";"Убийство в доме викария";"";"2009";"13846";"132133";"6923";"70763";"rus";"rus";"Великобритания";"";"— Ах! Милая мисс Марпл верно сказала, что вы человек не от мира сего, дорогой викарий.";"75e0b3db95fafa629a8f8f1fd60b1f49:1011:9";" ""Ah! but as dear Miss Marple says, you are so unworldly, dear vicar. ";"eng"
" ьмярпв и ыВ ";"ен";"Вы и впрямь";"не";" ";"от мира сего, мистер Клемент.";"Agatha Christie. The murder at the Vicarage (1930)";"Agatha Christie";"1890";"The murder at the Vicarage";"1930";"художественная";"";"";"";"";"";"омонимия не снята";"The murder at the Vicarage";"Агата Кристи";"Убийство в доме викария";"";"2009";"13846";"132133";"6923";"70763";"rus";"rus";"Великобритания";"";"Не смешите меня.  Вы и впрямь не от мира сего, мистер Клемент.  Эта женщина здоровее нас с вами.";"75e0b3db95fafa629a8f8f1fd60b1f49:11191:3";" Fiddlesticks.  You're too unworldly, Mr. Clement.  There's nothing the matter with that woman. ";"eng"
" овтсрац ьтсе ьвокрец« отч :хиьтерт-в ,ценокан";"ен";"наконец, в-третьих: что «церковь есть царство";"не";" ";"от мира сего»…";"Ф. М. Достоевский. Братья Карамазовы (ч. 1-2) (1878)";"Ф. М. Достоевский";"1821";"Братья Карамазовы (ч. 1-2)";"1878";"художественная";"";"";"";"";"";"омонимия не снята";"Братья Карамазовы (ч. 1-2)";"Fedor Dostoevsky";"The Brothers Karamazov (parts 1-2)";"";"1912";"15598";"273219";"7799";"125461";"rus";"eng";"Великобритания";"";"Второе: что «уголовная и судно-гражданская власть не должна принадлежать церкви и несовместима с природой ее и как божественного установления, и как союза людей для религиозных целей» и наконец, в-третьих: что «церковь есть царство не от мира сего»…";"41939ff5de5f40931f57ffc19df842c9:2250:34";" Secondly, that‘ criminal and civil jurisdiction ought not to belong to the Church, and is inconsistent with its nature,*** both as a divine institution*** and as an organization of men for religious objects,' and, finally, in the third place,‘ the Church is a kingdom not of this world. “";"eng"
" овтсрац ьтсе ьвокрец« отч ,ацил огонвохуд";"ен";"духовного лица, что «церковь есть царство";"не";" ";"от мира сего».";"Ф. М. Достоевский. Братья Карамазовы (ч. 1-2) (1878)";"Ф. М. Достоевский";"1821";"Братья Карамазовы (ч. 1-2)";"1878";"художественная";"";"";"";"";"";"омонимия не снята";"Братья Карамазовы (ч. 1-2)";"Fedor Dostoevsky";"The Brothers Karamazov (parts 1-2)";"";"1912";"15598";"273219";"7799";"125461";"rus";"eng";"Великобритания";"";"— Я читал эту книгу, на которую вы возражали, — обратился он к Ивану Федоровичу***, — и удивлен был словами духовного лица, что «церковь есть царство не от мира сего».";"41939ff5de5f40931f57ffc19df842c9:2254:23";" I have read the book which you have answered,” he added, addressing Ivan, “and was astounded at the words‘ the Church is a kingdom not of this world. ";"eng"
" илсЕ ";"ен";"Если";"не";" ";"от мира сего, то, стало быть";"Ф. М. Достоевский. Братья Карамазовы (ч. 1-2) (1878)";"Ф. М. Достоевский";"1821";"Братья Карамазовы (ч. 1-2)";"1878";"художественная";"";"";"";"";"";"омонимия не снята";"Братья Карамазовы (ч. 1-2)";"Fedor Dostoevsky";"The Brothers Karamazov (parts 1-2)";"";"1912";"15598";"273219";"7799";"125461";"rus";"eng";"Великобритания";"";"Если не от мира сего, то, стало быть, и не может быть на земле ее вовсе.";"41939ff5de5f40931f57ffc19df842c9:2256:1";" If it is not of this world, then it cannot exist on earth at all. ";"eng"
"« аволс иилегнавЕ мотявс В ";"ен";"В святом Евангелии слова «";"не";" ";"от мира сего» не в том";"Ф. М. Достоевский. Братья Карамазовы (ч. 1-2) (1878)";"Ф. М. Достоевский";"1821";"Братья Карамазовы (ч. 1-2)";"1878";"художественная";"";"";"";"";"";"омонимия не снята";"Братья Карамазовы (ч. 1-2)";"Fedor Dostoevsky";"The Brothers Karamazov (parts 1-2)";"";"1912";"15598";"273219";"7799";"125461";"rus";"eng";"Великобритания";"";"В святом Евангелии слова «не от мира сего» не в том смысле употреблены.";"41939ff5de5f40931f57ffc19df842c9:2258:4";" In the Gospel, the words‘ not of this world'are not used in that sense. ";"eng"
" ,ястеемузар ,еонсебен овтсраЦ ";"ен";"Царство небесное, разумеется,";"не";" ";"от мира сего, а в небе";"Ф. М. Достоевский. Братья Карамазовы (ч. 1-2) (1878)";"Ф. М. Достоевский";"1821";"Братья Карамазовы (ч. 1-2)";"1878";"художественная";"";"";"";"";"";"омонимия не снята";"Братья Карамазовы (ч. 1-2)";"Fedor Dostoevsky";"The Brothers Karamazov (parts 1-2)";"";"1912";"15598";"273219";"7799";"125461";"rus";"eng";"Великобритания";"";"Царство небесное, разумеется, не от мира сего, а в небе, но в него входят не иначе как чрез церковь, которая основана и установлена на земле.";"41939ff5de5f40931f57ffc19df842c9:2264:3";" The Kingdom of Heaven, of course, is not of this world, but in Heaven; but it is only entered through the Church which has been founded and established upon earth. ";"eng"
" отч ,мот о ьташер ман едг";"ен";"где нам решать о том, что";"не";" ";"от мира сего.";"Ф. М. Достоевский. Братья Карамазовы (ч. 1-2) (1878)";"Ф. М. Достоевский";"1821";"Братья Карамазовы (ч. 1-2)";"1878";"художественная";"";"";"";"";"";"омонимия не снята";"Братья Карамазовы (ч. 1-2)";"Fedor Dostoevsky";"The Brothers Karamazov (parts 1-2)";"";"1912";"15598";"273219";"7799";"125461";"rus";"eng";"Великобритания";"";"Я смиренно сознаюсь, что у меня нет никаких способностей разрешать такие вопросы, у меня ум эвклидовский, земной, а потому где нам решать о том, что не от мира сего.";"41939ff5de5f40931f57ffc19df842c9:11612:25";" I acknowledge humbly that I have no faculty for settling such questions, I have a Euclidian earthly mind, and how could I solve problems that are not of this world? ";"eng"
" атэ адварп ,онченок ,жу от ,воцто";"ен";"отцов, то уж, конечно, правда эта";"не";" ";"от мира сего и мне непонятна.";"Ф. М. Достоевский. Братья Карамазовы (ч. 1-2) (1878)";"Ф. М. Достоевский";"1821";"Братья Карамазовы (ч. 1-2)";"1878";"художественная";"";"";"";"";"";"омонимия не снята";"Братья Карамазовы (ч. 1-2)";"Fedor Dostoevsky";"The Brothers Karamazov (parts 1-2)";"";"1912";"15598";"273219";"7799";"125461";"rus";"eng";"Великобритания";"";"Солидарность в грехе между людьми я понимаю, понимаю солидарность и в возмездии, но не с детками же солидарность в грехе, и если правда в самом деле в том, что и они солидарны с отцами их во всех злодействах отцов, то уж, конечно, правда эта не от мира сего и мне непонятна.";"41939ff5de5f40931f57ffc19df842c9:12058:44";" I understand solidarity in sin among men. I understand solidarity in retribution, too; but there can be no such solidarity with children. And if it is really true that they must share responsibility for all their fathers'crimes, such a truth is not of this world and is beyond my comprehension. ";"eng"
" ,мынняессар микат ,мырбод микат лыб адгесв";"ен";"всегда был таким добрым, таким рассеянным,";"не";" ";"от мира сего ― ну просто как";"Mark Twain. Tom Sawyer, Detective (1896)";"Mark Twain";"1835";"Tom Sawyer, Detective";"1896";"художественная";"";"";"";"";"";"омонимия не снята";"Tom Sawyer, Detective";"Марк Твен";"Том Сойер — сыщик";"";"1960";"2416";"43734";"1208";"23706";"rus";"rus";"США";"";"Вы ведь знаете, тетя Полли, дядя Сайлас всегда был таким добрым, таким рассеянным, не от мира сего ― ну просто как ангел!";"86242979402185e5dc647a8527a56ed2:173:13";" Why, Aunt Polly, he was always so good and kind and moony and absent-minded and chuckle-headed and lovable ― why, he was just an angel! ";"eng"
" ьсяаватсо ,ерим мотэ в ыт и";"ен";"и ты в этом мире, оставаясь";"не";" ";"от мира сего, как и он.";"Herman Melville. Moby-Dick (1851)";"Herman Melville";"1819";"Moby-Dick";"1851";"художественная";"";"";"";"";"";"омонимия не снята";"Moby-Dick";"Герман Мелвилл";"Моби Дик";"";"1961";"17354";"377670";"8677";"201158";"rus";"rus";"США";"";"Живи и ты в этом мире, оставаясь не от мира сего, как и он.";"22ace9631fd7c4c29ce5adf190f74ff3:8259:7";" Do thou, too, live in this world without being of it. ";"eng"
" огороток овтсрац ,екыдалв ужулс я — ,но";"ен";"он, — я служу владыке, царство которого";"не";" ";"от мира сего.";"Charlotte Brontë. Jane Eyre (1847)";"Charlotte Brontë";"1816";"Jane Eyre";"1847";"художественная";"";"";"";"";"";"омонимия не снята";"Jane Eyre";"Шарлотта Бронте";"Джейн Эйр";"";"1950";"17896";"344453";"8948";"186739";"rus";"rus";"Великобритания";"";"— Сударыня, — продолжал он, — я служу владыке, царство которого не от мира сего.";"0a7c00da545dbcb74563ade41aadf337:1911:8";" “Madam,” he pursued, “I have a Master to serve whose kingdom is not of this world: my mission is to mortify in these girls the lusts of the flesh; to teach them to clothe themselves with shame-facedness and sobriety, not with braided hair and costly apparel; and each of the young persons before us has a string of hair twisted in plaits which vanity itself might have woven; these, I repeat, must be cut off; think of the time wasted, of—” ";"eng"
