"Reversed left context";"Reversed center";"Left context";"Center";"Punct";"Right context";"Title";"Author";"Birthday";"Header";"Created";"Sphere";"Type";"Topic";"Publication";"Publ_year";"Medium";"Ambiguity";"Header";"Author_trans";"Header_trans";"Translator";"Date_trans";"Sentences";"Words";"Orig_sentences";"Orig_words";"Lang";"Lang_trans";"Lang_variant";"Dialect";"Full context";"Example source";"Para context 1";"Lang 1"
" ";"иН";"";"Ни";" ";"за какие коврижки! По обе стороны";"Светлана Алексиевич. Время секонд хэнд (2013)";"Светлана Алексиевич";"1948";"Время секонд хэнд";"2013";"художественная, публицистика";"";"";"";"";"";"омонимия не снята";"Время секонд хэнд";"Svetlana Alexievich";"Secondhand Time";"";"2016";"25158";"324997";"12579";"131168";"rus";"eng";"США";"";"Ни за какие коврижки! По обе стороны базар… Торговали чайными сервизами, гвоздями, куклами – людям платили товаром.";"52c856c99bb936c84da0bfb0ca2f4218:17962:0";" Not for all the tea in China! To either side of the road there were markets… People selling tea sets, nails, dolls — back then, everyone was getting paid in goods. ";"eng"
" ино ятох ,юледен юуваворК ьшевижереп и";"ин";"и переживешь Кровавую неделю, хотя они";"ни";" ";"за какие коврижки тебе этого не";"Sebastian de Castell. Traitor’s Blade (2014)";"Sebastian de Castell";"";"Traitor’s Blade";"2014";"художественная";"";"";"";"";"";"омонимия не снята";"Traitor’s Blade";"Себастьян де Кастелл";"Клинок предателя";"";"2020";"17354";"213743";"8677";"119777";"rus";"rus";"Канада";"";"Ну-ка, скажи мне: даже если ты и переживешь Кровавую неделю, хотя они ни за какие коврижки тебе этого не позволят, что ты станешь делать дальше?";"c4b49e6c550c324699c84d1b213b2e1c:6235:12";" Tell me how: even if you do somehow manage to survive the Blood Week, they're never, never going to let you get away with it. What are you going to do then?' ";"eng"
" и ,актнедутс еще ,анеж яадолом алыб";"ин";"была молодая жена, еще студентка, и";"ни";" ";"за какие коврижки он из Москвы";"Людмила Улицкая. Зеленый шатер (2011)";"Людмила Улицкая";"1943";"Зеленый шатер";"2011";"художественная";"";"";"";"";"";"омонимия не снята";"Зеленый шатер";"Liudmila Ulitskaia";"The Big Green Tent";"";"2014";"24914";"345015";"12457";"142298";"rus";"eng";"США";"";"В министерство Миха не пошел: Алена была молодая жена, еще студентка, и ни за какие коврижки он из Москвы не уехал бы.";"07bbb7ae9d77d8903966e4952714070f:18318:12";" Mikha didn't go to the ministry. Alyona was a young wife and still a student; nothing could have induced him to leave her behind in Moscow to go it alone. ";"eng"
" ";"иН";"";"Ни";" ";"за какие коврижки в мире я";"Janet Evanovich. Two for the Dough (1996)";"Janet Evanovich";"1943";"Two for the Dough";"1996";"художественная";"";"";"";"";"";"омонимия не снята";"Two for the Dough";"Джанет Иванович";"Денежки дважды имеют значение";"";"2009";"16714";"151889";"8357";"82078";"rus";"rus";"США";"";"Ни за какие коврижки в мире я не прикоснулась бы к грязной одежонке Спиро.";"870b652622bfc06abf6de04c83fd1a0e:10195:0";" There wasn't enough money in the world to get me to touch Spiro's dirty clothes. ";"eng"
" ежот ,юагалоп я ,ано ,тут ьсалитучо";"ин";"очутилась тут, она, я полагаю, тоже";"ни";" ";"за какие коврижки не вернулась бы";"Clive Staples Lewis. The Chronicles of Narnia. The Magician’s Nephew (1955)";"Clive Staples Lewis";"1898";"The Chronicles of Narnia. The Magician’s Nephew";"1955";"художественная";"";"";"";"";"";"омонимия не снята";"The Chronicles of Narnia. The Magician’s Nephew";"Клайв Стейплз Льюис";"Хроники Нарнии. Племянник чародея";"";"1991";"5350";"68559";"2675";"40334";"rus";"rus";"Великобритания";"";"Если б моя женушка очутилась тут, она, я полагаю, тоже ни за какие коврижки не вернулась бы в Лондон.";"a8775f4aa4198fb2acb46163163c81d0:4091:10";" “If my wife was here neither of us would ever want to go back to London, I reckon. ";"eng"
" мав енодноЛ в оньлетишеР ";"ин";"Решительно в Лондоне вам";"ни";" ";"за какие коврижки не удастся раздобыть";"Dorothy L Sayers. Strong Poison (1930)";"Dorothy L Sayers";"1893";"Strong Poison";"1930";"художественная";"";"";"";"";"";"омонимия не снята";"Strong Poison";"Дороти Сэйерс";"Смертельный яд";"";"2007";"11182";"137800";"5591";"78666";"rus";"rus";"Великобритания";"";"Решительно в Лондоне вам ни за какие коврижки не удастся раздобыть первое издание.";"8afd271a456189c18ea16ec50713b721:2591:4";" Positively, I don't think you could get a First Edition in London for love or money. ";"eng"
" отч ,лишер Я ";"ин";"Я решил, что";"ни";" ";"за какие коврижки больше не дотронусь";"Mark Twain. The Adventures of Huckleberry Finn (1884)";"Mark Twain";"1835";"The Adventures of Huckleberry Finn";"1884";"художественная";"";"";"";"";"";"омонимия не снята";"The Adventures of Huckleberry Finn";"Марк Твен";"Приключения Гекльберри Финна";"";"1950";"12080";"203856";"6040";"112742";"rus";"rus";"США";"";"Я решил, что ни за какие коврижки больше не дотронусь до змеиной кожи, ― ведь вон что из этого получается.";"46b4d09a41c99ac2c036814a48684159:2299:3";" I made up my mind I wouldn't ever take a-holt of a snake-skin again with my hands, now that I see what had come of it. ";"eng"
" аД ";"ин";"Да";"ни";" ";"за какие коврижки!";"Mark Twain. The Adventures of Huckleberry Finn (1884)";"Mark Twain";"1835";"The Adventures of Huckleberry Finn";"1884";"художественная";"";"";"";"";"";"омонимия не снята";"The Adventures of Huckleberry Finn";"Марк Твен";"Приключения Гекльберри Финна";"";"1950";"12080";"203856";"6040";"112742";"rus";"rus";"США";"";"Но, коли ты думаешь, что Том Сойер упустил бы такой случай?  Да ни за какие коврижки!  Он бы это назвал ""приключением"" ― вот как, и хоть помирал бы, да залез на разбитый пароход.";"46b4d09a41c99ac2c036814a48684159:2889:1";" Do you reckon Tom Sawyer would ever go by this thing?  Not for pie, he wouldn't.  He'd call it an adventure ― that's what he'd call it; and he'd land on that wreck if it was his last act. ";"eng"
" !тен жу уН ― !йазелоп маС !узелоп";"иН";"полезу! Сам полезай! ― Ну уж нет!";"Ни";" ";"за какие коврижки! ― Пусть лезет Билль";"Lewis Carroll. Alice’s Adventures in Wonderland (1865)";"Lewis Carroll";"1832";"Alice’s Adventures in Wonderland";"1865";"художественная";"";"";"";"";"";"омонимия не снята";"Alice’s Adventures in Wonderland";"Льюис Кэррол";"Приключения Алисы в Стране чудес";"";"1967";"1796";"44873";"898";"25775";"rus";"rus";"Великобритания";"";"Она еще немножко подождала, но все было тихо. Немного спустя послышался скрип колес и гул голосов. Их было много, и все говорили наперебой. ― А где вторая лестница? ― Я должен был привезти только одну. Вторую Билль привезет! ― Эй, Билль! Тащи-ка ее сюда! ― Ставьте их с этого угла! ― Надо сначала их связать! Они и до середины не достают! ― Достанут, не бойся! ― Эй, Билль! Лови веревку! ― А крыша выдержит? ― Осторожно! Эта черепица шатается… ― Сорвалась! Падает! ― Головы береги! Послышался громкий треск. ― Ну вот, это кто же наделал? ― Сдается мне, что Билль! ― Кто полезет в трубу? ― Я не полезу! Сам полезай! ― Ну уж нет! Ни за какие коврижки! ― Пусть лезет Билль! ― Эй, Билль! Слышишь? Хозяин велит тебе лезть!";"f7a52612dff6e68f20a14f749be74ee2:311:100";" She waited for some time without hearing anything more: at last came a rumbling of little cart-wheels, and the sound of a good many voices all talking together: she made out the words: ""Where's the other ladder? ― Why, I hadn't to bring but one. Bill's got the other ― Bill! Fetch it here, lad! ― Here, put' em up at this corner ― No, tie' em together first ― they don't reach half high enough yet ― Oh, they'll do well enough. Don't be particular ― Here, Bill! Catch hold of this rope ― Will the roof bear? ― Mind that loose slate ― Oh, it's coming down! Heads below! ""(a loud crash) ― ""Now, who did that? ― It was Bill, I fancy ― Who's to go down the chimney! ― Nay, I shan't! YOU do it! ― THAT I won't, then! ― Bill's got to go down ― Here, Bill! The master says you've got to go down the chimney! """;"eng"
