"Reversed left context";"Reversed center";"Left context";"Center";"Punct";"Right context";"Title";"Author";"Birthday";"Header";"Created";"Sphere";"Type";"Topic";"Publication";"Publ_year";"Medium";"Ambiguity";"Header";"Author_trans";"Header_trans";"Translator";"Date_trans";"Sentences";"Words";"Orig_sentences";"Orig_words";"Lang";"Lang_trans";"Lang_variant";"Dialect";"Full context";"Example source";"Para context 1";"Lang 1"
" огок У ";"ин";"У кого";"ни";" ";"кола ни двора.";"Светлана Алексиевич. Время секонд хэнд (2013)";"Светлана Алексиевич";"1948";"Время секонд хэнд";"2013";"художественная, публицистика";"";"";"";"";"";"омонимия не снята";"Время секонд хэнд";"Svetlana Alexievich";"Secondhand Time";"";"2016";"25158";"324997";"12579";"131168";"rus";"eng";"США";"";"На великие стройки ехали одни голодранцы, как мы.  У кого ни кола ни двора.  «За туманом и за запахом тайги» – это из песен… из книжек… а мы от голода пухли.";"52c856c99bb936c84da0bfb0ca2f4218:22220:2";" Only destitute people like us went to the great construction sites.  People without hearth or home.  “For the fog and the fragrance of the taiga” — that's the songs, the books. In reality, we were bloated from hunger. ";"eng"
" хин у едг ,адут итзев ,тсем";"ин";"мест, везти туда, где у них";"ни";" ";"кола, ни двора, а сколько их";"Анатолий Кузнецов. Бабий Яр (1965-1970)";"Анатолий Кузнецов";"1929";"Бабий Яр";"1965-1970";"художественная";"";"";"";"";"";"омонимия не снята";"Бабий Яр";"Anatoly Kuznetsov";"Babi Yar";"";"1970";"15164";"239938";"7582";"92495";"rus";"eng";"Великобритания";"";"Но опять это жестоко: выгонять силой тысячи людей из родных мест, везти туда, где у них ни кола, ни двора, а сколько их заболеет и умрет в дороге!";"86fdb395a48cd1424071e803fff507ae:2358:16";" But again this was very cruel: to expel thousands of people by force from the places where they had been born and transport them to places where they hadn't a thing to their names — how many of them would get ill and die on the way? ";"eng"
" ,метрА ,йобот с сан У .онтяноп";"ин";"понятно. У нас с тобой, Артем,";"ни";" ";"кола ни двора, горб да рука";"Николай Островский. Как закалялась сталь (ч. 1) (1930-1934)";"Николай Островский";"1904";"Как закалялась сталь (ч. 1)";"1930-1934";"художественная";"";"";"";"";"";"омонимия не снята";"Как закалялась сталь (ч. 1)";"Nikolai Ostrovsky";"How the Steel was Tempered (pt 1)";"";"1952";"6134";"108335";"3067";"44216";"rus";"eng";"СССР/Россия";"";"Откормимся здесь, как буржуи, хе-хе. А Захар-то особь статья, он больше по крестьянству придерживается, закопался в землю с дядькой своим. Что ж, оно, пожалуй, понятно. У нас с тобой, Артем, ни кола ни двора, горб да рука, как говорится, вековая пролетарская, хе-хе, а Захар пополам разделился, одна нога на паровозе, другая в деревне. ―";"8c062f56bfcc25cd7988d7b83bc7e974:1600:31";" You'll see, we'll feed ourselves up like capitalists, ha-ha! Zakhar's a bit different from us ― he hangs on to the peasantry, has his roots in the land through that uncle of his. Well, I can't say as I blame him. You and me, Artem, we've got neither harrow nor barrow, so to say, nought but a strong back and a pair of hands ― what they call eternal proletarians, that's us ― ha-ha ― but old Zakhar's kind of split in two, one foot in the locomotive and the other in the village. """;"eng"
" ,ястировог как ,лахеирп йомод А ";"ин";"А домой приехал, как говорится,";"ни";" ";"кола, ни двора; баба была, да";"А. П. Чехов. В овраге (1899)";"А. П. Чехов";"1860";"В овраге";"1899";"художественная";"";"";"";"";"";"омонимия не снята";"В овраге";"Anton Chekhov";"In the Ravine";"";"1900-1930";"1876";"27888";"938";"11621";"rus";"eng";"Великобритания";"";"А домой приехал, как говорится, ни кола, ни двора; баба была, да в Сибири осталась, закопали.";"90eec614789c1874e33b92fb76ba4422:1586:5";" And when I got home, as the saying is, there was neither stick nor stall; I had a wife, but I left her behind in Siberia, she was buried there. ";"eng"
" анидопсог оготэ у отч ,оху ан";"ин";"на ухо, что у этого господина";"ни";" ";"кола ни двора и никогда никакого";"Ф. М. Достоевский. Идиот (1868-1869)";"Ф. М. Достоевский";"1821";"Идиот";"1868-1869";"художественная";"";"";"";"";"";"омонимия не снята";"Идиот";"Fedor Dostoevsky";"The Idiot";"";"1915";"23994";"441819";"11997";"200886";"rus";"eng";"Великобритания";"";"Так как он обращался к князю, то князь с жаром похвалил его, несмотря на то что Лебедев шептал ему на ухо, что у этого господина ни кола ни двора и никогда никакого имения не бывало.";"02acae359836f47f703b337b87151cb4:23288:25";" He addressed the prince, who warmly commended his sentiments, though Lebedeff whispered in his ear that this gentleman, who talked so much of his ""property, ""had never had either house or home. ";"eng"
" хин у отч ,юанзу ;ьтсеч аз";"ин";"за честь; узнаю, что у них";"ни";" ";"кола, ни двора, а приехали хлопотать";"Ф. М. Достоевский. Преступление и наказание (1866)";"Ф. М. Достоевский";"1821";"Преступление и наказание";"1866";"художественная";"";"";"";"";"";"омонимия не снята";"Преступление и наказание";"Fedor Dostoevsky";"Crime and Punishment";"";"1914";"25564";"369816";"12782";"168521";"rus";"eng";"Великобритания";"";"Мне объявили, что мое знакомство и она, и дочь ее могут принимать не иначе как за честь; узнаю, что у них ни кола, ни двора, а приехали хлопотать о чем-то в каком-то присутствии; предлагаю услуги, деньги; узнаю, что они ошибкой поехали на вечер, думая, что действительно танцевать там учат; предлагаю способствовать с своей стороны воспитанию молодой девицы, французскому языку и танцам.";"928f8dab693260693ecabf487aa70af5:22280:21";" She told me that she and her daughter could only regard my acquaintance as an honour. I found out that they had nothing of their own and had come to town upon some legal business. I proffered my services and money. I learnt that they had gone to the dancing saloon by mistake, believing that it was a genuine dancing class. I offered to assist in the young girl's education in French and dancing. ";"eng"
" ьсолатсо ен итсолим оге оп огок";"ин";"кого по его милости не осталось";"ни";" ";"кола, ни двора.";"Robert Louis Stevenson. Kidnapped (1886)";"Robert Louis Stevenson";"1850";"Kidnapped";"1886";"художественная";"";"";"";"";"";"омонимия не снята";"Kidnapped";"Роберт Луис Стивенсон";"Похищенный";"";"1967";"7020";"146548";"3510";"80444";"rus";"rus";"Великобритания";"";"Многие дорого дали бы, чтобы поглядеть, как он щерит зубы в петле: и Дженнет Клустон, да и другие, у кого по его милости не осталось ни кола, ни двора.";"b1442d947f941d6612bea226225d7e39:1109:25";" Jennet Clouston and mony mair that he has harried out of house and hame. ";"eng"
