"Reversed left context";"Reversed center";"Left context";"Center";"Punct";"Right context";"Title";"Author";"Birthday";"Header";"Created";"Sphere";"Type";"Topic";"Publication";"Publ_year";"Medium";"Ambiguity";"Header";"Author_trans";"Header_trans";"Translator";"Date_trans";"Sentences";"Words";"Orig_sentences";"Orig_words";"Lang";"Lang_trans";"Lang_variant";"Dialect";"Full context";"Example source";"Para context 1";"Lang 1"
" – ,могурк ьпетс ад ьпетС – ";"ин";"– Степь да степь кругом, –";"ни";" ";"к селу ни к городу сказал";"Татьяна Толстая. Кысь (2000)";"Татьяна Толстая";"1951";"Кысь";"2000";"художественная";"";"";"";"";"";"омонимия не снята";"Кысь";"Tatyana Tolstaya";"The Slynx";"";"2007";"14176";"144350";"7088";"60453";"rus";"eng";"США";"";"– Степь да степь кругом, – ни к селу ни к городу сказал Лев Львович сквозь зубы.";"9c26cca2adf4295a30c6fa7a34bb962a:12922:4";" ""Steppe and nothing else… as far as the eye can see. And neither fish nor fowl… said Lev Lvovich through his teeth. ";"eng"
" ,ястеавызан отч ,тут лыб оксаВ ";"ин";"Васко был тут, что называется,";"ни";" ";"к селу ни к городу: высоченный";"Michael Crichton. NEXT (2006)";"Michael Crichton";"1942";"NEXT";"2006";"художественная";"";"";"";"";"";"омонимия не снята";"NEXT";"Майкл Крайтон";"NEXT";"";"2007";"21110";"215480";"10555";"109512";"rus";"rus";"США";"";"Васко был тут, что называется, ни к селу ни к городу: высоченный, бородатый, одетый во все черное и в черной шляпе, чтобы скрыть откушенное ухо.";"9bebd6418c70982072881b587bbcbc96:19999:5";" Vasco appeared completely out of place, six-four and bearded, dressed entirely in black, with a black cowboy hat he had to pull down low because his damn ear had been bitten off. ";"eng"
" месвос яилартсвА жу А ";"ин";"А уж Австралия совсем";"ни";" ";"к селу ни к городу: всякому";"Татьяна Толстая. Сомнамбула в тумане (1988)";"Татьяна Толстая";"1951";"Сомнамбула в тумане";"1988";"художественная";"";"";"";"";"";"омонимия не снята";"Сомнамбула в тумане";"Tatyana Tolstaya";"Sleepwalker in a fog";"";"1992";"1538";"24427";"769";"10269";"rus";"eng";"США";"";"А уж Австралия совсем ни к селу ни к городу: всякому ясно, что тут по логике должна быть вода, так нате вам!";"9b5e1a07bc4c5bd67a4354ea8f77cb83:24:4";" And Australia is obviously neither here nor there: anyone can see that logically there should be water in its place, but just look what you've got! ";"eng"
" ,юатич ен йицкел и ьдев я";"ин";"я ведь и лекций не читаю,";"ни";" ";"к селу ни к городу.";"Василий Гроссман. Жизнь и судьба, ч. 1 (1960)";"Василий Гроссман";"1905";"Жизнь и судьба, ч. 1";"1960";"художественная";"";"";"";"";"";"омонимия не снята";"Жизнь и судьба, ч. 1";"Vasily Grossman";"Life and fate. Part 1";"";"1985";"12318";"194379";"6159";"83407";"rus";"eng";"Великобритания";"";"― Нет, пустое, я ведь и лекций не читаю, ни к селу ни к городу.";"e45cc5deb0b32bdc355aea93546c9442:2216:8";"' No, no, it's just something… It's neither here nor there… I don't give lectures anyway.' ";"eng"
" ,ьсолазак ,алазакс анворимидалВ арднаскелА И ";"ин";"И Александра Владимировна сказала, казалось,";"ни";" ";"к селу ни к городу: ― Что";"Василий Гроссман. Жизнь и судьба, ч. 3 (1960)";"Василий Гроссман";"1905";"Жизнь и судьба, ч. 3";"1960";"художественная";"";"";"";"";"";"омонимия не снята";"Жизнь и судьба, ч. 3";"Vasily Grossman";"Life and fate. Part 3";"";"1985";"10828";"166690";"5414";"70645";"rus";"eng";"Великобритания";"";"И Александра Владимировна сказала, казалось, ни к селу ни к городу: ― Что ж уж там, Степан, умирать вам рано!";"39536018a7f64c8564e917406293ef8e:10110:5";" Apparently quite irrelevantly, Alexandra Vladimirovna said:' Come on, Stepan! We're neither of us going to die yet. ";"eng"
" ливабод и йынечу лидревтдоп ― ,киротси ― Я";"ин";"Я ― историк, ― подтвердил ученый и добавил";"ни";" ";"к селу ни к городу: ― Сегодня";"Михаил Булгаков. Мастер и Маргарита (1929-1940)";"Михаил Булгаков";"1891";"Мастер и Маргарита";"1929-1940";"художественная";"";"";"";"";"";"омонимия не снята";"Мастер и Маргарита";"Mikhail Bulgakov";"Master and Margarita";"";"1979";"16426";"258609";"8213";"113104";"rus";"eng";"США";"";"― Я ― историк, ― подтвердил ученый и добавил ни к селу ни к городу: ― Сегодня вечером на Патриарших прудах будет интересная история!";"837d64d30f4e8ff87ef2f71e79dfe19b:438:6";"' I am a historian,' the scholar confirmed, and added with no rhyme or reason: This evening there will be an interesting story at the Ponds! ";"eng"
" ";"иН";"";"Ни";" ";"к селу ни к городу он";"А. Н. Стругацкий, Б. Н. Стругацкий. Понедельник начинается в субботу (1965)";"А. Н. Стругацкий, Б. Н. Стругацкий";"1925, 1933";"Понедельник начинается в субботу";"1965";"художественная";"";"";"";"";"";"омонимия не снята";"Понедельник начинается в субботу";"Arkady Strugatsky, Boris Strugatsky";"Monday Begins on Saturday";"";"1977";"13298";"133760";"6649";"58402";"rus";"eng";"США";"";"Ни к селу ни к городу он повёл речь о музыке.";"16b676ab917826be619990953228ccec:9528:0";" For no apparent reason he carried on about music. ";"eng"
" тут ыв ниакок ― жу ,уН ― .униакок";"ин";"кокаину. ― Ну, уж ― кокаин вы тут";"ни";" ";"к селу ни к городу приплели.";"А. Н. Толстой. Аэлита (1923)";"А. Н. Толстой";"1883";"Аэлита";"1923";"художественная";"";"";"";"";"";"омонимия не снята";"Аэлита";"Alexey Tolstoy";"Aelita";"";"1950";"7670";"92157";"3835";"40191";"rus";"eng";"США";"";"― Извините, сейчас один тут говорит: ― 25 пудов погрузили они одной агитационной литературы и два пуда кокаину. ― Ну, уж ― кокаин вы тут ни к селу ни к городу приплели.";"667841848ba9206c05164724245a19a8:964:21";" ""Well, somebody said they're taking up 400 kilograms of propaganda leaflets. """;"eng"
" но личюлказ — ,аличнокоп йобос с акчорап";"ин";"парочка с собой покончила, — заключил он";"ни";" ";"к селу ни к городу.";"Vladimir Nabokov. The real Life of Sebastian Knight (1938)";"Vladimir Nabokov";"1899";"The real Life of Sebastian Knight";"1938";"художественная";"";"";"";"";"";"омонимия не снята";"The real Life of Sebastian Knight";"Владимир Набоков";"Истинная жизнь Себастьяна Найта";"";"1991";"6002";"106903";"3001";"59495";"rus";"rus";"Великобритания, США";"";"Тут в соседней гостинице в двадцать девятом году одна швейцарская парочка с собой покончила, — заключил он ни к селу ни к городу.";"0273ae1390fefa4ae206b61b15051612:2105:16";" In the hotel round the corner a Swiss couple committed suicide in 1929,' he added rather irrelevantly. ";"eng"
" гурдв адурп отсемв и ,ястюавырбо авесуГ";"ин";"Гусева обрываются, и вместо пруда вдруг";"ни";" ";"к селу, ни к городу показывается";"А. П. Чехов. Гусев (1890)";"А. П. Чехов";"1860";"Гусев";"1890";"художественная";"";"";"";"";"";"омонимия не снята";"Гусев";"Anton Chekhov";"Gusev";"";"1900-1930";"720";"9150";"360";"3807";"rus";"eng";"Великобритания";"";"Мысли у Гусева обрываются, и вместо пруда вдруг ни к селу, ни к городу показывается большая бычья голова без глаз, а лошадь и сани уж не едут, а кружатся в черном дыму.";"cc671b9fca285b394b91554735af7d9e:76:8";" Gusev's thoughts break off, and instead of a pond there suddenly appears apropos of nothing a huge bull's head without eyes, and the horse and sledge are not driving along, but are whirling round and round in a cloud of smoke. ";"eng"
" ,йенд хикьлоксен еинечет в ,ремирпан ,и";"ин";"и, например, в течение нескольких дней,";"ни";" ";"к селу ни к городу, все";"И. С. Тургенев. Отцы и дети (1862)";"И. С. Тургенев";"1818";"Отцы и дети";"1862";"художественная";"";"";"";"";"";"омонимия не снята";"Отцы и дети";"Ivan Turgenev";"Fathers And Children";"";"1917";"9082";"126257";"4541";"54711";"rus";"eng";"Великобритания";"";"Он даже повторял эти, иногда тупые или бессмысленные, выходки и, например, в течение нескольких дней, ни к селу ни к городу, все твердил: ""Ну, это дело девятое!"" - потому только, что сын его, узнав, что он ходил к заутрене, употребил это выражение.";"36ae621380e9001e907c46936cab621b:8298:15";" He used even to repeat these sometimes flat or pointless retorts, and would, for instance, for several days constantly without rhyme or reason, reiterate,' Not a matter of the first importance!' simply because his son, on hearing he was going to matins, had made use of that expression. ";"eng"
" тунчан еж тут и ,артсок ялд";"ин";"для костра, и тут же начнут";"ни";" ";"к селу ни к городу поминать";"Jack London. The Call of the Wild (1903)";"Jack London";"1876";"The Call of the Wild";"1903";"художественная";"";"";"";"";"";"омонимия не снята";"The Call of the Wild";"Джек Лондон";"Зов предков";"";"1978";"3664";"59910";"1832";"31975";"rus";"rus";"США";"";"Заведут, например, спор, кому из двоих, Чарльзу или Хэлу, нарубить сучьев для костра, и тут же начнут ни к селу ни к городу поминать всю родню, отцов, матерей, дядей, двоюродных братьев и сестер, людей, которые находятся за тысячи миль, и даже тех, кто давно в могиле.";"89d2d9624ab0deba6f4aa7e935daf57e:2171:17";" Starting from a dispute as to which should chop a few sticks for the fire (a dispute which concerned only Charles and Hal), presently would be lugged in the rest of the family, fathers, mothers, uncles, cousins, people thousands of miles away, and some of them dead. ";"eng"
" ,лялвяъбо ;ьтизимер оге лазред ен ,укпукирп";"ин";"прикупку, не дерзал его ремизить; объявлял,";"ни";" ";"к селу ни к городу, что";"И. С. Тургенев. Вешние воды (1872)";"И. С. Тургенев";"1818";"Вешние воды";"1872";"художественная";"";"";"";"";"";"омонимия не снята";"Вешние воды";"Ivan Turgenev";"The Torrents of Spring";"";"1897";"5876";"88933";"2938";"38888";"rus";"eng";"Великобритания";"";"Он в течение всего того дня всячески старался оказывать глубочайшее почтение Санину; за столом, торжественно и решительно, минуя дам, подавал блюда ему первому; во время карточной игры уступал ему прикупку, не дерзал его ремизить; объявлял, ни к селу ни к городу, что русские ― самый великодушный, храбрый и решительный народ в мире!";"f0dd64d7ba240adb450a50dac6990434:1442:35";" During the whole of that day he tried in every possible way to show the profoundest respect for Sanin; at table, passing by the ladies, he solemnly and sedately handed the dishes first to him; when they were at cards he intentionally gave him the game; he announced, apropos of nothing at all, that the Russians were the most great-hearted, brave, and resolute people in the world! ";"eng"
" ,ястировог как ,гурдв и вотевц и";"ин";"и цветов и вдруг, как говорится,";"ни";" ";"к селу ни к городу, воскликнул";"И. С. Тургенев. Первая любовь (1860)";"И. С. Тургенев";"1818";"Первая любовь";"1860";"художественная";"";"";"";"";"";"омонимия не снята";"Первая любовь";"Ivan Turgenev";"First Love";"";"1897";"2762";"43318";"1381";"18811";"rus";"eng";"Великобритания";"";"Он однажды пошел гулять со мною по Нескучному саду, был очень добродушен и любезен, сообщал мне названия и свойства разных трав и цветов и вдруг, как говорится, ни к селу ни к городу, воскликнул, ударив себя по лбу: ""А я, дурак, думал, что она кокетка! Видно, жертвовать собою сладко ― для иных"".";"728b82d436d2a19a179249ba4728ae1e:1676:27";" He went a walk with me one day in the Neskutchny gardens, was very good-natured and nice, told me the names and properties of various plants and flowers, and suddenly, a propos of nothing at all, cried, hitting himself on his forehead,' And I, poor fool, thought her a flirt! it's clear self-sacrifice is sweet for some people! ";"eng"
