"Reversed left context";"Reversed center";"Left context";"Center";"Punct";"Right context";"Title";"Author";"Birthday";"Header";"Created";"Sphere";"Type";"Topic";"Publication";"Publ_year";"Medium";"Ambiguity";"Header";"Author_trans";"Header_trans";"Translator";"Date_trans";"Sentences";"Words";"Orig_sentences";"Orig_words";"Lang";"Lang_trans";"Lang_variant";"Dialect";"Full context";"Example source";"Para context 1";"Lang 1"
" ино ьдев каТ – ";"ин";"– Так ведь они";"ни";" ";"рыба ни мясо.";"Harper Lee. To Kill a Mockingbird (1960)";"Harper Lee";"1926";"To Kill a Mockingbird";"1960";"художественная";"";"";"";"";"";"омонимия не снята";"To Kill a Mockingbird";"Харпер Ли";"Убить пересмешника";"";"2013";"15654";"190089";"7827";"101449";"rus";"rus";"США";"";"– А почему?  – Так ведь они ни рыба ни мясо.  Цветные их своими не считают, потому что они наполовину белые, а белые их тоже не признают, потому что они цветные, вот они и выходят неприкаянные, ни в тех, ни в сих.";"923f6c746295e734657f1ced727527e9:8787:3";" “Sad, how come?”  “They don't belong anywhere.  Colored folks won't have em because they're half white; white folks won't have em cause they're colored, so they're just in-betweens, don't belong anywhere. ";"eng"
" от а ,акшаш и аквонедуб ,ыропш";"ин";"шпоры, буденовка и шашка, а то";"ни";" ";"рыба ни мясо.";"Николай Островский. Как закалялась сталь (ч. 2) (1930-1934)";"Николай Островский";"1904";"Как закалялась сталь (ч. 2)";"1930-1934";"художественная";"";"";"";"";"";"омонимия не снята";"Как закалялась сталь (ч. 2)";"Nikolai Ostrovsky";"How the Steel was Tempered (pt 2)";"";"1952";"6612";"131631";"3306";"53770";"rus";"eng";"СССР/Россия";"";"В первый же вечер, оглядев Ольгу с ног до головы, он заметил: ― У тебя неполное обмундирование, старуха. Нужны штаны с кожей, шпоры, буденовка и шашка, а то ни рыба ни мясо.";"de0612c035f8cb9a8e40eb6c517f33e4:56:27";" At their very first meeting he looked her up and down and remarked:' Your get-up is all wrong, old girl. You ought to have trousers with leather seats, spurs, a Budyonny hat and a sabre. This way you're neither fish nor fowl.' ";"eng"
" ― олидохыв ;нот йохус в ьтадапв летох";"ин";"хотел впадать в сухой тон; выходило ―";"ни";" ";"рыба ни мясо.";"И. С. Тургенев. Новь (1877)";"И. С. Тургенев";"1818";"Новь";"1877";"художественная";"";"";"";"";"";"омонимия не снята";"Новь";"Ivan Turgenev";"Virgin Soil";"";"1929";"13114";"171448";"6557";"76108";"rus";"eng";"Великобритания";"";"Читал Нежданов не совсем хорошо: не решался декламировать ― и не хотел впадать в сухой тон; выходило ― ни рыба ни мясо.";"18fa54af30364a96799683ef7d1894f9:9064:16";" Nejdanov did not read well. He had not the courage to attempt any style, and at the same time wanted to avoid a dry tone. It turned out neither the one thing nor the other. ";"eng"
" - ""ебес кат"" лыб велгеТ тадлос ялд";"ин";"для солдат Теглев был ""так себе"" -";"ни";" ";"рыба ни мясо.";"И. С. Тургенев. Стучит! (1874)";"И. С. Тургенев";"1818";"Стучит!";"1874";"художественная";"";"";"";"";"";"омонимия не снята";"Стучит!";"Ivan Turgenev";"The Rattling of Wheels";"";"1895";"1460";"17564";"730";"7758";"rus";"eng";"Великобритания";"";"И для солдат Теглев был ""так себе"" - ни рыба ни мясо.";"f927066f81a112188c45ae55c39f8907:66:7";" ""With the soldiers, too, Tyeglev had the character of being neither one thing nor the other. ";"eng"
