"Reversed left context";"Reversed center";"Left context";"Center";"Punct";"Right context";"Title";"Author";"Birthday";"Header";"Created";"Sphere";"Type";"Topic";"Publication";"Publ_year";"Medium";"Ambiguity";"Header";"Author_trans";"Header_trans";"Translator";"Date_trans";"Sentences";"Words";"Orig_sentences";"Orig_words";"Lang";"Lang_trans";"Lang_variant";"Dialect";"Full context";"Example source";"Para context 1";"Lang 1"
" ондурт онтяоревен ацердум отч ,илировог енМ";"итсевбо";"Мне говорили, что мудреца невероятно трудно";"обвести";" ";"вокруг пальца.";"Sebastian de Castell. Traitor’s Blade (2014)";"Sebastian de Castell";"";"Traitor’s Blade";"2014";"художественная";"";"";"";"";"";"омонимия не снята";"Traitor’s Blade";"Себастьян де Кастелл";"Клинок предателя";"";"2020";"17354";"213743";"8677";"119777";"rus";"rus";"Канада";"";"Мне говорили, что мудреца невероятно трудно обвести вокруг пальца.";"c4b49e6c550c324699c84d1b213b2e1c:5269:6";" I'm told the spell is very difficult to fool.' ";"eng"
" олиотс ен огечин аханоМ .гнибиТ лыб";"итсевбо";"был Тибинг. Монаха ничего не стоило";"обвести";" ";"вокруг пальца, заставить поверить в то";"Dan Brown. The Da Vinci Code (2003)";"Dan Brown";"1964";"The Da Vinci Code";"2003";"художественная";"";"";"";"";"";"омонимия не снята";"The Da Vinci Code";"Дэн Браун";"Код Да Винчи";"";"2004";"23810";"268080";"11905";"139806";"rus";"rus";"США";"";"К счастью, хоть Сайлас не знал, кем на самом деле был Тибинг. Монаха ничего не стоило обвести вокруг пальца, заставить поверить в то, что Реми действительно связывает заложника на заднем сиденье лимузина.";"add6866690bf4af011e7eb199aba2d38:21495:16";" Fortunately, Silas remained unaware of Teabing's true identity and was easily fooled into taking him from the church and then watching naively as Rémy pretended to tie their hostage in the back of the limousine. ";"eng"
" ,ьтавофелбс ,ьтитнифс ,ясьтунревзи тичанз отэ ― ьтамуД";"итсевбо";"Думать ― это значит извернуться, сфинтить, сблефовать,";"обвести";" ";"вокруг пальца, но ведь здесь все";"А. Н. Стругацкий, Б. Н. Стругацкий. Пикник на обочине (1971)";"А. Н. Стругацкий, Б. Н. Стругацкий";"1925, 1933";"Пикник на обочине";"1971";"художественная";"";"";"";"";"";"омонимия не снята";"Пикник на обочине";"Arkady Strugatsky, Boris Strugatsky";"Roadside Picnic";"";"1977";"6254";"103306";"3127";"46331";"rus";"eng";"США";"";"Думать ― это значит извернуться, сфинтить, сблефовать, обвести вокруг пальца, но ведь здесь все это не годится…";"74afd4586b39eb278292543c733e16f8:6198:6";" Thinking meant finding a loophole, pulling a bluff, pulling the wool over someone's eyes ― but all that was out of place here. ";"eng"
" ьсолаваду умороток ,тсиднабартнок йыджак и ,удолог";"итсевбо";"голоду, и каждый контрабандист, которому удавалось";"обвести";" ";"вокруг пальца флот северян, мог назначать";"Margaret Mitchell. Gone with the Wind, Part 1 (1936)";"Margaret Mitchell";"1900";"Gone with the Wind, Part 1";"1936";"художественная";"";"";"";"";"";"омонимия не снята";"Gone with the Wind, Part 1";"Маргарет Митчелл";"Унесённые ветром, ч. 1";"";"1982";"25706";"403929";"12853";"209514";"rus";"rus";"США";"";"Текстильные фабрики Англии простаивали, рабочие-текстильщики мерли с голоду, и каждый контрабандист, которому удавалось обвести вокруг пальца флот северян, мог назначать спои цены на ливерпульском рынке.";"b1a6e9a3c23689e80357c5e30e2d9a2f:10031:14";" The cotton mills of England were standing idle and the workers were starving, and any blockader who could outwit the Yankee fleet could command his own price in Liverpool. ";"eng"
" тиотс ен огечин еж ябеТ ";"итсевбо";"Тебя же ничего не стоит";"обвести";" ";"вокруг пальца!";"Agatha Christie. The murder at the Vicarage (1930)";"Agatha Christie";"1890";"The murder at the Vicarage";"1930";"художественная";"";"";"";"";"";"омонимия не снята";"The murder at the Vicarage";"Агата Кристи";"Убийство в доме викария";"";"2009";"13846";"132133";"6923";"70763";"rus";"rus";"Великобритания";"";"Тебя же ничего не стоит обвести вокруг пальца!";"75e0b3db95fafa629a8f8f1fd60b1f49:855:5";" ""I wish you weren't so terribly easy to deceive, Len. ";"eng"
" и адорог наджарг хыннетчоп еиревод в";"итсевбо";"в доверие почтенных граждан города и";"обвести";" ";"вокруг пальца не менее почтенную коллегию";"Theodore Dreiser. The Financier (1912)";"Theodore Dreiser";"1871";"The Financier";"1912";"художественная";"";"";"";"";"";"омонимия не снята";"The Financier";"Теодор Драйзер";"Финансист";"";"1944";"23456";"363269";"11728";"196713";"rus";"rus";"США";"";"Он умолк, обвел взором присяжных, поправил манжеты, и все это с видом человека, который напал, наконец, на след ловкого, неуловимого преступника, сумевшего втереться в доверие почтенных граждан города и обвести вокруг пальца не менее почтенную коллегию присяжных.";"2e33158397b70dd397e746e464f37657:17033:29";" He paused and gazed at the jury, adjusting his sleeves as he did so, and looking as though he knew for certain that he was on the trail of a slippery, elusive criminal who was in a fair way to foist himself upon an honorable and decent community and an honorable and innocent jury as an honest man. ";"eng"
" и вораллод аноиллимлоп ьтсарку лемус йыроток";"итсевбо";"который сумел украсть полмиллиона долларов и";"обвести";" ";"вокруг пальца весь город, конечно, пускается";"Theodore Dreiser. The Financier (1912)";"Theodore Dreiser";"1871";"The Financier";"1912";"художественная";"";"";"";"";"";"омонимия не снята";"The Financier";"Теодор Драйзер";"Финансист";"";"1944";"23456";"363269";"11728";"196713";"rus";"rus";"США";"";"Человек, который сумел украсть полмиллиона долларов и обвести вокруг пальца весь город, конечно, пускается в самые удивительные приключения, а Эйлин выглядела как настоящая искательница приключений.";"2e33158397b70dd397e746e464f37657:21751:7";" A man who could steal five hundred thousand dollars and set a whole city by the ears must have wonderful adventures of all kinds, and Aileen looked like a true adventure. ";"eng"
" тиотс ен огечин хыроток ,ыдороп йешзин";"итсевбо";"низшей породы, которых ничего не стоит";"обвести";" ";"вокруг пальца.";"Jack London. The Burning Daylight (1910)";"Jack London";"1876";"The Burning Daylight";"1910";"художественная";"";"";"";"";"";"омонимия не снята";"The Burning Daylight";"Джек Лондон";"Время-не-ждет";"";"1956";"14758";"209384";"7379";"114448";"rus";"rus";"США";"";"Это просто быдло; широкие народные массы состоят из существ низшей породы, которых ничего не стоит обвести вокруг пальца.";"11d7865e51a07f08a30dd98fb7d68095:7669:15";" They were constituted of such inferior clay that the veriest chicanery fooled them. ";"eng"
" окгел кат янем отч ,теамуд но";"итсевбо";"он думает, что меня так легко";"обвести";" ";"вокруг пальца.";"Robert Louis Stevenson. Kidnapped (1886)";"Robert Louis Stevenson";"1850";"Kidnapped";"1886";"художественная";"";"";"";"";"";"омонимия не снята";"Kidnapped";"Роберт Луис Стивенсон";"Похищенный";"";"1967";"7020";"146548";"3510";"80444";"rus";"rus";"Великобритания";"";"Я послушался, презрительно усмехаясь про себя: он думает, что меня так легко обвести вокруг пальца.";"b1442d947f941d6612bea226225d7e39:651:12";" I did his will, smiling to myself in my contempt that he should think I was so easily to be deceived. ";"eng"
