"Reversed left context";"Reversed center";"Left context";"Center";"Punct";"Right context";"Title";"Author";"Birthday";"Header";"Created";"Sphere";"Type";"Topic";"Publication";"Publ_year";"Medium";"Ambiguity";"Header";"Author_trans";"Header_trans";"Translator";"Date_trans";"Sentences";"Words";"Orig_sentences";"Orig_words";"Lang";"Lang_trans";"Lang_variant";"Dialect";"Full context";"Example source";"Para context 1";"Lang 1"
" – !алишус онсарпаН ";"ьсалунуко";"Напрасно сушила! –";"окунулась";" ";"с головой в глубокий омут.";"Иван Ефремов. Таис Афинская (1972)";"Иван Ефремов";"1908";"Таис Афинская";"1972";"художественная";"";"";"";"";"";"омонимия не снята";"Таис Афинская";"Ivan Yefremov";"Thais of Athens";"";"2011";"21868";"322590";"10934";"137020";"rus";"eng";"СССР/Россия";"";"Напрасно сушила! – окунулась с головой в глубокий омут.";"95af57aed4d8ddd1ac985449f4f20871:2798:2";" I was drying it!” she cried, and fell into the deep pool. ";"eng"
" ьсолширп ми отч ,окзин кат ьтиб";"ясьтунуко";"бить так низко, что им пришлось";"окунуться";" ";"с головой. Зеленая слизь заклеивала рот";"А. Н. Стругацкий, Б. Н. Стругацкий. Пикник на обочине (1971)";"А. Н. Стругацкий, Б. Н. Стругацкий";"1925, 1933";"Пикник на обочине";"1971";"художественная";"";"";"";"";"";"омонимия не снята";"Пикник на обочине";"Arkady Strugatsky, Boris Strugatsky";"Roadside Picnic";"";"1977";"6254";"103306";"3127";"46331";"rus";"eng";"США";"";"Потом молнии стали бить так низко, что им пришлось окунуться с головой. Зеленая слизь заклеивала рот, стало трудно дышать. Хватая ртом воздух, Рэдрик вырвал из носа тампоны и обнаружил вдруг, что смрад исчез, что воздух наполнен свежим, пронзительным запахом озона, а пар вокруг становился все гуще или, может быть, это потемнело в глазах, и уже не видно было холмов ни справа, ни слева ― ничего не было видно, кроме облепленной зеленой грязью головы Артура и желтого клубящегося пара вокруг.";"74afd4586b39eb278292543c733e16f8:5942:9";" Then the lightning began striking so low that they had to duck their heads. The green slime gummed his mouth, making it hard to breathe. Gulping for air, Redrick tore the cotton out of his nose and discovered that the reek was gone, that the air was filled with the fresh, piercing odor of ozone, and that the steam was getting thicker, or maybe he was blacking out, and he could no longer see either of the two hills. All he could see was Arthur's head sticky with green slime and the billowing clouds of yellow steam. ";"eng"
" ,енмак йогон доп ясмешвунревоп ан яслунзьлоксоп";"яслунуко";"поскользнулся на повернувшемся под ногой камне,";"окунулся";" ";"с головой, вынырнул, увидел совсем рядом";"А. Н. Стругацкий, Б. Н. Стругацкий. Пикник на обочине (1971)";"А. Н. Стругацкий, Б. Н. Стругацкий";"1925, 1933";"Пикник на обочине";"1971";"художественная";"";"";"";"";"";"омонимия не снята";"Пикник на обочине";"Arkady Strugatsky, Boris Strugatsky";"Roadside Picnic";"";"1977";"6254";"103306";"3127";"46331";"rus";"eng";"США";"";"Он поскользнулся на повернувшемся под ногой камне, окунулся с головой, вынырнул, увидел совсем рядом перекошенное, с вытаращенными глазами лицо Артура и вдруг на мгновение похолодел: ему показалось, что он потерял направление.";"74afd4586b39eb278292543c733e16f8:5958:7";" He slipped on a stone that turned under his foot, and fell in. He surfaced and saw Arthur's terrified face right next to his. For a second he felt a chill: he thought that he had lost his way. ";"eng"
" ножД ядяД ";"яслунуко";"Дядя Джон";"окунулся";" ";"с головой.";"John Steinbeck. The Grapes of Wrath (1939)";"John Steinbeck";"1902";"The Grapes of Wrath";"1939";"художественная";"";"";"";"";"";"омонимия не снята";"The Grapes of Wrath";"Джон Стейнбек";"Гроздья гнева";"";"1940";"31674";"330719";"15837";"184204";"rus";"rus";"США";"";"― Ведь мы ехали через них, ― точно не веря самому себе, сказал отец.  Дядя Джон окунулся с головой.  ― Ехали, ехали и приехали.";"a9f50bec74c8296767523e6580db566a:12649:2";" ""We come through them, ""Pa said in wonder.  Uncle John ducked his head under the water. "" Well, we're here. ";"eng"
" ,нивдром бигоп ен авде оген олоко";"ьсишвунуко";"около него едва не погиб мордвин,";"окунувшись";" ";"с головою в воду.";"Максим Горький. Ледоход (1912-1915)";"Максим Горький";"1868";"Ледоход";"1912-1915";"художественная";"";"";"";"";"";"омонимия не снята";"Ледоход";"Maxime Gorky";"The Icebreaker";"";"1921";"810";"16228";"405";"5856";"rus";"eng";"Великобритания";"";"За ним выкупался Боев ― казалось, он сам нырнул под лед и тотчас закричал неистово: ― А, б-батюшки, тону, смертынька, братцыньки, дайте помощь… Он так бился в судорогах страха, что вытащили его с трудом и в хлопотах около него едва не погиб мордвин, окунувшись с головою в воду.";"43ead2df4a863c9b1e64250abc663e86:574:42";" Similarly, after that, did Boev, the man next in order behind Mokei, contrive to wrest himself from the grasp of the ice, though, on immersion, he started bawling, ""Mates, I shall drown! I am dead already! Help me, help me! ""and became so cramped with terror as to be extricated only with great difficulty, while amid the general confusion the Morduine too nearly slipped into the water. ";"eng"
" итороД ,ястеемузаР ";"ьсалунуко";"Разумеется, Дороти";"окунулась";" ";"с головой, но от такой ванны";"L. Frank Baum. Ozma of Oz (1907)";"L. Frank Baum";"1856";"Ozma of Oz";"1907";"художественная";"";"";"";"";"";"омонимия не снята";"Ozma of Oz";"Л. Фрэнк Баум";"Озма из страны Оз";"";"1992";"4412";"67565";"2206";"38886";"rus";"rus";"США";"";"Разумеется, Дороти окунулась с головой, но от такой ванны ни на секунду не потеряла присутствия духа.";"393628b2d11538cf09bf1d40a670b86d:75:2";" Dorothy had a good ducking, you may be sure, but she didn't lose her presence of mind even for a second. ";"eng"
" еорт еыньлатсО ";"ьсилунуко";"Остальные трое";"окунулись";" ";"с головой и вынырнули, фыркая и";"Robert Louis Stevenson. Treasure Island (1883)";"Robert Louis Stevenson";"1850";"Treasure Island";"1883";"художественная";"";"";"";"";"";"омонимия не снята";"Treasure Island";"Роберт Луис Стивенсон";"Остров сокровищ";"";"1935";"7560";"122668";"3780";"69090";"rus";"rus";"Великобритания";"";"Остальные трое окунулись с головой и вынырнули, фыркая и отдуваясь.";"e18409c90e9a0bee3611dcb62e0e2873:3693:2";" The other three took complete headers, and came up again drenched and bubbling. ";"eng"
