"Reversed left context";"Reversed center";"Left context";"Center";"Punct";"Right context";"Title";"Author";"Birthday";"Header";"Created";"Sphere";"Type";"Topic";"Publication";"Publ_year";"Medium";"Ambiguity";"Header";"Author_trans";"Header_trans";"Translator";"Date_trans";"Sentences";"Words";"Orig_sentences";"Orig_words";"Lang";"Lang_trans";"Lang_variant";"Dialect";"Full context";"Example source";"Para context 1";"Lang 1"
" отэ ― КНД ,мащев мигурд мигонм онбодоп";"аклап";"подобно многим другим вещам, ДНК ― это";"палка";" ";"о двух концах.";"Angela Gallop. When the Dogs Don't Bark (2019)";"Angela Gallop";"1950";"When the Dogs Don't Bark";"2019";"учебно-научная";"";"наука и технологии, криминалистика";"";"";"";"омонимия не снята";"When the Dogs Don't Bark";"Анджела Галлоп";"Когда собаки не лают. Путь криминалиста от смелых предположений до неопровержимых доказательств";"";"2019";"7482";"183315";"3741";"101160";"rus";"rus";"США";"";"Вместе с тем, подобно многим другим вещам, ДНК ― это палка о двух концах.";"44fdfd9dec52ae57653e4ebbf52a6df2:3469:9";" Like most things though, DNA is a double-edged sword. ";"eng"
" — вовиткеллок хишьлоб еиневонкинзов окандО ";"аклап";"Однако возникновение больших коллективов —";"палка";" ";"о двух концах.";"Yuval Noah Harari. Sapiens: A Brief History of Humankind (2014)";"Yuval Noah Harari";"1976";"Sapiens: A Brief History of Humankind";"2014";"учебно-научная";"";"";"";"";"";"омонимия не снята";"Sapiens: A Brief History of Humankind";"Юваль Ной Харари";"Sapiens. Краткая история человечества";"";"2016";"12622";"234740";"6311";"129148";"rus";"rus";"Великобритания";"";"Однако возникновение больших коллективов — палка о двух концах.";"35272a5a1849715bdf72e6c5c15d92be:3763:4";" However, the appearance of these networks was, for many, a dubious blessing. ";"eng"
" – ьтсонневтстевто яакосыВ ";"аклап";"Высокая ответственность –";"палка";" ";"о двух концах.";"Daniel Kahneman. Thinking, Fast and Slow (2011)";"Daniel Kahneman";"1934";"Thinking, Fast and Slow";"2011";"учебно-научная, публицистика";"";"";"";"";"";"омонимия не снята";"Thinking, Fast and Slow";"Даниэль Канеман";"Думай медленно… решай быстро";"";"2013";"15944";"301630";"7972";"169866";"rus";"rus";"США";"";"Таким образом, интересы врачей были соблюдены, но пациенты от этого скорее потеряли, чем приобрели.  Высокая ответственность – палка о двух концах.  В то время как ретроспективное искажение и отклонение в сторону результата в целом способствуют неприятию рисков, из-за них безответственные авантюристы получают незаслуженные лавры.";"8b957dd89361bcd9f82266d628bf684c:7015:2";" These actions protected the physicians more than they benefited the patients, creating the potential for conflicts of interest.  Increased accountability is a mixed blessing.  Although hindsight and the outcome bias generally foster risk aversion, they also bring undeserved rewards to irresponsible risk seekers, such as a general or an entrepreneur who took a crazy gamble and won. ";"eng"
" отэ отч ,яслидебу етыпо монневтсбос ан";"аклап";"на собственном опыте убедился, что это";"палка";" ";"о двух концах, способная как подтвердить";"Simon Singh and Edzard Ernst. Trick or Treatment: The Undeniable Facts about Alternative Medicine (2008)";"Simon Singh and Edzard Ernst";"1964, 1948";"Trick or Treatment: The Undeniable Facts about Alternative Medicine";"2008";"учебно-научная";"";"";"";"";"";"омонимия не снята";"Trick or Treatment: The Undeniable Facts about Alternative Medicine";"Саймон Сингх и Эдзард Эрнст";"Ни кошелька, ни жизни. Нетрадиционная медицина под следствием";"";"2017";"7552";"175676";"3776";"94500";"rus";"rus";"Великобритания";"";"Например, Билл Сильверман, американский педиатр, умерший в 2004 году, был страстным сторонником клинических испытаний, хотя на собственном опыте убедился, что это палка о двух концах, способная как подтвердить, так и разнести в пух и прах любую гипотезу о новом методе лечения.";"eac624523d806c260c1b26cd86fdb4f4:3769:21";" For example. Bill Silverman, an American paediatrician who died in 2004, was a committed advocate of the clinical trial, even though he realized that it was a double-edged sword, capable of either validating or crushing any treatment. ";"eng"
" отэ — мзиноицатпада ,еенем ен меТ ";"аклап";"Тем не менее, адаптационизм — это";"палка";" ";"о двух концах.";"Richard Dawkins. The Extended Phenotype: The Long Reach of the Gene (1999)";"Richard Dawkins";"1941";"The Extended Phenotype: The Long Reach of the Gene";"1999";"учебно-научная";"";"";"";"";"";"омонимия не снята";"The Extended Phenotype: The Long Reach of the Gene";"Ричард Докинз";"Расширенный фенотип: длинная рука гена";"";"2010";"10440";"239239";"5220";"128331";"rus";"rus";"Великобритания";"";"Адаптационист никогда не будет счастлив, зная, что какие-то животные совершают отнимающие уйму времени действия (притом настолько сложные, что их невозможно объяснить случайностью) безо всякого смысла.  Тем не менее, адаптационизм — это палка о двух концах.  Теперь я восхищен окончательными опытами Гульда, и не в мою пользу говорит тот факт, что будь я, как это ни невозможно, достаточно изобретателен, чтобы придумать их сам, я все равно не стал бы этим заниматься по причине своего чрезмерного адаптационизма.";"d7393a6ccd2ce685588af3419d7fedbc:1129:5";" An adaptationist could not have rested happy with the idea of animals performing such a time-consuming, and above all complex and statistically improbable, activity for nothing.  Adaptationism cuts both ways, however.  I am now delighted that Gould did his clinching experiments, and it is entirely to my discredit that, even in the unlikely event of my having been ingenious enough to think of them, I would have been too adaptationist to have bothered. ";"eng"
" ";"аклаП";"";"Палка";" ";"о двух концах";"Ф. М. Достоевский. Братья Карамазовы (ч. 3-4) (1878)";"Ф. М. Достоевский";"1821";"Братья Карамазовы (ч. 3-4)";"1878";"художественная";"";"";"";"";"";"омонимия не снята";"Братья Карамазовы (ч. 3-4)";"Fedor Dostoevsky";"The Brothers Karamazov (parts 3-4)";"";"1912";"23208";"374289";"11604";"169158";"rus";"eng";"Великобритания";"";"Речь защитника.  Палка о двух концах  Всё затихло, когда раздались первые слова знаменитого оратора.";"01066fd433366c41dcff4c8cece1c4b3:20858:0";" The Speech For The Defense.  An Argument That Cuts Both Ways  All was hushed as the first words of the famous orator rang out. ";"eng"
