"Reversed left context";"Reversed center";"Left context";"Center";"Punct";"Right context";"Title";"Author";"Birthday";"Header";"Created";"Sphere";"Type";"Topic";"Publication";"Publ_year";"Medium";"Ambiguity";"Header";"Author_trans";"Header_trans";"Translator";"Date_trans";"Sentences";"Words";"Orig_sentences";"Orig_words";"Lang";"Lang_trans";"Lang_variant";"Dialect";"Full context";"Example source";"Para context 1";"Lang 1"
" ";"йовреП";"";"Первой";" ";"ласточкой стал «Европейский семестр» (2010), новый";"Susan Watkins. Vanity and Venality [www.lrb.co.uk] (2013)";"Susan Watkins";"";"Vanity and Venality [www.lrb.co.uk]";"2013";"публицистика";"";"";"";"";"";"омонимия не снята";"Vanity and Venality [www.lrb.co.uk]";"";"Тщеславие и продажность: будущее ЕС (перевод из London Review of Books)";"";"";"522";"13656";"261";"7026";"rus";"rus";"Великобритания";"";"Первой ласточкой стал «Европейский семестр» (2010), новый процесс, в котором Брюссель устанавливает ежегодные цели для всех государств-членов, чьи проекты бюджетов должны быть представлены в офис Рена прежде, чем они будут направлены в парламенты.";"149f1d142d29dc260565c2fdc683361f:187:0";" First came the European Semester (2010), a new process in which Brussels sets annual targets for all member states, whose budgets must be submitted to Rehn's office before they can go before the parliaments. ";"eng"
" ьсалазако ано ― олзевоп ен гнаЧ сиссиМ";"йовреп";"Миссис Чанг не повезло ― она оказалась";"первой";" ";"ласточкой.";"Kurt Vonnegut. Hocus Pocus (1990)";"Kurt Vonnegut";"1922";"Hocus Pocus";"1990";"художественная";"";"";"";"";"";"омонимия не снята";"Hocus Pocus";"Курт Воннегут";"Фокус-покус";"";"1993";"9922";"154407";"4961";"81715";"rus";"rus";"США";"";"Миссис Чанг не повезло ― она оказалась первой ласточкой.";"2c09150b04d05302afc19154b49438b7:7103:6";" Mrs Chung had the misfortune to be a pioneer. ";"eng"
" ьседз ыВ« ";"яавреп";"«Вы здесь";"первая";" ";"ласточка.";"Юрий Трифонов. Нетерпение (1973)";"Юрий Трифонов";"1925";"Нетерпение";"1973";"художественная";"";"";"";"";"";"омонимия не снята";"Нетерпение";"Yury Trifonov";"The Impatient Ones";"";"1978";"20840";"309076";"10420";"126143";"rus";"eng";"Великобритания";"";"Прощаясь, Иван сказал, что торопится по важному делу, но просит непременно прийти завтра и рассказать «всем нашим» о суде, Мышкине, Феликсе и прочем.  «Вы здесь первая ласточка.  Все будут ждать с громадным нетерпением».";"c51f594667acb50310461738d88d3ce4:2196:2";" When they parted Ivan said he had urgent business to attend to, but would like Andrei to make a point of coming tomorrow and telling “our lot” about the trial, about Myshkin, Felix and all the rest.  “You're our first harbinger.  Everyone will be waiting eagerly for you.” ";"eng"
" ,абишоп огокцемен »ытсилаеди« ,ыфосолиф еигонечлок и";"еывреп";"и колченогие философы, «идеалисты» немецкого пошиба,";"первые";" ";"ласточки гражданственной литературной критики, которая в";"Vladimir Nabokov. Nikolai Gogol (1944)";"Vladimir Nabokov";"1899";"Nikolai Gogol";"1944";"публицистика";"";"";"";"";"";"омонимия не снята";"Nikolai Gogol";"Владимир Набоков";"Николай Гоголь";"";"1993";"2658";"74871";"1329";"43316";"rus";"rus";"Великобритания, США";"";"Гений его был в полном расцвете, но русский поэтический ренессанс уже кончился, литературные угодья захватили стаи шарлатанов, и колченогие философы, «идеалисты» немецкого пошиба, первые ласточки гражданственной литературной критики, которая в конце концов выродилась в беспомощные писания разного толка народников, были единодушны в оценке величайшего поэта своей эпохи (а может, и всех времен, за исключением Шекспира) как пыльного пережитка ушедшего поколения или как представителя литературной «аристократии» — не знаю, что они хотели этим сказать.";"1ae4bb7ea951c219d52d6f84d2eefb83:631:23";" His genius was in full swing, but the Russian Renaissance of poetry had passed and a flock of quacks had invaded the courtyards of literature, while pedestrian thought, German ""idealism"" and the first symptoms of civic minded literary criticism which was to result finally in the ineptitudes of Marxism and Populism, were unanimous in regarding the greatest poet of his time (and perhaps of all time, excepting Shakespeare) as a dusty relic of a past generation or as a representative of the literary ""aristocracy"", whatever that is. ";"eng"
" олыб уроткод адиМ исраД омьсип еовилпороТ";"йовреп";"Торопливое письмо Дарси Мида доктору было";"первой";" ";"ласточкой, долетевшей до Атланты в эти";"Margaret Mitchell. Gone with the Wind, Part 1 (1936)";"Margaret Mitchell";"1900";"Gone with the Wind, Part 1";"1936";"художественная";"";"";"";"";"";"омонимия не снята";"Gone with the Wind, Part 1";"Маргарет Митчелл";"Унесённые ветром, ч. 1";"";"1982";"25706";"403929";"12853";"209514";"rus";"rus";"США";"";"Торопливое письмо Дарси Мида доктору было первой ласточкой, долетевшей до Атланты в эти дни начала июля. Оно переходило из рук в руки, и возмущение росло.";"b1a6e9a3c23689e80357c5e30e2d9a2f:11419:6";" A hasty note from Darcy Meade to the doctor, the only first-hand information Atlanta received during those first days of July, was passed from hand to hand, with mounting indignation. ";"eng"
" алитевто ,удив в ьшееми отэ ыт";"яавреп";"ты это имеешь в виду, ответила";"первая";" ";"ласточка.";"Kenneth Grahame. The Wind in the Willows (1908)";"Kenneth Grahame";"1859";"The Wind in the Willows";"1908";"художественная";"";"";"";"";"";"омонимия не снята";"The Wind in the Willows";"Кеннет Грэм";"Ветер в ивах";"";"1988";"5292";"91429";"2646";"49543";"rus";"rus";"Великобритания";"";"Мы еще пока не улетаем, если ты это имеешь в виду, ответила первая ласточка.";"257f794b8b313de9f338450f793bcc1d:3015:12";"` O, we're not off yet, if that's what you mean,' replied the first swallow. ";"eng"
" алисорпс ,ьшеамуд еж отч ыТ ";"яавреп";"Ты что же думаешь, спросила";"первая";" ";"ласточка, тот, другой, зов не нас";"Kenneth Grahame. The Wind in the Willows (1908)";"Kenneth Grahame";"1859";"The Wind in the Willows";"1908";"художественная";"";"";"";"";"";"омонимия не снята";"The Wind in the Willows";"Кеннет Грэм";"Ветер в ивах";"";"1988";"5292";"91429";"2646";"49543";"rus";"rus";"Великобритания";"";"Ты что же думаешь, спросила первая ласточка, тот, другой, зов не нас, что ли, призывает, когда наступает время?";"257f794b8b313de9f338450f793bcc1d:3087:5";"'` And do you think,' said the first swallow,` that the other call is not for us too, in its due season? ";"eng"
" ― ";"яавреП";"―";"Первая";" ";"ласточка.";"Jack London. A Daughter of the Snows (1902)";"Jack London";"1876";"A Daughter of the Snows";"1902";"художественная";"";"";"";"";"";"омонимия не снята";"A Daughter of the Snows";"Джек Лондон";"Дочь снегов";"";"1927";"12982";"158103";"6491";"87010";"rus";"rus";"США";"";"― Ах, черт! ― в третий раз прошептал Дэл.  ― Первая ласточка.  Жила начинается у корней травы и идет вниз.";"00fcb7cba2600469b8b8b3203cff0f4d:5595:0";" ""Hell! ""the pocket-miner reiterated tonelessly. "" First rattle out the box.  Begins at the grass roots and goes all the way down. """;"eng"
" ,окачеч хыннечумзи окьлоксеН ";"хывреп";"Несколько измученных чечако,";"первых";" ";"ласточек золотой лихорадки по этой весне";"Jack London. A Daughter of the Snows (1902)";"Jack London";"1876";"A Daughter of the Snows";"1902";"художественная";"";"";"";"";"";"омонимия не снята";"A Daughter of the Snows";"Джек Лондон";"Дочь снегов";"";"1927";"12982";"158103";"6491";"87010";"rus";"rus";"США";"";"Несколько измученных чечако, первых ласточек золотой лихорадки по этой весне, разбили лагерь на берегу реки.";"00fcb7cba2600469b8b8b3203cff0f4d:8375:3";" A few_ chechaquos_, the first of the spring rush, strung in exhausted and went into camp against the breaking of the river. ";"eng"
