"Reversed left context";"Reversed center";"Left context";"Center";"Punct";"Right context";"Title";"Author";"Birthday";"Header";"Created";"Sphere";"Type";"Topic";"Publication";"Publ_year";"Medium";"Ambiguity";"Header";"Author_trans";"Header_trans";"Translator";"Date_trans";"Sentences";"Words";"Orig_sentences";"Orig_words";"Lang";"Lang_trans";"Lang_variant";"Dialect";"Full context";"Example source";"Para context 1";"Lang 1"
" ,моксир мищяотсан с ьсишвунклотс ,и ыцйаз";"тюабигереп";"зайцы и, столкнувшись с настоящим риском,";"перегибают";" ";"палку, то есть ведут себя совсем";"Nassim Nicholas Taleb. Antifragile: Things That Gain From Disorder (2012)";"Nassim Nicholas Taleb";"1960";"Antifragile: Things That Gain From Disorder";"2012";"учебно-научная, публицистика";"";"наука и технологии, философия";"";"";"";"омонимия не снята";"Antifragile: Things That Gain From Disorder";"Нассим Николас Талеб";"Антихрупкость. Как извлечь выгоду из хаоса";"";"2022";"16592";"336787";"8296";"180355";"rus";"rus";"США";"";"У нас есть достаточно примеров того, как те же самые люди становятся трусливыми как зайцы и, столкнувшись с настоящим риском, перегибают палку, то есть ведут себя совсем не как герои.";"17154569778daa68a2de3fadfcd05453:11579:20";" We have ample evidence that the very same people become chicken and overreact in the face of real risks; the exact opposite. ";"eng"
" акгелс еж есв но ,ясьтисонто мин";"теабигереп";"ним относиться, он все же слегка";"перегибает";" ";"палку.";"Bill Bryson. A Short History of Nearly Everything (2003)";"Bill Bryson";"1951";"A Short History of Nearly Everything";"2003";"учебно-научная, публицистика";"";"";"";"";"";"омонимия не снята";"A Short History of Nearly Everything";"Билл Брайсон";"Краткая история почти всего на свете";"";"2006";"14920";"312910";"7460";"168350";"rus";"rus";"США";"";"В ее пользу высказывался Реджинальд Дейли из Гарварда. Но он, если помните, утверждал, что Луна образовалась в результате космического столкновения. И считалось, что хотя его идеи довольно интересны, даже достойны, но, для того, чтобы серьезно к ним относиться, он все же слегка перегибает палку.";"60d6d29b635a7a8301c2099c135ed832:5167:42";" Reginald Daly of Harvard spoke for it, but he, you may recall, was the man who suggested that the Moon had been formed by a cosmic impact, and his ideas tended to be considered interesting, even worthy, but a touch too exuberant for serious consideration. ";"eng"
" еН — .ретиП лазакс — ,уЛ ,титавХ — ";"йабигереп";"— Хватит, Лу, — сказал Питер. — Не";"перегибай";" ";"палку.";"Clive Staples Lewis. The Chronicles of Narnia. The Lion, the Witch and the Wardrobe (1950)";"Clive Staples Lewis";"1898";"The Chronicles of Narnia. The Lion, the Witch and the Wardrobe";"1950";"художественная";"";"";"";"";"";"омонимия не снята";"The Chronicles of Narnia. The Lion, the Witch and the Wardrobe";"Клайв Стейплз Льюис";"Хроники Нарнии. Лев, колдунья и платяной шкаф";"";"1991";"4690";"67683";"2345";"37762";"rus";"rus";"Великобритания";"";"— Хватит, Лу, — сказал Питер. — Не перегибай палку.";"85f949c575442f3f5b5307985c9e6d6c:565:5";" “Come, Lu,” said Peter, “that's going a bit far. ";"eng"
" огечен и ,огонм мокшилс лед ― ямерв";"ьтабигереп";"время ― дел слишком много, и нечего";"перегибать";" ";"палку в другую сторону.";"Ernest Hemingway. For Whom The Bell Tolls (1940)";"Ernest Hemingway";"1899";"For Whom The Bell Tolls";"1940";"художественная";"";"";"";"";"";"омонимия не снята";"For Whom The Bell Tolls";"Эрнест Хемингуэй";"По ком звонит колокол";"";"1968";"31088";"318191";"15544";"173648";"rus";"rus";"США";"";"Но если он скоро не придет, я уйду отсюда и не посмотрю ни на какой приказ, потому что мне надо доставить донесение и замерзать насмерть сейчас не время ― дел слишком много, и нечего перегибать палку в другую сторону.";"384001a800d7e011ac1012bba3dfe9dd:13063:33";" But if he does not come soon I must go in spite of all orders for I have a report to make now, and I have much to do in these days, and to freeze here is an exaggeration and without utility. ";"eng"
" язьлен йонищнеж с он – ,ястечох окьлокс";"ьтабигереп";"сколько хочется, – но с женщиной нельзя";"перегибать";" ";"палку.";"Agatha Christie. The Murder of Roger Ackroyd (1926)";"Agatha Christie";"1890";"The Murder of Roger Ackroyd";"1926";"художественная";"";"";"";"";"";"омонимия не снята";"The Murder of Roger Ackroyd";"Агата Кристи";"Убийство Роджера Экройда";"";"2016";"13636";"133517";"6818";"70462";"rus";"rus";"Великобритания";"";"На мужчину можно давить столько, сколько хочется, – но с женщиной нельзя перегибать палку.";"1b40753a572a9695eaa4a7a337b6b00d:9759:11";" One can press a man as far as one likes — but with a woman one must not press too far. ";"eng"
