"Reversed left context";"Reversed center";"Left context";"Center";"Punct";"Right context";"Title";"Author";"Birthday";"Header";"Created";"Sphere";"Type";"Topic";"Publication";"Publ_year";"Medium";"Ambiguity";"Header";"Author_trans";"Header_trans";"Translator";"Date_trans";"Sentences";"Words";"Orig_sentences";"Orig_words";"Lang";"Lang_trans";"Lang_variant";"Dialect";"Full context";"Example source";"Para context 1";"Lang 1"
" узарс ыботч ,олитавх ен илов йоньлис";"ьтимолереп";"сильной воли не хватило, чтобы сразу";"переломить";" ";"себя, и она продолжала тихо плакать.";"Theodore Dreiser. An American Tragedy, book III (1925)";"Theodore Dreiser";"1871";"An American Tragedy, book III";"1925";"художественная";"";"";"";"";"";"омонимия не снята";"An American Tragedy, book III";"Теодор Драйзер";"Американская трагедия (ч. 3)";"";"1948";"15052";"256860";"7526";"140326";"rus";"rus";"США";"";"Но даже ее сильной воли не хватило, чтобы сразу переломить себя, и она продолжала тихо плакать.";"e580980c0946d1f66803a4bbd917b81d:12357:9";" And yet despite her great strength she could not now cease at once but cried on. ";"eng"
" ьсаларатс адог ирт я отч ;ыбьдавс";"ьтимолереп";"свадьбы; что я три года старалась";"переломить";" ";"себя? Вы знаете, что я старалась?";"John Galsworthy. In Chancery (1920)";"John Galsworthy";"1867";"In Chancery";"1920";"художественная";"";"";"";"";"";"омонимия не снята";"In Chancery";"Джон Голсуорси";"В петле";"";"1946";"13260";"182981";"6630";"95409";"rus";"rus";"Великобритания";"";"У Ирэн задрожали губы; она медленно ответила: ― Думали ли вы когда-нибудь, что я поняла свою ошибку ― ужасную, непоправимую ошибку ― в первую же неделю после свадьбы; что я три года старалась переломить себя? Вы знаете, что я старалась?";"dc0289b5e01c07f1490b7b6f61eea229:5743:30";" Irene's lips quivered; then she answered slowly: “Do you ever think that I found out my mistake — my hopeless, terrible mistake — the very first week of our marriage; that I went on trying three years — you know I went on trying? ";"eng"
" но он ;убжулс юуннеов в ьтипутсоп";"лимолереп";"поступить в военную службу; но он";"переломил";" ";"себе ногу в самый тот день";"И. С. Тургенев. Отцы и дети (1862)";"И. С. Тургенев";"1818";"Отцы и дети";"1862";"художественная";"";"";"";"";"";"омонимия не снята";"Отцы и дети";"Ivan Turgenev";"Fathers And Children";"";"1917";"9082";"126257";"4541";"54711";"rus";"eng";"Великобритания";"";"В качестве генеральского сына Николай Петрович ― хотя не только не отличался храбростью, но даже заслужил прозвище трусишки ― должен был, подобно брату Павлу, поступить в военную службу; но он переломил себе ногу в самый тот день, когда уже прибыло известие об его определении, и, пролежав два месяца в постели, на всю жизнь остался ""хроменьким"".";"36ae621380e9001e907c46936cab621b:28:28";" Nikolai Petrovitch, as a general's son — though so far from being distinguished by courage that he even deserved to be called' a funk' — was intended, like his brother Pavel, to enter the army; but he broke his leg on the very day when the news of his commission came, and, after being two months in bed, retained a slight limp to the end of his days. ";"eng"
" нО ";"лимолереп";"Он";"переломил";" ";"себя и постарался работать хорошо, хотя";"Jack London. The Call of the Wild (1903)";"Jack London";"1876";"The Call of the Wild";"1903";"художественная";"";"";"";"";"";"омонимия не снята";"The Call of the Wild";"Джек Лондон";"Зов предков";"";"1978";"3664";"59910";"1832";"31975";"rus";"rus";"США";"";"Он переломил себя и постарался работать хорошо, хотя все это было для него ново и странно.";"89d2d9624ab0deba6f4aa7e935daf57e:517:1";" He buckled down with a will and did his best, though it was all new and strange. ";"eng"
" ад имьзов тот а ,алунклотс акчазак";"имолереп";"казачка столкнула, а тот возьми да";"переломи";" ";"себе два ребра да ногу…";"И. С. Тургенев. Бригадир (1866)";"И. С. Тургенев";"1818";"Бригадир";"1866";"художественная";"";"";"";"";"";"омонимия не снята";"Бригадир";"Ivan Turgenev";"The Brigadier";"";"1899";"792";"14284";"396";"6070";"rus";"eng";"Великобритания";"";"Однажды она с лестницы своего казачка столкнула, а тот возьми да переломи себе два ребра да ногу…";"10d9187e1414fb11915347f06de3ecf2:558:11";" Once she pushed her page-boy down the stairs, and he went and broke two of his ribs and one leg… ";"eng"
" алетох анО ";"ьтимолереп";"Она хотела";"переломить";" ";"себя, но с потрясающею силой хлынули";"И. С. Тургенев. Несчастная (1868)";"И. С. Тургенев";"1818";"Несчастная";"1868";"художественная";"";"";"";"";"";"омонимия не снята";"Несчастная";"Ivan Turgenev";"An Unhappy Girl";"";"1899";"3788";"50802";"1894";"22385";"rus";"eng";"Великобритания";"";"Она хотела переломить себя, но с потрясающею силой хлынули из глаз ее слезы ― и рыдания, поспешные, жадные рыдания огласили комнату.";"a1b4f3192f4f99e30ec1eb0eb0503fe9:1378:2";" She tried to control herself, but the tears flowed from her eyes with a violence that shook her, and sobs, hurried, devouring sobs, filled the room. ";"eng"
" гом ен Я ";"ьтимолереп";"Я не мог";"переломить";" ";"себя, вот все мое извинение.";"И. С. Тургенев. Дым (1867)";"И. С. Тургенев";"1818";"Дым";"1867";"художественная";"";"";"";"";"";"омонимия не снята";"Дым";"Ivan Turgenev";"Smoke";"";"1896";"7084";"113656";"3542";"49422";"rus";"eng";"Великобритания";"";"Я не мог переломить себя, вот все мое извинение.";"04dce474dfe779c7149cacf2fd89786b:5012:3";" I couldn't restrain myself, that's my whole excuse. ";"eng"
" ьсоладу ,окандо ,енелЕ ";"ьтимолереп";"Елене, однако, удалось";"переломить";" ";"себя.";"И. С. Тургенев. Накануне (1859)";"И. С. Тургенев";"1818";"Накануне";"1859";"художественная";"";"";"";"";"";"омонимия не снята";"Накануне";"Ivan Turgenev";"On the Eve";"";"1895";"7338";"100416";"3669";"43752";"rus";"eng";"Великобритания";"";"В первый день, когда она узнала об его болезни, она сама чуть не занемогла; она, как только вернулась, заперлась у себя в комнате; но ее позвали к обеду, и она явилась в столовую с таким лицом, что Анна Васильевна испугалась и хотела непременно уложить ее в постель.  Елене, однако, удалось переломить себя.  ""Если он умрет, ― твердила она, ― и меня не станет"".";"9bce0cecf6c6c58100293ec117ab5d4d:5340:3";" On the first day she knew of his illness she herself had almost fallen ill; directly she got home, she shut herself up in her room; but she was summoned to dinner, and appeared in the dining-room with such a face that Anna Vassilyevna was alarmed, and was anxious to put her to bed.  Elena succeeded, however, in controlling herself. ' If he dies,' she repeated,' it will be the end of me too. ";"eng"
" авде ано :ызиЛ у ецдрес ьсолибаз";"алимолереп";"забилось сердце у Лизы: она едва";"переломила";" ";"себя, едва усидела на месте.";"И. С. Тургенев. Дворянское гнездо (1859)";"И. С. Тургенев";"1818";"Дворянское гнездо";"1859";"художественная";"";"";"";"";"";"омонимия не снята";"Дворянское гнездо";"Ivan Turgenev";"A Nobleman’s Nest";"";"1894";"6040";"109865";"3020";"46980";"rus";"eng";"Великобритания";"";"Сильно и болезненно забилось сердце у Лизы: она едва переломила себя, едва усидела на месте.";"748068057925d2777b2ff29622451993:4614:9";" Liza's heart beat violently and painfully, she could hardly control herself, she could hardly sit still on her chair. ";"eng"
" я меч еджерп ,ьтацдантяп туним ,ьтыб";"лимолереп";"быть, минут пятнадцать, прежде чем я";"переломил";" ";"себя и пошел унижаться перед негром";"Mark Twain. The Adventures of Huckleberry Finn (1884)";"Mark Twain";"1835";"The Adventures of Huckleberry Finn";"1884";"художественная";"";"";"";"";"";"омонимия не снята";"The Adventures of Huckleberry Finn";"Марк Твен";"Приключения Гекльберри Финна";"";"1950";"12080";"203856";"6040";"112742";"rus";"rus";"США";"";"Прошло, должно быть, минут пятнадцать, прежде чем я переломил себя и пошел унижаться перед негром; однако я пошел и даже ничуть об этом не жалею и никогда не жалел.";"46b4d09a41c99ac2c036814a48684159:3815:8";" It was fifteen minutes before I could work myself up to go and humble myself to a nigger; but I done it, and I warn't ever sorry for it afterwards, neither. ";"eng"
" но ыб илсе ,меинечгелбо оген ялд";"лимолереп";"для него облегчением, если бы он";"переломил";" ";"себя и поделился с кем-нибудь из";"Charles Dickens. The Tale of two Cities (1859)";"Charles Dickens";"1812";"The Tale of two Cities";"1859";"художественная";"";"";"";"";"";"омонимия не снята";"The Tale of two Cities";"Чарльз Диккенс";"Повесть о двух городах";"";"1950-1960";"15180";"261740";"7590";"135772";"rus";"rus";"Великобритания";"";"― А не было бы для него облегчением, если бы он переломил себя и поделился с кем-нибудь из близких тем, что его так тяготит?";"45dc0f44a28f331677ad6ee35a429c4b:7905:10";" ""Would he, ""asked Mr. Lorry, ""be sensibly relieved if he could prevail upon himself to impart that secret brooding to any one, when it is on him»? ";"eng"
