"Reversed left context";"Reversed center";"Left context";"Center";"Punct";"Right context";"Title";"Author";"Birthday";"Header";"Created";"Sphere";"Type";"Topic";"Publication";"Publ_year";"Medium";"Ambiguity";"Header";"Author_trans";"Header_trans";"Translator";"Date_trans";"Sentences";"Words";"Orig_sentences";"Orig_words";"Lang";"Lang_trans";"Lang_variant";"Dialect";"Full context";"Example source";"Para context 1";"Lang 1"
" и мат тидис отсорп ано отч";"теавымереп";"что она просто сидит там и";"перемывает";" ";"косточки всем тем парням, с которыми";"Meg Jay. The Defining Decade: Why Your Twenties Matter And How to Make the Most of Them (2021)";"Meg Jay";"1969";"The Defining Decade: Why Your Twenties Matter And How to Make the Most of Them";"2021";"учебно-научная, публицистика";"";"наука и технологии, психология";"";"";"";"омонимия не снята";"The Defining Decade: Why Your Twenties Matter And How to Make the Most of Them";"Мэг Джей";"Важные годы. Почему не стоит откладывать жизнь на потом";"";"2021";"7058";"111915";"3529";"56784";"rus";"rus";"США";"";"Но когда я бываю у них в квартирах, скажем у своей соседки, я вижу, что она просто сидит там и перемывает косточки всем тем парням, с которыми встречается.";"b86a1e1854a5809c6ac6db809ffa23fd:2127:20";" But I go to their apartments, and my neighbor next door, she just sits around and picks apart every guy she dates. ";"eng"
" и итсовон еынтсем иладжусбо маТ .розивелет";"илавымереп";"телевизор. Там обсуждали местные новости и";"перемывали";" ";"косточки знаменитостям, озвучили благоприятный прогноз погоды";"Carl Zimmer. She Has Her Mother's Laugh: The Powers, Perversions, and Potential of Heredity (2018)";"Carl Zimmer";"1966";"She Has Her Mother's Laugh: The Powers, Perversions, and Potential of Heredity";"2018";"учебно-научная, публицистика";"";"";"";"";"";"омонимия не снята";"She Has Her Mother's Laugh: The Powers, Perversions, and Potential of Heredity";"Карл Циммер";"Она смеётся, как мать: могущество и причуды наследственности";"";"2020";"23518";"381474";"11759";"204597";"rus";"rus";"США";"";"Чтобы заполнить чем-то время, я включил телевизор. Там обсуждали местные новости и перемывали косточки знаменитостям, озвучили благоприятный прогноз погоды; также проскочил отчет о небольшом пожаре в одном из офисов Всемирного торгового центра.";"b03774f1120326cd2d7968c732e768b9:315:12";" To fill the morning hours, I kept the television on: the chatter of local news and celebrity trivia, the pleasant weather forecast, a passing report of a small fire in an office at the World Trade Center. ";"eng"
" ";"ьтавымереП";"";"Перемывать";" ";"косточки тому, кого нет рядом.";"Julian Treasure. How to speak so that people want to listen (2013)";"Julian Treasure";"";"How to speak so that people want to listen";"2013";"учебно-научная, публицистика, устная публичная речь";"";"";"";"";"";"омонимия не снята";"How to speak so that people want to listen";"Джулиан Треже";"Как говорить так, чтобы люди хотели слушать";"";"";"348";"3114";"174";"1740";"rus";"rus";"Великобритания";"";"Первое – сплетни.  Перемывать косточки тому, кого нет рядом.  Не очень-то хорошая привычка, и всем хорошо известно, что тот, кто сплетничает при нас, через 5 минут будет сплетничать о нас.";"9c3f7a8956b6f9f2cd76821f7314289e:27:0";" First, gossip.  Speaking ill of somebody who's not present.  Not a nice habit, and we know perfectly well the person gossiping, five minutes later, will be gossiping about us. ";"eng"
" илачан ино мокраМ с етсемв и";"ьтавымереп";"и вместе с Марком они начали";"перемывать";" ";"косточки человеку, которому она звонила.";"Michael Crichton. Disclosure (1994)";"Michael Crichton";"1942";"Disclosure";"1994";"художественная";"";"";"";"";"";"омонимия не снята";"Disclosure";"Майкл Крайтон";"Разоблачение";"";"2004";"22282";"216557";"11141";"113778";"rus";"rus";"США";"";"Продиктовав свое сообщение, она положила трубку, и вместе с Марком они начали перемывать косточки человеку, которому она звонила.";"bd13fa2f2f5499e50b9b34aab730a63e:14255:12";" She left a message, and hung up the phone. Then she and Mark talked in the car about the person Adele had just called. ";"eng"
