"Reversed left context";"Reversed center";"Left context";"Center";"Punct";"Right context";"Title";"Author";"Birthday";"Header";"Created";"Sphere";"Type";"Topic";"Publication";"Publ_year";"Medium";"Ambiguity";"Header";"Author_trans";"Header_trans";"Translator";"Date_trans";"Sentences";"Words";"Orig_sentences";"Orig_words";"Lang";"Lang_trans";"Lang_variant";"Dialect";"Full context";"Example source";"Para context 1";"Lang 1"
" йитыбос дох ьтивонатссов оннелсым лавоборпоп ежу";"оп";"уже попробовал мысленно восстановить ход событий";"по";" ";"горячим следам».";"David Robson. Improve your memory in 40 seconds [www.bbc.com] (2015)";"David Robson";"";"Improve your memory in 40 seconds [www.bbc.com]";"2015";"публицистика";"";"";"";"";"";"омонимия не снята";"Improve your memory in 40 seconds [www.bbc.com]";"";"Как укрепить свою память за 40 секунд";"";"";"42";"917";"21";"464";"rus";"rus";"Великобритания";"";"«Результаты эксперимента релевантны для любой ситуации, где адекватное изложение фактуры произошедшего имеет критическое значение — к примеру, при даче свидетельских показаний в суде, — объясняет исследователь. — Показания будут значительно более точными, если свидетель происшествия или преступления уже попробовал мысленно восстановить ход событий по горячим следам».";"0fc1b8909b7154b4e1642168b679035d:39:40";" ""The findings have implications for any situation where accurate recall of an event is critical, such as witnessing an accident or crime, ""he says. ""Memory for the event will be significantly improved if the witness rehearses the sequence of events as soon as possible afterwards. """;"eng"
" мёди ым он ,меанз ен ёще";"оп";"ещё не знаем, но мы идём";"по";" ";"горячим следам.";"James Green. 3 moons and a planet that could have alien life (2015)";"James Green";"";"3 moons and a planet that could have alien life";"2015";"учебно-научная, публицистика, устная публичная речь";"выступление";"";"";"";"";"омонимия не снята";"3 moons and a planet that could have alien life";"Джеймс Грин";"3 луны и планета, на которой может быть инопланетная жизнь";"";"";"286";"2594";"143";"1440";"rus";"rus";"США";"";"Мы пока ещё не знаем, но мы идём по горячим следам.";"6ce8d50cffad73b31735c6974e24abfe:265:8";" We don't know yet, but we're hot on the pursuit. ";"eng"
" :ьсюавижредс — оН ";"оп";"Но — сдерживаюсь:";"по";" ";"горячим следам лучше не соваться.";"Владимир Сорокин. День опричника (2006)";"Владимир Сорокин";"1955";"День опричника";"2006";"художественная";"";"";"";"";"";"омонимия не снята";"День опричника";"Vladimir Sorokin";"Day of the Oprichnik";"";"2011";"8772";"78325";"4386";"32419";"rus";"eng";"США";"";"Но — сдерживаюсь: по горячим следам лучше не соваться.";"83a6c7e8f62ebb2c452cfda384caef73:8376:2";" But I hold back: better not to ask in the heat of the moment. ";"eng"
" йеицилоп йыннелватсос ,течто йывреп латичорп нО";"оп";"Он прочитал первый отчет, составленный полицией";"по";" ";"горячим следам, потом прошелся по протоколам";"Tess Gerritsen. The Surgeon (2001)";"Tess Gerritsen";"1953";"The Surgeon";"2001";"художественная";"";"";"";"";"";"омонимия не снята";"The Surgeon";"Тесс Герритсен";"Хирург";"";"2010";"19392";"184067";"9696";"99265";"rus";"rus";"США";"";"Он прочитал первый отчет, составленный полицией по горячим следам, потом прошелся по протоколам опросов свидетелей.";"c4f2889da656749cf731cc2693e6d4ea:14853:6";" He read the initial crime report, then progressed through files of interviews. ";"eng"
" одан ьтакси – ,анворднаскелА яьфоС алавиатсан – ,ьтакси";"оп";"искать, – настаивала Софья Александровна, – искать надо";"по";" ";"горячим следам, не откладывая.";"Анатолий Рыбаков. Дети Арбата (1966-1983)";"Анатолий Рыбаков";"1911";"Дети Арбата";"1966-1983";"художественная";"";"";"";"";"";"омонимия не снята";"Дети Арбата";"Anatoly Rybakov";"Children of the Arbat";"";"1989";"30920";"396402";"15460";"162911";"rus";"eng";"Великобритания";"";"Завтра им будет труднее искать, – настаивала Софья Александровна, – искать надо по горячим следам, не откладывая.";"4b2ac83dc5cc44d4f433357c114f6b48:23948:10";"” “It'll be harder for them to look for it tomorrow,” Sofya Alexandrovna insisted. “You have to search when the trail is still warm, not when it's gone cold. ";"eng"
" ,акшичьлам йынжородус ,йындолог анемерв ет в";"оп";"в те времена голодный, судорожный мальчишка,";"по";" ";"горячим следам записал все, что видел";"Анатолий Кузнецов. Бабий Яр (1965-1970)";"Анатолий Кузнецов";"1929";"Бабий Яр";"1965-1970";"художественная";"";"";"";"";"";"омонимия не снята";"Бабий Яр";"Anatoly Kuznetsov";"Babi Yar";"";"1970";"15164";"239938";"7582";"92495";"rus";"eng";"Великобритания";"";"В толстую самодельную тетрадь я, в те времена голодный, судорожный мальчишка, по горячим следам записал все, что видел, слышал и знал о Бабьем Яре.";"86fdb395a48cd1424071e803fff507ae:10:11";" In those days, when I was just a hungry, fright ened little boy, I used to write down in a thick, home-made notebook everything I saw and heard and knew about Babi Yar as soon as it happened. ";"eng"
" ачевад мин с ым медИ ";"оп";"Идем мы с ним давеча";"по";" ";"горячим следам к Вилкину-с… а";"Ф. М. Достоевский. Идиот (1868-1869)";"Ф. М. Достоевский";"1821";"Идиот";"1868-1869";"художественная";"";"";"";"";"";"омонимия не снята";"Идиот";"Fedor Dostoevsky";"The Idiot";"";"1915";"23994";"441819";"11997";"200886";"rus";"eng";"Великобритания";"";"Идем мы с ним давеча по горячим следам к Вилкину-с… а надо вам заметить, что генерал был еще более моего поражен, когда я, после пропажи, первым делом его разбудил, даже так, что в лице изменился, покраснел, побледнел и наконец вдруг в такое ожесточенное и благородное негодование вошел, что я даже и не ожидал такой степени-с.";"02acae359836f47f703b337b87151cb4:17536:5";" We went off on the hot scent to Wilkin's together, you know; but I must first observe that the general was even more thunderstruck than I myself this morning, when I awoke him after discovering the theft; so much so that his very face changed — he grew red and then pale, and at length flew into a paroxysm of such noble wrath that I assure you I was quite surprised! ";"eng"
" меди ыМ !виторпаН ― ";"оп";"― Напротив! Мы идем";"по";" ";"горячим следам, сэр Генри. Уотсон знаком";"Arthur Conan Doyle. The Hound of the Baskervilles (1902)";"Arthur Conan Doyle";"1859";"The Hound of the Baskervilles";"1902";"художественная";"";"";"";"";"";"омонимия не снята";"The Hound of the Baskervilles";"Артур Конан Дойл";"Собака Баскервилей";"";"1948";"5560";"106362";"2780";"59488";"rus";"rus";"Великобритания";"";"― Напротив! Мы идем по горячим следам, сэр Генри. Уотсон знаком с моим методом лучше вас, но боюсь, что смысл прочитанного отрывка ускользнул даже от него.";"c39ed323492793bb3758c97f99e2566c:901:3";" ""On the contrary, I think we are particularly hot upon the trail, Sir Henry. Watson here knows more about my methods than you do, but I fear that even he has not quite grasped the significance of this sentence. """;"eng"
" теди ьрепет и икабаТ с етсемв";"оп";"вместе с Табаки и теперь идет";"по";" ";"горячим следам за тобой, ― сказал волк";"Rudyard Kipling. The Jungle Book: Mowgli Stories (1894)";"Rudyard Kipling";"1865";"The Jungle Book: Mowgli Stories";"1894";"художественная";"";"";"";"";"";"омонимия не снята";"The Jungle Book: Mowgli Stories";"Редьярд Киплинг";"Книга Джунглей: рассказы о Маугли";"";"1955";"1874";"41547";"937";"22835";"rus";"rus";"Великобритания";"";"Вчера ночью он перешел горы вместе с Табаки и теперь идет по горячим следам за тобой, ― сказал волк, тяжело дыша.";"28f123b778b21b2c845693bdfb99d476:1539:11";" He crossed the ranges last night with Tabaqui, hot-foot on thy trail, ""said the wolf, panting. ";"eng"
