"Reversed left context";"Reversed center";"Left context";"Center";"Punct";"Right context";"Title";"Author";"Birthday";"Header";"Created";"Sphere";"Type";"Topic";"Publication";"Publ_year";"Medium";"Ambiguity";"Header";"Author_trans";"Header_trans";"Translator";"Date_trans";"Sentences";"Words";"Orig_sentences";"Orig_words";"Lang";"Lang_trans";"Lang_variant";"Dialect";"Full context";"Example source";"Para context 1";"Lang 1"
" отч ,еовреп вуникан екшепс в ,амод";"ьсолунревдоп";"дома, в спешке накинув первое, что";"подвернулось";" ";"под руку, и торопливо бросив: «Я";"André Aciman. Find Me (2019)";"André Aciman";"1951";"Find Me";"2019";"художественная";"";"";"";"";"";"омонимия не снята";"Find Me";"Андре Асиман";"Найди меня";"";"2020";"10458";"132249";"5229";"71048";"rus";"rus";"США";"";"Может быть, она выбежала из его дома, в спешке накинув первое, что подвернулось под руку, и торопливо бросив: «Я к отцу, позвоню вечером».";"c04fcfde0931c7732a19a12e91a18d64:685:12";" Had she dashed out of her boyfriend's home, and in her hurry, thrown on the first items at hand with a hasty I'm heading out to my dad's, call you this evening? ";"eng"
" отч ,месв акинвиторп переч ьтижзомзар ьсяатып";"ястенревдоп";"пытаясь размозжить череп противника всем, что";"подвернется";" ";"под руку.";"Sebastian de Castell. Traitor’s Blade (2014)";"Sebastian de Castell";"";"Traitor’s Blade";"2014";"художественная";"";"";"";"";"";"омонимия не снята";"Traitor’s Blade";"Себастьян де Кастелл";"Клинок предателя";"";"2020";"17354";"213743";"8677";"119777";"rus";"rus";"Канада";"";"Каждый раз мы побеждали их, потому что наши войска умели драться, а они лишь бегали, кричали и мочились от страха, пытаясь размозжить череп противника всем, что подвернется под руку.";"c4b49e6c550c324699c84d1b213b2e1c:1273:26";" They lose every time because our troops can fight war-style, in units, while theirs just sort of run at you shouting and pissing on themselves as they try to cleave your skull with whatever is handy. ";"eng"
" ьтавибзи и ьтяног ланичан и атсем";"ясюушвунревдоп";"места и начинал гонять и избивать";"подвернувшуюся";" ";"под руку самку, пока не вырывал";"Robert Sapolsky. A Primate’s Memoir (2001)";"Robert Sapolsky";"1957";"A Primate’s Memoir";"2001";"учебно-научная, публицистика";"";"";"";"";"";"омонимия не снята";"A Primate’s Memoir";"Роберт Сапольски";"Записки примата: Необычайная жизнь учёного среди павианов";"";"2018";"13280";"230051";"6640";"126204";"rus";"rus";"США";"";"Стоило высокоранговому самцу появиться поблизости ― Навуходоносор мгновенно срывался с места и начинал гонять и избивать подвернувшуюся под руку самку, пока не вырывал детеныша у визжащей матери.";"3c38f8c8fac54291f66017e902a902a3:3965:15";" He'd be off raising hell, and some higher-ranking male would come by, and Nebuchanezzar would instantly set upon and chase and pummel some screaming female until he'd wrested her infant away. ";"eng"
" отч ,есв ьтазер ьтачан ен и";"ястенревдоп";"и не начать резать все, что";"подвернется";" ";"под руку.";"Vladimir Nabokov. Transparent things (1972)";"Vladimir Nabokov";"1899";"Transparent things";"1972";"художественная";"";"";"";"";"";"омонимия не снята";"Transparent things";"Владимир Набоков";"Просвечивающие предметы";"";"1991";"2338";"51506";"1169";"28054";"rus";"rus";"Великобритания, США";"";"Особенно благоприятную возможность освободиться от агрессивного влечения предоставляет хирургия. Один уважаемый, хотя и не всегда удачливый хирург раз в частной беседе признался, как трудно сдержаться во время операции и не начать резать все, что подвернется под руку.";"1f3de68ac5628b17f66eb35652384f8c:1381:34";" Major surgery offered one of the most useful means of draining off the destructive urge: a respected though not always lucky practitioner had admitted privately how difficult he found it to stop himself from hacking out every organ in sight during an operation. ";"eng"
" ан илащемыв уболз а ,арескоб огоньланоиссефорп";"ясмешвунревдоп";"профессионального боксера, а злобу вымещали на";"подвернувшемся";" ";"под руку ребенке.";"Анатолий Кузнецов. Бабий Яр (1965-1970)";"Анатолий Кузнецов";"1929";"Бабий Яр";"1965-1970";"художественная";"";"";"";"";"";"омонимия не снята";"Бабий Яр";"Anatoly Kuznetsov";"Babi Yar";"";"1970";"15164";"239938";"7582";"92495";"rus";"eng";"Великобритания";"";"Это как если бы они получили в зубы от профессионального боксера, а злобу вымещали на подвернувшемся под руку ребенке.";"86fdb395a48cd1424071e803fff507ae:4674:15";" It was as though they had been punched on the nose by a professional boxer, but were venting their wrath on the first child who came along. ";"eng"
" отк ,хесв ьтатавх илатс ыцмен адгоТ";"яслунревдоп";"Тогда немцы стали хватать всех, кто";"подвернулся";" ";"под руку на Крещатике, посадили в";"Анатолий Кузнецов. Бабий Яр (1965-1970)";"Анатолий Кузнецов";"1929";"Бабий Яр";"1965-1970";"художественная";"";"";"";"";"";"омонимия не снята";"Бабий Яр";"Anatoly Kuznetsov";"Babi Yar";"";"1970";"15164";"239938";"7582";"92495";"rus";"eng";"Великобритания";"";"Тогда немцы стали хватать всех, кто подвернулся под руку на Крещатике, посадили в машины и отправили в Бабий Яр.";"86fdb395a48cd1424071e803fff507ae:4688:6";" The Germans proceeded to arrest everybody who happened to be on the Kreshchatik at that moment, put them into lorries and sent them off to Babi Yar. ";"eng"
" ,хишан ― вотуркер веолс окьлоксен артнец огешремаз";"ясхишвунревдоп";"замершего центра несколько слоев рекрутов ― наших,";"подвернувшихся";" ";"под руку кузенов и кузин; разных";"Vladimir Nabokov. Speak, memory (1954-1966)";"Vladimir Nabokov";"1899";"Speak, memory";"1954-1966";"публицистика";"";"";"";"";"";"омонимия не снята";"Speak, memory";"Владимир Набоков";"Память, говори";"";"1999";"5122";"156225";"2561";"86307";"rus";"rus";"Великобритания, США";"";"Используя нас в качестве ядра, он собрал вокруг этого замершего центра несколько слоев рекрутов ― наших, подвернувшихся под руку кузенов и кузин; разных сверстников, с которыми мы встречались каждую зиму на более или менее скучных праздниках; школьных наших товарищей (эти были необычайно тихи, но увы, примечали каждую мелочь); детей наших слуг.";"2146438e9a2a5ab96f8954c6281334a7:2827:15";" Using us as a core, he accumulated around this sullen center several layers of recruits, such coeval cousins of ours as happened to be at hand, various youngsters we met every winter at more or less tedious parties, some of our schoolmates (unusually quiet they were, but, alas, registered every trifle), and the children of the servants. ";"eng"
" отсорП ";"ьсалунревдоп";"Просто";"подвернулась";" ";"под руку.";"Harper Lee. To Kill a Mockingbird (1960)";"Harper Lee";"1926";"To Kill a Mockingbird";"1960";"художественная";"";"";"";"";"";"омонимия не снята";"To Kill a Mockingbird";"Харпер Ли";"Убить пересмешника";"";"2013";"15654";"190089";"7827";"101449";"rus";"rus";"США";"";"– Сам не знаю, дружок.  Просто подвернулась под руку.  Мне как-то не приходилось ничего такого читать, ― обстоятельно ответил Аттикус.";"923f6c746295e734657f1ced727527e9:15587:1";" “Honey, I don't know.  Just picked it up.  One of the few things I haven't read,” he said pointedly. ";"eng"
" в огонмен еен зи лилан и";"ясюушвунревдоп";"и налил из нее немного в";"подвернувшуюся";" ";"под руку кружку, которая стояла на";"Agatha Christie. The A.B.C. Murders (1936)";"Agatha Christie";"1890";"The A.B.C. Murders";"1936";"художественная";"";"";"";"";"";"омонимия не снята";"The A.B.C. Murders";"Агата Кристи";"Убийства по алфавиту";"";"2016";"5710";"79432";"2855";"25283";"rus";"rus";"Великобритания";"";"Пуаро подставил ему стул, на который он и опустился.  После этого мой друг достал из кармана небольшую фляжку и налил из нее немного в подвернувшуюся под руку кружку, которая стояла на полке. – Выпейте, мистер Фрэйзер. Вам станет полегче. Молодой человек повиновался. Коньяк вернул краски его лицу.  Он выпрямился на стуле и еще раз повернулся к девушке.";"2680cd8dda7dc0b4451de7c3af46e288:2047:15";" Poirot pushed forward a chair and he sank down on it.  Poirot gave him a drink.  He sat up straighter and turned to Megan. ";"eng"
" йобюл долог илялоту ондаж инО ";"ясйешвунревдоп";"Они жадно утоляли голод любой";"подвернувшейся";" ";"под руку пищей и не знали";"Jack London. The Burning Daylight (1910)";"Jack London";"1876";"The Burning Daylight";"1910";"художественная";"";"";"";"";"";"омонимия не снята";"The Burning Daylight";"Джек Лондон";"Время-не-ждет";"";"1956";"14758";"209384";"7379";"114448";"rus";"rus";"США";"";"Они жадно утоляли голод любой подвернувшейся под руку пищей и не знали, что такое несварение желудка.";"11d7865e51a07f08a30dd98fb7d68095:1749:5";" Their appetites were always with them and on edge, so that they bit voraciously into whatever offered and with an entire innocence of indigestion. ";"eng"
" отч ил олам и ад ,акинчевсдоп";"ястенревдоп";"подсвечника, да и мало ли что";"подвернется";" ";"под руку; И на это у";"Mark Twain. The Adventures of Huckleberry Finn (1884)";"Mark Twain";"1835";"The Adventures of Huckleberry Finn";"1884";"художественная";"";"";"";"";"";"омонимия не снята";"The Adventures of Huckleberry Finn";"Марк Твен";"Приключения Гекльберри Финна";"";"1950";"12080";"203856";"6040";"112742";"rus";"rus";"США";"";"Они всегда делают перья из чего-нибудь самого твердого и неподходящего, вроде обломка медного подсвечника, да и мало ли что подвернется под руку; И на это у них уходит много времени ― недели, а то и месяцы, потому что перо они оттачивают об стенку.";"46b4d09a41c99ac2c036814a48684159:10121:19";" They ALWAYS make their pens out of the hardest, toughest, troublesomest piece of old brass candlestick or something like that they can get their hands on; and it takes them weeks and weeks and months and months to file it out, too, because they've got to do it by rubbing it on the wall. ";"eng"
" отч ,еовреп( йовилдоп йончолбя йечярог с";"ьсолунревдоп";"с горячей яблочной подливой (первое, что";"подвернулось";" ";"под руку) и выплеснул ее всю";"Emily Brontë. Wuthering Heights (1847)";"Emily Brontë";"1818";"Wuthering Heights";"1847";"художественная";"";"";"";"";"";"омонимия не снята";"Wuthering Heights";"Эмили Бронте";"Грозовой перевал";"";"1956";"12548";"224130";"6274";"117752";"rus";"rus";"Великобритания";"";"Он хватил миску с горячей яблочной подливой (первое, что подвернулось под руку) и выплеснул ее всю в лицо и на грудь нашему гостю; тот не преминул поднять писк, на писк прискакали Изабелла и Кэтрин.";"4dd9a884633da9a0b633833588f2afc1:1799:9";" He seized a tureen of hot apple sauce (the first thing that came under his gripe) and dashed it full against the speaker's face and neck; who instantly commenced a lament that brought Isabella and Catherine hurrying to the place. ";"eng"
