"Reversed left context";"Reversed center";"Left context";"Center";"Punct";"Right context";"Title";"Author";"Birthday";"Header";"Created";"Sphere";"Type";"Topic";"Publication";"Publ_year";"Medium";"Ambiguity";"Header";"Author_trans";"Header_trans";"Translator";"Date_trans";"Sentences";"Words";"Orig_sentences";"Orig_words";"Lang";"Lang_trans";"Lang_variant";"Dialect";"Full context";"Example source";"Para context 1";"Lang 1"
" яагебзи модуч ,тюуксир онняотсоп икинтсачу как";"хындовдоп";"как участники постоянно рискуют, чудом избегая";"подводных";" ";"камней.";"Daniel Kahneman. Thinking, Fast and Slow (2011)";"Daniel Kahneman";"1934";"Thinking, Fast and Slow";"2011";"учебно-научная, публицистика";"";"";"";"";"";"омонимия не снята";"Thinking, Fast and Slow";"Даниэль Канеман";"Думай медленно… решай быстро";"";"2013";"15944";"301630";"7972";"169866";"rus";"rus";"США";"";"История становления Google захватывает дух, подобно соревнованию рафтеров на горной реке, – и тут и там мы наблюдаем, как участники постоянно рискуют, чудом избегая подводных камней.";"8b957dd89361bcd9f82266d628bf684c:6871:23";" Like watching a skilled rafter avoiding one potential calamity after another as he goes down the rapids, the unfolding of the Google story is thrilling because of the constant risk of disaster. ";"eng"
" ;хыннад хыньланосреп утищаз ;йеицреммок йонвиссерга с";"еындовдоп";"с агрессивной коммерцией; защиту персональных данных;";"подводные";" ";"камни телекоммуникаций; приватность на работе; личную";"Simson Garfinkel. Database Nation: The Death of Privacy in the 21st Century (2000)";"Simson Garfinkel";"1965";"Database Nation: The Death of Privacy in the 21st Century";"2000";"публицистика";"";"политика и общественная жизнь";"";"";"";"омонимия не снята";"Database Nation: The Death of Privacy in the 21st Century";"Симеон Гарфинкель";"Все под контролем: Кто и как следит за тобой";"";"2003";"11896";"220728";"5948";"117762";"rus";"rus";"США";"";"Книга разделена на шесть частей, освещающих вопросы борьбы с агрессивной коммерцией; защиту персональных данных; подводные камни телекоммуникаций; приватность на работе; личную безопасность и активизм.";"ec5f66a0d129aaf5b7f4f139d81a7b32:10733:14";" The book is divided into six parts that cover dealing with invasive commerce; safeguarding personal records; pitfalls of telecommunications; privacy on the job; personal safety; and activism. ";"eng"
" ьсиладапоп ещач есВ ";"еындовдоп";"Все чаще попадались";"подводные";" ";"камни, течение убыстрялось, шум нарастал, переходя";"Анатолий Рыбаков. Дети Арбата (1966-1983)";"Анатолий Рыбаков";"1911";"Дети Арбата";"1966-1983";"художественная";"";"";"";"";"";"омонимия не снята";"Дети Арбата";"Anatoly Rybakov";"Children of the Arbat";"";"1989";"30920";"396402";"15460";"162911";"rus";"eng";"Великобритания";"";"Все чаще попадались подводные камни, течение убыстрялось, шум нарастал, переходя в непрерывное гудение, наконец стал неистовым.";"4b2ac83dc5cc44d4f433357c114f6b48:18956:3";" They were scraping underwater rocks more frequently. The current was getting faster and the noise rose to an unbroken and finally frenzied roar. ";"eng"
" ьдубин-йокак аз олсенто ен кочюрк ыботч";"йындовдоп";"чтобы крючок не отнесло за какой-нибудь";"подводный";" ";"камень или корягу.";"Фазиль Искандер. Лов форели в верховьях Кодора (1969)";"Фазиль Искандер";"1929";"Лов форели в верховьях Кодора";"1969";"художественная";"";"";"";"";"";"омонимия не снята";"Лов форели в верховьях Кодора";"Fazil Iskander";"Catching trout on the upper Kodor";"";"1972-1989";"1080";"14386";"540";"6212";"rus";"eng";"Великобритания";"";"Главное, не запутаться, не зацепиться, думал я, стараясь не давать слабину, чтобы крючок не отнесло за какой-нибудь подводный камень или корягу.";"7b89d3d788f8fdd0f86ffd742dcf24b3:366:17";" Now the main thing is not to get snagged, I thought, trying to take in the slack so that the hook was not carried round an underwater rock or branch. ";"eng"
" хынзеьрес умещяотсан-оп ,хет хесв течсан ясьтунктаз";"хындовдоп";"заткнуться насчет всех тех, по-настоящему серьезных";"подводных";" ";"камней, которые порождают нытье. — Ты полагаешь";"Ken Kesey. One Flew over the Cuckoo’s Nest (1962)";"Ken Kesey";"1935";"One Flew over the Cuckoo’s Nest";"1962";"художественная";"";"";"";"";"";"омонимия не снята";"One Flew over the Cuckoo’s Nest";"Кен Кизи";"Пролетая над гнездом кукушки";"";"2004";"10012";"211901";"5006";"115013";"rus";"rus";"США";"";"И заткнуться насчет нее вовсе не означает заткнуться насчет всех тех, по-настоящему серьезных подводных камней, которые порождают нытье. — Ты полагаешь, что нет?";"d3e00ad60d52f4c322a7e5b864fbe112:5937:13";" Getting shut of her wouldn't be getting shut of the real deep-down hang-up that's causing the gripes. “You think not?” ";"eng"
" еыннатярпс окобулг аз отэ отЧ ";"еындовдоп";"Что это за глубоко спрятанные";"подводные";" ";"камни, как ты их исключительно умно";"Ken Kesey. One Flew over the Cuckoo’s Nest (1962)";"Ken Kesey";"1935";"One Flew over the Cuckoo’s Nest";"1962";"художественная";"";"";"";"";"";"омонимия не снята";"One Flew over the Cuckoo’s Nest";"Кен Кизи";"Пролетая над гнездом кукушки";"";"2004";"10012";"211901";"5006";"115013";"rus";"rus";"США";"";"Что это за глубоко спрятанные подводные камни, как ты их исключительно умно обозначил? — Говорю вам, ребята, не знаю.";"d3e00ad60d52f4c322a7e5b864fbe112:5943:5";" What is this deep-down hang-up, as you so cleverly put it.” “I tell you, man, I don't know. ";"eng"
" тен арезо итсач йотэ в укьлоксоП";"хындовдоп";"Поскольку в этой части озера нет";"подводных";" ";"камней, а на лице погибшей ясно";"Theodore Dreiser. An American Tragedy, book III (1925)";"Theodore Dreiser";"1871";"An American Tragedy, book III";"1925";"художественная";"";"";"";"";"";"омонимия не снята";"An American Tragedy, book III";"Теодор Драйзер";"Американская трагедия (ч. 3)";"";"1948";"15052";"256860";"7526";"140326";"rus";"rus";"США";"";"Поскольку в этой части озера нет подводных камней, а на лице погибшей ясно видны следы ушибов, сразу возникло подозрение, что спутник ее чем-то ударил.";"e580980c0946d1f66803a4bbd917b81d:2241:6";" As there are no known rocks in the lake at that point, and the wounds upon the face are quite marked, suspicion was at once aroused that the girl might have been unfairly dealt with. ";"eng"
" йывон ан ясьшеакытан могаш мыджак С";"йындовдоп";"С каждым шагом натыкаешься на новый";"подводный";" ";"камень.";"Arthur Conan Doyle. The Adventure of the Bruce-Partington Plans (1908)";"Arthur Conan Doyle";"1859";"The Adventure of the Bruce-Partington Plans";"1908";"художественная";"";"";"";"";"";"омонимия не снята";"The Adventure of the Bruce-Partington Plans";"Артур Конан Дойл";"Чертежи Брюса-Партингтона";"";"1966";"1764";"19602";"882";"10667";"rus";"rus";"Великобритания";"";"С каждым шагом натыкаешься на новый подводный камень.";"ca9cfbf756b155b11735c813b29cdf3c:1071:6";" Every fresh advance which we make only reveals a fresh ridge beyond. ";"eng"
" о ьсяяраду и унд умотсинемак оп";"еындовдоп";"по каменистому дну и ударяясь о";"подводные";" ";"камни и коряги, по временам всплывая";"Jack London. The Call of the Wild (1903)";"Jack London";"1876";"The Call of the Wild";"1903";"художественная";"";"";"";"";"";"омонимия не снята";"The Call of the Wild";"Джек Лондон";"Зов предков";"";"1978";"3664";"59910";"1832";"31975";"rus";"rus";"США";"";"Задыхаясь, захлебываясь, волочась по каменистому дну и ударяясь о подводные камни и коряги, по временам всплывая, причем то Бэк оказывался под Торнтоном, то Торнтон под Бэком, они в конце концов добрались до берега.";"89d2d9624ab0deba6f4aa7e935daf57e:2785:9";" Strangling, suffocating, sometimes one uppermost and sometimes the other, dragging over the jagged bottom, smashing against rocks and snags, they veered in to the bank. ";"eng"
