"Reversed left context";"Reversed center";"Left context";"Center";"Punct";"Right context";"Title";"Author";"Birthday";"Header";"Created";"Sphere";"Type";"Topic";"Publication";"Publ_year";"Medium";"Ambiguity";"Header";"Author_trans";"Header_trans";"Translator";"Date_trans";"Sentences";"Words";"Orig_sentences";"Orig_words";"Lang";"Lang_trans";"Lang_variant";"Dialect";"Full context";"Example source";"Para context 1";"Lang 1"
" овтсьлосоп еоксйиссоР ";"олилдоп";"Российское посольство";"подлило";" ";"масла в огонь, сообщив в Твиттере";"Pippa Crerar. Skripal poisoning: deleted Foreign Office tweet leads to awkward questions [The Guardian] (04.04.2018)";"Pippa Crerar";"";"Skripal poisoning: deleted Foreign Office tweet leads to awkward questions [The Guardian]";"04.04.2018";"публицистика";"";"";"";"";"";"омонимия не снята";"Skripal poisoning: deleted Foreign Office tweet leads to awkward questions [The Guardian]";"";"Отравление Скрипаля: удаленный твит Министерства иностранных дел вызывает неудобные вопросы";"";"2018";"56";"1286";"28";"721";"rus";"rus";"Великобритания";"";"Российское посольство подлило масла в огонь, сообщив в Твиттере о том, что исчез твит от 20 марта о представлении, сделанном британским послом в Москве на тему атаки в Солсбери.";"8d0648121f02591d276134d6f1911816:17:2";" In an awkward development for the Foreign Office, the Russian embassy's Twitter feed pointed out that the 20 March tweet on a presentation by Britain's ambassador to Moscow on the Salisbury attack had disappeared. ";"eng"
" нагодрЭ пийаТ пеждеР тнедизерП ";"лилдоп";"Президент Реджеп Тайип Эрдоган";"подлил";" ";"масла в огонь в выходные, когда";"Semih Idiz. Turkey gives mixed signals on Syria [www.al-monitor.com] (2016)";"Semih Idiz";"";"Turkey gives mixed signals on Syria [www.al-monitor.com]";"2016";"публицистика";"";"";"";"";"";"омонимия не снята";"Turkey gives mixed signals on Syria [www.al-monitor.com]";"";"Турция подает противоречивые сигналы по Сирии";"";"";"90";"1978";"45";"1035";"rus";"rus";"США";"";"Президент Реджеп Тайип Эрдоган подлил масла в огонь в выходные, когда он сказал, что Турции не следует повторять оишбку в Сирии, которую она совершила в Ираке в 2003 году.";"e2a7756580e946ecb9d0435ee74c48e4:7:4";" President Recep Tayyip Erdogan added fuel to the fire over the weekend when he said Turkey should not repeat the mistake in Syria that it made in Iraq in 2003. ";"eng"
" онжебзиен меч ,юьвретни линемто но ецдрес";"лилдоп";"сердце он отменил интервью, чем неизбежно";"подлил";" ";"масла в огонь спекуляций прессы по";"Jim Hutton. Mercury and Me (2013)";"Jim Hutton";"1949";"Mercury and Me";"2013";"публицистика";"мемуары";"искусство и культура";"";"";"";"омонимия не снята";"Mercury and Me";"Джим Хаттон";"Меркьюри и я";"";"2019";"9842";"135558";"4921";"75220";"rus";"rus";"США";"";"Скрепя сердце он отменил интервью, чем неизбежно подлил масла в огонь спекуляций прессы по поводу его неважного здоровья.";"418e3813ee181bc0782a6f1a5bef0f1d:5441:7";" So reluctantly he called it off. Inevitably this added fuel to the press speculation about Freddie's poor health. ";"eng"
" ронйерТ сиссим и ,икзалыв йенделсоп йешан";"алилдоп";"нашей последней вылазки, и миссис Трейнор";"подлила";" ";"масла в огонь, десяток раз заявившись";"Jojo Moyes. Me Before You (2012)";"Jojo Moyes";"1969";"Me Before You";"2012";"художественная";"";"";"";"";"";"омонимия не снята";"Me Before You";"Джоджо Мойес";"До встречи с тобой";"";"2013";"22902";"229150";"11451";"129694";"rus";"rus";"Великобритания";"";"Я тяжело переживала неудачу нашей последней вылазки, и миссис Трейнор подлила масла в огонь, десяток раз заявившись во флигель, чтобы уточнить, где и когда пройдет концерт и что именно мы будем делать.";"58ec84c599babae296f7f33817fce7e2:9925:10";" I felt the failure of our last outing keenly, and Mrs Traynor didn't help, coming in and out of the annexe fourteen times to confirm where and when it would be taking place and what exactly we would be doing. ";"eng"
" иннэД еж тот окандО ";"лилдоп";"Однако тот же Дэнни";"подлил";" ";"масла в огонь моей ярости, указав";"Nassim Nicholas Taleb. Antifragile: Things That Gain From Disorder (2012)";"Nassim Nicholas Taleb";"1960";"Antifragile: Things That Gain From Disorder";"2012";"учебно-научная, публицистика";"";"наука и технологии, философия";"";"";"";"омонимия не снята";"Antifragile: Things That Gain From Disorder";"Нассим Николас Талеб";"Антихрупкость. Как извлечь выгоду из хаоса";"";"2022";"16592";"336787";"8296";"180355";"rus";"rus";"США";"";"Однако тот же Дэнни подлил масла в огонь моей ярости, указав на свидетельство ятрогении.";"17154569778daa68a2de3fadfcd05453:4173:4";" Yet he stoked my frustration and sense of outrage the most by showing me the evidence of iatrogenics. ";"eng"
" кариШ каЖ тнедизерп йиксзуцнарФ ";"лилдоп";"Французский президент Жак Ширак";"подлил";" ";"масла в огонь, заявив, что страны";"Sir Timothy Garden, Tom Donnelly. In the wake of Iraq («NATO Review«) [ABBYY LingvoPRO] (2003)";"Sir Timothy Garden, Tom Donnelly";"";"In the wake of Iraq («NATO Review«) [ABBYY LingvoPRO]";"2003";"публицистика";"";"";"";"";"";"омонимия не снята";"In the wake of Iraq («NATO Review«) [ABBYY LingvoPRO]";"Сэр Тимоти Гарден, Том Доннелли и др.";"После Ирака («Вестник НАТО«)";"";"2003";"2176";"47472";"1088";"24662";"rus";"rus";"";"";"Французский президент Жак Ширак подлил масла в огонь, заявив, что страны, выступающие в поддержку США, «плохо воспитаны» и намекнул на то, что, возможно, потребуется пересмотр их заявлений о вступлении в ЕС.";"ae2abffb40b864ab17e576e7a2aea28b:155:4";" French President Jacques Chirac added fuel to the flames by suggesting that pro-US candidate countries were “badly brought up”, and hinting that their EU membership applications might need reviewing. ";"eng"
" юьлец леми акасроК йиратнеммок илсЕ ";"ьтилдоп";"Если комментарий Корсака имел целью";"подлить";" ";"масла в огонь и разозлить ее";"Tess Gerritsen. The Apprentice (2002)";"Tess Gerritsen";"1953";"The Apprentice";"2002";"художественная";"";"";"";"";"";"омонимия не снята";"The Apprentice";"Тесс Герритсен";"Ученик";"";"2015";"18404";"175484";"9202";"95891";"rus";"rus";"США";"";"Если комментарий Корсака имел целью подлить масла в огонь и разозлить ее еще больше, ему это удалось.";"259906a1aefabd07197b474ca45aed68:4295:5";" If Korsak's comment was meant to feed her irritation, it worked. ";"eng"
" окьлот аниорег иинелбертопу оге о ихулс";"илилдоп";"слухи о его употреблении героина только";"подлили";" ";"масла в огонь.";"Charles R. Cross. Heavier Than Heaven (2001)";"Charles R. Cross";"1975";"Heavier Than Heaven";"2001";"публицистика";"";"частная жизнь, искусство и культура";"";"";"";"омонимия не снята";"Heavier Than Heaven";"Чарльз Кросс";"Тяжелее Небес: Жизнь и смерть Курта Кобейна";"";"2021";"15128";"273446";"7564";"143069";"rus";"rus";"США";"";"Смешанное с его решением подписать контракт с ведущей студией звукозаписи, это нарушение испортило его отношения с кальвинистами; увеличившиеся слухи о его употреблении героина только подлили масла в огонь.";"062510b66d8f2a1c6f2278f9937aac95:7731:24";" Combined with his decision to sign to a major label, this infraction damaged his relationship with the Calvinists; increasing rumors of his heroin use only added fuel to the fire. ";"eng"
" ьшил тугом ьтсонтавирп аз ыцроб еыньлопдоП";"ьтилдоп";"Подпольные борцы за приватность могут лишь";"подлить";" ";"масла в огонь, проводя кампании по";"Simson Garfinkel. Database Nation: The Death of Privacy in the 21st Century (2000)";"Simson Garfinkel";"1965";"Database Nation: The Death of Privacy in the 21st Century";"2000";"публицистика";"";"политика и общественная жизнь";"";"";"";"омонимия не снята";"Database Nation: The Death of Privacy in the 21st Century";"Симеон Гарфинкель";"Все под контролем: Кто и как следит за тобой";"";"2003";"11896";"220728";"5948";"117762";"rus";"rus";"США";"";"Подпольные борцы за приватность могут лишь подлить масла в огонь, проводя кампании по убеждению людей переставлять цифры в своих номерах социального страхования, «случайно» делать ошибки в написании своих имен, т. е. глобально снижать качество информационного потока до тех пор, пока не будут приняты существенные меры по обеспечению приватности.";"ec5f66a0d129aaf5b7f4f139d81a7b32:10489:6";" A privacy underground could turn up the heat on these actions, with campaigns convincing people to transpose digits of their Social Security numbers, to «accidentally» misspell their names, and generally to lower the quality of the data stream until significant privacy protections are in place. ";"eng"
" ― ,йортсесдем ьтатс ыб алетох ен я";"алилдоп";"я не хотела бы стать медсестрой, ―";"подлила";" ";"масла в огонь бабуля Мазур.";"Janet Evanovich. Two for the Dough (1996)";"Janet Evanovich";"1943";"Two for the Dough";"1996";"художественная";"";"";"";"";"";"омонимия не снята";"Two for the Dough";"Джанет Иванович";"Денежки дважды имеют значение";"";"2009";"16714";"151889";"8357";"82078";"rus";"rus";"США";"";"― А я не хотела бы стать медсестрой, ― подлила масла в огонь бабуля Мазур.";"870b652622bfc06abf6de04c83fd1a0e:1373:7";" «I wouldn't want to be a nurse,» Grandma Mazur said. ";"eng"
" я ,ропс ясляетаЗ ";"лилдоп";"Затеялся спор, я";"подлил";" ";"масла в огонь, сказав, что нужно";"Юрий Трифонов. Нетерпение (1973)";"Юрий Трифонов";"1925";"Нетерпение";"1973";"художественная";"";"";"";"";"";"омонимия не снята";"Нетерпение";"Yury Trifonov";"The Impatient Ones";"";"1978";"20840";"309076";"10420";"126143";"rus";"eng";"Великобритания";"";"Затеялся спор, я подлил масла в огонь, сказав, что нужно сначала понять, что есть польская нация и что полякам следует добиваться не исторической, а этнографической Польши, Желябов меня поддержал, а Магер, прощаясь, сказал: «На все нужно, господа, время!»";"c51f594667acb50310461738d88d3ce4:15232:3";" This started an argument and I added fuel to the fire by saying that one must first understand that there was a Polish nation and that the Poles should seek not a historical but an ethnographical Poland. Zhelyabov supported me and Magiar, when taking his leave, said, “Everything takes time, gentlemen, time!” ";"eng"
" исюЛ ";"алилдоп";"Люси";"подлила";" ";"масла в огонь, заявив, что Рипичип";"Clive Staples Lewis. The Chronicles of Narnia. The Voyage of the ‘Dawn Treader’ (1952)";"Clive Staples Lewis";"1898";"The Chronicles of Narnia. The Voyage of the ‘Dawn Treader’";"1952";"художественная";"";"";"";"";"";"омонимия не снята";"The Chronicles of Narnia. The Voyage of the ‘Dawn Treader’";"Клайв Стейплз Льюис";"Хроники Нарнии. Плавание «Утреннего Путника»";"";"1991";"6782";"99104";"3391";"53138";"rus";"rus";"Великобритания";"";"Люси подлила масла в огонь, заявив, что Рипичип очень хотел пойти поработать, только он слишком мал.";"9900890b5211ff4ad94d2a1688ace777:1707:1";" Lucy shoved her oar in by saying that Reepicheep was longing to go only he was too small. ";"eng"
" и яинерзодоп оге лидревтдоп ьрепет окьлот";"лилдоп";"только теперь подтвердил его подозрения и";"подлил";" ";"масла в огонь.";"Ф. М. Достоевский. Бесы (1872)";"Ф. М. Достоевский";"1821";"Бесы";"1872";"художественная";"";"";"";"";"";"омонимия не снята";"Бесы";"Fedor Dostoevsky";"The Possessed, or The Devils";"";"1913";"29104";"455640";"14552";"199311";"rus";"eng";"Великобритания";"";"Я бы простил ему, если б он поверил только Липутину, по бабьему малодушию своему, но теперь уже ясно было, что он сам всё выдумал еще гораздо прежде Липутина, а Липутин только теперь подтвердил его подозрения и подлил масла в огонь.";"9e7e7e2d8d58ee27b69a10516c4acde9:3938:36";" I could have forgiven him if he had simply with his womanish faint-heartedness believed Liputin, but now it was clear that he had thought of it all himself long before, and that Liputin had only confirmed his suspicions and poured oil on the flames. ";"eng"
" окьлот отЭ — ";"теьлодоп";"— Это только";"подольет";" ";"масла в огонь.";"Theodore Dreiser. The Financier (1912)";"Theodore Dreiser";"1871";"The Financier";"1912";"художественная";"";"";"";"";"";"омонимия не снята";"The Financier";"Теодор Драйзер";"Финансист";"";"1944";"23456";"363269";"11728";"196713";"rus";"rus";"США";"";"— Я очень сожалею, что ты ударил этого мальчишку, — заметил Оуэн, узнав о разыгравшемся скандале.  — Это только подольет масла в огонь.  Эйлин следовало бы куда-нибудь уехать, но она не хочет.";"2e33158397b70dd397e746e464f37657:22515:2";" ""I wish to heaven you hadn't struck that fellow, ""counseled Owen, when the incident was related to him. "" It will only make more talk.  She ought to leave this place; but she won't. ";"eng"
" еероксоп олыб онжуН ";"ьтилдоп";"Нужно было поскорее";"подлить";" ";"масла в огонь.";"Robert Louis Stevenson. Catriona (1893)";"Robert Louis Stevenson";"1850";"Catriona";"1893";"художественная";"";"";"";"";"";"омонимия не снята";"Catriona";"Роберт Луис Стивенсон";"Катриона";"";"1967";"10076";"182510";"5038";"101252";"rus";"rus";"Великобритания";"";"Нужно было поскорее подлить масла в огонь.";"2952b62afab51e809220d50458ae5cad:5055:3";" Here was a spur to a lame horse! ";"eng"
" окьлот отЭ ";"олилдоп";"Это только";"подлило";" ";"масла в огонь.";"Oscar Wilde. The Picture of Dorian Gray (1890-1891)";"Oscar Wilde";"1854";"The Picture of Dorian Gray";"1890-1891";"художественная";"";"";"";"";"";"омонимия не снята";"The Picture of Dorian Gray";"Оскар Уайльд";"Портрет Дориана Грея";"";"1960";"11672";"144924";"5836";"79431";"rus";"rus";"Великобритания, Ирландия";"";"Взгляды их встретились, и в глазах ее он прочел горячую мольбу о пощаде.  Это только подлило масла в огонь.  ― Мама, я хочу задать тебе один вопрос, ― начал он.";"b93e082cf8d75a11f64895d41cd52f38:3807:2";" Their eyes met. In hers he saw a wild appeal for mercy.  It enraged him.  ""Mother, I have something to ask you, ""he said. ";"eng"
" оннелдемен анворднаскелА яьраМ ";"алилдоп";"Марья Александровна немедленно";"подлила";" ";"масла в огонь.";"Ф. М. Достоевский. Дядюшкин сон (1858-1859)";"Ф. М. Достоевский";"1821";"Дядюшкин сон";"1858-1859";"художественная";"";"";"";"";"";"омонимия не снята";"Дядюшкин сон";"Fedor Dostoevsky";"Uncle’s Dream";"";"1888";"3544";"60649";"1772";"27037";"rus";"eng";"Великобритания";"";"Марья Александровна немедленно подлила масла в огонь.";"270fbf2bb2c0cf74933411460b3da0a0:2552:3";" Maria Alexandrovna immediately poured oil on the fire. ";"eng"
" окьлот Я .олапорп есВ ";"алилдоп";"Все пропало. Я только";"подлила";" ";"масла в огонь.";"Charlotte Brontë. Jane Eyre (1847)";"Charlotte Brontë";"1816";"Jane Eyre";"1847";"художественная";"";"";"";"";"";"омонимия не снята";"Jane Eyre";"Шарлотта Бронте";"Джейн Эйр";"";"1950";"17896";"344453";"8948";"186739";"rus";"rus";"Великобритания";"";"Они свидетельствуют о низости ваших мыслей и заслуживают строгого осуждения; их можно было бы назвать непростительными, если бы человек не был обязан прощать своего ближнего даже до семидесяти семи раз.  Все пропало. Я только подлила масла в огонь.  Искренне желая изгладить в его душе следы прежней обиды, я нанесла ему новую, еще более глубокую, которая навсегда запечатлелась в его памятливом сердце.";"0a7c00da545dbcb74563ade41aadf337:15895:4";" They betray an unfortunate state of mind: they merit severe reproof: they would seem inexcusable, but that it is the duty of man to forgive his fellow even until seventy-and-seven times.”  I had finished the business now.  While earnestly wishing to erase from his mind the trace of my former offence, I had stamped on that tenacious surface another and far deeper impression, I had burnt it in. ";"eng"
