"Reversed left context";"Reversed center";"Left context";"Center";"Punct";"Right context";"Title";"Author";"Birthday";"Header";"Created";"Sphere";"Type";"Topic";"Publication";"Publ_year";"Medium";"Ambiguity";"Header";"Author_trans";"Header_trans";"Translator";"Date_trans";"Sentences";"Words";"Orig_sentences";"Orig_words";"Lang";"Lang_trans";"Lang_variant";"Dialect";"Full context";"Example source";"Para context 1";"Lang 1"
" ямерв олширп ,ьнесо теапутсан епорвЕ В";"ьтанижоп";"В Европе наступает осень, пришло время";"пожинать";" ";"плоды многомесячной, трудной дипломатической работы на";"Javier Solana. Fresh Momentum for the Balkans [Project Syndicate] (20.09.2018)";"Javier Solana";"";"Fresh Momentum for the Balkans [Project Syndicate]";"20.09.2018";"публицистика";"";"";"";"";"";"омонимия не снята";"Fresh Momentum for the Balkans [Project Syndicate]";"";"Свежий импульс на Балканах";"";"2018";"76";"1815";"38";"979";"rus";"rus";"";"";"Мадрид — В Европе наступает осень, пришло время пожинать плоды многомесячной, трудной дипломатической работы на Балканском полуострове.";"7d4e897c06ac5fd6092524f54e8a8f72:1:7";"MADRID – As autumn comes to Europe, it is time to reap the fruits of months of hard diplomatic work across the Balkan Peninsula. ";"eng"
" и ,ими ьтаводнамок и отч ,теуделс";"ьтанижоп";"следует, что и командовать ими, и";"пожинать";" ";"плоды побед тоже будут исключительно мужчины?";"Yuval Noah Harari. Sapiens: A Brief History of Humankind (2014)";"Yuval Noah Harari";"1976";"Sapiens: A Brief History of Humankind";"2014";"учебно-научная";"";"";"";"";"";"омонимия не снята";"Sapiens: A Brief History of Humankind";"Юваль Ной Харари";"Sapiens. Краткая история человечества";"";"2016";"12622";"234740";"6311";"129148";"rus";"rus";"Великобритания";"";"Но пусть рядовые все сплошь мужчины, разве из этого с необходимостью следует, что и командовать ими, и пожинать плоды побед тоже будут исключительно мужчины?";"35272a5a1849715bdf72e6c5c15d92be:4411:17";" Yet granted that the common soldiers are all men, does it follow that the ones managing the war and enjoying its fruits must also be men? That makes no sense. ";"eng"
" ьсиларибос или иланижоп ,олзевоп умок ,вороссефорп";"ьтанижоп";"профессоров, кому повезло, пожинали или собирались";"пожинать";" ";"плоды различных субсидий, присужденных им в";"Vladimir Nabokov. Pnin (1957)";"Vladimir Nabokov";"1899";"Pnin";"1957";"художественная";"";"";"";"";"";"омонимия не снята";"Pnin";"Владимир Набоков";"Пнин";"";"1983";"4000";"92496";"2000";"50273";"rus";"rus";"Великобритания, США";"";"Как всегда, бесплодные инструкторы успешно занимались «производительным трудом», рецензируя книги более плодовитых коллег, и как всегда, те из профессоров, кому повезло, пожинали или собирались пожинать плоды различных субсидий, присужденных им в начале года.";"10ef58884033683630767999be5bedbd:2743:24";" As usual, sterile instructors successfully endeavoured to' produce'by reviewing the books of more fertile colleagues, and, as usual, a crop of lucky faculty members were enjoying or about to enjoy various awards received earlier in the year. ";"eng"
" ьсолаватсо ,ьсилишреваз ыдурТ ";"ьтанижоп";"Труды завершились, оставалось";"пожинать";" ";"плоды.";"Jane Austen. Persuasion (1816)";"Jane Austen";"1775";"Persuasion";"1816";"художественная";"";"";"";"";"";"омонимия не снята";"Persuasion";"Джейн Остин";"Доводы рассудка";"";"1988";"7248";"148714";"3624";"83484";"rus";"rus";"Великобритания";"";"Она-де рада и счастлива познакомиться.  Труды завершились, оставалось пожинать плоды.  На Лаура-плейс был нанесен визит, от вдовствующей виконтессы Дэлримпл и достопочтенной мисс Картерет получены визитные карточки и выставлены на общее обозрение, и всем и каждому говорилось о ""наших кузинах леди Дэлримпл и мисс Картерет"".";"57e0a4f8a5b091398b989aafaba9d708:3783:3";" She was very much honoured, and should be happy in their acquaintance.  The toils of the business were over, the sweets began.  They visited in Laura Place, they had the cards of Dowager Viscountess Dalrymple, and the Honourable Miss Carteret, to be arranged wherever they might be most visible: and ""Our cousins in Laura Place,"" ― ""Our cousin, Lady Dalrymple and Miss Carteret, ""were talked of to everybody. ";"eng"
" йомас йе виватсодерп ,ьчод юунйотсоден ябес";"ьтанижоп";"себя недостойную дочь, предоставив ей самой";"пожинать";" ";"плоды своего порочного поведения.";"Jane Austen. Pride and Prejudice (1813)";"Jane Austen";"1775";"Pride and Prejudice";"1813";"художественная";"";"";"";"";"";"омонимия не снята";"Pride and Prejudice";"Джейн Остин";"Гордость и предубеждение";"";"1967";"11612";"229406";"5806";"122012";"rus";"rus";"Великобритания";"";"Позвольте же, дорогой сэр, пожелать Вам утешения в той мере, в какой это возможно, и посоветовать навеки отторгнуть от себя недостойную дочь, предоставив ей самой пожинать плоды своего порочного поведения.";"f3fb9609c440de2fc83d19527e4ed80d:8351:25";" Let me then advise you, dear sir, to console yourself as much as possible, to throw off your unworthy child from your affection for ever, and leave her to reap the fruits of her own heinous offense. ";"eng"
