"Reversed left context";"Reversed center";"Left context";"Center";"Punct";"Right context";"Title";"Author";"Birthday";"Header";"Created";"Sphere";"Type";"Topic";"Publication";"Publ_year";"Medium";"Ambiguity";"Header";"Author_trans";"Header_trans";"Translator";"Date_trans";"Sentences";"Words";"Orig_sentences";"Orig_words";"Lang";"Lang_trans";"Lang_variant";"Dialect";"Full context";"Example source";"Para context 1";"Lang 1"
" вокинтсокап хесв юлорок умотэ тежакоп ончот";"едг";"точно покажет этому королю всех пакостников";"где";" ";"раки зимуют, чтобы пожалел, что согласился";"Michael Buckley. The Sisters Grimm: The Unusual Suspects (2005)";"Michael Buckley";"1969";"The Sisters Grimm: The Unusual Suspects";"2005";"художественная";"";"";"";"";"";"омонимия не снята";"The Sisters Grimm: The Unusual Suspects";"Майкл Бакли";"Сестры Гримм: Тайна Алой Руки";"";"2007";"9422";"108278";"4711";"58639";"rus";"rus";"США";"";"Но на этот раз Сабрина уж точно покажет этому королю всех пакостников где раки зимуют, чтобы пожалел, что согласился жить в их доме.";"1e21edc7f21a9f6ee7325f5525fa33e3:771:12";" Now Sabrina was determined to make the ""Trickster King"" wish he had declined the invitation. ";"eng"
" ,уме ьтазакоп лишер одревт Я ";"едг";"Я твердо решил показать ему,";"где";" ";"раки зимуют.";"Winston Groom. Forrest Gump (1986)";"Winston Groom";"1944";"Forrest Gump";"1986";"художественная";"";"";"";"";"";"омонимия не снята";"Forrest Gump";"Уинстон Грум";"Форрест Гамп";"";"2004";"7394";"133277";"3697";"75796";"rus";"rus";"США";"";"Я твердо решил показать ему, где раки зимуют.";"d5ace69db606eefa852849cccd5dd9a4:5393:5";" I decided right then to make him eat that hat. ";"eng"
" ,йе ужакоп ,лишер я ,зинв лешоп";"едг";"пошел вниз, я решил, покажу ей,";"где";" ";"раки зимуют, если она опять будет";"John Fowles. The Collector (1963)";"John Fowles";"1926";"The Collector";"1963";"художественная";"";"";"";"";"";"омонимия не снята";"The Collector";"Джон Фаулз";"Коллекционер";"";"1991";"14096";"144108";"7048";"74076";"rus";"rus";"Великобритания";"";"На следующее утро голова у меня все еще болела, и, когда я пошел вниз, я решил, покажу ей, где раки зимуют, если она опять будет фордыбачить. Ну, когда я вошел, я чуть не помер от удивления, потому что она что сделала, она сразу встала и спрашивает, как, мол, голова.";"4b0282fa14a9dd0e87a0fde07a36a72f:2723:18";" The next morning I went down, I still had a headache, I was ready to get really nasty if she was, but you could have knocked me down with the feather, the first thing she did was to stand up and ask me how my head was. ";"eng"
" ,мав ужакоп я ,юровог ,етиджодоп уН";"едг";"Ну подождите, говорю, я покажу вам,";"где";" ";"раки зимуют, узнаете что почем.";"John Fowles. The Collector (1963)";"John Fowles";"1926";"The Collector";"1963";"художественная";"";"";"";"";"";"омонимия не снята";"The Collector";"Джон Фаулз";"Коллекционер";"";"1991";"14096";"144108";"7048";"74076";"rus";"rus";"Великобритания";"";"Ну подождите, говорю, я покажу вам, где раки зимуют, узнаете что почем.";"4b0282fa14a9dd0e87a0fde07a36a72f:3951:6";" I said, all right, I'm going to teach you a lesson. ";"eng"
" ,ьшеанз ыТ ";"едг";"Ты знаешь,";"где";" ";"раки зимуют.";"В. М. Гаршин. Встреча (1879)";"В. М. Гаршин";"1855";"Встреча";"1879";"художественная";"";"";"";"";"";"омонимия не снята";"Встреча";"Vsevolod Garshin";"The Meeting";"";"1959";"1108";"12485";"554";"5350";"rus";"eng";"США";"";"― Ничего, брат!  Ты знаешь, где раки зимуют.  ― Нельзя ли без таких выражений! ― резко сказал Василий Петрович.";"2d0a4ce8b8c9ab4197bf778b6526c43f:908:2";" ""Not bad, old chap!  You know what's what. "" ""I'd ask you please not to use such expressions! ""Vasily Petrovich said sharply. ";"eng"
" ,тужакоп мав инО ";"едг";"Они вам покажут,";"где";" ";"раки зимуют!";"В. А. Обручев. Плутония (1915-1924)";"В. А. Обручев";"1863";"Плутония";"1915-1924";"художественная";"";"";"";"";"";"омонимия не снята";"Плутония";"Vladimir Obruchev";"Plutonia";"";"1957";"10222";"186341";"5111";"80357";"rus";"eng";"Великобритания";"";"– Попробуйте-ка залезть на эти кручи, вступить в бой с родителями.  Они вам покажут, где раки зимуют!  – Э, да их тут много! – воскликнул Каштанов, указывая на другого птеродактиля, высунувшегося из-за выступов, тогда как еще два уже реяли в воздухе.";"5d71cd04ca681137622431852e512a28:5078:3";" “Just try climbing up these rocks and fighting the parents.  They'd give it you hot and strong.”  “There are a lot of them here,” exclaimed Kashtanov, pointing to another pterodactyl which was leaning from one of the ledges, while two were already hovering. ";"eng"
" ,ужакоп мав я ,аничжуМ как ябес";"едг";"себя как Мужчина, я вам покажу,";"где";" ";"раки зимуют.";"Jack London. A Daughter of the Snows (1902)";"Jack London";"1876";"A Daughter of the Snows";"1902";"художественная";"";"";"";"";"";"омонимия не снята";"A Daughter of the Snows";"Джек Лондон";"Дочь снегов";"";"1927";"12982";"158103";"6491";"87010";"rus";"rus";"США";"";"И между нами, Томми, если вы не будете вести себя как Мужчина, я вам покажу, где раки зимуют.";"00fcb7cba2600469b8b8b3203cff0f4d:9669:15";" And private, Tommy, if you don't act the man, I won't do a thing to you. ";"eng"
" ,уме тежакоп и ниязох ьрепет но";"едг";"он теперь хозяин и покажет ему,";"где";" ";"раки зимуют.";"Mark Twain. The Adventures of Huckleberry Finn (1884)";"Mark Twain";"1835";"The Adventures of Huckleberry Finn";"1884";"художественная";"";"";"";"";"";"омонимия не снята";"The Adventures of Huckleberry Finn";"Марк Твен";"Приключения Гекльберри Финна";"";"1950";"12080";"203856";"6040";"112742";"rus";"rus";"США";"";"Но он сказал, что очень доволен: своему сыну он теперь хозяин и покажет ему, где раки зимуют.";"46b4d09a41c99ac2c036814a48684159:939:14";" But he said HE was satisfied; said he was boss of his son, and he'd make it warm for HIM. ";"eng"
