"Reversed left context";"Reversed center";"Left context";"Center";"Punct";"Right context";"Title";"Author";"Birthday";"Header";"Created";"Sphere";"Type";"Topic";"Publication";"Publ_year";"Medium";"Ambiguity";"Header";"Author_trans";"Header_trans";"Translator";"Date_trans";"Sentences";"Words";"Orig_sentences";"Orig_words";"Lang";"Lang_trans";"Lang_variant";"Dialect";"Full context";"Example source";"Para context 1";"Lang 1"
" уме луняторп от-отК ";"юунлоп";"Кто-то протянул ему";"полную";" ";"чашу.";"А. Н. Стругацкий, Б. Н. Стругацкий. Трудно быть богом (1963)";"А. Н. Стругацкий, Б. Н. Стругацкий";"1925, 1933";"Трудно быть богом";"1963";"художественная";"";"";"";"";"";"омонимия не снята";"Трудно быть богом";"Arkady Strugatsky, Boris Strugatsky";"Hard to be a God";"";"2014";"11124";"113482";"5562";"48964";"rus";"eng";"Канада";"";"Румату обступили гвардейцы.  Кто-то протянул ему полную чашу.  ― За честь и короля! ― заявил один гвардеец.";"33878eb6bc47d22a44fe2c4948e26c3b:4252:3";" Rumata was surrounded by guardsmen.  Someone offered him a full cup.  “For honor and for the king!” a guardsman declared. ";"eng"
" ьтипси и юьнзиж йонлоп ьтиж вотог";"юунлоп";"готов жить полной жизнью и испить";"полную";" ";"чашу ниспосланного богами блаженства, а вместо";"Philip Hook. Breakfast at Sothebys An A-Z of the Art World (2013)";"Philip Hook";"1951";"Breakfast at Sothebys An A-Z of the Art World";"2013";"учебно-научная";"";"";"";"";"";"омонимия не снята";"Breakfast at Sothebys An A-Z of the Art World";"Филип Хук";"Завтрак у Sotheby’s. Мир искусства от А до Я";"";"2014";"7914";"152823";"3957";"80281";"rus";"rus";"Великобритания";"";"Мне по праву надлежит вкушать нектар, забываться сном на пышных облаках, днем парить вместе с ангелами, а ночью лобзать ангелов, я столь остро умею наслаждаться всеми прелестями божественного бытия и готов жить полной жизнью и испить полную чашу ниспосланного богами блаженства, а вместо этого я наказан отвратительным, мерзким, зловонным, сочащимся гноем, язвящим нарывом!";"907ddabaeb78f2e27d397e97656182a0:527:36";" I that should drink nothing but nectar, sleep only upon fleecy clouds, waft with angels by day,& kiss only such by night, I with a keen cutting relish for all the beauties of divine being, who would live and quaff the glories of godhead, have been obliged to have a nasty, filthy, stinking, putrid, ulcerous blister! ";"eng"
" йотипыв евтсвуч ан ястеавывонсо ,ценок йовс";"йонлоп";"свой конец, основывается на чувстве выпитой";"полной";" ";"чаши собственной жизни, горячей любви к";"Иван Ефремов. Таис Афинская (1972)";"Иван Ефремов";"1908";"Таис Афинская";"1972";"художественная";"";"";"";"";"";"омонимия не снята";"Таис Афинская";"Ivan Yefremov";"Thais of Athens";"";"2011";"21868";"322590";"10934";"137020";"rus";"eng";"СССР/Россия";"";"Достоинство, с каким сыны и дочери Эллады встречают свой конец, основывается на чувстве выпитой полной чаши собственной жизни, горячей любви к земле и морю, телу и страсти, красоте и уму.";"95af57aed4d8ddd1ac985449f4f20871:6850:14";" The dignity with which sons and daughters of Hellas met their end was founded on the feeling of a fully drunk cup of one's own life, the passionate love of land and sea, body and passion, beauty and intelligence. ";"eng"
" илипси ьрепет ижомьлев еишсыв оге и";"юунлоп";"и его высшие вельможи теперь испили";"полную";" ";"чашу кары за чрезмерное возвеличение мужей!";"Иван Ефремов. Таис Афинская (1972)";"Иван Ефремов";"1908";"Таис Афинская";"1972";"художественная";"";"";"";"";"";"омонимия не снята";"Таис Афинская";"Ivan Yefremov";"Thais of Athens";"";"2011";"21868";"322590";"10934";"137020";"rus";"eng";"СССР/Россия";"";"И метавшийся где-то на севере царь персов и его высшие вельможи теперь испили полную чашу кары за чрезмерное возвеличение мужей!";"95af57aed4d8ddd1ac985449f4f20871:12860:13";" The king of Persians and his closest associates, now dashing about somewhere in the north, were now taking the full brunt of the retribution for the excessive glorification of men. ";"eng"
" липыв рднаскелА ";"юунлоп";"Александр выпил";"полную";" ";"чашу этой отравы и стал способен";"Иван Ефремов. Таис Афинская (1972)";"Иван Ефремов";"1908";"Таис Афинская";"1972";"художественная";"";"";"";"";"";"омонимия не снята";"Таис Афинская";"Ivan Yefremov";"Thais of Athens";"";"2011";"21868";"322590";"10934";"137020";"rus";"eng";"СССР/Россия";"";"Александр выпил полную чашу этой отравы и стал способен на прежде несовместимое с его действительно великой личностью.";"95af57aed4d8ddd1ac985449f4f20871:13818:2";" Alexander has taken a full cup of this poison and has become capable of things previously incompatible with his truly great personality. ";"eng"
" – йомиз ,ил мотеЛ ";"яанлоп";"Летом ли, зимой –";"полная";" ";"чаша.";"Татьяна Толстая. Кысь (2000)";"Татьяна Толстая";"1951";"Кысь";"2000";"художественная";"";"";"";"";"";"омонимия не снята";"Кысь";"Tatyana Tolstaya";"The Slynx";"";"2007";"14176";"144350";"7088";"60453";"rus";"eng";"США";"";"То-то, зятек!  Летом ли, зимой – полная чаша.  Пойдем, амбары покажу.";"9c26cca2adf4295a30c6fa7a34bb962a:8570:3";" There you have it, son!  Summer, winter ― the cup is full.  Come on, I'll show you the barns. """;"eng"
" икюрб ан ебес луникорпо еен с";"юунлоп";"с нее опрокинул себе на брюки";"полную";" ";"чашу красного вина.";"Михаил Булгаков. Мастер и Маргарита (1929-1940)";"Михаил Булгаков";"1891";"Мастер и Маргарита";"1929-1940";"художественная";"";"";"";"";"";"омонимия не снята";"Мастер и Маргарита";"Mikhail Bulgakov";"Master and Margarita";"";"1979";"16426";"258609";"8213";"113104";"rus";"eng";"США";"";"Падая, он поддел ногой другую скамеечку, стоявшую перед ним, и с нее опрокинул себе на брюки полную чашу красного вина.";"837d64d30f4e8ff87ef2f71e79dfe19b:8308:16";" As he fell, he kicked another stool in front of him with his foot, and from it spilled a full cup of red wine on his trousers. ";"eng"
" а ,мод ен – ,емод в хищюатибо";"яанлоп";"обитающих в доме, – не дом, а";"полная";" ";"чаша, – выстроенном тамошним агентом бюро путешествий";"Vladimir Nabokov. Ada, or Ardor (1968)";"Vladimir Nabokov";"1899";"Ada, or Ardor";"1968";"художественная";"";"";"";"";"";"омонимия не снята";"Ada, or Ardor";"Владимир Набоков";"Ада, или Радости страсти";"";"1996";"15402";"336152";"7701";"178506";"rus";"rus";"Великобритания, США";"";"Ладно, а теперь про 1881-й, в котором девочки, достигшие возраста восьми-девяти и пяти, соответственно, побывали на Ривьере, в Швейцарии и на итальянских озерах вместе с другом Марины, театральным заправилой по имени Гран Д. дю Мон (“Д” означало, вообще-то, Дюк – девичью фамилию его матери, des hobereaux irlandais, quoi[4]), раз за разом чинно грузясь в ближайший Средиземноморский экспресс или ближайший Восточный, или ближайший Симплонский, да собственно, в первый попавшийся train de luxe[5], готовый принять троицу Винов, английскую гувернантку, русскую няньку и двух горничных, между тем как наполовину разведшийся Дан отправился куда-то в Экваториальную Африку фотографировать тигров (которых там, к удивлению своему, не обнаружил) и иных страшных диких зверей, обученных при первых звуках мотора выходить на дорогу, а заодно уже и пухлявеньких негритяночек, обитающих в доме, – не дом, а полная чаша, – выстроенном тамошним агентом бюро путешествий в диких степях Мозамбика.";"e9229fa20eafdc0cca78d0f9aa4b1272:3293:128";" Now what about 1881, when the girls, aged eight-nine and five, respectively, had been taken to the Riviera, to Switzerland, to the Italian lakes, with Marina's friend, the theatrical big shot, Gran D. du Mont (the' D'also stood for Duke, his mother's maiden name, des hobereaux irlandais, quoi), traveling discreetly on the next Mediterranean Express or next Simplon or next Orient, or whatever other train de luxe carried the three Veens, an English governess, a Russian nurse and two maids, while a semi-divorced Dan went to some place in equatorial Africa to photograph tigers (which he was surprised not to see) and other notorious wild animals, trained to cross the motorist's path, as well as some plump black girls in a traveling-agent's gracious home in the wilds of Mozambique. ";"eng"
" ― мод ,ьтсоратс яаннетчоп :умондо к ондо";"яанлоп";"одно к одному: почтенная старость, дом ―";"полная";" ";"чаша на одной из уютных, тихих";"А. И. Куприн. Яма (1908-1915)";"А. И. Куприн";"1870";"Яма";"1908-1915";"художественная";"";"";"";"";"";"омонимия не снята";"Яма";"Alexandre Kuprin";"Yama";"";"1929";"14894";"209785";"7447";"89462";"rus";"eng";"США";"";"Все пришло к ней теперь своим чередом, одно к одному: почтенная старость, дом ― полная чаша на одной из уютных, тихих улиц, почти в центре города, обожаемая дочь Берточка, которая не сегодня-завтра должна выйти замуж за почтенного человека, инженера, домовладельца и гласного городской думы, обеспеченная солидным приданым и прекрасными драгоценностями…";"add075400904fe6e1cc7060a2ae12ba3:13150:13";" All had now come to her of itself, one in addition to the other: peaceful old age, a house — a brimming cup on one of the quiet, cozy streets, almost in the centre of the city, — the adored daughter Birdie, who — if not to-day then tomorrow — must marry a respected man, an engineer, a house-owner, and member of the city-council, provided for as she was with a respectable dowry and magnificent valuables… ";"eng"
" енищнеж иласорбан еж сачтот ,ьрац хи";"юунлоп";"их царь, тотчас же набросали женщине";"полную";" ";"чашу мелкой и крупной серебряной монеты.";"А. И. Куприн. Суламифь (1907)";"А. И. Куприн";"1870";"Суламифь";"1907";"художественная";"";"";"";"";"";"омонимия не снята";"Суламифь";"Alexandre Kuprin";"Sulamith";"";"1928";"2256";"37442";"1128";"16021";"rus";"eng";"США";"";"И они, обрадованные тем, что только за этим призывал их царь, тотчас же набросали женщине полную чашу мелкой и крупной серебряной монеты.";"a61eecdd6194d2c50d847a491d4314f7:848:15";" And they, made glad that the king had summoned them only for this, at once filled the bowl by casting into it small and large silver coin. ";"eng"
" ясен ыб как ,и яследо оншепсоп";"юунлоп";"поспешно оделся и, как бы неся";"полную";" ";"чашу гнева и боясь расплескать ее";"Л. Н. Толстой. Анна Каренина (ч. 1-4) (1878)";"Л. Н. Толстой";"1828";"Анна Каренина (ч. 1-4)";"1878";"художественная";"";"";"";"";"";"омонимия не снята";"Анна Каренина (ч. 1-4)";"Leo Tolstoy";"Anna Karenina (parts 1-4)";"";"1911";"20604";"334050";"10302";"144525";"rus";"eng";"Великобритания";"";"Он поспешно оделся и, как бы неся полную чашу гнева и боясь расплескать ее, боясь вместе с гневом утратить энергию, нужную ему для объяснения с женою, вошел к ней, как только узнал, что она встала.";"434ebe5d38d7f16f8d773fa3966777b1:17058:7";" He dressed in haste, and as though carrying his cup full of wrath, and fearing to spill any over, fearing to lose with his wrath the energy necessary for the interview with his wife, he went into her room directly he heard she was up. ";"eng"
" ,ончиндзарп есв ― ,ырог еытсинлов ,адорог огонтюу";"юонлоп";"уютного города, волнистые горы, ― все празднично,";"полною";" ";"чашей раскинулось под лучами благосклонного солнца";"И. С. Тургенев. Дым (1867)";"И. С. Тургенев";"1818";"Дым";"1867";"художественная";"";"";"";"";"";"омонимия не снята";"Дым";"Ivan Turgenev";"Smoke";"";"1896";"7084";"113656";"3542";"49422";"rus";"eng";"Великобритания";"";"Погода стояла прелестная; все кругом ― зеленые деревья, светлые дома уютного города, волнистые горы, ― все празднично, полною чашей раскинулось под лучами благосклонного солнца; все улыбалось как-то слепо, доверчиво и мило, и та же неопределенная, но хорошая улыбка бродила на человечьих лицах, старых и молодых, безобразных и красивых.";"04dce474dfe779c7149cacf2fd89786b:8:15";" The weather was lovely; everything around — the green trees, the bright houses of the gay city, and the undulating outline of the mountains — everything was in holiday mood, basking in the rays of the kindly sunshine; everything seemed smiling with a sort of blind, confiding delight; and the same glad, vague smile strayed over the human faces too, old and young, ugly and beautiful alike. ";"eng"
" утагахБ сёнто церж и ,ищев еынчилто";"юунлоп";"отличные вещи, и жрец отнёс Бхагату";"полную";" ";"чашу.";"Rudyard Kipling. The Second Jungle Book: Other Stories (1895)";"Rudyard Kipling";"1865";"The Second Jungle Book: Other Stories";"1895";"художественная";"";"";"";"";"";"омонимия не снята";"The Second Jungle Book: Other Stories";"Редьярд Киплинг";"Вторая книга Джунглей: другие рассказы";"";"1915";"1306";"41283";"653";"22622";"rus";"rus";"Великобритания";"";"Пища горцев очень проста, но из гречихи, индийской ржи, риса, красного перца и мелких рыбок, пойманных в потоке долины, из мёда, взятого из сот, устроенных в каменных оградах, с прибавкой сушёных абрикосов, дикого имбиря и овсяных лепёшек благочестивая женщина может приготовить отличные вещи, и жрец отнёс Бхагату полную чашу.";"b79423885c7b28d6e986faded1db425b:87:47";" Hill-food is very simple, but with buckwheat and Indian corn, and rice and red pepper, and little fish out of the stream in the valley, and honey from the flue-like hives built in the stone walls, and dried apricots, and turmeric, and wild ginger, and bannocks of flour, a devout woman can make good things, and it was a full bowl that the priest carried to the Bhagat. ";"eng"
" орту еоджаК ";"яанлоп";"Каждое утро";"полная";" ";"чаша бесшумно ставилась в переплетении корней";"Rudyard Kipling. The Second Jungle Book: Other Stories (1895)";"Rudyard Kipling";"1865";"The Second Jungle Book: Other Stories";"1895";"художественная";"";"";"";"";"";"омонимия не снята";"The Second Jungle Book: Other Stories";"Редьярд Киплинг";"Вторая книга Джунглей: другие рассказы";"";"1915";"1306";"41283";"653";"22622";"rus";"rus";"Великобритания";"";"Каждое утро полная чаша бесшумно ставилась в переплетении корней подле стены маленького святилища. Иногда её приносил жрец; иногда купец, живший в деревне и желавший заслужить милость неба, поднимался к святилищу Кали; чаще же всего чашу приносила женщина, приготовившая кушанье накануне вечером; опуская её, она еле слышным шёпотом просила: ""Скажи обо мне богам, Бхагат. Заступись за такую-то жену такого-то! """;"b79423885c7b28d6e986faded1db425b:97:2";" Every morning the filled begging-bowl was laid silently in the crutch of the roots outside the shrine. Sometimes the priest brought it; sometimes a Ladakhi trader, lodging in the village, and anxious to get merit, trudged up the path; but, more often, it was the woman who had cooked the meal overnight; and she would murmur, hardly above her breath. ""Speak for me before the gods, Bhagat. Speak for such a one, the wife of so-and-so! """;"eng"
" илитолгоп аделс зеб ;ыдог ончот ― ыв";"юунлоп";"вы ― точно годы; без следа поглотили";"полную";" ";"чашу жизни.";"Herman Melville. Moby-Dick (1851)";"Herman Melville";"1819";"Moby-Dick";"1851";"художественная";"";"";"";"";"";"омонимия не снята";"Moby-Dick";"Герман Мелвилл";"Моби Дик";"";"1961";"17354";"377670";"8677";"201158";"rus";"rus";"США";"";"Матросы, вы ― точно годы; без следа поглотили полную чашу жизни.";"22ace9631fd7c4c29ce5adf190f74ff3:4525:7";" Men, ye seem the years; so brimming life is gulped and gone. ";"eng"
" вилан ,и атсем огеовс ос латсв";"юунлоп";"встал со своего места и, налив";"полную";" ";"чашу вина, обратился к принцу с";"Walter Scott. Ivanhoe (1819)";"Walter Scott";"1771";"Ivanhoe";"1819";"художественная";"";"";"";"";"";"омонимия не снята";"Ivanhoe";"Вальтер Скотт";"Айвенго";"";"1890-1902";"14144";"333666";"7072";"185803";"rus";"rus";"Великобритания";"";"Сакс ничего не ответил на это дипломатическое предложение, встал со своего места и, налив полную чашу вина, обратился к принцу с такой речью: ― Ваше высочество выразили желание, чтобы я назвал имя норманна, достойного упоминания на нашем пиру.";"ea4bfa5be04d4e7f98090eda4be01bfb:3957:14";" The Saxon replied not to this politic insinuation, but, rising up, and filling his cup to the brim, he addressed Prince John in these words: ""Your highness has required that I should name a Norman deserving to be remembered at our banquet. ";"eng"
