"Reversed left context";"Reversed center";"Left context";"Center";"Punct";"Right context";"Title";"Author";"Birthday";"Header";"Created";"Sphere";"Type";"Topic";"Publication";"Publ_year";"Medium";"Ambiguity";"Header";"Author_trans";"Header_trans";"Translator";"Date_trans";"Sentences";"Words";"Orig_sentences";"Orig_words";"Lang";"Lang_trans";"Lang_variant";"Dialect";"Full context";"Example source";"Para context 1";"Lang 1"
" ьсучрев ,енверед в увиж ,модурт мынрутаретил";"как";"литературным трудом, живу в деревне, верчусь";"как";" ";"белка в колесе, много работаю, но";"А. П. Чехов. О любви (1898)";"А. П. Чехов";"1860";"О любви";"1898";"художественная";"";"";"";"";"";"омонимия не снята";"О любви";"Anton Chekhov";"About Love";"";"1900-1930";"294";"6828";"147";"3012";"rus";"eng";"Великобритания";"";"Они беспокоились, что я, образованный человек, знающий языки, вместо того чтобы заниматься наукой или литературным трудом, живу в деревне, верчусь как белка в колесе, много работаю, но всегда без гроша.";"145260dabde56705b025bcfbc7ec33ea:176:20";" They were worried that I, an educated man with a knowledge of languages, should, instead of devoting myself to science or literary work, live in the country, rush round like a squirrel in a rage, work hard with never a penny to show for it. ";"eng"
" ,иинеми мондаморг мотэ в ,ьседз яслетрев";"как";"вертелся здесь, в этом громадном имении,";"как";" ";"белка в колесе, а не занимался";"А. П. Чехов. О любви (1898)";"А. П. Чехов";"1860";"О любви";"1898";"художественная";"";"";"";"";"";"омонимия не снята";"О любви";"Anton Chekhov";"About Love";"";"1900-1930";"294";"6828";"147";"3012";"rus";"eng";"Великобритания";"";"Они любовались и в то же время жалели, что этот человек с добрыми, умными глазами, который рассказывал им с таким чистосердечием, в самом деле вертелся здесь, в этом громадном имении, как белка в колесе, а не занимался наукой или чем-нибудь другим, что делало бы его жизнь более приятной; и они думали о том, какое, должно быть, скорбное лицо было у молодой дамы, когда он прощался с ней в купе и целовал ей лицо и плечи.";"145260dabde56705b025bcfbc7ec33ea:292:30";" They admired it, and at the same time they were sorry that this man with the kind, clever eyes, who had told them this story with such genuine feeling, should be rushing round and round this huge estate like a squirrel on a wheel instead of devoting himself to science or something else which would have made his life more pleasant; and they thought what a sorrowful face Anna Alexyevna must have had when he said good-bye to her in the railway-carriage and kissed her face and shoulders. ";"eng"
" ,ьсалижурк ано ьнед йылец И ";"как";"И целый день она кружилась,";"как";" ";"белка в колесе, варила обед, варила";"Максим Горький. Мать (1906)";"Максим Горький";"1868";"Мать";"1906";"художественная";"";"";"";"";"";"омонимия не снята";"Мать";"Maxime Gorky";"Mother";"";"1921";"15416";"204312";"7708";"82513";"rus";"eng";"Великобритания";"";"И целый день она кружилась, как белка в колесе, варила обед, варила лиловый студень для прокламаций и клей для них, приходили какие-то люди, совали записки для передачи Павлу и исчезали, заражая ее своим возбуждением.";"f5927bc3f5e116d3200e8287a86dce24:6778:5";" The whole day long she would move around like a squirrel in a wheel, cook dinner, and boil lilac-colored gelatin and glue for the proclamations. Some people would come, leave notes with her to deliver to Pavel, and disappear, infecting her with their excitement. ";"eng"
" ьсучрев Я ";"как";"Я верчусь";"как";" ";"белка в колесе, и пусть все";"Jack London. The Burning Daylight (1910)";"Jack London";"1876";"The Burning Daylight";"1910";"художественная";"";"";"";"";"";"омонимия не снята";"The Burning Daylight";"Джек Лондон";"Время-не-ждет";"";"1956";"14758";"209384";"7379";"114448";"rus";"rus";"США";"";"Я верчусь как белка в колесе, и пусть все, кто у меня работает, тоже малость повертятся.";"11d7865e51a07f08a30dd98fb7d68095:12287:2";" I'm hustling, and now's the time that everybody that works for me has got to hustle. ";"eng"
" яслитурк ежу но киньледеноп в ,еьнесерксов";"как";"воскресенье, в понедельник он уже крутился";"как";" ";"белка в колесе, разбирал грязное белье";"Jack London. Martin Eden (1909)";"Jack London";"1876";"Martin Eden";"1909";"художественная";"";"";"";"";"";"омонимия не снята";"Martin Eden";"Джек Лондон";"Мартин Иден";"";"1984";"6748";"96210";"3374";"53634";"rus";"rus";"США";"";"Так прошло воскресенье, в понедельник он уже крутился как белка в колесе, разбирал грязное белье, а Джо, крепко обвязав голову полотенцем, со стонами и проклятьями запустил стиральную машину и перемешивал жидкое мыло.";"08312822409a5b08b614c44854349957:6609:8";" So passed Sunday, and Monday morning he was hard at work, sorting clothes, while Joe, a towel bound tightly around his head, with groans and blasphemies, was running the washer and mixing soft-soap. ";"eng"
