"Reversed left context";"Reversed center";"Left context";"Center";"Punct";"Right context";"Title";"Author";"Birthday";"Header";"Created";"Sphere";"Type";"Topic";"Publication";"Publ_year";"Medium";"Ambiguity";"Header";"Author_trans";"Header_trans";"Translator";"Date_trans";"Sentences";"Words";"Orig_sentences";"Orig_words";"Lang";"Lang_trans";"Lang_variant";"Dialect";"Full context";"Example source";"Para context 1";"Lang 1"
" ,ебет ужакс И ";"ажолоп";"И скажу тебе,";"положа";" ";"руку на сердце, что мне надоело";"Исаак Бабель. Как это делалось в Одессе (1923)";"Исаак Бабель";"1894";"Как это делалось в Одессе";"1923";"художественная";"";"";"";"";"";"омонимия не снята";"Как это делалось в Одессе";"Isaac Babel";"How things were done in Odessa";"";"2002";"470";"6105";"235";"2667";"rus";"eng";"Великобритания, США";"";"И скажу тебе, положа руку на сердце, что мне надоело на старости лет кушать такой горький кусок хлеба и переживать эти неприятности, после того как я отработал всю жизнь, как последний ломовик.";"52aa9f83c83e7b1f33ef0aedab754ddd:162:3";" And I swear to you on a stack of Bibles that I'm sick and tired of having to eat such a bitter crust of bread and witness such trouble after having worked all my life like the lowliest carter. ";"eng"
" ,окандО …атобар тиотсдерп умЕ .ьтаджодоп тежом";"ажолоп";"может подождать. Ему предстоит работа… Однако,";"положа";" ";"руку на сердце, Мортати не знал";"Dan Brown. Angels and Demons (2000)";"Dan Brown";"1964";"Angels and Demons";"2000";"художественная";"";"";"";"";"";"омонимия не снята";"Angels and Demons";"Дэн Браун";"Ангелы и демоны";"";"2004";"16144";"298893";"8072";"150396";"rus";"rus";"США";"";"Мортати направился в капеллу. Все остальные кардиналы уже находились там. Выйдя в вестибюль, он увидел Витторию Ветра. Девушка, понурясь, сидела на каменной скамье у подножия Королевской лестницы. Мортати разделял ее боль и одиночество, но в то же время он знал, что все это может подождать. Ему предстоит работа… Однако, положа руку на сердце, Мортати не знал, в чем будет заключаться эта работа.";"516f8420ab7d29d361213657275ee895:14647:49";" Mortati headed for the chapel. The rest of the cardinals were inside now. As he walked down the hall, he saw Vittoria Vetra slumped alone on a bench at the foot of the Royal Staircase. He could see the pain and loneliness of her loss and wanted to go to her, but he knew it would have to wait. He had work to do… although he had no idea what that work could possibly be. ";"eng"
" ";"ажолоП";"";"Положа";" ";"руку на сердце, я уж лучше";"Helen Fielding. Bridget Jones’s Diary (1996)";"Helen Fielding";"1958";"Bridget Jones’s Diary";"1996";"художественная";"";"";"";"";"";"омонимия не снята";"Bridget Jones’s Diary";"Хелен Филдинг";"Дневник Бриджит Джонс";"";"2000";"9052";"131643";"4526";"68350";"rus";"rus";"Великобритания";"";"Положа руку на сердце, я уж лучше сама подожгу свою квартиру, чем буду сидеть в ней с Беккой.";"00b27b94920424593a5272dca2201b01:8625:0";" Frankly, I would rather set fire to my flat all on my own than sit in it with Becca. ";"eng"
" ";"ажолоП";"";"Положа";" ";"руку на сердце, я не мог";"Kurt Vonnegut. Hocus Pocus (1990)";"Kurt Vonnegut";"1922";"Hocus Pocus";"1990";"художественная";"";"";"";"";"";"омонимия не снята";"Hocus Pocus";"Курт Воннегут";"Фокус-покус";"";"1993";"9922";"154407";"4961";"81715";"rus";"rus";"США";"";"Положа руку на сердце, я не мог себе представить, чем я так огорчил Текса.";"2c09150b04d05302afc19154b49438b7:4351:0";" I honestly couldn't imagine how I might have caused Tex pain. ";"eng"
" ,он ,ьтсокап ,ьворк яаншолпс — олам оговисарк";"ажолоп";"красивого мало — сплошная кровь, пакость, но,";"положа";" ";"руку на сердце, должна признаться, в";"Margaret Atwood. Edible Woman (1969)";"Margaret Atwood";"1939";"Edible Woman";"1969";"художественная";"";"";"";"";"";"омонимия не снята";"Edible Woman";"Маргарет Этвуд";"Лакомый кусочек";"";"1981";"11726";"188776";"5863";"103795";"rus";"rus";"Канада";"";"Знаешь, я следила, как все это происходит; красивого мало — сплошная кровь, пакость, но, положа руку на сердце, должна признаться, в этом есть что-то завораживающее.";"ad665abca6dd8ec58be26a38c4eace42:4981:13";" I watched the whole thing, it's messy, all that blood and junk, but I've got to admit it's sort of fascinating. ";"eng"
" ,отч ,умотоп а ,)еинечелву еенжерп еобюл";"ажолоп";"любое прежнее увлечение), а потому, что,";"положа";" ";"руку на сердце, никакой совести, а";"Vladimir Nabokov. Pnin (1957)";"Vladimir Nabokov";"1899";"Pnin";"1957";"художественная";"";"";"";"";"";"омонимия не снята";"Pnin";"Владимир Набоков";"Пнин";"";"1983";"4000";"92496";"2000";"50273";"rus";"rus";"Великобритания, США";"";"Чтобы рационально существовать, Пнин приучил себя за последние десять лет никогда не вспоминать Миру Белочкину, — не потому, что память о юношеском романе, банальном и кратком, угрожала его душевному покою (увы, воспоминание о браке с Лизой обладало достаточной властью, чтобы вытеснить любое прежнее увлечение), а потому, что, положа руку на сердце, никакой совести, а значит, и никакому самосознанию нельзя было существовать в мире, где возможны были такие вещи, как Марина смерть.";"10ef58884033683630767999be5bedbd:2687:46";" In order to exist rationally, Pnin had taught himself, during the last ten years, never to remember Mira Belochkin, not because, in itself, the evocation of a youthful love affair, banal and brief, threatened his peace of mind (alas, recollections of his marriage to Liza were imperious enough to crowd out any former romance), but because, if one were quite sincere with oneself, no conscience, and hence no consciousness, could be expected to subsist in a world where such things as Mira's death were possible. ";"eng"
" ,етежом ыВ ";"ажолоп";"Вы можете,";"положа";" ";"руку на сердце, сказать, что я";"Clive Staples Lewis. The Chronicles of Narnia. Prince Caspian (1951)";"Clive Staples Lewis";"1898";"The Chronicles of Narnia. Prince Caspian";"1951";"художественная";"";"";"";"";"";"омонимия не снята";"The Chronicles of Narnia. Prince Caspian";"Клайв Стейплз Льюис";"Хроники Нарнии. Принц Каспиан";"";"1991";"5916";"79853";"2958";"45684";"rus";"rus";"Великобритания";"";"Вы можете, положа руку на сердце, сказать, что я действительно жив?";"b7d1ac92d23f7676c4287041c7d373c9:897:2";" Can you lay your hand on your hearts and tell me I'm really alive? ";"eng"
" ьшил угом Я ";"ажолоп";"Я могу лишь";"положа";" ";"руку на сердце утверждать, что я";"Vladimir Nabokov. Nikolai Gogol (1944)";"Vladimir Nabokov";"1899";"Nikolai Gogol";"1944";"публицистика";"";"";"";"";"";"омонимия не снята";"Nikolai Gogol";"Владимир Набоков";"Николай Гоголь";"";"1993";"2658";"74871";"1329";"43316";"rus";"rus";"Великобритания, США";"";"Я могу лишь положа руку на сердце утверждать, что я не выдумал Гоголя.";"1ae4bb7ea951c219d52d6f84d2eefb83:2531:3";" I can only place my hand on my heart and affirm that I have not imagined Gogol. ";"eng"
" ,онтсеч ьтазакс межом ыМ ";"ажолоп";"Мы можем сказать честно,";"положа";" ";"руку на сердце: эту страну интересно";"И. А. Ильф, Е. П. Петров. Одноэтажная Америка (1937)";"И. А. Ильф, Е. П. Петров";"1897, 1903";"Одноэтажная Америка";"1937";"художественная, публицистика";"";"";"";"";"";"омонимия не снята";"Одноэтажная Америка";"Ilya Ilf, Evgeny Petrov";"Little Golden America";"";"1944";"18458";"252781";"9229";"108461";"rus";"eng";"США";"";"Мы можем сказать честно, положа руку на сердце: эту страну интересно наблюдать, но жить в ней не хочется.";"d84ae02eb95936ff626a384a72105199:18232:4";" We can say honestly, with hand on heart, that we would not like to live in America. It is interesting to observe this country, but one does not care to live in it. ";"eng"
" ?етсаК О – ";"ажолоП";"– О Касте?";"Положа";" ";"руку на сердце, я не знаю";"Agatha Christie. The A.B.C. Murders (1936)";"Agatha Christie";"1890";"The A.B.C. Murders";"1936";"художественная";"";"";"";"";"";"омонимия не снята";"The A.B.C. Murders";"Агата Кристи";"Убийства по алфавиту";"";"2016";"5710";"79432";"2855";"25283";"rus";"rus";"Великобритания";"";"– А вы что обо всем этом думаете, доктор? – обратился сыщик к Томпсону.  – О Касте? Положа руку на сердце, я не знаю, что вам сказать.  Он просто великолепно притворяется абсолютно нормальным.";"2680cd8dda7dc0b4451de7c3af46e288:4661:2";"' What's your opinion of Cust?' Poirot asked Dr Thompson. ' I don't know.  He doesn't seem to be mad. ";"eng"
" ижакс ,акьнечод ,енм ижакс ,уН ";"ажолоп";"Ну, скажи мне, доченька, скажи";"положа";" ";"руку на сердце, ты, что-нибудь понимаешь";"Margaret Mitchell. Gone with the Wind, Part 1 (1936)";"Margaret Mitchell";"1900";"Gone with the Wind, Part 1";"1936";"художественная";"";"";"";"";"";"омонимия не снята";"Gone with the Wind, Part 1";"Маргарет Митчелл";"Унесённые ветром, ч. 1";"";"1982";"25706";"403929";"12853";"209514";"rus";"rus";"США";"";"Ну, скажи мне, доченька, скажи положа руку на сердце, ты, что-нибудь понимаешь во всей этой галиматье, которую он несет про книжки, музыку, стихи, картины и прочую чепуховину?";"b1a6e9a3c23689e80357c5e30e2d9a2f:1535:5";" Now, Puss, tell me true, do you understand his folderol about books and poetry and music and oil paintings and such foolishness? ";"eng"
" — мав А — ";"ажолоп";"— А вам —";"положа";" ";"руку на сердце — не все равно?";"Margaret Mitchell. Gone with the Wind, Part 1 (1936)";"Margaret Mitchell";"1900";"Gone with the Wind, Part 1";"1936";"художественная";"";"";"";"";"";"омонимия не снята";"Gone with the Wind, Part 1";"Маргарет Митчелл";"Унесённые ветром, ч. 1";"";"1982";"25706";"403929";"12853";"209514";"rus";"rus";"США";"";"— А вам — положа руку на сердце — не все равно?";"b1a6e9a3c23689e80357c5e30e2d9a2f:8377:2";" Do you really care ― down in your heart? ";"eng"
" ,етежоМ ";"ажолоп";"Можете,";"положа";" ";"руку на сердце, сказать, что вы";"Margaret Mitchell. Gone with the Wind, Part 2 (1936)";"Margaret Mitchell";"1900";"Gone with the Wind, Part 2";"1936";"художественная";"";"";"";"";"";"омонимия не снята";"Gone with the Wind, Part 2";"Маргарет Митчелл";"Унесённые ветром, ч. 2";"";"1982";"29314";"414569";"14657";"216232";"rus";"rus";"США";"";"Можете, положа руку на сердце, сказать, что вы меня не любите?";"3ddd25fe52e8f0ab80e3eac915d26b53:779:1";" Can you honestly say you don't love me? ";"eng"
" и енеж к ьсяащарбо онневтсежрот ,но";"ажолоп";"он, торжественно обращаясь к жене и";"положа";" ";"руку на сердце.";"Ф. М. Достоевский. Идиот (1868-1869)";"Ф. М. Достоевский";"1821";"Идиот";"1868-1869";"художественная";"";"";"";"";"";"омонимия не снята";"Идиот";"Fedor Dostoevsky";"The Idiot";"";"1915";"23994";"441819";"11997";"200886";"rus";"eng";"Великобритания";"";"— Друг мой! Друг мой! — укорительно произнес он, торжественно обращаясь к жене и положа руку на сердце.";"02acae359836f47f703b337b87151cb4:4186:12";" ""My dear, my dear! ""he said, solemnly and reproachfully, looking at his wife, with one hand on his heart. ";"eng"
" ,еж есв он ,еиняаксар оличум янеМ";"ажолоп";"Меня мучило раскаяние, но все же,";"положа";" ";"руку на сердце, я не мог";"Robert Louis Stevenson. Catriona (1893)";"Robert Louis Stevenson";"1850";"Catriona";"1893";"художественная";"";"";"";"";"";"омонимия не снята";"Catriona";"Роберт Луис Стивенсон";"Катриона";"";"1967";"10076";"182510";"5038";"101252";"rus";"rus";"Великобритания";"";"Меня мучило раскаяние, но все же, положа руку на сердце, я не мог обвинить себя ни в чем.";"2952b62afab51e809220d50458ae5cad:8029:6";" I repented, yet could not find it in my heart to blame myself for that great failure. ";"eng"
" ,ман ьтазакс и хартс ьтуникто оге";"ажолоп";"его откинуть страх и сказать нам,";"положа";" ";"руку на сердце, что это такое";"Jerome K. Jerome. Three Men in a Boat (To Say Nothing Of The Dog) (1889)";"Jerome K. Jerome";"1859";"Three Men in a Boat (To Say Nothing Of The Dog)";"1889";"художественная";"";"";"";"";"";"омонимия не снята";"Three Men in a Boat (To Say Nothing Of The Dog)";"Джером К. Джером";"Трое в лодке, не считая собаки";"";"1958";"6478";"121423";"3239";"66090";"rus";"rus";"Великобритания";"";"Мы заклинали его откинуть страх и сказать нам, положа руку на сердце, что это такое: окаменелый скелет допотопного кита или древнеримский гроб?";"20485619ebdfa1f237874a4c84c417bc:6239:8";" We told him not to be afraid, but to speak the plain truth: Was it the fossil of a pre-Adamite whale, or was it an early Roman coffin? ";"eng"
" ,руфлэБ ретсим ,етеанз и ;воротаднера ьтавижыв";"ажолоп";"выживать арендаторов; и знаете, мистер Бэлфур,";"положа";" ";"руку на сердце, у меня такое";"Robert Louis Stevenson. Kidnapped (1886)";"Robert Louis Stevenson";"1850";"Kidnapped";"1886";"художественная";"";"";"";"";"";"омонимия не снята";"Kidnapped";"Роберт Луис Стивенсон";"Похищенный";"";"1967";"7020";"146548";"3510";"80444";"rus";"rus";"Великобритания";"";"Он над обеими землями королевский управляющий, стало быть, ему из обеих и выживать арендаторов; и знаете, мистер Бэлфур, положа руку на сердце, у меня такое убеждение: если от одних он и унесет ноги, его все равно прикончат другие.";"b1442d947f941d6612bea226225d7e39:3553:18";" He's King's Factor upon both, and from both he has to drive out the tenants; and indeed, Mr. Balfour (to be open with ye), it's my belief that if he escapes the one lot, he'll get his death by the other. ";"eng"
" — .налА литемаз — ,кеволеч но йыньлетизарбоос окбиш";"ажолоП";"шибко сообразительный он человек, — заметил Алан. —";"Положа";" ";"руку на сердце, боюсь, она ему";"Robert Louis Stevenson. Kidnapped (1886)";"Robert Louis Stevenson";"1850";"Kidnapped";"1886";"художественная";"";"";"";"";"";"омонимия не снята";"Kidnapped";"Роберт Луис Стивенсон";"Похищенный";"";"1967";"7020";"146548";"3510";"80444";"rus";"rus";"Великобритания";"";"— М-да, жаль, не шибко сообразительный он человек, — заметил Алан. — Положа руку на сердце, боюсь, она ему мало что скажет!";"b1442d947f941d6612bea226225d7e39:4555:10";" ""Well, ""says Alan, ""I wish he was a man of more penetration, for by my troth I am afraid he will make little enough of it! ";"eng"
" ,ижаксС ";"ажолоп";"Сскажи,";"положа";" ";"руку на сердце, Фалек, разве тогда";"Herman Melville. Moby-Dick (1851)";"Herman Melville";"1819";"Moby-Dick";"1851";"художественная";"";"";"";"";"";"омонимия не снята";"Moby-Dick";"Герман Мелвилл";"Моби Дик";"";"1961";"17354";"377670";"8677";"201158";"rus";"rus";"США";"";"Сскажи, положа руку на сердце, Фалек, разве тогда, у берегов Японии, когда вот этот самый ""Пекод"" потерял в тайфуне все три мачты, ― помнишь, ты как раз плавал помощником у Ахава разве не думал ты тогда о смерти и божьей каре?";"22ace9631fd7c4c29ce5adf190f74ff3:2753:1";" Tell me, when this same Pequod here had her three masts overboard in that typhoon on Japan, that same voyage when thou went mate with Captain Ahab, did'st thou not think of Death and the Judgment then? ";"eng"
" ";"ажолоП";"";"Положа";" ";"руку на сердце, жаль, что Генриетта";"Jane Austen. Persuasion (1816)";"Jane Austen";"1775";"Persuasion";"1816";"художественная";"";"";"";"";"";"омонимия не снята";"Persuasion";"Джейн Остин";"Доводы рассудка";"";"1988";"7248";"148714";"3624";"83484";"rus";"rus";"Великобритания";"";"Положа руку на сердце, жаль, что Генриетта не осталась с Луизой в Лайме; там она скорее была бы избавлена от его общества.";"57e0a4f8a5b091398b989aafaba9d708:4183:0";" Between ourselves, I think it a great pity Henrietta did not remain at Lyme as long as Louisa; it would have kept her a little out of his way. ";"eng"
