"Reversed left context";"Reversed center";"Left context";"Center";"Punct";"Right context";"Title";"Author";"Birthday";"Header";"Created";"Sphere";"Type";"Topic";"Publication";"Publ_year";"Medium";"Ambiguity";"Header";"Author_trans";"Header_trans";"Translator";"Date_trans";"Sentences";"Words";"Orig_sentences";"Orig_words";"Lang";"Lang_trans";"Lang_variant";"Dialect";"Full context";"Example source";"Para context 1";"Lang 1"
" ьтижолоп ежкат а ,овтснелч ее ьтивонатсоирп";"доп";"приостановить ее членство, а также положить";"под";" ";"сукно планы присоединения России к ВТО.";"Denis MacShane. Denis MacShane Explores the Myths About Russia [www.newsweek.com] (2008)";"Denis MacShane";"";"Denis MacShane Explores the Myths About Russia [www.newsweek.com]";"2008";"публицистика";"";"";"";"";"";"омонимия не снята";"Denis MacShane Explores the Myths About Russia [www.newsweek.com]";"";"Десять главных мифов о России, ее лидере и ее силе";"";"";"148";"2577";"74";"1353";"rus";"rus";"США";"";"Если Путин откажется отвести свои войска и прекратить фактическую аннексию части Грузии, европейские члены' большой семерки'могут приостановить ее членство, а также положить под сукно планы присоединения России к ВТО.";"ebeb14f10f96f2fdedaa7809ea79461e:117:23";" If Putin refuses to withdraw troops and end the de facto annexation of part of Georgia, Europe's G7 members could suspend Russia's membership and putWTO membership on hold. ";"eng"
" тажолоп онвар есв уболаж ушан воцнок";"доп";"концов нашу жалобу все равно положат";"под";" ";"сукно.";"Michael Crichton. NEXT (2006)";"Michael Crichton";"1942";"NEXT";"2006";"художественная";"";"";"";"";"";"омонимия не снята";"NEXT";"Майкл Крайтон";"NEXT";"";"2007";"21110";"215480";"10555";"109512";"rus";"rus";"США";"";"Наши гранты прикажут долго жить, а в конце концов нашу жалобу все равно положат под сукно.";"9bebd6418c70982072881b587bbcbc96:3931:14";" Our grants could dry up. And in the end, the complaint goes nowhere. ";"eng"
" вецнатирб далкод йынтеркес лижолоп ,адапаЗ ткеорп";"доп";"проект Запада, положил секретный доклад британцев";"под";" ";"сукно.)";"David Bodanis. E=mc²: A Biography of the World’s Most Famous Equation (2005)";"David Bodanis";"1950";"E=mc²: A Biography of the World’s Most Famous Equation";"2005";"учебно-научная";"";"";"";"";"";"омонимия не снята";"E=mc²: A Biography of the World’s Most Famous Equation";"Дэвид Боданис";"E=mc². Биография самого знаменитого уравнения в мире";"";"2009";"5308";"106205";"2654";"55488";"rus";"rus";"Великобритания, США";"";"(Именно тогда Олифант и узнал, что Лайман Дж. Бриггс, которому надлежало бы возглавить атомный проект Запада, положил секретный доклад британцев под сукно.)";"9883e7e6573efc90b9502c757341239f:3141:20";" (This was when Oliphant discovered that Lyman J. Briggs, leader of the West's atomic research project, had locked the top-secret British results inside his safe.) ";"eng"
" ытнемукод еыннелвотогдоп ьтижолоп ьсоладу оробсллиХ адог";"доп";"года Хиллсборо удалось положить подготовленные документы";"под";" ";"сукно под предлогом необходимости более тщательно";"Walter Isaacson. Benjamin Franklin: An American Life (2003)";"Walter Isaacson";"1952";"Benjamin Franklin: An American Life";"2003";"учебно-научная";"";"наука и технологии, история";"";"";"";"омонимия не снята";"Benjamin Franklin: An American Life";"Уолтер Айзексон";"Бенджамин Франклин. Биография";"";"2014";"16174";"343808";"8087";"182129";"rus";"rus";"США";"";"Но летом 1770 года Хиллсборо удалось положить подготовленные документы под сукно под предлогом необходимости более тщательно изучить их.";"81b6e1b6e410f8b1242cb9655e0bac1e:8943:9";" But in the summer of 1770, Hillsborough managed to have the scheme tabled for more study. ";"eng"
" ьсилалк ,меинемуоден микгел с адгони ,и";"доп";"и, иногда с легким недоумением, клались";"под";" ";"сукно.";"Walter Isaacson. Benjamin Franklin: An American Life (2003)";"Walter Isaacson";"1952";"Benjamin Franklin: An American Life";"2003";"учебно-научная";"";"наука и технологии, история";"";"";"";"омонимия не снята";"Benjamin Franklin: An American Life";"Уолтер Айзексон";"Бенджамин Франклин. Биография";"";"2014";"16174";"343808";"8087";"182129";"rus";"rus";"США";"";"В последующие четыре месяца многие из любимых мыслей Франклина ― об однопалатной легислатуре, о молитвах, об учреждении исполнительного совета вместо должности президента и об отказе от выплаты жалованья должностным лицам ― вежливо выслушивались и, иногда с легким недоумением, клались под сукно.";"81b6e1b6e410f8b1242cb9655e0bac1e:14703:37";" Over the ensuing four months, many of Franklin's pet proposals-a unicameral legislature, prayers, an executive council instead of president, no salaries for officeholders-were politely listened to and, sometimes with a bit of embarrassment, tabled. ";"eng"
" тажолоп акянреван уквяаз утэ онитрепуК в";"доп";"в Купертино эту заявку наверняка положат";"под";" ";"сукно, и Эдди направил ее Сандерсу";"Michael Crichton. Disclosure (1994)";"Michael Crichton";"1942";"Disclosure";"1994";"художественная";"";"";"";"";"";"омонимия не снята";"Disclosure";"Майкл Крайтон";"Разоблачение";"";"2004";"22282";"216557";"11141";"113778";"rus";"rus";"США";"";"Их было три — два были рутинными производственными отчетами из Ирландии, а третий был заявкой на ремонт крыши на заводе в Остине; в Купертино эту заявку наверняка положат под сукно, и Эдди направил ее Сандерсу, надеясь, что тот ускорит ее выполнение.";"bd13fa2f2f5499e50b9b34aab730a63e:4213:27";" Two were from Ireland, routine weekly production reports. The third was a requisition for a roof repair at the Austin plant; it had been held up in Operations in Cupertino, and Eddie had forwarded it to Sanders to try and get action. ";"eng"
" онежолоп ,оняретоп авонс ,юицнатсни юущяотсешыв в";"доп";"в вышестоящую инстанцию, снова потеряно, положено";"под";" ";"сукно, и, наконец, сдано в макулатуру.";"Douglas Adams. The Hitchhiker’s Guide to the Galaxy (1978-1979)";"Douglas Adams";"1952";"The Hitchhiker’s Guide to the Galaxy";"1978-1979";"художественная";"";"";"";"";"";"омонимия не снята";"The Hitchhiker’s Guide to the Galaxy";"Дуглас Адамс";"Путеводитель хитч-хайкера по Галактике";"";"1995-1997";"5806";"86000";"2903";"47259";"rus";"rus";"Великобритания";"";"Строительный Флот Вогенов. Прежде всего нужно сказать: если вы вознамерились попросить вогенов подвезти вас ― забудьте о своем намерении. Вогены ― одна из самых неприятных цивилизаций в Галактике. Он не злы по природе, но отличаются отвратительным характером, бюрократизмом, назойливостью и бездушием. Они и пальцем не пошевельнут, чтобы спасти родную бабушку от Траальского прожорного заглотозавера, если распоряжение по этому поводу не будет подписано в трех экземплярах, заверено, оформлено, потеряно, найдено, послано в вышестоящую инстанцию, снова потеряно, положено под сукно, и, наконец, сдано в макулатуру.";"196c00195c1de5423601f6709450f4d9:1297:74";" ""Vogon Constructor Fleets. Here is what to do if you want to get a lift from a Vogon: forget it. They are one of the most unpleasant races in the Galaxy ― not actually evil, but bad tempered, bureaucratic, officious and callous. They wouldn't even lift a finger to save their own grandmothers from the Ravenous Bugblatter Beast of Traal without orders signed in triplicate, sent in, sent back, queried, lost, found, subjected to public inquiry, lost again, and finally buried in soft peat and recycled as firelighters. ";"eng"
" лунус оншепсоп ,ленсаркоп нивеЛ ";"доп";"Левин покраснел, поспешно сунул";"под";" ";"сукно руку и положил направо, так";"Л. Н. Толстой. Анна Каренина (ч. 5-8) (1878)";"Л. Н. Толстой";"1828";"Анна Каренина (ч. 5-8)";"1878";"художественная";"";"";"";"";"";"омонимия не снята";"Анна Каренина (ч. 5-8)";"Leo Tolstoy";"Anna Karenina (parts 5-8)";"";"1911";"17958";"288534";"8979";"125442";"rus";"eng";"Великобритания";"";"Левин покраснел, поспешно сунул под сукно руку и положил направо, так как шар был в правой руке.";"f7a6706715d8c4ffc53d99eba6fa6a4a:10068:4";" Levin crimsoned, hurriedly thrust his hand under the cloth, and put the ball to the right as it was in his right hand. ";"eng"
