"Reversed left context";"Reversed center";"Left context";"Center";"Punct";"Right context";"Title";"Author";"Birthday";"Header";"Created";"Sphere";"Type";"Topic";"Publication";"Publ_year";"Medium";"Ambiguity";"Header";"Author_trans";"Header_trans";"Translator";"Date_trans";"Sentences";"Words";"Orig_sentences";"Orig_words";"Lang";"Lang_trans";"Lang_variant";"Dialect";"Full context";"Example source";"Para context 1";"Lang 1"
" ыМ ";"илапоп";"Мы";"попали";" ";"в переплет.";"Sebastian de Castell. Traitor’s Blade (2014)";"Sebastian de Castell";"";"Traitor’s Blade";"2014";"художественная";"";"";"";"";"";"омонимия не снята";"Traitor’s Blade";"Себастьян де Кастелл";"Клинок предателя";"";"2020";"17354";"213743";"8677";"119777";"rus";"rus";"Канада";"";"– Очень хорошо, – откликнулась леди из повозки. – Шкурники, приказываю вам сложить оружие.  Мы попали в переплет.  Брасти и Кест смотрели на меня в ожидании приказа, но я не знал, как следует поступить.";"c4b49e6c550c324699c84d1b213b2e1c:2771:1";" Very well,' the Lady said from her carriage. Trattari, you are hereby ordered to lay down your weapons.'  Well, now this was a bind.  Brasti and Kest looked at me for instruction, but I wasn't sure what the right move would be. ";"eng"
" мас адгок ,уроп юухолп в зар";"лапоп";"раз в плохую пору, когда сам";"попал";" ";"в переплет, а то бы мы";"Николай Островский. Как закалялась сталь (ч. 2) (1930-1934)";"Николай Островский";"1904";"Как закалялась сталь (ч. 2)";"1930-1934";"художественная";"";"";"";"";"";"омонимия не снята";"Как закалялась сталь (ч. 2)";"Nikolai Ostrovsky";"How the Steel was Tempered (pt 2)";"";"1952";"6612";"131631";"3306";"53770";"rus";"eng";"СССР/Россия";"";"― Послушай, Тая, будем говорить друг другу ""ты"", ― к чему нам эти китайские церемонии? Я скоро уеду. Встретился я с вами как раз в плохую пору, когда сам попал в переплет, а то бы мы дело иначе повернули. Будь это год назад, мы бы отсюда уезжали все вместе. Для таких рук, как у тебя и у Лели, работа бы нашлась! Со стариком надо кончать, этого не сагитируешь.";"de0612c035f8cb9a8e40eb6c517f33e4:5632:27";" ""Listen, Taya, you and I are good friends. Why should we stand on ceremony with each other? I am going away soon. It is a pity that I should have come to know your family just at the time when I myself am in trouble, otherwise things might have turned out differently. If this happened a year ago we could all leave here together. There is plenty of work everywhere for people like you and Lola. It's useless to expect the old man to change. The only way out is for you to leave home. ";"eng"
" ,иттэР огешан гурд йынвешудаз ,торК как";"лапоп";"как Крот, задушевный друг нашего Рэтти,";"попал";" ";"в переплет и заблудился; они все";"Kenneth Grahame. The Wind in the Willows (1908)";"Kenneth Grahame";"1859";"The Wind in the Willows";"1908";"художественная";"";"";"";"";"";"омонимия не снята";"The Wind in the Willows";"Кеннет Грэм";"Ветер в ивах";"";"1988";"5292";"91429";"2646";"49543";"rus";"rus";"Великобритания";"";"В кроличьих норах вчера только и разговору было, как Крот, задушевный друг нашего Рэтти, попал в переплет и заблудился; они все нарочно стали его заманивать и водить по лесу кругами.";"257f794b8b313de9f338450f793bcc1d:1923:14";" ""Then why didn't any of you DO something? ";"eng"
" икат ыВ ";"илапоп";"Вы таки";"попали";" ";"в переплет, сержант.";"Thomas Hardy. Far from the Madding Crowd (1874)";"Thomas Hardy";"1840";"Far from the Madding Crowd";"1874";"художественная";"";"";"";"";"";"омонимия не снята";"Far from the Madding Crowd";"Томас Гарди";"Вдали от обезумевшей толпы";"";"1970";"17882";"257619";"8941";"137583";"rus";"rus";"Великобритания";"";"― А почему бы вам не написать ей?  Вы таки попали в переплет, сержант.  И когда вы вернетесь, то знайте ― все ваши штучки выплывут наружу, а ведь они не больно-то приглядные.";"e235f4b270c34dc6f661c547dc123d5d:15887:2";" ""Why not write to her? ' Tis a very queer corner that you have got into, sergeant.  You see all these things will come to light if you go back, and they won't sound well at all. ";"eng"
