"Reversed left context";"Reversed center";"Left context";"Center";"Punct";"Right context";"Title";"Author";"Birthday";"Header";"Created";"Sphere";"Type";"Topic";"Publication";"Publ_year";"Medium";"Ambiguity";"Header";"Author_trans";"Header_trans";"Translator";"Date_trans";"Sentences";"Words";"Orig_sentences";"Orig_words";"Lang";"Lang_trans";"Lang_variant";"Dialect";"Full context";"Example source";"Para context 1";"Lang 1"
" ,ончыбо как ,мзицитпекс огЕ ";"лапоп";"Его скептицизм, как обычно,";"попал";" ";"в точку.";"Richard Dawkins. The Ancestor's tale (2004)";"Richard Dawkins";"1941";"The Ancestor's tale";"2004";"учебно-научная, публицистика";"";"наука и технологии, философия";"";"";"";"омонимия не снята";"The Ancestor's tale";"Ричард Докинз";"Рассказ предка";"";"2015";"20530";"387859";"10265";"208485";"rus";"rus";"Великобритания";"";"Его скептицизм, как обычно, попал в точку.";"052f2010ec2deca65507c0db87d7993d:18367:4";" His scepticism was on target as usual. ";"eng"
" ано отч ,ястежако илсе А ";"алапоп";"А если окажется, что она";"попала";" ";"в точку, тогда уж она утрет";"Tess Gerritsen. The Surgeon (2001)";"Tess Gerritsen";"1953";"The Surgeon";"2001";"художественная";"";"";"";"";"";"омонимия не снята";"The Surgeon";"Тесс Герритсен";"Хирург";"";"2010";"19392";"184067";"9696";"99265";"rus";"rus";"США";"";"А если окажется, что она попала в точку, тогда уж она утрет всем нос.";"c4f2889da656749cf731cc2693e6d4ea:3361:5";" And if they bore fruit, she would rightfully claim credit. ";"eng"
" отч ,аляноп гурдв ниртэК ";"алапоп";"Кэтрин вдруг поняла, что";"попала";" ";"в точку.";"Tess Gerritsen. The Surgeon (2001)";"Tess Gerritsen";"1953";"The Surgeon";"2001";"художественная";"";"";"";"";"";"омонимия не снята";"The Surgeon";"Тесс Герритсен";"Хирург";"";"2010";"19392";"184067";"9696";"99265";"rus";"rus";"США";"";"Кэтрин вдруг поняла, что попала в точку.";"c4f2889da656749cf731cc2693e6d4ea:15251:4";" Catherine suddenly realized that she had hit on the truth. ";"eng"
" зар йищюуделс В ";"етидапоп";"В следующий раз";"попадите";" ";"в точку.";"Dan Brown. Angels and Demons (2000)";"Dan Brown";"1964";"Angels and Demons";"2000";"художественная";"";"";"";"";"";"омонимия не снята";"Angels and Demons";"Дэн Браун";"Ангелы и демоны";"";"2004";"16144";"298893";"8072";"150396";"rus";"rus";"США";"";"― У вас есть возможность реабилитироваться.  В следующий раз попадите в точку.  В следующий раз? Это было жестокое в своей точности замечание. Следующего раза не будет. Они использовали свой единственный патрон!";"516f8420ab7d29d361213657275ee895:8271:3";" ""So redeem yourself.  Get him next time. "" NEXT TIME? Langdon thought it was a cruel comment. THERE IS NO NEXT TIME! WE MISSED OUR SHOT! ";"eng"
" ьтяпо рйаМ ";"лапоп";"Майр опять";"попал";" ";"в точку, но «фенотип», который он";"Richard Dawkins. The Extended Phenotype: The Long Reach of the Gene (1999)";"Richard Dawkins";"1941";"The Extended Phenotype: The Long Reach of the Gene";"1999";"учебно-научная";"";"";"";"";"";"омонимия не снята";"The Extended Phenotype: The Long Reach of the Gene";"Ричард Докинз";"Расширенный фенотип: длинная рука гена";"";"2010";"10440";"239239";"5220";"128331";"rus";"rus";"Великобритания";"";"Майр опять попал в точку, но «фенотип», который он имеет в виду, — это еще не все, его можно расширить и за пределы индивидуального организма.";"d7393a6ccd2ce685588af3419d7fedbc:9611:2";" Mayr hits the nail on the head again, but his' phenotype'is not the ultimate: it can be extended outside the individual body. ";"eng"
" ,ястежак И ";"лапоп";"И кажется,";"попал";" ";"в точку.";"Stephen Chbosky. The Perks of Being a Wallflower (1999)";"Stephen Chbosky";"1970";"The Perks of Being a Wallflower";"1999";"художественная";"";"";"";"";"";"омонимия не снята";"The Perks of Being a Wallflower";"Стивен Чбоски";"Хорошо быть тихоней";"";"2013";"11182";"114915";"5591";"63141";"rus";"rus";"США";"";"Я подарил Бобу тюбик для мыльных пузырей – мне показалось, это соответствует типу его личности.  И кажется, попал в точку.  – Не слабо, – только и сказал он.";"260e3ece542707bb2e93321616ef7e32:3329:2";" I gave Bob a little plastic tube of soap bubbles because it just seemed to fit his personality.  I guess I was right.  ""Too much, ""was all he said. ";"eng"
" он ,дагуан алазакс яраВ ";"алапоп";"Варя сказала наугад, но";"попала";" ";"в точку.";"Анатолий Рыбаков. Дети Арбата (1966-1983)";"Анатолий Рыбаков";"1911";"Дети Арбата";"1966-1983";"художественная";"";"";"";"";"";"омонимия не снята";"Дети Арбата";"Anatoly Rybakov";"Children of the Arbat";"";"1989";"30920";"396402";"15460";"162911";"rus";"eng";"Великобритания";"";"Варя сказала наугад, но попала в точку.";"4b2ac83dc5cc44d4f433357c114f6b48:27890:4";"” It was a wild guess, but Varya had hit the mark. ";"eng"
" ,йулажоп ,ыв ,аД“ ";"илапоп";"“Да, вы, пожалуй,";"попали";" ";"в точку, но это не все";"Владимир Набоков. Подвиг (1931)";"Владимир Набоков";"1899";"Подвиг";"1931";"художественная";"";"";"";"";"";"омонимия не снята";"Подвиг";"Vladimir Nabokov";"Glory";"";"1970";"5084";"111196";"2542";"47556";"rus";"eng";"Великобритания, США";"";"“Да, вы, пожалуй, попали в точку, но это не все, не только спорт.";"cf31deac8f0cbd5dabd1fcf969a22a39:3396:3";" ""Yes, you may have put your finger on it. ";"eng"
" онвя наирэМ :ляисорп роверТ ";"алапоп";"Тревор просиял: Мэриан явно";"попала";" ";"в точку.";"Margaret Atwood. Edible Woman (1969)";"Margaret Atwood";"1939";"Edible Woman";"1969";"художественная";"";"";"";"";"";"омонимия не снята";"Edible Woman";"Маргарет Этвуд";"Лакомый кусочек";"";"1981";"11726";"188776";"5863";"103795";"rus";"rus";"Канада";"";"Тревор просиял: Мэриан явно попала в точку.";"ad665abca6dd8ec58be26a38c4eace42:7813:4";" Trevor beamed. She was obviously saying the right things. ";"eng"
" ,ястировог как ,нО ";"лапоп";"Он, как говорится,";"попал";" ";"в точку.";"Владимир Набоков. Соглядатай (1930)";"Владимир Набоков";"1899";"Соглядатай";"1930";"художественная";"";"";"";"";"";"омонимия не снята";"Соглядатай";"Vladimir Nabokov";"The Eye";"";"1965";"2074";"37136";"1037";"15808";"rus";"eng";"Великобритания, США";"";"Зайдете?  Он, как говорится, попал в точку.  Вайншток и его книги давно мне приелись.";"54c25ecea94b6b284d10abf0ad4975b9:2010:3";" You'll stop by, then? "" He had, as they say, hit the bull's-eye.  I had long been fed up with Weinstock and his books. ";"eng"
" ,ястежаК – ";"илапоп";"– Кажется,";"попали";" ";"в точку, – сказал военный.";"Анатолий Рыбаков. Кортик (1948)";"Анатолий Рыбаков";"1911";"Кортик";"1948";"художественная";"";"";"";"";"";"омонимия не снята";"Кортик";"Anatoly Rybakov";"The Dirk";"";"1954";"13092";"119573";"6546";"49877";"rus";"eng";"СССР/Россия";"";"Его незаурядные способности и глубокие познания, приобретенные под руководством незабвенного П. Н. Подволоцкого, давали ему все основания стать для вооружения флота тем, чем был для вооружения сухопутных войск его знаменитый предок П. И. Терентьев».  – Кажется, попали в точку, – сказал военный.  – Есть у вас военная энциклопедия, Алексей Иваныч?";"ee502a79f100bf8ca04b60ee4f7a3722:10438:1";" His outstanding ability and profound knowledge, acquired under the guidance of the immortal P. N. Podvolotsky, gave him every opportunity of becoming, for the armaments of the navy, what his famous ancestor P. I. Terentyev had been for the armaments of the land forces.' """" I think you've got it, ""the man in uniform noted. "" Have you a military encyclopaedia, Aleksei Ivanovich? """;"eng"
" ,ястежак ,я аД ";"лапоп";"Да я, кажется,";"попал";" ";"в точку!";"Ray Bradbury. Fahrenheit 451 (1953)";"Ray Bradbury";"1920";"Fahrenheit 451";"1953";"художественная";"";"";"";"";"";"омонимия не снята";"Fahrenheit 451";"Рэй Брэдбери";"451 по Фаренгейту";"";"1956";"8232";"87474";"4116";"45826";"rus";"rus";"США";"";"Эгэ!  Да я, кажется, попал в точку!  Достаточно поглядеть на ваше потерянное лицо.";"efd42b027d9a066e4707df05161aae36:5853:3";" I'll be damned.  I've hit the bullseye.  Look at the sick look on your face. ";"eng"
" ыботч ;А к итуп лоп ан";"ьтсапоп";"на пол пути к А; чтобы";"попасть";" ";"в точку Б, прежде оно должно";"Will Durant. The Life of Greece: The Story of Civilization, Volume 2 (1939)";"Will Durant";"1885";"The Life of Greece: The Story of Civilization, Volume 2";"1939";"учебно-научная";"";"наука и технологии, история";"";"";"";"омонимия не снята";"The Life of Greece: The Story of Civilization, Volume 2";"Уилл Дюрант";"Жизнь Греции. История цивилизации. Том 2";"";"2001";"7634";"195420";"3817";"106880";"rus";"rus";"США";"";"Во-первых, утверждал Зенон, любое тело, двигаясь к точке А, сначала должно достичь точки Б, лежащей на пол пути к А; чтобы попасть в точку Б, прежде оно должно достичь точки В, лежащей на полпути к Б; и так до бесконечности.";"1468d98928e00b16a6fdd9f6e27f056d:6905:21";" First, said Zeno, any body, in order to move to point A, must reach B, the middle of its course toward A; to arrive at B it must reach C, the middle of its course toward B; and so on to infinity. ";"eng"
" икшумаМ аволС ";"илапоп";"Слова Мамушки";"попали";" ";"в точку, возразить было нечего.";"Margaret Mitchell. Gone with the Wind, Part 1 (1936)";"Margaret Mitchell";"1900";"Gone with the Wind, Part 1";"1936";"художественная";"";"";"";"";"";"омонимия не снята";"Gone with the Wind, Part 1";"Маргарет Митчелл";"Унесённые ветром, ч. 1";"";"1982";"25706";"403929";"12853";"209514";"rus";"rus";"США";"";"Слова Мамушки попали в точку, возразить было нечего.";"b1a6e9a3c23689e80357c5e30e2d9a2f:3181:2";" Mammy had her there and there was no argument. ";"eng"
" узарс отаЗ ― ";"алапоп";"― Зато сразу";"попала";" ";"в точку.";"Jack London. Martin Eden (1909)";"Jack London";"1876";"Martin Eden";"1909";"художественная";"";"";"";"";"";"омонимия не снята";"Martin Eden";"Джек Лондон";"Мартин Иден";"";"1984";"6748";"96210";"3374";"53634";"rus";"rus";"США";"";"― А ты не спрашивала, ― Мартин улыбнулся.  ― Зато сразу попала в точку.  Я и есть Билл, право слово.";"08312822409a5b08b614c44854349957:2193:2";" ""You never asked it, ""he smiled. "" Besides, you guessed the first rattle.  It's Bill, all right, all right. ";"eng"
" Я ― ";"лапоп";"― Я";"попал";" ";"в точку.";"Jack London. A Daughter of the Snows (1902)";"Jack London";"1876";"A Daughter of the Snows";"1902";"художественная";"";"";"";"";"";"омонимия не снята";"A Daughter of the Snows";"Джек Лондон";"Дочь снегов";"";"1927";"12982";"158103";"6491";"87010";"rus";"rus";"США";"";"Она кивнула головой.  ― Я попал в точку.  Во-первых, ― и он перехватил тревожный взгляд Люсиль, - она только третьего дня напела вам о Сент-Винсенте.";"00fcb7cba2600469b8b8b3203cff0f4d:8139:1";" She nodded.  ""And I can put my hand right on the spot.  First place, ""he looked to the side and saw Lucile stealing an anxious glance to him, ― ""first place, only the other day she gave you a song about St. Vincent. ";"eng"
