"Reversed left context";"Reversed center";"Left context";"Center";"Punct";"Right context";"Title";"Author";"Birthday";"Header";"Created";"Sphere";"Type";"Topic";"Publication";"Publ_year";"Medium";"Ambiguity";"Header";"Author_trans";"Header_trans";"Translator";"Date_trans";"Sentences";"Words";"Orig_sentences";"Orig_words";"Lang";"Lang_trans";"Lang_variant";"Dialect";"Full context";"Example source";"Para context 1";"Lang 1"
" ,ьтазерс янем ьсаларибос тов-тов ано имыроток";"ьтиватсоп";"которыми она вот-вот собиралась меня срезать,";"поставить";" ";"на место.";"André Aciman. Find Me (2019)";"André Aciman";"1951";"Find Me";"2019";"художественная";"";"";"";"";"";"омонимия не снята";"Find Me";"Андре Асиман";"Найди меня";"";"2020";"10458";"132249";"5229";"71048";"rus";"rus";"США";"";"В ответ она только недоуменно посмотрела на меня с враждебным блеском в глазах, предваряющим слова, которыми она вот-вот собиралась меня срезать, поставить на место.";"c04fcfde0931c7732a19a12e91a18d64:37:21";" All she did was stare at me with a baffled, hostile glint in her eyes that presaged the very words about to cut me down and put me in my place. ";"eng"
" лыбаз от-отК – ";"ьтиватсоп";"– Кто-то забыл";"поставить";" ";"на место каталог курсов, и я";"Rich Karlgaard. Late Bloomers: The Power of Patience in a World Obsessed with Early Achievement (2019)";"Rich Karlgaard";"";"Late Bloomers: The Power of Patience in a World Obsessed with Early Achievement";"2019";"публицистика";"";"наука и технологии, психология";"";"";"";"омонимия не снята";"Late Bloomers: The Power of Patience in a World Obsessed with Early Achievement";"Рич Карлгаард";"Поздний расцвет. Как взрослым добиться успеха в мире, одержимом ранним развитием";"";"2020";"8214";"143662";"4107";"76929";"rus";"rus";"США";"";"– Кто-то забыл поставить на место каталог курсов, и я пролистывал его, чтобы найти себе занятия на дневные часы.";"bc7f1462cd2fb380722a7a5d6cd0fd42:6201:2";" “Someone had forgotten to return a course catalog, and I thumbed through it attempting to find a filler course to occupy the early time slot. ";"eng"
" алему ано он ,ьчолем юунневтсйязох юунчинаргаз";"ьтиватсоп";"заграничную хозяйственную мелочь, но она умела";"поставить";" ";"на место басурманов: — В России вся";"Людмила Улицкая. Зеленый шатер (2011)";"Людмила Улицкая";"1943";"Зеленый шатер";"2011";"художественная";"";"";"";"";"";"омонимия не снята";"Зеленый шатер";"Liudmila Ulitskaia";"The Big Green Tent";"";"2014";"24914";"345015";"12457";"142298";"rus";"eng";"США";"";"Антонина Наумовна любила всякую заграничную хозяйственную мелочь, но она умела поставить на место басурманов: — В России вся мощь, весь интеллект наших ученых направлены на создание космических ракет, атомных электростанций, а они — об открывалках заботятся.";"07bbb7ae9d77d8903966e4952714070f:5284:10";" Antonina Naumovna was delighted with any sort of foreign household appliance or trinket, but she attempted to put the infidels in their place: “In Russia, all our might, all the intellect and know-how of our scientists, is for exploring the cosmos and making atomic power stations. They just invent can openers. ";"eng"
"« онжун укилбуП ";"ьтиватсоп";"Публику нужно «";"поставить";" ";"на место», продолжал Липпман; ее «функция";"Noam Chomsky. Profit Over People: Neoliberalism and Global Order (1999)";"Noam Chomsky";"1928";"Profit Over People: Neoliberalism and Global Order";"1999";"учебно-научная";"";"";"";"";"";"омонимия не снята";"Profit Over People: Neoliberalism and Global Order";"Ноам Хомский";"Прибыль важнее людей: Неолиберализм и мировой порядок";"";"2002";"2902";"77078";"1451";"40397";"rus";"rus";"США";"";"Публику нужно «поставить на место», продолжал Липпман; ее «функция» быть «наблюдателями действия», а не его участниками, не считая периодически проходящих выборов, на которых публике приходится выбирать своих руководителей из среды специализированного класса.";"093b2e5ca3484ec9613204725555e717:889:2";" The public must ""be put in its place, ""Lippmann continued: their"" function"" is to be ""spectators of action, ""not participants, apart from periodic electoral exercises when they choose among the specialized class. ";"eng"
" ыботч ,речев йыджак тидохирп но ,жоротс";"ьтиватсоп";"сторож, он приходит каждый вечер, чтобы";"поставить";" ";"на место стулья и запереть дверь.";"Terry Pratchett. Guards! Guards! (1989)";"Terry Pratchett";"1948";"Guards! Guards!";"1989";"художественная";"";"";"";"";"";"омонимия не снята";"Guards! Guards!";"Терри Пратчетт";"Стража! Стража!";"";"2020";"17614";"190939";"8807";"98029";"rus";"rus";"Великобритания";"";"Там работает сторож, он приходит каждый вечер, чтобы поставить на место стулья и запереть дверь.";"c2e7f1ce36a69de8129b3884a6c8ee28:10597:8";" There's a caretaker who goes along every night to put the chairs away and lock up. ";"eng"
" меч ,еджерп ,лертомсоп оген ан оньлетатчем";"ьтиватсоп";"мечтательно на него посмотрел, прежде, чем";"поставить";" ";"на место.";"Владимир Набоков. Подвиг (1931)";"Владимир Набоков";"1899";"Подвиг";"1931";"художественная";"";"";"";"";"";"омонимия не снята";"Подвиг";"Vladimir Nabokov";"Glory";"";"1970";"5084";"111196";"2542";"47556";"rus";"eng";"Великобритания, США";"";"“Ее зовут Ивлин, она, знаешь, недурно поет, я уверен, что ты бы очень с ней подружился”, — и, отобрав портрет, Дарвин еще раз мечтательно на него посмотрел, прежде, чем поставить на место.";"cf31deac8f0cbd5dabd1fcf969a22a39:4732:28";" ""Her name's Evelyn, she sings rather well, I'm sure you'll become very good friends with her. ""Darwin took the portrait and gave it a dreamy look before returning it to its place. ";"eng"
" хи ьнел уме ,хыньлатсо хревоп ямшалп";"ьтиватсоп";"плашмя поверх остальных, ему лень их";"поставить";" ";"на место.";"William Golding. Lord of the Flies (1954)";"William Golding";"1911";"Lord of the Flies";"1954";"художественная";"";"";"";"";"";"омонимия не снята";"Lord of the Flies";"Уильям Голдинг";"Повелитель мух";"";"1985";"11860";"107165";"5930";"60665";"rus";"rus";"Великобритания";"";"И книги они клонятся на полке оттого, что две или три лежат плашмя поверх остальных, ему лень их поставить на место.";"0975fdf44abcfb183c1e7d0026c2e318:6291:18";" And the books they stood on the shelf by the bed, leaning together with always two or three laid flat on top because he had not bothered to put them back properly. ";"eng"
" угомоп мав я ,етьловзоП — ";"ьтиватсоп";"— Позвольте, я вам помогу";"поставить";" ";"на Место эти ящики.";"Dorothy L Sayers. Strong Poison (1930)";"Dorothy L Sayers";"1893";"Strong Poison";"1930";"художественная";"";"";"";"";"";"омонимия не снята";"Strong Poison";"Дороти Сэйерс";"Смертельный яд";"";"2007";"11182";"137800";"5591";"78666";"rus";"rus";"Великобритания";"";"— Позвольте, я вам помогу поставить на Место эти ящики.";"8afd271a456189c18ea16ec50713b721:6641:4";"' Allow me to assist you in replacing those boxes. ";"eng"
" оге ым ьсиларатс ин как ,еороток";"ьтиватсоп";"которое, как ни старались мы его";"поставить";" ";"на место, пролезло-таки в заключение";"Virginia Woolf. Orlando: A Biography (1928)";"Virginia Woolf";"1882";"Orlando: A Biography";"1928";"художественная";"";"";"";"";"";"омонимия не снята";"Orlando: A Biography";"Вирджиния Вулф";"Орландо";"";"1997";"6694";"139900";"3347";"79149";"rus";"rus";"Великобритания";"";"– Слава Богу, я женщина! – воскликнула она и чуть было не впала в крайнюю глупость – нет ни в мужчинах, ни в женщинах ничего противнее, – а именно гордость своим полом, но тут она запнулась на странном слове, которое, как ни старались мы его поставить на место, пролезло-таки в заключение последней фразы: Любовь.";"ce7a4866368b172478a8bbb898aa69fc:2941:41";"' Praise God that I'm a woman!' she cried, and was about to run into extreme folly ― than which none is more distressing in woman or man either ― of being proud of her sex, when she paused over the singular word, which, for all we can do to put it in its place, has crept in at the end of the last sentence: Love. ";"eng"
" ыботч огот ялд ,онтсевзи ман отч";"ьтиватсоп";"что нам известно, для того чтобы";"поставить";" ";"на место новые факты, когда они";"Arthur Conan Doyle. The Adventure of the Devil’s Foot (1910)";"Arthur Conan Doyle";"1859";"The Adventure of the Devil’s Foot";"1910";"художественная";"";"";"";"";"";"омонимия не снята";"The Adventure of the Devil’s Foot";"Артур Конан Дойл";"Дьяволова нога";"";"1966";"1144";"17361";"572";"10026";"rus";"rus";"Великобритания";"";"― Нужно твердо усвоить хотя бы то, что нам известно, для того чтобы поставить на место новые факты, когда они появятся.";"9b75d7ddcd07aa6a2b25ac557b2c206c:363:12";" ""Let us get a firm grip of the very little which we DO know, so that when fresh facts arise we may be ready to fit them into their places. ";"eng"
" и оге ьтунредо ьсолширп унуотслоК ;ясьтичярог";"ьтиватсоп";"горячиться; Колстоуну пришлось одернуть его и";"поставить";" ";"на место; одни приняли сторону стряпчего";"Robert Louis Stevenson. Catriona (1893)";"Robert Louis Stevenson";"1850";"Catriona";"1893";"художественная";"";"";"";"";"";"омонимия не снята";"Catriona";"Роберт Луис Стивенсон";"Катриона";"";"1967";"10076";"182510";"5038";"101252";"rus";"rus";"Великобритания";"";"В конце концов стряпчий начал горячиться; Колстоуну пришлось одернуть его и поставить на место; одни приняли сторону стряпчего, другие — Колстоуна, причем все очень шумели; на герцога Аргайлского посыпались удары, как на одеяло, из которого выколачивают пыль; между прочим, досталось и королю Георгу, хотя кое-кто и защищал его в самых изысканных выражениях; забыли, казалось, только одного человека, а именно Джемса Глена.";"2952b62afab51e809220d50458ae5cad:5289:11";" The Writer was led into some hot expressions; Colstoun must take him up and set him right; the rest joined in on different sides, but all pretty noisy; the Duke of Argyle was beaten like a blanket; King George came in for a few digs in the by-going and a great deal of rather elaborate defence; and there was only one person that seemed to be forgotten, and that was James of the Glens. ";"eng"
