"Reversed left context";"Reversed center";"Left context";"Center";"Punct";"Right context";"Title";"Author";"Birthday";"Header";"Created";"Sphere";"Type";"Topic";"Publication";"Publ_year";"Medium";"Ambiguity";"Header";"Author_trans";"Header_trans";"Translator";"Date_trans";"Sentences";"Words";"Orig_sentences";"Orig_words";"Lang";"Lang_trans";"Lang_variant";"Dialect";"Full context";"Example source";"Para context 1";"Lang 1"
" ,уноротс хи в тиртомс ен откин";"тюарибирп";"никто не смотрит в их сторону,";"прибирают";" ";"к рукам наше общее наследство.";"Michael Crichton. NEXT (2006)";"Michael Crichton";"1942";"NEXT";"2006";"художественная";"";"";"";"";"";"омонимия не снята";"NEXT";"Майкл Крайтон";"NEXT";"";"2007";"21110";"215480";"10555";"109512";"rus";"rus";"США";"";"Патентуя гены, они втихаря, пока никто не смотрит в их сторону, прибирают к рукам наше общее наследство.";"9bebd6418c70982072881b587bbcbc96:15931:11";" Patenting genes, grabbing up our common heritage while no one is looking. ";"eng"
" оннепетсоп ,лис ьсиларибан огенделсоп ынелЧ ";"яарибирп";"Члены последнего набирались сил, постепенно";"прибирая";" ";"к рукам власть в масонских ложах.";"Dan Brown. Angels and Demons (2000)";"Dan Brown";"1964";"Angels and Demons";"2000";"художественная";"";"";"";"";"";"омонимия не снята";"Angels and Demons";"Дэн Браун";"Ангелы и демоны";"";"2004";"16144";"298893";"8072";"150396";"rus";"rus";"США";"";"Члены последнего набирались сил, постепенно прибирая к рукам власть в масонских ложах.";"516f8420ab7d29d361213657275ee895:1209:5";" The Illuminati grew within their ranks, gradually taking over positions of power within the lodges. ";"eng"
" иицаропрок )еикснакирема онневтсещумиерп( еыннартсони адгок ,теакинзов";"тюарибирп";"возникает, когда иностранные (преимущественно американские) корпорации";"прибирают";" ";"к рукам коммуникации, финансы и продовольственные";"Noam Chomsky. Profit Over People: Neoliberalism and Global Order (1999)";"Noam Chomsky";"1928";"Profit Over People: Neoliberalism and Global Order";"1999";"учебно-научная";"";"";"";"";"";"омонимия не снята";"Profit Over People: Neoliberalism and Global Order";"Ноам Хомский";"Прибыль важнее людей: Неолиберализм и мировой порядок";"";"2002";"2902";"77078";"1451";"40397";"rus";"rus";"США";"";"Никаких проблем не возникает, когда иностранные (преимущественно американские) корпорации прибирают к рукам коммуникации, финансы и продовольственные поставки.";"093b2e5ca3484ec9613204725555e717:1331:9";" No problem arises when communications, finance, and food supplies are taken over by foreign (mainly US) corporations. ";"eng"
" ";"теарибирП";"";"Прибирает";" ";"к рукам с юных лет, обласкивает";"А. Н. Стругацкий, Б. Н. Стругацкий. Обитаемый остров (1971)";"А. Н. Стругацкий, Б. Н. Стругацкий";"1925, 1933";"Обитаемый остров";"1971";"художественная";"";"";"";"";"";"омонимия не снята";"Обитаемый остров";"Arkady Strugatsky, Boris Strugatsky";"Prisoners of Power";"";"1977";"17098";"190818";"8549";"88020";"rus";"eng";"США";"";"Прибирает к рукам с юных лет, обласкивает, отдаляет от родителей — а родители-то до смерти, дураки, рады! — и вот, глядишь, ещё один солдатик становится в твой строй…";"6599e74e18391ebc6a3ec46d732cee53:14936:0";" Gets a solid hold on a person when he's young; is very kind to him; takes him away from his parents — and the parents, the fools, are tickled pink! — and another little soldier joins his ranks. ";"eng"
" ьтсовилчаду ,хавтсрадусог хигурд в и как";"теарибирп";"как и в других государствах, удачливость";"прибирает";" ";"к рукам все, что может.";"Will Durant. The Life of Greece: The Story of Civilization, Volume 2 (1939)";"Will Durant";"1885";"The Life of Greece: The Story of Civilization, Volume 2";"1939";"учебно-научная";"";"наука и технологии, история";"";"";"";"омонимия не снята";"The Life of Greece: The Story of Civilization, Volume 2";"Уилл Дюрант";"Жизнь Греции. История цивилизации. Том 2";"";"2001";"7634";"195420";"3817";"106880";"rus";"rus";"США";"";"В Афинах, как и в других государствах, удачливость прибирает к рукам все, что может.";"1468d98928e00b16a6fdd9f6e27f056d:4779:8";" In Athens, as in other states, cleverness gets all that it can, and mediocrity gets the rest. ";"eng"
" имав с ым отч ,иланзу ино";"меарибирп";"они узнали, что мы с вами";"прибираем";" ";"к рукам конку, и это им";"Theodore Dreiser. The Financier (1912)";"Theodore Dreiser";"1871";"The Financier";"1912";"художественная";"";"";"";"";"";"омонимия не снята";"The Financier";"Теодор Драйзер";"Финансист";"";"1944";"23456";"363269";"11728";"196713";"rus";"rus";"США";"";"Неужели вам непонятно: они узнали, что мы с вами прибираем к рукам конку, и это им не по нутру.";"2e33158397b70dd397e746e464f37657:9525:9";" Well they know that you and I are getting street-railways, don't you see, and they don't want us to have them. ";"eng"
