"Reversed left context";"Reversed center";"Left context";"Center";"Punct";"Right context";"Title";"Author";"Birthday";"Header";"Created";"Sphere";"Type";"Topic";"Publication";"Publ_year";"Medium";"Ambiguity";"Header";"Author_trans";"Header_trans";"Translator";"Date_trans";"Sentences";"Words";"Orig_sentences";"Orig_words";"Lang";"Lang_trans";"Lang_variant";"Dialect";"Full context";"Example source";"Para context 1";"Lang 1"
" худзов йижевс ― тиртс-тсрёФ оп ьтуп";"лёвирп";"путь по Фёрст-стрит ― свежий воздух";"привёл";" ";"в себя пьяную подругу ― начался дождь";"Charles R. Cross. Heavier Than Heaven (2001)";"Charles R. Cross";"1975";"Heavier Than Heaven";"2001";"публицистика";"";"частная жизнь, искусство и культура";"";"";"";"омонимия не снята";"Heavier Than Heaven";"Чарльз Кросс";"Тяжелее Небес: Жизнь и смерть Курта Кобейна";"";"2021";"15128";"273446";"7564";"143069";"rus";"rus";"США";"";"Когда Курт и две его сопровождающие начали путь по Фёрст-стрит ― свежий воздух привёл в себя пьяную подругу ― начался дождь, и хотя это походило на зловещий знак, ещё до восхода солнца Курт потеряет свою девственность.";"062510b66d8f2a1c6f2278f9937aac95:2321:13";" As Kurt and his two cohorts began walking down First Street-the fresh air had revived the drunk friend-it began to rain, and though that seemed like an ominous sign, before the sun would rise Kurt would lose his virginity. ";"eng"
" ен он ,иливижо аларенеГ ";"илевирп";"Генерала оживили, но не";"привели";" ";"в себя; доктора выражались, что «во";"Ф. М. Достоевский. Идиот (1868-1869)";"Ф. М. Достоевский";"1821";"Идиот";"1868-1869";"художественная";"";"";"";"";"";"омонимия не снята";"Идиот";"Fedor Dostoevsky";"The Idiot";"";"1915";"23994";"441819";"11997";"200886";"rus";"eng";"Великобритания";"";"Генерала оживили, но не привели в себя; доктора выражались, что «во всяком случае пациент в опасности».";"02acae359836f47f703b337b87151cb4:20966:4";" The general was brought round to some extent, but the doctors declared that he could not be said to be out of danger. ";"eng"
" ястсаду ен ее ,йокоп ястирацов ен";"итсевирп";"не воцарится покой, ее не удастся";"привести";" ";"в себя.";"Charlotte Brontë. Jane Eyre (1847)";"Charlotte Brontë";"1816";"Jane Eyre";"1847";"художественная";"";"";"";"";"";"омонимия не снята";"Jane Eyre";"Шарлотта Бронте";"Джейн Эйр";"";"1950";"17896";"344453";"8948";"186739";"rus";"rus";"Великобритания";"";"А теперь я должен проводить вас в ваши комнаты: пока в доме не воцарится покой, ее не удастся привести в себя.";"0a7c00da545dbcb74563ade41aadf337:7037:18";" Now, then, I must see you all back into your rooms; for, till the house is settled, she cannot be looked after. ";"eng"
" отЭ ";"олевирп";"Это";"привело";" ";"в себя мистера Боба Сойера, который";"Charles Dickens. The Posthumous Papers of the Pickwick Club (1836-1837)";"Charles Dickens";"1812";"The Posthumous Papers of the Pickwick Club";"1836-1837";"художественная";"";"";"";"";"";"омонимия не снята";"The Posthumous Papers of the Pickwick Club";"Чарльз Диккенс";"Посмертные записки Пиквикского клуба";"";"1933";"31534";"516076";"15767";"287005";"rus";"rus";"Великобритания";"";"Это привело в себя мистера Боба Сойера, который до сей поры был совершенно парализован буйным припадком своего приятеля.";"44c1add02382c6859cb2b4883cdab3f3:26095:1";" This roused Mr. Bob Sawyer, who had been hitherto quite paralysed by the frenzy of his companion. ";"eng"
