"Reversed left context";"Reversed center";"Left context";"Center";"Punct";"Right context";"Title";"Author";"Birthday";"Header";"Created";"Sphere";"Type";"Topic";"Publication";"Publ_year";"Medium";"Ambiguity";"Header";"Author_trans";"Header_trans";"Translator";"Date_trans";"Sentences";"Words";"Orig_sentences";"Orig_words";"Lang";"Lang_trans";"Lang_variant";"Dialect";"Full context";"Example source";"Para context 1";"Lang 1"
" утэ юицамрофни и — йоклеч и мотнецка";"теаксупорп";"акцентом и челкой — и информацию эту";"пропускает";" ";"мимо ушей.";"Rob Harvilla. Russia, By Way of Hollywood [The Ringer] (01.04.2018)";"Rob Harvilla";"";"Russia, By Way of Hollywood [The Ringer]";"01.04.2018";"публицистика";"";"";"";"";"";"омонимия не снята";"Russia, By Way of Hollywood [The Ringer]";"";"Россия, какой ее малюет Голливуд";"";"2018";"200";"4559";"100";"2430";"rus";"rus";"США";"";"Ее агентурная стратегия по сути сводится к тому, чтобы с порога объявить всем, что она — шпионка. Но всякий, с кем она ни заговори, оказывается сбит с толку ее опрометчивой откровенностью, заморским акцентом и челкой — и информацию эту пропускает мимо ушей.";"d88d97fdde8f6e1628f407ab575c9ea7:77:37";") Her strategy as a spy is basically to inform everyone in the room that she's a spy immediately; between her ill-advised frankness, her wobbly accent, and her bangs, whoever she's talking to is rendered too bewildered to really process this information. ";"eng"
" онжун отч ,от отэ – муШ ";"ьтаксупорп";"Шум – это то, что нужно";"пропускать";" ";"мимо ушей, сигнал – то, на что";"Nassim Nicholas Taleb. Antifragile: Things That Gain From Disorder (2012)";"Nassim Nicholas Taleb";"1960";"Antifragile: Things That Gain From Disorder";"2012";"учебно-научная, публицистика";"";"наука и технологии, философия";"";"";"";"омонимия не снята";"Antifragile: Things That Gain From Disorder";"Нассим Николас Талеб";"Антихрупкость. Как извлечь выгоду из хаоса";"";"2022";"16592";"336787";"8296";"180355";"rus";"rus";"США";"";"Шум – это то, что нужно пропускать мимо ушей, сигнал – то, на что следует обратить внимание.";"17154569778daa68a2de3fadfcd05453:3853:5";" Noise is what you are supposed to ignore, signal what you need to heed. ";"eng"
" окьлот ен но отч ,мет уклот";"лаксупорп";"толку тем, что он не только";"пропускал";" ";"мимо ушей все мои лестные отзывы";"André Aciman. Call me by your name (2007)";"André Aciman";"1951";"Call me by your name";"2007";"художественная";"";"";"";"";"";"омонимия не снята";"Call me by your name";"Андре Асиман";"Назови меня своим именем";"";"2019";"10388";"141170";"5194";"78458";"rus";"rus";"США";"";"Когда спустя несколько дней мы разговаривали утром в саду, я был совершенно сбит с толку тем, что он не только пропускал мимо ушей все мои лестные отзывы в адрес Кьяры, но что я шел по абсолютно ложному пути.";"a58f2ae2382079b450a9d886ae9c0c27:1895:20";" What sent me into a total tailspin was talking to him a few mornings later in the garden and finding, not only that he was turning a deaf ear to all of my blandishments on behalf of Chiara, but that I was on the totally wrong track. ";"eng"
" он ,атетисревину огоксйибмулоК тетьлукаф йиксечигогадеп аличноко";"алаксупорп";"окончила педагогический факультет Колумбийского университета, но";"пропускала";" ";"мимо ушей все, что я говорила";"Lauren Weisberger. The Devil Wears Prada (2003)";"Lauren Weisberger";"1977";"The Devil Wears Prada";"2003";"художественная";"";"";"";"";"";"омонимия не снята";"The Devil Wears Prada";"Лорен Вайсбергер";"Дьявол носит Прада";"";"2006";"17508";"261692";"8754";"142530";"rus";"rus";"США";"";"Одна с превосходными результатами окончила педагогический факультет Колумбийского университета, но пропускала мимо ушей все, что я говорила о специфике предполагаемой работы.";"790e2572bdbad061ff7ddeede1926f77:10499:10";" One had a master's in child development from Cornell but glazed over when I tried to describe the subtle ways this job might be different from others she'd held. ";"eng"
" аволс ее есв гйерК отсорП ";"теаксупорп";"Просто Крейг все ее слова";"пропускает";" ";"мимо ушей.";"Stephen Chbosky. The Perks of Being a Wallflower (1999)";"Stephen Chbosky";"1970";"The Perks of Being a Wallflower";"1999";"художественная";"";"";"";"";"";"омонимия не снята";"The Perks of Being a Wallflower";"Стивен Чбоски";"Хорошо быть тихоней";"";"2013";"11182";"114915";"5591";"63141";"rus";"rus";"США";"";"Просто Крейг все ее слова пропускает мимо ушей.";"260e3ece542707bb2e93321616ef7e32:2371:5";" It's just that Craig doesn't really listen to her when she talks. ";"eng"
" ,ано алазакс — ,яслунрев ортсыб ыТ — ";"яаксупорп";"— Ты быстро вернулся, — сказала она,";"пропуская";" ";"мимо ушей его замечание.";"Miranda Lee. Fugitive Bride (1998)";"Miranda Lee";"";"Fugitive Bride";"1998";"художественная";"";"";"";"";"";"омонимия не снята";"Fugitive Bride";"Миранда Ли";"В любви все средства хороши";"";"2000";"8032";"81891";"4016";"44589";"rus";"rus";"Австралия";"";"— Ты быстро вернулся, — сказала она, пропуская мимо ушей его замечание.";"8a21d5553eb46c5978f89acfb49531cf:4565:5";" ""You were quick, ""she said, ignoring his comment about Gerard. ";"eng"
" оварп мядюл мигурд тюад ыб как";"ьтаксупорп";"как бы дают другим людям право";"пропускать";" ";"мимо ушей то, что им говорят.";"Kurt Vonnegut. Hocus Pocus (1990)";"Kurt Vonnegut";"1922";"Hocus Pocus";"1990";"художественная";"";"";"";"";"";"омонимия не снята";"Hocus Pocus";"Курт Воннегут";"Фокус-покус";"";"1993";"9922";"154407";"4961";"81715";"rus";"rus";"США";"";"Я ему рассказал, что мой дедушка с материнской стороны считал, что непристойности и богохульство как бы дают другим людям право пропускать мимо ушей то, что им говорят.";"2c09150b04d05302afc19154b49438b7:4963:20";" So I told him my maternal grandfather's idea that obscenity and blasphemy gave most people permission not to listen respectfully to whatever was being said. ";"eng"
" ,ырелцнаккрА ";"еищюаксупорп";"Аркканцлеры,";"пропускающие";" ";"мимо ушей подобные «невинные» замечания, долго";"Terry Pratchett. Guards! Guards! (1989)";"Terry Pratchett";"1948";"Guards! Guards!";"1989";"художественная";"";"";"";"";"";"омонимия не снята";"Guards! Guards!";"Терри Пратчетт";"Стража! Стража!";"";"2020";"17614";"190939";"8807";"98029";"rus";"rus";"Великобритания";"";"Аркканцлеры, пропускающие мимо ушей подобные «невинные» замечания, долго не заживаются.";"c2e7f1ce36a69de8129b3884a6c8ee28:6211:1";" You didn't remain Archchancellor for long if you let that sort of ingenuous remark whizz past your ear. ";"eng"
" ,кызя лисукирп но ,еднелб йотялкорп йотэ";"лаксупорп";"этой проклятой бленде, он прикусил язык,";"пропускал";" ";"мимо ушей все шуточки нужные и";"Варлам Шаламов. Житие инженера Кипреева (1967)";"Варлам Шаламов";"1907";"Житие инженера Кипреева";"1967";"художественная";"";"";"";"";"";"омонимия не снята";"Житие инженера Кипреева";"Varlam Shalamov";"The Life of Engineer Kipreev";"";"1980";"668";"9307";"334";"3824";"rus";"eng";"США";"";"Пока инженер ждал решения об этой проклятой бленде, он прикусил язык, пропускал мимо ушей все шуточки нужные и не нужные, которыми развлекалось его ближайшее начальство, не говоря уж о помощнике, который ждал дня и часа своего, когда будет хозяином.";"1ed13989ef0c8c07a2fba09017f3712f:472:11";" As long as the engineer waited for a decision on the damned blind, he kept his mouth shut, ignoring all the appropriate and inappropriate jokes that his immediate superior permitted himself – not to mention those of his own assistant who was only waiting for the hour and the day when he could take over. ";"eng"
" адгони а ,олиборок адгони яерднА ,тавобург";"лаксупорп";"грубоват, Андрея иногда коробило, а иногда";"пропускал";" ";"мимо ушей, ибо во всем главном";"Юрий Трифонов. Нетерпение (1973)";"Юрий Трифонов";"1925";"Нетерпение";"1973";"художественная";"";"";"";"";"";"омонимия не снята";"Нетерпение";"Yury Trifonov";"The Impatient Ones";"";"1978";"20840";"309076";"10420";"126143";"rus";"eng";"Великобритания";"";"Дворник нетерпелив, грубоват, Андрея иногда коробило, а иногда пропускал мимо ушей, ибо во всем главном они сходились.";"c51f594667acb50310461738d88d3ce4:6280:8";" The Janitor was impatient and rather crude. Sometimes this jarred on Andrei and sometimes he preferred not to listen, because on all the main points they were in agreement. ";"eng"
" ,авалС лазакс ― !ьтертомсоп итйоп б ошороХ";"яаксупорп";"Хорошо б пойти посмотреть! ― сказал Слава,";"пропуская";" ";"мимо ушей Мишино замечание.";"Анатолий Рыбаков. Кортик (1948)";"Анатолий Рыбаков";"1911";"Кортик";"1948";"художественная";"";"";"";"";"";"омонимия не снята";"Кортик";"Anatoly Rybakov";"The Dirk";"";"1954";"13092";"119573";"6546";"49877";"rus";"eng";"СССР/Россия";"";"― Хорошо б пойти посмотреть! ― сказал Слава, пропуская мимо ушей Мишино замечание.";"ee502a79f100bf8ca04b60ee4f7a3722:3962:6";" ""It'd be a good idea to go there and have a look! ""Slava said, ignoring Misha's remark. ";"eng"
" ынищнеЖ ";"илаксупорп";"Женщины";"пропускали";" ";"мимо ушей грубые слова и не";"Margaret Mitchell. Gone with the Wind, Part 1 (1936)";"Margaret Mitchell";"1900";"Gone with the Wind, Part 1";"1936";"художественная";"";"";"";"";"";"омонимия не снята";"Gone with the Wind, Part 1";"Маргарет Митчелл";"Унесённые ветром, ч. 1";"";"1982";"25706";"403929";"12853";"209514";"rus";"rus";"США";"";"Женщины пропускали мимо ушей грубые слова и не позволяли себе укоров, укладывая пьяного мужа в постель.";"b1a6e9a3c23689e80357c5e30e2d9a2f:2371:1";" Women ignored the lapses of speech and put the drunkards to bed without bitter words. ";"eng"
" ,ттелракС ьсалисалгос — ,ьтуч ,онченок ,уклот ворген";"яаксупорп";"негров толку, конечно, чуть, — согласилась Скарлетт,";"пропуская";" ";"мимо ушей его совет продать лесопилку.";"Margaret Mitchell. Gone with the Wind, Part 2 (1936)";"Margaret Mitchell";"1900";"Gone with the Wind, Part 2";"1936";"художественная";"";"";"";"";"";"омонимия не снята";"Gone with the Wind, Part 2";"Маргарет Митчелл";"Унесённые ветром, ч. 2";"";"1982";"29314";"414569";"14657";"216232";"rus";"rus";"США";"";"— От вольных негров толку, конечно, чуть, — согласилась Скарлетт, пропуская мимо ушей его совет продать лесопилку.";"3ddd25fe52e8f0ab80e3eac915d26b53:6925:8";" Free darkies are certainly worthless, Scarlett agreed, completely ignoring his hint that she should sell. ";"eng"
" и ,яинечу оготэ лсымс йищбо оладжревтдоп";"лаксупорп";"подтверждало общий смысл этого учения, и";"пропускал";" ";"мимо ушей то, что не подтверждало";"Л. Н. Толстой. Фальшивый купон (1889-1904)";"Л. Н. Толстой";"1828";"Фальшивый купон";"1889-1904";"художественная";"";"";"";"";"";"омонимия не снята";"Фальшивый купон";"Leo Tolstoy";"The Forged Coupon";"";"1911";"2756";"43775";"1378";"17396";"rus";"eng";"Великобритания";"";"И когда он слушал, то воспринимал, как что-то забытое и знакомое, все, что подтверждало общий смысл этого учения, и пропускал мимо ушей то, что не подтверждало его, приписывая это своему непониманию.";"77649fa6f3259946caf7f96f8e6d8b37:1904:19";" And when he listened to Chouev, everything that was consistent with this fundamental truth came to him like a thing he had known before and only forgotten since, while whatever he heard that seemed to contradict it, he would take no notice of, as he thought that he simply had not understood the real meaning. ";"eng"
" ,тичлом оньлетирзерп вокиндесебос зи нидо илсе";"яаксупорп";"если один из собеседников презрительно молчит,";"пропуская";" ";"мимо ушей все, что говорит общество";"Elizabeth Gaskell. Cranford (1853)";"Elizabeth Gaskell";"1810";"Cranford";"1853";"художественная";"";"";"";"";"";"омонимия не снята";"Cranford";"Элизабет Гаскелл";"Крэнфорд";"";"1973";"5082";"132684";"2541";"71616";"rus";"rus";"Великобритания";"";"теперь по тому, как она выразительно откашливалась, выжидая, чтобы все второстепенные темы (вроде чепцов и тюрбанов) были убраны с дороги, мы поняли, что она готовится в первую же паузу сообщить нам нечто особое — а какой человек, наделенный хотя бы малой толикой стеснительности, сумеет долго поддерживать непринужденную беседу, если один из собеседников презрительно молчит, пропуская мимо ушей все, что говорит общество, словно это жалкие, банальные пустяки в сравнении с новостью, которую он мог бы поведать, если бы его попросили об этом надлежащим образом?";"a03eb3d6f03b25ec2864b5d88c50394a:2815:53";" And now, by the expressive way in which she cleared her throat, and waited for all minor subjects (such as caps and turbans) to be cleared off the course, we knew she had something very particular to relate, when the due pause came and I defy any people possessed of common modesty to keep up a conversation long, where one among them sits up aloft in silence, looking down upon all the things they chance to say as trivial and contemptible compared to what they could disclose, if properly entreated. ";"eng"
" тебазилЭ ,иквонатсбо итсомиотс и танмок харемзар";"алаксупорп";"размерах комнат и стоимости обстановки, Элизабет";"пропускала";" ";"мимо ушей.";"Jane Austen. Pride and Prejudice (1813)";"Jane Austen";"1775";"Pride and Prejudice";"1813";"художественная";"";"";"";"";"";"омонимия не снята";"Pride and Prejudice";"Джейн Остин";"Гордость и предубеждение";"";"1967";"11612";"229406";"5806";"122012";"rus";"rus";"Великобритания";"";"Все, что она рассказывала о сюжетах картин, размерах комнат и стоимости обстановки, Элизабет пропускала мимо ушей.";"f3fb9609c440de2fc83d19527e4ed80d:7039:13";" She related the subjects of the pictures, the dimensions of the rooms, and the price of the furniture, in vain. ";"eng"
