"Reversed left context";"Reversed center";"Left context";"Center";"Punct";"Right context";"Title";"Author";"Birthday";"Header";"Created";"Sphere";"Type";"Topic";"Publication";"Publ_year";"Medium";"Ambiguity";"Header";"Author_trans";"Header_trans";"Translator";"Date_trans";"Sentences";"Words";"Orig_sentences";"Orig_words";"Lang";"Lang_trans";"Lang_variant";"Dialect";"Full context";"Example source";"Para context 1";"Lang 1"
" уноиднаП ";"илазявзар";"Пандиону";"развязали";" ";"руки, втолкнули внутрь тюрьмы.";"Иван Ефремов. На краю Ойкумены (1946)";"Иван Ефремов";"1908";"На краю Ойкумены";"1946";"художественная";"";"";"";"";"";"омонимия не снята";"На краю Ойкумены";"Ivan Efremov";"The Land of foam";"";"1957";"10034";"177653";"5017";"72406";"rus";"eng";"Великобритания";"";"Завизжала в петлях тяжелая дверь.  Пандиону развязали руки, втолкнули внутрь тюрьмы.  Вооруженные копьями и луками стражи задвинули тяжелый брус. Пандион очутился в тесной квадратной комнате, набитой человеческими телами, лежавшими вповалку.";"17af4d0d2c0b0dc92b5ecab3f4761695:2066:1";" The heavy door groaned on its hinges.  Pandion's hands were unbound and he was thrust into the prison.  The warders, armed with spears and bows, pushed back a heavy wooden beam and Pandion found himself in a small square room packed with human bodies lying pell-mell on the floor. ";"eng"
" йе итуп ьнед йитерт аН ";"илазявзар";"На третий день пути ей";"развязали";" ";"руки, а на пятый – и ноги";"В. А. Обручев. Плутония (1915-1924)";"В. А. Обручев";"1863";"Плутония";"1915-1924";"художественная";"";"";"";"";"";"омонимия не снята";"Плутония";"Vladimir Obruchev";"Plutonia";"";"1957";"10222";"186341";"5111";"80357";"rus";"eng";"Великобритания";"";"На третий день пути ей развязали руки, а на пятый – и ноги, когда она обещала, что не убежит.";"5d71cd04ca681137622431852e512a28:9330:5";" They had untied her hands on the third day and her legs on the fifth, after she had promised not to run away. ";"eng"
" атонмеТ ";"алазявзар";"Темнота";"развязала";" ";"руки. В черной темени легче раздавить";"Николай Островский. Как закалялась сталь (ч. 1) (1930-1934)";"Николай Островский";"1904";"Как закалялась сталь (ч. 1)";"1930-1934";"художественная";"";"";"";"";"";"омонимия не снята";"Как закалялась сталь (ч. 1)";"Nikolai Ostrovsky";"How the Steel was Tempered (pt 1)";"";"1952";"6134";"108335";"3067";"44216";"rus";"eng";"СССР/Россия";"";"Темнота развязала руки. В черной темени легче раздавить человека: даже шакал и тот любит ночь, а ведь и он нападает только на обреченных.";"8c062f56bfcc25cd7988d7b83bc7e974:2458:1";" Darkness released them from the last restraint. It is easier to destroy a man in the pit of night; even the jackal prefers the hours of gloom. ";"eng"
" с ,ежу я адгот ,тежаксыв отэ";"имынназявзар";"это выскажет, тогда я уже, с";"развязанными";" ";"руками, чистосердечно и искренно принесу ему";"Ф. М. Достоевский. Игрок (1866)";"Ф. М. Достоевский";"1821";"Игрок";"1866";"художественная";"";"";"";"";"";"омонимия не снята";"Игрок";"Fedor Dostoevsky";"The Gambler";"";"1935";"6070";"105773";"3035";"44723";"rus";"eng";"Великобритания";"";"И когда барон это выскажет, тогда я уже, с развязанными руками, чистосердечно и искренно принесу ему и мои извинения.";"8a55ff685fab6d17e21f02da31670ba5:1742:9";" After the Baron had done THAT, I should, for my part, at once feel free to express to him, whole-heartedly and without reserve, my own regrets. ";"eng"
" ― ";"етижявзаР";"―";"Развяжите";" ";"руки ему…";"Максим Горький. Мать (1906)";"Максим Горький";"1868";"Мать";"1906";"художественная";"";"";"";"";"";"омонимия не снята";"Мать";"Maxime Gorky";"Mother";"";"1921";"15416";"204312";"7708";"82513";"rus";"eng";"Великобритания";"";"Не дадим бить…  ― Развяжите руки ему…  ― Гляди, ― греха не было бы!..";"f5927bc3f5e116d3200e8287a86dce24:11222:0";" We won't let them beat you! """" Officers, untie his hands! """" No, brothers; that's not necessary! """"Look out you don't do something you'll, be sorry for! """;"eng"
" ценокан еороток он ,оляотсос ин оно";"тежявзар";"оно ни состояло, но которое наконец";"развяжет";" ";"руки и даст человечеству на просторе";"Ф. М. Достоевский. Бесы (1872)";"Ф. М. Достоевский";"1821";"Бесы";"1872";"художественная";"";"";"";"";"";"омонимия не снята";"Бесы";"Fedor Dostoevsky";"The Possessed, or The Devils";"";"1913";"29104";"455640";"14552";"199311";"rus";"eng";"Великобритания";"";"Минуя разговоры — потому что не тридцать же лет опять болтать, как болтали до сих пор тридцать лет, — я вас спрашиваю, что вам милее: медленный ли путь, состоящий в сочинении социальных романов и в канцелярском предрешении судеб человеческих на тысячи лет вперед на бумаге, тогда как деспотизм тем временем будет глотать жареные куски, которые вам сами в рот летят и которые вы мимо рта пропускаете, или вы держитесь решения скорого, в чем бы оно ни состояло, но которое наконец развяжет руки и даст человечеству на просторе самому социально устроиться, и уже на деле, а не на бумаге?";"9e7e7e2d8d58ee27b69a10516c4acde9:16868:78";" To cut the matter short — for we can't go on talking for another thirty years as people have done for the last thirty — I ask you which you prefer: the slow way, which consists in the composition of socialistic romances and the academic ordering of the destinies of humanity a thousand years hence, while despotism will swallow the savoury morsels which would almost fly into your mouths of themselves if you'd take a little trouble; or do you, whatever it may imply, prefer a quicker way which will at last untie your hands, and will let humanity make its own social organisation in freedom and in action, not on paper? ";"eng"
" енМ ";"илазявзар";"Мне";"развязали";" ";"руки, усадили возле внутренней стены, наш";"Robert Louis Stevenson. Catriona (1893)";"Robert Louis Stevenson";"1850";"Catriona";"1893";"художественная";"";"";"";"";"";"омонимия не снята";"Catriona";"Роберт Луис Стивенсон";"Катриона";"";"1967";"10076";"182510";"5038";"101252";"rus";"rus";"Великобритания";"";"Мне развязали руки, усадили возле внутренней стены, наш приморский житель вытащил привезенную им еду, и мне дали кусок хлеба из овсяной муки и кружку французского коньяку.";"2952b62afab51e809220d50458ae5cad:4207:1";" My hands were loosed, I was set by the wall in the inner end, and (the Lowlander having produced provisions) I was given oatmeal bread and a pitcher of French brandy. ";"eng"
" янем у еелоб мет оН ";"ыназявзар";"Но тем более у меня";"развязаны";" ";"руки для борьбы.";"А. Н. Толстой. Сестры (1922)";"А. Н. Толстой";"1883";"Сестры";"1922";"художественная";"";"";"";"";"";"омонимия не снята";"Сестры";"Alexey Tolstoy";"The Sisters";"";"";"13690";"189958";"6845";"78647";"rus";"eng";"Великобритания";"";"Но тем более у меня развязаны руки для борьбы.";"ec3d2652f879981a75eb5d0716550068:8766:5";" It leaves my hands all the freer for the struggle. ";"eng"
