"Reversed left context";"Reversed center";"Left context";"Center";"Punct";"Right context";"Title";"Author";"Birthday";"Header";"Created";"Sphere";"Type";"Topic";"Publication";"Publ_year";"Medium";"Ambiguity";"Header";"Author_trans";"Header_trans";"Translator";"Date_trans";"Sentences";"Words";"Orig_sentences";"Orig_words";"Lang";"Lang_trans";"Lang_variant";"Dialect";"Full context";"Example source";"Para context 1";"Lang 1"
" ыботч ,торобо в оге ьшереБ ";"ьтазявзар";"Берешь его в оборот, чтобы";"развязать";" ";"язык.";"Michael Connelly. City Of Bones (2002)";"Michael Connelly";"1956";"City Of Bones";"2002";"художественная";"";"";"";"";"";"омонимия не снята";"City Of Bones";"Майкл Коннели";"Город костей";"";"2006";"19928";"179121";"9964";"102852";"rus";"rus";"США";"";"Берешь его в оборот, чтобы развязать язык.";"3143a5bab28226b1f70031064021b69a:5437:5";" You know, turning up the heat on him. ";"eng"
" емод о яинанимопсов и ,едорог мешан";"илазявзар";"нашем городе, и воспоминания о доме";"развязали";" ";"языки.";"В. М. Гаршин. Трус (1879)";"В. М. Гаршин";"1855";"Трус";"1879";"художественная";"";"";"";"";"";"омонимия не снята";"Трус";"Vsevolod Garshin";"The Coward";"";"1959";"1068";"14209";"534";"6187";"rus";"eng";"США";"";"Я начал расспрашивать о нашем городе, и воспоминания о доме развязали языки.";"e4e237dfe2bfe4c0a319decbaa5749c1:690:10";" ""I began asking about our town, and memories of home loosened the men's tongues. ";"eng"
" ешьлоб еще окьлот отэ и ";"тежявзар";"и это только еще больше";"развяжет";" ";"языки.";"Theodore Dreiser. The Financier (1912)";"Theodore Dreiser";"1871";"The Financier";"1912";"художественная";"";"";"";"";"";"омонимия не снята";"The Financier";"Теодор Драйзер";"Финансист";"";"1944";"23456";"363269";"11728";"196713";"rus";"rus";"США";"";"и это только еще больше развяжет языки.";"2e33158397b70dd397e746e464f37657:22545:5";" It would only stir things up afresh. ";"eng"
" олыб онжом ыб илсе ,ечгел ыб";"ьтазявзар";"бы легче, если бы можно было";"развязать";" ";"язык хоть ненадолго, разделить с другим";"Mark Twain. The Adventures of Tom Sawyer (1876)";"Mark Twain";"1835";"The Adventures of Tom Sawyer";"1876";"художественная";"";"";"";"";"";"омонимия не снята";"The Adventures of Tom Sawyer";"Марк Твен";"Приключения Тома Сойера";"";"1950";"10168";"129719";"5084";"70911";"rus";"rus";"США";"";"Ему стало бы легче, если бы можно было развязать язык хоть ненадолго, разделить с другим мучеником бремя своего несчастия.";"0b5f9ea369c4ee04fa231a91cd8b5b5a:6249:8";" It would be some relief to unseal his tongue for a little while; to divide his burden of distress with another sufferer. ";"eng"
