"Reversed left context";"Reversed center";"Left context";"Center";"Punct";"Right context";"Title";"Author";"Birthday";"Header";"Created";"Sphere";"Type";"Topic";"Publication";"Publ_year";"Medium";"Ambiguity";"Header";"Author_trans";"Header_trans";"Translator";"Date_trans";"Sentences";"Words";"Orig_sentences";"Orig_words";"Lang";"Lang_trans";"Lang_variant";"Dialect";"Full context";"Example source";"Para context 1";"Lang 1"
" мотоп ыботч ,воток ,кабос хичядорб илизоваз";"акур";"завозили бродячих собак, котов, чтобы потом";"рука";" ";"не дрогнула при виде человеческой крови.";"Светлана Алексиевич. Время секонд хэнд (2013)";"Светлана Алексиевич";"1948";"Время секонд хэнд";"2013";"художественная, публицистика";"";"";"";"";"";"омонимия не снята";"Время секонд хэнд";"Svetlana Alexievich";"Secondhand Time";"";"2016";"25158";"324997";"12579";"131168";"rus";"eng";"США";"";"Все время тебе долбят: оружие – это красиво… стрелять – настоящее мужское дело… Учились убивать на животных, нам специально завозили бродячих собак, котов, чтобы потом рука не дрогнула при виде человеческой крови.";"52c856c99bb936c84da0bfb0ca2f4218:19856:23";" The whole time, they try to drill it into your head: Weapons are beautiful… Shooting is for real men… They train you by making you kill animals, they'd bring us stray cats and dogs to practice on so that afterward we wouldn't flinch at the sight of human blood. ";"eng"
" б янем У ";"акур";"У меня б";"рука";" ";"не дрогнула.";"Светлана Алексиевич. Время секонд хэнд (2013)";"Светлана Алексиевич";"1948";"Время секонд хэнд";"2013";"художественная, публицистика";"";"";"";"";"";"омонимия не снята";"Время секонд хэнд";"Svetlana Alexievich";"Secondhand Time";"";"2016";"25158";"324997";"12579";"131168";"rus";"eng";"США";"";"Ну честное слово! Стрелять таких надо.  У меня б рука не дрогнула.  Америка за все платит… Хиллари Клинтон… Но мы народ крепкий.";"52c856c99bb936c84da0bfb0ca2f4218:24968:3";" I swear to God! All of them ought to be shot.  I wouldn't have given it a second thought.  America is behind all this, they're paying for it… Hillary Clinton… But we're a strong people. ";"eng"
" янем у И — ";"акур";"— И у меня";"рука";" ";"не дрогнет…";"Юрий Трифонов. Нетерпение (1973)";"Юрий Трифонов";"1925";"Нетерпение";"1973";"художественная";"";"";"";"";"";"омонимия не снята";"Нетерпение";"Yury Trifonov";"The Impatient Ones";"";"1978";"20840";"309076";"10420";"126143";"rus";"eng";"Великобритания";"";"— У него у самого был вид безумца.  — И у меня рука не дрогнет…  Зунделевич, неизменно хладнокровный, толкая под столом, шептал: — Пусть думают, что Гольденберг.";"c51f594667acb50310461738d88d3ce4:4862:3";"” He himself looked like a madman at that moment.  “And won't hesitate to…”  Zundelevich, cool and composed as ever, nudged Mikhailov under the table and whispered, “Let them think it's Goldenberg. ";"eng"
" ,юелажоп ен от-я окьлоТ ";"акур";"Только я-то не пожалею,";"рука";" ";"не дрогнет…";"Юрий Трифонов. Нетерпение (1973)";"Юрий Трифонов";"1925";"Нетерпение";"1973";"художественная";"";"";"";"";"";"омонимия не снята";"Нетерпение";"Yury Trifonov";"The Impatient Ones";"";"1978";"20840";"309076";"10420";"126143";"rus";"eng";"Великобритания";"";"Только я-то не пожалею, рука не дрогнет…";"c51f594667acb50310461738d88d3ce4:11300:5";" All I know is I won't spare him — my hand won't waver…” ";"eng"
" яатуняторП ";"акур";"Протянутая";"рука";" ";"не дрогнула.";"Ernest Hemingway. For Whom The Bell Tolls (1940)";"Ernest Hemingway";"1899";"For Whom The Bell Tolls";"1940";"художественная";"";"";"";"";"";"омонимия не снята";"For Whom The Bell Tolls";"Эрнест Хемингуэй";"По ком звонит колокол";"";"1968";"31088";"318191";"15544";"173648";"rus";"rus";"США";"";"― Смотри, ― сказал он и улыбнулся.  Протянутая рука не дрогнула.  ― Bueno, y que? ― Роберт Джордан сказал ему.";"384001a800d7e011ac1012bba3dfe9dd:25557:1";" ""Look, ""he said and smiled.  His hands were perfectly steady. "" Bueno, y Que? ""Robert Jordan said to him. ";"eng"
