"Reversed left context";"Reversed center";"Left context";"Center";"Punct";"Right context";"Title";"Author";"Birthday";"Header";"Created";"Sphere";"Type";"Topic";"Publication";"Publ_year";"Medium";"Ambiguity";"Header";"Author_trans";"Header_trans";"Translator";"Date_trans";"Sentences";"Words";"Orig_sentences";"Orig_words";"Lang";"Lang_trans";"Lang_variant";"Dialect";"Full context";"Example source";"Para context 1";"Lang 1"
" ос кыб йиксдроферег лимолорп аровд огонтокс";"йолтевс";"скотного двора проломил герефордский бык со";"светлой";" ";"головой и тоже покрыл корову.";"Carl Zimmer. She Has Her Mother's Laugh: The Powers, Perversions, and Potential of Heredity (2018)";"Carl Zimmer";"1966";"She Has Her Mother's Laugh: The Powers, Perversions, and Potential of Heredity";"2018";"учебно-научная, публицистика";"";"";"";"";"";"омонимия не снята";"She Has Her Mother's Laugh: The Powers, Perversions, and Potential of Heredity";"Карл Циммер";"Она смеётся, как мать: могущество и причуды наследственности";"";"2020";"23518";"381474";"11759";"204597";"rus";"rus";"США";"";"Позже в тот же день изгородь его скотного двора проломил герефордский бык со светлой головой и тоже покрыл корову.";"b03774f1120326cd2d7968c732e768b9:15287:13";" Later that day, a white-faced Hereford bull broke through a fence and bred with the Guernsey, too. ";"eng"
" еыдолом алакси зар как яароток ,xoreX";"еылтевс";"Xerox, которая как раз искала молодые";"светлые";" ";"головы для создания персонального компьютера, заточенного";"Walter Isaacson. The Innovators. How Group of Hackers, Geniuses and Geeks Created the Digital Revolution (2014)";"Walter Isaacson";"1952";"The Innovators. How Group of Hackers, Geniuses and Geeks Created the Digital Revolution";"2014";"учебно-научная, публицистика";"";"наука и технологии, информатика";"";"";"";"омонимия не снята";"The Innovators. How Group of Hackers, Geniuses and Geeks Created the Digital Revolution";"Уолтер Айзексон";"Инноваторы. Как несколько гениев, хакеров и гиков совершили цифровую революцию";"";"2015";"15914";"322417";"7957";"170459";"rus";"rus";"";"";"Кей продержался среди поклонников мейнфреймов два года, а в 1971-м ушел работать в один исследовательский центр всего в трех километрах от SAIL. Центр принадлежал компании Xerox, которая как раз искала молодые светлые головы для создания персонального компьютера, заточенного под нужды простого пользователя.";"dc448dbc5b8f0d6bfc6fdd0195f720f8:9267:32";" So after two years of toiling among the time-sharing evangelists at SAIL, Kay accepted an offer in 1971 to join a corporate research center two miles away that was attracting young innovators who wanted to make computers that were personal, friendly, and geared to individuals. ";"eng"
""" ― ";"яалтевС";"― """;"Светлая";" ";"голова! ― восхищенно сказал дон Сэра, брызгая";"А. Н. Стругацкий, Б. Н. Стругацкий. Трудно быть богом (1963)";"А. Н. Стругацкий, Б. Н. Стругацкий";"1925, 1933";"Трудно быть богом";"1963";"художественная";"";"";"";"";"";"омонимия не снята";"Трудно быть богом";"Arkady Strugatsky, Boris Strugatsky";"Hard to be a God";"";"2014";"11124";"113482";"5562";"48964";"rus";"eng";"Канада";"";"― ""Светлая голова! ― восхищенно сказал дон Сэра, брызгая слюнями и мясным соком.";"33878eb6bc47d22a44fe2c4948e26c3b:2498:0";" “What a brain!” Don Sera said delightedly, spraying spittle and meat juice. ";"eng"
" ";"яалтевС";"";"Светлая";" ";"голова, но недостаточно светлая, чтобы не";"Jojo Moyes. Me Before You (2012)";"Jojo Moyes";"1969";"Me Before You";"2012";"художественная";"";"";"";"";"";"омонимия не снята";"Me Before You";"Джоджо Мойес";"До встречи с тобой";"";"2013";"22902";"229150";"11451";"129694";"rus";"rus";"Великобритания";"";"Светлая голова, но недостаточно светлая, чтобы не залететь, как временами бормотал папа.";"58ec84c599babae296f7f33817fce7e2:1633:0";" Bright – but not bright enough not to get herself up the duff, as Dad occasionally muttered. ";"eng"
" итэ есВ ";"еылтевс";"Все эти";"светлые";" ";"головы, обычно с растрепанными волосами и";"Nassim Nicholas Taleb. Antifragile: Things That Gain From Disorder (2012)";"Nassim Nicholas Taleb";"1960";"Antifragile: Things That Gain From Disorder";"2012";"учебно-научная, публицистика";"";"наука и технологии, философия";"";"";"";"омонимия не снята";"Antifragile: Things That Gain From Disorder";"Нассим Николас Талеб";"Антихрупкость. Как извлечь выгоду из хаоса";"";"2022";"16592";"336787";"8296";"180355";"rus";"rus";"США";"";"Все эти светлые головы, обычно с растрепанными волосами и помятыми лицами, ездили в далекие страны на конференции, чтобы обсудить Гёделя, Шмоделя, гипотезу Римана, кварки, шмарки, и таскали чемоданы через терминалы аэропортов, даже не пытаясь поразмыслить на тему, как преодолеть столь несущественное транспортное неудобство.";"17154569778daa68a2de3fadfcd05453:5635:2";" All those brilliant minds, usually disheveled and rumpled, who go to faraway conferences to discuss Gödel, Shmodel, Riemann's Conjecture, quarks, shmarks, had to carry their suitcases through airport terminals, without thinking about applying their brain to such an insignificant transportation problem. ";"eng"
" от-юьч ан олшозинс еинелтевсорп удог 5791";"юултевс";"1975 году просветление снизошло на чью-то";"светлую";" ";"голову.";"Jack Horner. Where are the baby dinosaurs? (2011)";"Jack Horner";"1946";"Where are the baby dinosaurs?";"2011";"учебно-научная, публицистика, устная публичная речь";"выступление";"";"";"";"";"омонимия не снята";"Where are the baby dinosaurs?";"Джек Хорнер";"Где детеныши динозавров?";"";"";"560";"4629";"280";"2545";"rus";"rus";"США";"";"В 1975 году просветление снизошло на чью-то светлую голову.";"ba2eb03806b1f8e7d57f175e2e6bbd25:149:7";" In 1975, a light went on in somebody's head. ";"eng"
"« :есироЛ о ,меивтсьловоду мынйокоп мыннебосо с";"яалтевС";"с особенным покойным удовольствием, о Лорисе: «";"Светлая";" ";"голова!»";"Юрий Трифонов. Нетерпение (1973)";"Юрий Трифонов";"1925";"Нетерпение";"1973";"художественная";"";"";"";"";"";"омонимия не снята";"Нетерпение";"Yury Trifonov";"The Impatient Ones";"";"1978";"20840";"309076";"10420";"126143";"rus";"eng";"Великобритания";"";"— Александр думал не столько о том, что читал — он уже все это читал раньше и продумал, — сколько, с особенным покойным удовольствием, о Лорисе: «Светлая голова!»";"c51f594667acb50310461738d88d3ce4:15534:23";" Alexander was thinking not so much of what he read — he had read and considered all this before — as about Loris, of whom he thought with a special relaxed pleasure. What a lucid mind! ";"eng"
" ябет у ,ьнерап :енм тировог ьлетичу";"яалтевс";"учитель говорит мне: парень, у тебя";"светлая";" ";"голова, из тебя выйдет…";"Ken Kesey. One Flew over the Cuckoo’s Nest (1962)";"Ken Kesey";"1935";"One Flew over the Cuckoo’s Nest";"1962";"художественная";"";"";"";"";"";"омонимия не снята";"One Flew over the Cuckoo’s Nest";"Кен Кизи";"Пролетая над гнездом кукушки";"";"2004";"10012";"211901";"5006";"115013";"rus";"rus";"США";"";"Змеиный глаз. Школьный учитель говорит мне: парень, у тебя светлая голова, из тебя выйдет…";"d3e00ad60d52f4c322a7e5b864fbe112:8689:9";" Snake eyes. The schoolteacher tell me you got a good head, boy, be something. ";"eng"
" олатс ебен в ,ьтыб тежом ― ыволог";"еелтевс";"головы ― может быть, в небе стало";"светлее";"; ";"головы вырастали вокруг, точно тыквы.";"Graham Greene. The Power and the Glory (1940)";"Graham Greene";"1904";"The Power and the Glory";"1940";"художественная";"";"";"";"";"";"омонимия не снята";"The Power and the Glory";"Грэм Грин";"Сила и слава";"";"1970-1980";"12300";"139838";"6150";"77381";"rus";"rus";"Великобритания";"";"Священник отошел от решетки футов на шесть, и его глаза уже начали различать головы ― может быть, в небе стало светлее; головы вырастали вокруг, точно тыквы.";"2f4009adc06bba9dc51b82aa59f1fb48:6667:19";" He had moved perhaps six feet from the grille, and his eyes began to distinguish heads-perhaps the sky was clearing: they hung around him like gourds. ";"eng"
" ан ьсаливатсу анО ";"юултевс";"Она уставилась на";"светлую";" ";"голову Уинфилда, и, почувствовав этот взгляд";"John Steinbeck. The Grapes of Wrath (1939)";"John Steinbeck";"1902";"The Grapes of Wrath";"1939";"художественная";"";"";"";"";"";"омонимия не снята";"The Grapes of Wrath";"Джон Стейнбек";"Гроздья гнева";"";"1940";"31674";"330719";"15837";"184204";"rus";"rus";"США";"";"Она уставилась на светлую голову Уинфилда, и, почувствовав этот взгляд, мальчик проснулся и посмотрел на нее безмятежно спокойными глазами.";"a9f50bec74c8296767523e6580db566a:19761:3";" Her eyes remained on Winfield's tow head; and as she looked, the little boy opened his eyes and stared out at her, and his eyes were solemn. ";"eng"
" ябет У ― ";"яалтевс";"― У тебя";"светлая";" ";"голова, Коля, ты поймешь мою идею";"А. Н. Толстой. Сестры (1922)";"А. Н. Толстой";"1883";"Сестры";"1922";"художественная";"";"";"";"";"";"омонимия не снята";"Сестры";"Alexey Tolstoy";"The Sisters";"";"";"13690";"189958";"6845";"78647";"rus";"eng";"Великобритания";"";"― У тебя светлая голова, Коля, ты поймешь мою идею: красивая молодая женщина тоскует, томится, кругом нее пошлость.";"ec3d2652f879981a75eb5d0716550068:4378:2";" ""You're a clever chap, Kolya, you'll understand my idea — a beautiful young woman, grieving, languishing, and nothing but triviality all around her. ";"eng"
