"Reversed left context";"Reversed center";"Left context";"Center";"Punct";"Right context";"Title";"Author";"Birthday";"Header";"Created";"Sphere";"Type";"Topic";"Publication";"Publ_year";"Medium";"Ambiguity";"Header";"Author_trans";"Header_trans";"Translator";"Date_trans";"Sentences";"Words";"Orig_sentences";"Orig_words";"Lang";"Lang_trans";"Lang_variant";"Dialect";"Full context";"Example source";"Para context 1";"Lang 1"
" авде или иктыбу ьтепрет илачан гулсу";"ьтидовс";"услуг начали терпеть убытки или едва";"сводить";" ";"концы с концами.";"Angela Gallop. When the Dogs Don't Bark (2019)";"Angela Gallop";"1950";"When the Dogs Don't Bark";"2019";"учебно-научная";"";"наука и технологии, криминалистика";"";"";"";"омонимия не снята";"When the Dogs Don't Bark";"Анджела Галлоп";"Когда собаки не лают. Путь криминалиста от смелых предположений до неопровержимых доказательств";"";"2019";"7482";"183315";"3741";"101160";"rus";"rus";"США";"";"Эти факторы в сочетании с тем, что нужно выплачивать неустойку, когда не получается уложиться в зачастую невероятно сжатые сроки, растущей стоимостью аккредитации, а также необходимостью повышать зарплаты для удержания персонала привели к тому, что традиционные поставщики криминалистических услуг начали терпеть убытки или едва сводить концы с концами.";"44fdfd9dec52ae57653e4ebbf52a6df2:6821:43";" Those factors, combined with having to pay service credits (fines) for missing what are often incredibly tight timescales, the rising costs of accreditation, and higher salaries to retain staff, have resulted in traditional suppliers of forensic services running at a loss or on the thinnest of margins. ";"eng"
" ястёдирп умок ,хет ялд корс йошьлоб";"ьтидовс";"большой срок для тех, кому придётся";"сводить";" ";"концы с концами.";"Elizabeth White. An honest look at the personal finance crisis (2017)";"Elizabeth White";"";"An honest look at the personal finance crisis";"2017";"учебно-научная, публицистика, устная публичная речь";"";"";"";"";"";"омонимия не снята";"An honest look at the personal finance crisis";"Элизабет Уайт";"Честный взгляд на персональный финансовый кризис";"";"";"396";"4928";"198";"2604";"rus";"rus";"";"";"А это очень большой срок для тех, кому придётся сводить концы с концами.";"22b6a9323e01ffe4251c5b1ba4ee9687:223:9";" That's a really long time to make ends meet if you are broke. ";"eng"
" ,йетед хиовс ьтавичепсебо ьтсонжомзоВ ";"ьтидовс";"Возможность обеспечивать своих детей,";"сводить";" ";"концы с концами или вести определенный";"Simon Sinek. Leaders Eat Last: Why Some Teams Pull Together and Others Don’t (2014)";"Simon Sinek";"1973";"Leaders Eat Last: Why Some Teams Pull Together and Others Don’t";"2014";"учебно-научная";"";"";"";"";"";"омонимия не снята";"Leaders Eat Last: Why Some Teams Pull Together and Others Don’t";"Саймон Синек";"Лидеры едят последними. Как создать команду мечты";"";"2015";"8682";"148970";"4341";"81059";"rus";"rus";"Великобритания, США";"";"Возможность обеспечивать своих детей, сводить концы с концами или вести определенный образ жизни иногда идет вразрез с нашей собственной радостью, счастьем и самореализацией на работе.";"3b7d6ca70751178fd968ed7391ffd2a4:1053:4";" Our ability to provide for our kids, make ends meet or live a certain lifestyle sometimes comes at the cost of our own joy, happiness and fulfillment at work. ";"eng"
" ман ыботЧ ";"ьтидовс";"Чтобы нам";"сводить";" ";"концы с концами.";"Michael Connelly. City Of Bones (2002)";"Michael Connelly";"1956";"City Of Bones";"2002";"художественная";"";"";"";"";"";"омонимия не снята";"City Of Bones";"Майкл Коннели";"Город костей";"";"2006";"19928";"179121";"9964";"102852";"rus";"rus";"США";"";"― Да, ему вечно приходилось подрабатывать.  Чтобы нам сводить концы с концами.  Босх кивнул и хотел отдать фотографию Эдгару, но Шейла протянула руку над журнальным столиком и взяла ее.";"3143a5bab28226b1f70031064021b69a:8525:2";" ""No, he always had to work other jobs.  So we could live. "" Bosch nodded and handed the photo back to Edgar but Sheila reached across the coffee table and intercepted it. ";"eng"
" ьшил мынбосопс ястеялвя ен и он";"ьтидовс";"но и не является способным лишь";"сводить";" ";"концы с концами.";"Richard Dawkins. The Extended Phenotype: The Long Reach of the Gene (1999)";"Richard Dawkins";"1941";"The Extended Phenotype: The Long Reach of the Gene";"1999";"учебно-научная";"";"";"";"";"";"омонимия не снята";"The Extended Phenotype: The Long Reach of the Gene";"Ричард Докинз";"Расширенный фенотип: длинная рука гена";"";"2010";"10440";"239239";"5220";"128331";"rus";"rus";"Великобритания";"";"Животное, получающееся в итоге, не обладает наисовершеннейшим строением, какое только можно вообразить, но и не является способным лишь сводить концы с концами.";"d7393a6ccd2ce685588af3419d7fedbc:1703:18";" The animal that results is not the most perfect design conceivable, nor is it merely good enough to scrape by. ";"eng"
" ыботч ,от ан олатавх ен адгокин";"ьтидовс";"никогда не хватало на то, чтобы";"сводить";" ";"концы с концами.";"Vladimir Nabokov. Speak, memory (1954-1966)";"Vladimir Nabokov";"1899";"Speak, memory";"1954-1966";"публицистика";"";"";"";"";"";"омонимия не снята";"Speak, memory";"Владимир Набоков";"Память, говори";"";"1999";"5122";"156225";"2561";"86307";"rus";"rus";"Великобритания, США";"";"Писания еженедельной колонки в эмигрантской газете никогда не хватало на то, чтобы сводить концы с концами.";"2146438e9a2a5ab96f8954c6281334a7:4851:12";" Writing a weekly column for an émigréВЈ paper was never quite sufficient to keep body and pen together. ";"eng"
" ыботч ,ымалкер йовогрот ежад или йицартсюлли";"ьтидовс";"иллюстраций или даже торговой рекламы, чтобы";"сводить";" ";"концы с концами.";"John Fowles. The Collector (1963)";"John Fowles";"1926";"The Collector";"1963";"художественная";"";"";"";"";"";"омонимия не снята";"The Collector";"Джон Фаулз";"Коллекционер";"";"1991";"14096";"144108";"7048";"74076";"rus";"rus";"Великобритания";"";"У меня такое чувство, что та я, которую иначе чем ленивой коровой не назовешь, была бы рада погрязнуть во всем этом, забыла бы о том, что когда-то хотела совершить, и превратилась бы в нечто огромное и неподвижное, словно тыква в огороде, или принялась бы за жалкие ремесленные поделки вроде дешевых иллюстраций или даже торговой рекламы, чтобы сводить концы с концами.";"4b0282fa14a9dd0e87a0fde07a36a72f:5755:56";" I have a feeling a lazy-cow me would welcome it, would forget what I once wanted to do, and I would just become a Great Female Cabbage. Or I would have to do miserable work like illustrating, or even commercial stuff, to keep the home going. ";"eng"
" ыботч ,от ан ,удог в зар";"ьтидовс";"раз в году, на то, чтобы";"сводить";" ";"концы с концами.";"John Fowles. The Collector (1963)";"John Fowles";"1926";"The Collector";"1963";"художественная";"";"";"";"";"";"омонимия не снята";"The Collector";"Джон Фаулз";"Коллекционер";"";"1991";"14096";"144108";"7048";"74076";"rus";"rus";"Великобритания";"";"Ему в обрез хватает на материалы, на жизнь, на короткие рабочие поездки раз в году, на то, чтобы сводить концы с концами.";"4b0282fa14a9dd0e87a0fde07a36a72f:10131:18";" He has just enough to buy his materials, to live, to have a working holiday every year, to manage. ";"eng"
" ыботЧ ";"ьтидовс";"Чтобы";"сводить";" ";"концы с концами, он бросил курить.";"И. А. Ильф, Е. П. Петров. Двенадцать стульев (1927)";"И. А. Ильф, Е. П. Петров";"1897, 1903";"Двенадцать стульев";"1927";"художественная";"";"";"";"";"";"омонимия не снята";"Двенадцать стульев";"Ilya Ilf, Evgeny Petrov";"The Twelve Chairs";"";"1961";"14010";"182628";"7005";"79262";"rus";"eng";"";"";"Чтобы сводить концы с концами, он бросил курить.";"4ebb3a11b88ee1de62c62bd600095408:3650:1";" To make ends meet he gave up smoking. ";"eng"
" от-как ,ьтавориналп от-отч итсомидохбоен еивтстусто ,ьнзиж";"ьтидовс";"жизнь, отсутствие необходимости что-то планировать, как-то";"сводить";" ";"концы с концами, лгать…";"Agatha Christie. The Murder of Roger Ackroyd (1926)";"Agatha Christie";"1890";"The Murder of Roger Ackroyd";"1926";"художественная";"";"";"";"";"";"омонимия не снята";"The Murder of Roger Ackroyd";"Агата Кристи";"Убийство Роджера Экройда";"";"2016";"13636";"133517";"6818";"70462";"rus";"rus";"Великобритания";"";"Свобода, жизнь, отсутствие необходимости что-то планировать, как-то сводить концы с концами, лгать…";"1b40753a572a9695eaa4a7a337b6b00d:4931:7";" Freedom — life — no more scheming and scraping and lying—” “Lying?” said Blunt, sharply interrupting. ";"eng"
" ондурт кат уме и ,кеволеч йынсаркерп";"ьтидовс";"прекрасный человек, и ему так трудно";"сводить";" ";"концы с концами и добиваться признания";"John Galsworthy. To Let (1921)";"John Galsworthy";"1867";"To Let";"1921";"художественная";"";"";"";"";"";"омонимия не снята";"To Let";"Джон Голсуорси";"Сдается внаем";"";"1946";"13226";"167590";"6613";"89255";"rus";"rus";"Великобритания";"";"Пондридж, сказала она, великий целитель и прекрасный человек, и ему так трудно сводить концы с концами и добиваться признания своих теорий.";"9e56d585c22911eb3b02689320d18f4c:5083:12";" Pondridge ― she said ― the healer, was such a fine man, and he had such difficulty in making two ends meet, and getting his theories recognised. ";"eng"
" модурт с ястедирп енм и ,халачан";"ьтидовс";"началах, и мне придется с трудом";"сводить";" ";"концы с концами.";"Bram Stoker. Dracula (1897)";"Bram Stoker";"1847";"Dracula";"1897";"художественная";"";"";"";"";"";"омонимия не снята";"Dracula";"Брэм Стокер";"Дракула";"";"1912";"19426";"261515";"9713";"160156";"rus";"rus";"Великобритания, Ирландия";"";"Я очень сочувствую ей, так как у меня те же мечты, но только нам с Джонатаном предстоит вступить в новую жизнь на очень скромных началах, и мне придется с трудом сводить концы с концами.";"509aae2beb7d8c3b26db1ba713990521:3321:30";" I sympathise with her, for I do the same, only Jonathan and I will start in life in a very simple way, and shall have to try to make both ends meet. ";"eng"
" еле тежом анораб аводв и отч";"ьтидовс";"что и вдова барона может еле";"сводить";" ";"концы с концами, была не лишена";"Elizabeth Gaskell. Cranford (1853)";"Elizabeth Gaskell";"1810";"Cranford";"1853";"художественная";"";"";"";"";"";"омонимия не снята";"Cranford";"Элизабет Гаскелл";"Крэнфорд";"";"1973";"5082";"132684";"2541";"71616";"rus";"rus";"Великобритания";"";"Мысль о том, что и вдова барона может еле сводить концы с концами, была не лишена приятности и отчасти примирила нас с тем, что ее супруг никогда не заседал в палате лордов: ведь когда мы впервые услышали об этом, нами овладело такое чувство, будто у нас обманом выманили наше уважение — вроде бы лорд и все-таки не лорд.";"a03eb3d6f03b25ec2864b5d88c50394a:2625:9";" It was pleasant to suspect that a peeress could be poor, and partly reconciled us to the fact that her husband had never sat in the House of Lords; which, when we first heard of it, seemed a kind of swindling us out of our prospects on false pretences; a sort of A Lord and No Lord business. ";"eng"
" но ястеяртиху как ,ланз ен откин";"ьтидовс";"никто не знал, как ухитряется он";"сводить";" ";"концы с концами; приблизительно в это";"Charles Dickens. The Posthumous Papers of the Pickwick Club (1836-1837)";"Charles Dickens";"1812";"The Posthumous Papers of the Pickwick Club";"1836-1837";"художественная";"";"";"";"";"";"омонимия не снята";"The Posthumous Papers of the Pickwick Club";"Чарльз Диккенс";"Посмертные записки Пиквикского клуба";"";"1933";"31534";"516076";"15767";"287005";"rus";"rus";"Великобритания";"";"Больше года никто не знал, как ухитряется он сводить концы с концами; приблизительно в это время я был приглашен для нескольких выступлений в одном из театров на Сарийской стороне Темзы, и здесь я увидел Этого человека, которого потерял было из виду, так как я разъезжал по провинции, а он прозябал где-то в закоулках Лондона.";"44c1add02382c6859cb2b4883cdab3f3:1215:8";"' About this time, and when he had been existing for upwards of a year no one knew how, I had a short engagement at one of the theatres on the Surrey side of the water, and here I saw this man, whom I had lost sight of for some time; for I had been travelling in the provinces, and he had been skulking in the lanes and alleys of London. ";"eng"
" анбосопс яароток ,яакат ,яаннаволабзи ен ,анищнеж";"ьтидовс";"женщина, не избалованная, такая, которая способна";"сводить";" ";"концы с концами при скромном доходе.";"Jane Austen. Pride and Prejudice (1813)";"Jane Austen";"1775";"Pride and Prejudice";"1813";"художественная";"";"";"";"";"";"омонимия не снята";"Pride and Prejudice";"Джейн Остин";"Гордость и предубеждение";"";"1967";"11612";"229406";"5806";"122012";"rus";"rus";"Великобритания";"";"Выбирайте разумно, выбирайте достойную. Учтите мой вкус, считаясь, конечно, и со своим. Пусть это будет порядочная и работящая женщина, не избалованная, такая, которая способна сводить концы с концами при скромном доходе.";"f3fb9609c440de2fc83d19527e4ed80d:3127:24";" Choose properly, choose a gentlewoman for my sake; and for your own, let her be an active, useful sort of person, not brought up high, but able to make a small income go a good way. ";"eng"
