"Reversed left context";"Reversed center";"Left context";"Center";"Punct";"Right context";"Title";"Author";"Birthday";"Header";"Created";"Sphere";"Type";"Topic";"Publication";"Publ_year";"Medium";"Ambiguity";"Header";"Author_trans";"Header_trans";"Translator";"Date_trans";"Sentences";"Words";"Orig_sentences";"Orig_words";"Lang";"Lang_trans";"Lang_variant";"Dialect";"Full context";"Example source";"Para context 1";"Lang 1"
" ";"ларогС";"";"Сгорал";" ";"со стыда.";"Stephen Chbosky. The Perks of Being a Wallflower (1999)";"Stephen Chbosky";"1970";"The Perks of Being a Wallflower";"1999";"художественная";"";"";"";"";"";"омонимия не снята";"The Perks of Being a Wallflower";"Стивен Чбоски";"Хорошо быть тихоней";"";"2013";"11182";"114915";"5591";"63141";"rus";"rus";"США";"";"Молчал.  Сгорал со стыда.  – Чарли, по этой причине и я сказала тебе девять месяцев назад, чтобы ты не допускал обо мне никаких таких мыслей.";"260e3ece542707bb2e93321616ef7e32:10451:0";" I didn't say anything.  Very uncomfortable.  ""Charlie, I told you not to think of me that way nine months ago because of what I'm saying now. ";"eng"
" кат меч ,ешчул есв — мотэ бо";"ьтарогс";"об этом — все лучше, чем так";"сгорать";" ";"со стыда!";"Margaret Mitchell. Gone with the Wind, Part 1 (1936)";"Margaret Mitchell";"1900";"Gone with the Wind, Part 1";"1936";"художественная";"";"";"";"";"";"омонимия не снята";"Gone with the Wind, Part 1";"Маргарет Митчелл";"Унесённые ветром, ч. 1";"";"1982";"25706";"403929";"12853";"209514";"rus";"rus";"США";"";"Ах, почему она не послушалась наставлений Эллин и Мамушки! Он не должен был даже подозревать о ее чувстве! Пусть бы он никогда-никогда не узнал об этом — все лучше, чем так сгорать со стыда!";"b1a6e9a3c23689e80357c5e30e2d9a2f:5127:31";" Oh, far better that she had followed Ellen and Mammy's precepts and never, never revealed that she even liked him ― better anything than to be faced with this scorching shame! ";"eng"
" ,хынитсог хиовс в от-адгок оге ламинирп";"ьтарогс";"принимал его когда-то в своих гостиных,";"сгорать";" ";"со стыда.";"Margaret Mitchell. Gone with the Wind, Part 1 (1936)";"Margaret Mitchell";"1900";"Gone with the Wind, Part 1";"1936";"художественная";"";"";"";"";"";"омонимия не снята";"Gone with the Wind, Part 1";"Маргарет Митчелл";"Унесённые ветром, ч. 1";"";"1982";"25706";"403929";"12853";"209514";"rus";"rus";"США";"";"Слухи о его деятельности в Ричмонде и Уилмингтоне доходили до Атланты и заставляли всех, кто принимал его когда-то в своих гостиных, сгорать со стыда.";"b1a6e9a3c23689e80357c5e30e2d9a2f:12745:21";" The stories about him that came back to Atlanta from Richmond and Wilmington made those who had received him in other days writhe with shame. ";"eng"
" ынжлод ыв ,ястеемузаР ";"ьтарогс";"Разумеется, вы должны";"сгорать";" ";"со стыда!";"Margaret Mitchell. Gone with the Wind, Part 1 (1936)";"Margaret Mitchell";"1900";"Gone with the Wind, Part 1";"1936";"художественная";"";"";"";"";"";"омонимия не снята";"Gone with the Wind, Part 1";"Маргарет Митчелл";"Унесённые ветром, ч. 1";"";"1982";"25706";"403929";"12853";"209514";"rus";"rus";"США";"";"— Стыдно?  Разумеется, вы должны сгорать со стыда!  Бросить нас здесь одних, беспомощных…";"b1a6e9a3c23689e80357c5e30e2d9a2f:18877:3";" Ashamed?  You should die of shame.  To desert us here, alone, helpless ― ";"eng"
" ,ецилу ан ясьтилом и ьтеп ьсолидохирп";"яарогс";"приходилось петь и молиться на улице,";"сгорая";" ";"со стыда, когда вся душа, все";"Theodore Dreiser. An American Tragedy, book III (1925)";"Theodore Dreiser";"1871";"An American Tragedy, book III";"1925";"художественная";"";"";"";"";"";"омонимия не снята";"An American Tragedy, book III";"Теодор Драйзер";"Американская трагедия (ч. 3)";"";"1948";"15052";"256860";"7526";"140326";"rus";"rus";"США";"";"Они не изведали всех мук и унижений его несчастного детства, им не приходилось петь и молиться на улице, сгорая со стыда, когда вся душа, все существо рвалось к иной, лучшей доле.";"e580980c0946d1f66803a4bbd917b81d:14317:18";" They had not been harassed, tortured, mocked by the ill-fate of his early life and training, forced to sing and pray on the streets as he had in such a degrading way, when his whole heart and soul cried out for better things. ";"eng"
