"Reversed left context";"Reversed center";"Left context";"Center";"Punct";"Right context";"Title";"Author";"Birthday";"Header";"Created";"Sphere";"Type";"Topic";"Publication";"Publ_year";"Medium";"Ambiguity";"Header";"Author_trans";"Header_trans";"Translator";"Date_trans";"Sentences";"Words";"Orig_sentences";"Orig_words";"Lang";"Lang_trans";"Lang_variant";"Dialect";"Full context";"Example source";"Para context 1";"Lang 1"
" ,иматилп атыркоп илмеЗ ьтсонхревоп ясв оготэ";"имищязьлокс";"этого вся поверхность Земли покрыта плитами,";"скользящими";" ";"по поверхности, иногда ныряющими под другую";"Richard Dawkins. The Ancestor's tale (2004)";"Richard Dawkins";"1941";"The Ancestor's tale";"2004";"учебно-научная, публицистика";"";"наука и технологии, философия";"";"";"";"омонимия не снята";"The Ancestor's tale";"Ричард Докинз";"Рассказ предка";"";"2015";"20530";"387859";"10265";"208485";"rus";"rus";"Великобритания";"";"Вместо этого вся поверхность Земли покрыта плитами, скользящими по поверхности, иногда ныряющими под другую плиту в процессе, известном как субдукция.";"052f2010ec2deca65507c0db87d7993d:10291:7";" Instead, the entire surface of the Earth is armoured, covered by plates, sliding over the surface, sometimes diving under another plate in the process known as subduction. ";"eng"
" еыроток ,ишыдалг как еынтсевзи адгони ,икуж";"тязьлокс";"жуки, иногда известные как гладыши, которые";"скользят";" ";"по поверхности ручьев.";"Richard Dawkins. The Ancestor's tale (2004)";"Richard Dawkins";"1941";"The Ancestor's tale";"2004";"учебно-научная, публицистика";"";"наука и технологии, философия";"";"";"";"омонимия не снята";"The Ancestor's tale";"Ричард Докинз";"Рассказ предка";"";"2015";"20530";"387859";"10265";"208485";"rus";"rus";"Великобритания";"";"Гребляки ― своего рода жуки, иногда известные как гладыши, которые скользят по поверхности ручьев.";"052f2010ec2deca65507c0db87d7993d:13701:9";" Water boatmen are a kind of bug, sometimes known as backswimmers, which skim over the surface of streams. ";"eng"
" отч ,юаминоп Я ― .яироттиВ йоволог алачакоп";"ужьлокс";"покачала головой Виттория. ― Я понимаю, что";"скольжу";" ";"по поверхности, не вникая в текст";"Dan Brown. Angels and Demons (2000)";"Dan Brown";"1964";"Angels and Demons";"2000";"художественная";"";"";"";"";"";"омонимия не снята";"Angels and Demons";"Дэн Браун";"Ангелы и демоны";"";"2004";"16144";"298893";"8072";"150396";"rus";"rus";"США";"";"― Ничего похожего на математику, ― покачала головой Виттория. ― Я понимаю, что скольжу по поверхности, не вникая в текст, но ничего даже отдаленно похожего на ключ не вижу.";"516f8420ab7d29d361213657275ee895:6275:10";" Vittoria shook her head. ""Nothing that looks purely mathematical. I'm skimming… but none of this reads like a clue. """;"eng"
" как огокат ,яижуро огоньлетапутсан огоншепсу еинавовтсещуС";"яащязьлокс";"Существование успешного наступательного оружия, такого как";"скользящая";" ";"по поверхности ракета Exocet, влечёт ""приглашение";"Richard Dawkins. The Blind Watchmaker (1987)";"Richard Dawkins";"1941";"The Blind Watchmaker";"1987";"учебно-научная, публицистика";"";"наука и технологии, философия";"";"";"";"омонимия не снята";"The Blind Watchmaker";"Ричард Докинз";"Слепой часовщик";"";"2015";"12666";"251747";"6333";"137916";"rus";"rus";"США";"";"Существование успешного наступательного оружия, такого как скользящая по поверхности ракета Exocet, влечёт ""приглашение"" изобрести эффективную защиту, например, устройство создания радиопомех, сбивающее с толку систему управления ракетой.";"32cbcb9a7429dc28f12de19e8e62ddd2:7581:6";" The existence of a successful offensive weapon, such as the Exocet type of surface skimming missile, tends to' invite'the invention of an effective counter, for instance a radio jamming device to' confuse'the control system of the missile. ";"eng"
" ьшил ,огоксвокйаЧ репо оттербил мынсунг оп";"тязьлокс";"по гнусным либретто опер Чайковского, лишь";"скользят";" ";"по поверхности таинственного гоголевского моря и";"Vladimir Nabokov. Nikolai Gogol (1944)";"Vladimir Nabokov";"1899";"Nikolai Gogol";"1944";"публицистика";"";"";"";"";"";"омонимия не снята";"Nikolai Gogol";"Владимир Набоков";"Николай Гоголь";"";"1993";"2658";"74871";"1329";"43316";"rus";"rus";"Великобритания, США";"";"Русские, которые считают Тургенева великим писателем или судят о Пушкине по гнусным либретто опер Чайковского, лишь скользят по поверхности таинственного гоголевского моря и довольствуются тем, что им кажется насмешкой, юмором и броской игрой слов.";"1ae4bb7ea951c219d52d6f84d2eefb83:2425:16";" The Russian I who thinks Turgenev was a great writer, and bases his notion of Pushkin upon Chaikovsky's vile libretti, will merely paddle into the gentlest wavelets of Gogol's mysterious sea and limit his reaction to an enjoyment of what he takes to be whimsical humor and colorful quips. ";"eng"
" ыб как ,адукто онтсевзиен мишвахеирп ,мядюл";"мишвизьлокс";"людям, приехавшим неизвестно откуда, как бы";"скользившим";" ";"по поверхности, не связанным общими воспоминаниями";"Margaret Mitchell. Gone with the Wind, Part 2 (1936)";"Margaret Mitchell";"1900";"Gone with the Wind, Part 2";"1936";"художественная";"";"";"";"";"";"омонимия не снята";"Gone with the Wind, Part 2";"Маргарет Митчелл";"Унесённые ветром, ч. 2";"";"1982";"29314";"414569";"14657";"216232";"rus";"rus";"США";"";"Да и не стремились узнать — что им до нее, этим людям, приехавшим неизвестно откуда, как бы скользившим по поверхности, не связанным общими воспоминаниями о войне, и голоде, и борьбе с захватчиками, людям, не имеющим общих корней, которые уходят вглубь, все в ту же красную землю.";"3ddd25fe52e8f0ab80e3eac915d26b53:27299:16";" They didn't care, these people from God-knows-where who seemed to live always on the surface of things, who had no common memories of war and hunger and fighting, who had no common roots going down into the same red earth. ";"eng"
" ьшил но роп хис оД ";"лизьлокс";"До сих пор он лишь";"скользил";" ";"по поверхности, подмечал отдельные явления, накапливал";"Jack London. Martin Eden (1909)";"Jack London";"1876";"Martin Eden";"1909";"художественная";"";"";"";"";"";"омонимия не снята";"Martin Eden";"Джек Лондон";"Мартин Иден";"";"1984";"6748";"96210";"3374";"53634";"rus";"rus";"США";"";"До сих пор он лишь скользил по поверхности, подмечал отдельные явления, накапливал отрывочные сведения, кое-что по мелочам неглубоко обобщал, ― и ему казалось, ничто в мире не связано друг с другом, все в нем безалаберно, все дело капризного случая.";"08312822409a5b08b614c44854349957:4531:5";" He had merely skimmed over the surface of things, observing detached phenomena, accumulating fragments of facts, making superficial little generalizations – and all and everything quite unrelated in a capricious and disorderly world of whim and chance. ";"eng"
