"Reversed left context";"Reversed center";"Left context";"Center";"Punct";"Right context";"Title";"Author";"Birthday";"Header";"Created";"Sphere";"Type";"Topic";"Publication";"Publ_year";"Medium";"Ambiguity";"Header";"Author_trans";"Header_trans";"Translator";"Date_trans";"Sentences";"Words";"Orig_sentences";"Orig_words";"Lang";"Lang_trans";"Lang_variant";"Dialect";"Full context";"Example source";"Para context 1";"Lang 1"
" – ";"окьлокС";"–";"Сколько";" ";"лет, сколько зим!";"Татьяна Толстая. Кысь (2000)";"Татьяна Толстая";"1951";"Кысь";"2000";"художественная";"";"";"";"";"";"омонимия не снята";"Кысь";"Tatyana Tolstaya";"The Slynx";"";"2007";"14176";"144350";"7088";"60453";"rus";"eng";"США";"";"– Обрадовался, засуетился.  – Сколько лет, сколько зим!  Нет, правда?";"9c26cca2adf4295a30c6fa7a34bb962a:10950:0";" Nikita Ivanich was pleased.  ""It's been so long!  How long has it been? ";"eng"
" …ьседз мэС И ";"окьлокс";"И Сэм здесь…";"сколько";" ";"лет, сколько зим.";"Stephen Chbosky. The Perks of Being a Wallflower (1999)";"Stephen Chbosky";"1970";"The Perks of Being a Wallflower";"1999";"художественная";"";"";"";"";"";"омонимия не снята";"The Perks of Being a Wallflower";"Стивен Чбоски";"Хорошо быть тихоней";"";"2013";"11182";"114915";"5591";"63141";"rus";"rus";"США";"";"– Патрик, ты ли это?  И Сэм здесь… сколько лет, сколько зим.  Кто выигрывает?";"260e3ece542707bb2e93321616ef7e32:1465:3";" ""Patrick, is that you?  And Sam it's been so long.  Who's winning? ";"eng"
" ";"окьлокС";"";"Сколько";" ";"лет, сколько зим?";"Владимир Набоков. Встреча (1924)";"Владимир Набоков";"1899";"Встреча";"1924";"художественная";"";"";"";"";"";"омонимия не снята";"Встреча";"Vladimir Nabokov";"The Reunion";"";"1976";"572";"5451";"286";"2238";"rus";"eng";"Великобритания, США";"";"Обняться?  Сколько лет, сколько зим?  Спец.";"644db230c74c0f8451ea99ca3a21ace2:10:0";" Was an embrace called for?  So many years…  A as $ ets, ""a specialist. ";"eng"
" – :лисаборп ,икур матябер яамижоп ,и онзеьрес";"окьлокС";"серьезно и, пожимая ребятам руки, пробасил: –";"Сколько";" ";"лет, сколько зим!";"Анатолий Рыбаков. Кортик (1948)";"Анатолий Рыбаков";"1911";"Кортик";"1948";"художественная";"";"";"";"";"";"омонимия не снята";"Кортик";"Anatoly Rybakov";"The Dirk";"";"1954";"13092";"119573";"6546";"49877";"rus";"eng";"СССР/Россия";"";"Игорь, как всегда, смотрел серьезно и, пожимая ребятам руки, пробасил: – Сколько лет, сколько зим!";"ee502a79f100bf8ca04b60ee4f7a3722:11978:10";" Igor, as usual, looked serious. ""Haven't seen you for ages"", - he said gruffly as he shook hands with them. ";"eng"
" ";"окьлокС";"";"Сколько";" ";"лет, сколько зим!";"Ernest Hemingway. The Sun Also Rises (1926)";"Ernest Hemingway";"1899";"The Sun Also Rises";"1926";"художественная";"";"";"";"";"";"омонимия не снята";"The Sun Also Rises";"Эрнест Хемингуэй";"Фиеста (И восходит солнце)";"";"1935";"15646";"124370";"7823";"68860";"rus";"rus";"США";"";"""Как поживаете, дорогая?  Сколько лет, сколько зим!  Как поживает уважаемая матушка? """;"b7ee784d3c8ecd8aa42512e15ced7e30:2949:0";"' How do you do, my dear?  Such a long time since we've seen you.  And how is your dear mother? ";"eng"
" — ";"окьлокС";"—";"Сколько";" ";"лет, сколько зим!";"Ф. М. Достоевский. Бесы (1872)";"Ф. М. Достоевский";"1821";"Бесы";"1872";"художественная";"";"";"";"";"";"омонимия не снята";"Бесы";"Fedor Dostoevsky";"The Possessed, or The Devils";"";"1913";"29104";"455640";"14552";"199311";"rus";"eng";"Великобритания";"";"Еще из дверей (он вошел позже других) закричал он, завидев Степана Трофимовича, и полез к нему с объятиями, перебивая даже Юлию Михайловну.  — Сколько лет, сколько зим!  Наконец-то… Excellent ami. [Добрейший друг (франц.)]";"9e7e7e2d8d58ee27b69a10516c4acde9:18794:0";" On seeing Stepan Trofimovitch, he called out from the doorway (he came in behind the rest) and pressed forward to embrace him, even interrupting Yulia Mihailovna.  ""What years, what ages!  At last… excellent ami. """;"eng"
