"Reversed left context";"Reversed center";"Left context";"Center";"Punct";"Right context";"Title";"Author";"Birthday";"Header";"Created";"Sphere";"Type";"Topic";"Publication";"Publ_year";"Medium";"Ambiguity";"Header";"Author_trans";"Header_trans";"Translator";"Date_trans";"Sentences";"Words";"Orig_sentences";"Orig_words";"Lang";"Lang_trans";"Lang_variant";"Dialect";"Full context";"Example source";"Para context 1";"Lang 1"
" оге яанЗ ";"юубалс";"Зная его";"слабую";" ";"струнку, он всегда задевал ее и";"Ф. М. Достоевский. Неточка Незванова (1849)";"Ф. М. Достоевский";"1821";"Неточка Незванова";"1849";"художественная";"";"";"";"";"";"омонимия не снята";"Неточка Незванова";"Fedor Dostoevsky";"Netochka Nezvanova";"";"1985";"7056";"121472";"3528";"54801";"rus";"eng";"Великобритания";"";"Зная его слабую струнку, он всегда задевал ее и смеялся над несчастным Карлом Федоровичем, когда тот горячился и выходил из себя, доказывая противное.";"a26354401427c45b28a02c06d136f559:1184:2";" Knowing his weak spot, he always touched it and laughed at the unfortunate Karl Fyodorovitch when the latter grew excited and tried to defend himself. ";"eng"
" юом утэ лаванзос адгесв Я ";"юубалс";"Я всегда сознавал эту мою";"слабую";" ";"струнку и иногда очень боялся ее";"Ф. М. Достоевский. Записки из подполья (1864)";"Ф. М. Достоевский";"1821";"Записки из подполья";"1864";"художественная";"";"";"";"";"";"омонимия не снята";"Записки из подполья";"Fedor Dostoevsky";"Notes from the underground";"";"1961";"5404";"86045";"2702";"38022";"rus";"eng";"США";"";"Я всегда сознавал эту мою слабую струнку и иногда очень боялся ее: ""все-то я преувеличиваю, тем и хромаю"", ― повторял я себе ежечасно.";"8b075a8a5cc7f9e03aa598711a555c4a:4670:5";" But, however, ""Liza will very likely come all the same, ""was the refrain with which all my reflections ended. ";"eng"
" лавыдагу моткнитсни нО ";"юубалс";"Он инстинктом угадывал";"слабую";" ";"струнку старика ― его постоянное опасение, что";"John Galsworthy. In Chancery (1920)";"John Galsworthy";"1867";"In Chancery";"1920";"художественная";"";"";"";"";"";"омонимия не снята";"In Chancery";"Джон Голсуорси";"В петле";"";"1946";"13260";"182981";"6630";"95409";"rus";"rus";"Великобритания";"";"Он инстинктом угадывал слабую струнку старика ― его постоянное опасение, что внуки не вполне обеспечены.";"dc0289b5e01c07f1490b7b6f61eea229:3135:3";" By instinct he knew that the weak spot in that old man was fear of insecurity for his grandchildren. ";"eng"
" йен в лунортаз но отч ,онся";"юубалс";"ясно, что он затронул в ней";"слабую";" ";"струнку.";"Theodore Dreiser. Sister Carrie (1900)";"Theodore Dreiser";"1871";"Sister Carrie";"1900";"художественная";"";"";"";"";"";"омонимия не снята";"Sister Carrie";"Теодор Драйзер";"Сестра Керри";"";"1927";"16624";"207821";"8312";"110830";"rus";"rus";"США";"";"Герствуду было ясно, что он затронул в ней слабую струнку.";"2c7442eeefbdfb995db3f3e251340205:5229:8";" He assumed that he had struck a deep chord. ";"eng"
