"Reversed left context";"Reversed center";"Left context";"Center";"Punct";"Right context";"Title";"Author";"Birthday";"Header";"Created";"Sphere";"Type";"Topic";"Publication";"Publ_year";"Medium";"Ambiguity";"Header";"Author_trans";"Header_trans";"Translator";"Date_trans";"Sentences";"Words";"Orig_sentences";"Orig_words";"Lang";"Lang_trans";"Lang_variant";"Dialect";"Full context";"Example source";"Para context 1";"Lang 1"
" ым адог 6891 ярбятнес ецнок в";"с";"в конце сентября 1986 года мы";"с";" ";"легким сердцем отправились на каникулы в";"Jim Hutton. Mercury and Me (2013)";"Jim Hutton";"1949";"Mercury and Me";"2013";"публицистика";"мемуары";"искусство и культура";"";"";"";"омонимия не снята";"Mercury and Me";"Джим Хаттон";"Меркьюри и я";"";"2019";"9842";"135558";"4921";"75220";"rus";"rus";"США";"";"Фредди был на седьмом небе от счастья, и в конце сентября 1986 года мы с легким сердцем отправились на каникулы в Японию.";"418e3813ee181bc0782a6f1a5bef0f1d:2705:14";" This kept Freddie feeling on top of the world as we took off for our Japanese holiday at the end of September 1986. ";"eng"
" оге ьтитсупорп тежом ьлетатич отч кат";"с";"так что читатель может пропустить его";"с";" ";"легким сердцем.";"Nassim Nicholas Taleb. Antifragile: Things That Gain From Disorder (2012)";"Nassim Nicholas Taleb";"1960";"Antifragile: Things That Gain From Disorder";"2012";"учебно-научная, публицистика";"";"наука и технологии, философия";"";"";"";"омонимия не снята";"Antifragile: Things That Gain From Disorder";"Нассим Николас Талеб";"Антихрупкость. Как извлечь выгоду из хаоса";"";"2022";"16592";"336787";"8296";"180355";"rus";"rus";"США";"";"Это специальный раздел, так что читатель может пропустить его с легким сердцем.";"17154569778daa68a2de3fadfcd05453:12963:9";" This is a bit technical, so the reader can skip this section with no loss. ";"eng"
" родирок в ужохыв я он ,акору";"с";"урока, но я выхожу в коридор";"с";" ";"легким сердцем, как будто поступила правильно.";"Lauren Oliver. Before I fall (2010)";"Lauren Oliver";"1982";"Before I fall";"2010";"художественная";"";"";"";"";"";"омонимия не снята";"Before I fall";"Лорен Оливер";"Прежде чем я упаду";"";"2017";"17506";"210817";"8753";"120458";"rus";"rus";"США";"";"Мы с Лорен не общаемся до конца урока, но я выхожу в коридор с легким сердцем, как будто поступила правильно.";"9bb065fd6edd02c58f47e9712e4e06d6:4885:13";" Lauren and I don't talk for the rest of class, but I leave chem feeling good, like I've done the right thing. ";"eng"
" мотоп а ,исере йоньлетиртомсоен йеовс в";"с";"в своей неосмотрительной ереси, а потом";"с";" ";"легким сердцем продолжал повторять свои утверждения";"Bill Bryson. A Short History of Nearly Everything (2003)";"Bill Bryson";"1951";"A Short History of Nearly Everything";"2003";"учебно-научная, публицистика";"";"";"";"";"";"омонимия не снята";"A Short History of Nearly Everything";"Билл Брайсон";"Краткая история почти всего на свете";"";"2006";"14920";"312910";"7460";"168350";"rus";"rus";"США";"";"Будучи человеком прагматичным, он сразу же покаялся в своей неосмотрительной ереси, а потом с легким сердцем продолжал повторять свои утверждения в последующих трудах.";"60d6d29b635a7a8301c2099c135ed832:2195:13";" A practical man, he apologized at once for his thoughtless heresy, then cheerfully repeated the assertions throughout his subsequent writings. ";"eng"
" зар тотэ ан ― ьсалимертсу и иматобар";"с";"работами и устремилась ― на этот раз";"с";" ";"легким сердцем, без непрерывно звонящего телефона";"Lauren Weisberger. The Devil Wears Prada (2003)";"Lauren Weisberger";"1977";"The Devil Wears Prada";"2003";"художественная";"";"";"";"";"";"омонимия не снята";"The Devil Wears Prada";"Лорен Вайсбергер";"Дьявол носит Прада";"";"2006";"17508";"261692";"8754";"142530";"rus";"rus";"США";"";"Я допила капуччино, с новыми силами подхватила папку со своими работами и устремилась ― на этот раз с легким сердцем, без непрерывно звонящего телефона и заставленного чашками подноса ― в направлении «Элиас-Кларк».";"790e2572bdbad061ff7ddeede1926f77:17479:16";" I finished my cappuccino and, newly energized, gathered my portfolio of different articles and headed — this time calmly, without either an incessantly ringing phone or an armload of coffees — toward the Elias-Clark building. ";"eng"
" нретС россефорП отч каТ ";"с";"Так что Профессор Стерн";"с";" ";"легким сердцем болтал какую-то веселую чепуху.";"Kurt Vonnegut. Hocus Pocus (1990)";"Kurt Vonnegut";"1922";"Hocus Pocus";"1990";"художественная";"";"";"";"";"";"омонимия не снята";"Hocus Pocus";"Курт Воннегут";"Фокус-покус";"";"1993";"9922";"154407";"4961";"81715";"rus";"rus";"США";"";"Так что Профессор Стерн с легким сердцем болтал какую-то веселую чепуху.";"2c09150b04d05302afc19154b49438b7:4661:4";" So Professor Stem felt free to talk cheerful nonsense. ";"eng"
" аттошиП унапсА и оняьлиГ ируТ ";"с";"Тури Гильяно и Аспану Пишотта";"с";" ";"легким сердцем шли на нарушение этих";"Mario Puzo. The Sicilian (1984)";"Mario Puzo";"1920";"The Sicilian";"1984";"художественная";"";"";"";"";"";"омонимия не снята";"The Sicilian";"Марио Пьюзо";"Сицилиец";"";"1990";"16788";"225931";"8394";"130831";"rus";"rus";"США";"";"Тури Гильяно и Аспану Пишотта с легким сердцем шли на нарушение этих законов.";"452fb6ed98766c4a74440ae59747a844:2545:5";" Turi Guiliano and Aspanu Pisciotta, with the lightest of hearts, were in the process of breaking these laws. ";"eng"
" ястеадто но ,икер и ацтолоб ее";"с";"ее болотца и реки, он отдается";"с";" ";"легким сердцем в руки смерти, зная";"Михаил Булгаков. Мастер и Маргарита (1929-1940)";"Михаил Булгаков";"1891";"Мастер и Маргарита";"1929-1940";"художественная";"";"";"";"";"";"омонимия не снята";"Мастер и Маргарита";"Mikhail Bulgakov";"Master and Margarita";"";"1979";"16426";"258609";"8213";"113104";"rus";"eng";"США";"";"И он без сожаления покидает туманы земли, ее болотца и реки, он отдается с легким сердцем в руки смерти, зная, что только она одна <успокоит его>.";"837d64d30f4e8ff87ef2f71e79dfe19b:15788:13";" And without regret he leaves the mists of the earth, its swamps and rivers, with a light heart he gives himself into the hands of death, knowing that she alone can bring him peace. ";"eng"
" адгот — и ,ьлыбу ан тедйоп ьтсодаг";"с";"гадость пойдет на убыль, и — тогда";"с";" ";"легким сердцем согласиться на некоторые уступки.";"Юрий Трифонов. Нетерпение (1973)";"Юрий Трифонов";"1925";"Нетерпение";"1973";"художественная";"";"";"";"";"";"омонимия не снята";"Нетерпение";"Yury Trifonov";"The Impatient Ones";"";"1978";"20840";"309076";"10420";"126143";"rus";"eng";"Великобритания";"";"Чтоб была уверенность, что вся эта гадость пойдет на убыль, и — тогда с легким сердцем согласиться на некоторые уступки.";"c51f594667acb50310461738d88d3ce4:10606:12";" That would offer some assurance of a decline of this pestilence and one could then, with a light heart, agree to certain concessions. ";"eng"
" от ,)кечотин хынтемоп мяс и мат";"с";"там и сям пометных ниточек), то";"с";" ";"легким сердцем засел за писание: окончил";"Владимир Набоков. Дар (1935-1937)";"Владимир Набоков";"1899";"Дар";"1935-1937";"художественная";"";"";"";"";"";"омонимия не снята";"Дар";"Vladimir Nabokov";"The Gift";"";"1962";"9226";"246573";"4613";"104003";"rus";"eng";"Великобритания, США";"";"Арестант номер девятый гулять не любил; однако, в начале, выходил ежедневно, соображая (крючок мысли, крайне для него характерный), что в это время камера обыскивается, ― следовательно отказ от прогулки внушил бы администрации подозрение, что он у себя что-то прячет; когда же убедился, что это не так (путем оставляемых там и сям пометных ниточек), то с легким сердцем засел за писание: окончил к зиме перевод Шлоссера, принялся за Гервинуса, за Маколея.";"86553f6c0726587d583fb0202520b994:6536:53";" Prisoner number nine was not fond of walking; at the beginning, however, he went out every day, reasoning (a quirk of thought extremely characteristic for him) that during this time the cell was searched, consequently a refusal to go out for a walk would cause the administration to suspect he was hiding something there; but when he had become convinced that this was not so (by leaving threads here and there as marks), he sat down to write with a light heart: by winter he had finished his translation of Schlosser and had begun to translate Gervinus and T. B. Macaulay. ";"eng"
" ,удив умоньловод оге оп ядус ,ллиБ";"с";"Билл, судя по его довольному виду,";"с";" ";"легким сердцем отправлялся в поход – не";"J. R. R. Tolkien. The Lord of the Rings: The Fellowship of the Ring (1954)";"J. R. R. Tolkien";"1892";"The Lord of the Rings: The Fellowship of the Ring";"1954";"художественная";"";"";"";"";"";"омонимия не снята";"The Lord of the Rings: The Fellowship of the Ring";"Джон Рональд Руэл Толкин";"Властелин колец: Братство кольца";"";"1982";"23436";"316643";"11718";"186177";"rus";"rus";"Великобритания";"";"В самом деле, тяжело нагруженный Билл, судя по его довольному виду, с легким сердцем отправлялся в поход – не то что другие спутники Фродо, которых томили тяжкие предчувствия, хотя уходили они налегке.";"8eca275ebcf4afaefc167433be07b53c:16123:11";" So Bill was going as the beast of burden, yet he was the only member of the Company that did not seem depressed. ";"eng"
" янсеп яаксйифьлэ отэ ,ястеемузаР ― .но лазакс";"с";"сказал он. ― Разумеется, это эльфийская песня";"с";" ";"легким сердцем, быстрыми словами и скорым";"J. R. R. Tolkien. The Lord of the Rings: The Two Towers (1954)";"J. R. R. Tolkien";"1892";"The Lord of the Rings: The Two Towers";"1954";"художественная";"";"";"";"";"";"омонимия не снята";"The Lord of the Rings: The Two Towers";"Дж. Р. Р. Толкин";"Властелин колец: Две башни";"";"1994";"13632";"272727";"6816";"155151";"rus";"rus";"Великобритания";"";"― Вот как все это было, ― сказал он. ― Разумеется, это эльфийская песня с легким сердцем, быстрыми словами и скорым концом. Я скажу даже, что она красива. Но энты могли бы сказать больше по этому поводу, если бы у них было время. А теперь я должен встать и немного поспать. Где вы встанете?";"41da8f66d9aacb27fda63a4a20e39130:2797:11";"' That is how it goes,' he said.' It is Elvish, of course: lighthearted, quickworded, and soon over. I daresay it is fair enough. But the Ents could say more on their side, if they had time! But now I am going to stand up and take a little sleep. Where will you stand?' ";"eng"
" мяревд оге к етедйоп ыв илсе";"с";"если вы пойдете к его дверям";"с";" ";"легким сердцем, ― сказал Гэндальф. ― Мы не";"J. R. R. Tolkien. The Lord of the Rings: The Two Towers (1954)";"J. R. R. Tolkien";"1892";"The Lord of the Rings: The Two Towers";"1954";"художественная";"";"";"";"";"";"омонимия не снята";"The Lord of the Rings: The Two Towers";"Дж. Р. Р. Толкин";"Властелин колец: Две башни";"";"1994";"13632";"272727";"6816";"155151";"rus";"rus";"Великобритания";"";"― Последнее вполне вероятно, если вы пойдете к его дверям с легким сердцем, ― сказал Гэндальф. ― Мы не знаем, что он будет делать. Опасно приближаться к хищнику, загнанному в угол. А у Сарумана есть еще власть, о которой вы и не догадываетесь. Берегитесь его голоса!";"41da8f66d9aacb27fda63a4a20e39130:6875:9";"' The last is most likely, if you ride to his door with a light heart,' said Gandalf.' But there is no knowing what he can do, or may choose to try. A wild beast cornered is not safe to approach. And Saruman has powers you do not guess. Beware of his voice!' ";"eng"
" и яавымудзар еН ";"с";"Не раздумывая и";"с";" ";"легким сердцем, потому что это нужно";"Ernest Hemingway. For Whom The Bell Tolls (1940)";"Ernest Hemingway";"1899";"For Whom The Bell Tolls";"1940";"художественная";"";"";"";"";"";"омонимия не снята";"For Whom The Bell Tolls";"Эрнест Хемингуэй";"По ком звонит колокол";"";"1968";"31088";"318191";"15544";"173648";"rus";"rus";"США";"";"Не раздумывая и с легким сердцем, потому что это нужно для дела.";"384001a800d7e011ac1012bba3dfe9dd:2975:3";" Certainly and with a clear heart considering our task. ";"eng"
" ботч от ен ьтсе оТ !икчортс";"с";"строчки! То есть не то чтоб";"с";" ";"легким сердцем, а с какою самоуверенностью";"Ф. М. Достоевский. Игрок (1866)";"Ф. М. Достоевский";"1821";"Игрок";"1866";"художественная";"";"";"";"";"";"омонимия не снята";"Игрок";"Fedor Dostoevsky";"The Gambler";"";"1935";"6070";"105773";"3035";"44723";"rus";"eng";"Великобритания";"";"Боже! с каким, сравнительно говоря, легким сердцем я написал тогда эти последние строчки! То есть не то чтоб с легким сердцем, а с какою самоуверенностью, с какими непоколебимыми надеждами!";"8a55ff685fab6d17e21f02da31670ba5:5662:18";" My God, with what a light heart (comparatively speaking) did I write the concluding lines! — though it may be not so much with a light heart, as with a measure of self-confidence and unquenchable hope. ";"eng"
" йе но и ,оге ешыв иллоХ";"с";"Холли выше его, и он ей";"с";" ";"легким сердцем прощал это — большая уступка";"John Galsworthy. To Let (1921)";"John Galsworthy";"1867";"To Let";"1921";"художественная";"";"";"";"";"";"омонимия не снята";"To Let";"Джон Голсуорси";"Сдается внаем";"";"1946";"13226";"167590";"6613";"89255";"rus";"rus";"Великобритания";"";"Не отличаясь особой скромностью, Вэл, однако, пришел к сознанию, что Холли выше его, и он ей с легким сердцем прощал это — большая уступка со стороны мужчины.";"9e56d585c22911eb3b02689320d18f4c:2085:16";" Though not remarkable for humility, Val had come to have the feeling that she was his superior, and he did not grudge it ― a great tribute. ";"eng"
" ыб илатс ен ым отч ,ясьтавенмос";"с";"сомневаться, что мы не стали бы";"с";" ";"легким сердцем портить твое счастье.";"John Galsworthy. To Let (1921)";"John Galsworthy";"1867";"To Let";"1921";"художественная";"";"";"";"";"";"омонимия не снята";"To Let";"Джон Голсуорси";"Сдается внаем";"";"1946";"13226";"167590";"6613";"89255";"rus";"rus";"Великобритания";"";"Но, Джон, ты достаточно знаешь ее и меня. Ты можешь не сомневаться, что мы не стали бы с легким сердцем портить твое счастье.";"9e56d585c22911eb3b02689320d18f4c:10027:17";" But, Jon, you know her and me well enough to be sure we wouldn't wish to spoil your happiness lightly. ";"eng"
" ,ахартс зеб и инзиж йоннедыбо утеус";"с";"суету обыденной жизни и без страха,";"с";" ";"легким сердцем шел своей дорогой среди";"James Joyce. A Portrait of the Artist as a Young Man (1917)";"James Joyce";"1862";"A Portrait of the Artist as a Young Man";"1917";"художественная";"";"";"";"";"";"омонимия не снята";"A Portrait of the Artist as a Young Man";"Джеймс Джойс";"Портрет художника в юности";"";"1976";"10522";"152230";"5261";"85049";"rus";"rus";"Великобритания, Ирландия";"";"Однако краткий миг гордой немоты проходил, и он снова с радостью окунался в суету обыденной жизни и без страха, с легким сердцем шел своей дорогой среди нищеты, шума и праздности большого города.";"8619b3d1df5145c36f75afb69d16f6b4:6987:19";" But when this brief pride of silence upheld him no longer he was glad to find himself still in the midst of common lives, passing on his way amid the squalor and noise and sloth of the city fearlessly and with a light heart. ";"eng"
" ,енич мовон в ,онченок жу ,и";"с";"и, уж конечно, в новом чине,";"с";" ";"легким сердцем перескочить всякую прежнюю нравственную";"Ф. М. Достоевский. Братья Карамазовы (ч. 3-4) (1878)";"Ф. М. Достоевский";"1821";"Братья Карамазовы (ч. 3-4)";"1878";"художественная";"";"";"";"";"";"омонимия не снята";"Братья Карамазовы (ч. 3-4)";"Fedor Dostoevsky";"The Brothers Karamazov (parts 3-4)";"";"1912";"23208";"374289";"11604";"169158";"rus";"eng";"Великобритания";"";"Мало того: если даже период этот и никогда не наступит, но так как бога и бессмертия все-таки нет, то новому человеку позволительно стать человеко-богом, даже хотя бы одному в целом мире, и, уж конечно, в новом чине, с легким сердцем перескочить всякую прежнюю нравственную преграду прежнего раба-человека, если оно понадобится.";"01066fd433366c41dcff4c8cece1c4b3:17592:38";" What's more, even if this period never comes to pass, since there is anyway no God and no immortality, the new man may well become the man-god, even if he is the only one in the whole world, and promoted to his new position, he may lightheartedly overstep all the barriers of the old morality of the old slave-man, if necessary. ";"eng"
" ыМ ";"с";"Мы";"с";" ";"легким сердцем отправились на поиски вампира";"Bram Stoker. Dracula (1897)";"Bram Stoker";"1847";"Dracula";"1897";"художественная";"";"";"";"";"";"омонимия не снята";"Dracula";"Брэм Стокер";"Дракула";"";"1912";"19426";"261515";"9713";"160156";"rus";"rus";"Великобритания, Ирландия";"";"Мы с легким сердцем отправились на поиски вампира, потому что оставили Мину в прекрасном настроении.";"509aae2beb7d8c3b26db1ba713990521:12229:1";" I went with the party to the search with an easy mind, for I think I never saw Mina so absolutely strong and well. ";"eng"
" грубретеП в ясливарпто чивортеП навИ А";"с";"А Иван Петрович отправился в Петербург";"с";" ";"легким сердцем.";"И. С. Тургенев. Дворянское гнездо (1859)";"И. С. Тургенев";"1818";"Дворянское гнездо";"1859";"художественная";"";"";"";"";"";"омонимия не снята";"Дворянское гнездо";"Ivan Turgenev";"A Nobleman’s Nest";"";"1894";"6040";"109865";"3020";"46980";"rus";"eng";"Великобритания";"";"А Иван Петрович отправился в Петербург с легким сердцем.";"748068057925d2777b2ff29622451993:1018:6";" And Ivan Petrovitch set off for Petersburg with a light heart. ";"eng"
" итти ьсилишер ,итсонбодан йокясв зеб ,имавтсдерс";"с";"средствами, без всякой надобности, решились итти";"с";" ";"легким сердцем служить на Кавказ? вот";"Л. Н. Толстой. Из кавказских воспоминаний. Разжалованный (1856)";"Л. Н. Толстой";"1828";"Из кавказских воспоминаний. Разжалованный";"1856";"художественная";"";"";"";"";"";"омонимия не снята";"Из кавказских воспоминаний. Разжалованный";"Leo Tolstoy";"An Old Acquaintance";"";"1887";"826";"18630";"413";"7886";"rus";"eng";"США";"";"― Как это вы с средствами, без всякой надобности, решились итти с легким сердцем служить на Кавказ? вот чего я не понимаю, ― сказал он мне.";"86ec578b457cb4a1bbd56ebdd99b13a5:584:10";" ""How could you, who have means, and were under no necessity, simply de gaiete de coeur, make up your mind to come and serve in the Caucasus? That's what I don't understand, ""said he to me. ";"eng"
" еН ";"с";"Не";"с";" ";"легким сердцем шел я на это";"И. С. Тургенев. Ася (1858)";"И. С. Тургенев";"1818";"Ася";"1858";"художественная";"";"";"";"";"";"омонимия не снята";"Ася";"Ivan Turgenev";"Annouchka";"";"1884";"1928";"32359";"964";"13814";"rus";"eng";"США";"";"Не с легким сердцем шел я на это свидание, не предаваться радостям взаимной любви предстояло мне; мне предстояло сдержать данное слово, исполнить трудную обязанность.";"b1f08fe2966866a077680b7c568c2ef8:1458:1";" It was not with a light heart that I was going to this interview. I must not give myself up to the joys of a reciprocal love. Must keep to my word, fulfil a difficult duty. ";"eng"
" лешу снаХ вопьлоХ нав амод зИ";"с";"Из дома ван Хольпов Ханс ушел";"с";" ";"легким сердцем.";"Mary Mapes Dodge. Hans Brinker or the Silver Skates (1865)";"Mary Mapes Dodge";"1831";"Hans Brinker or the Silver Skates";"1865";"художественная";"";"";"";"";"";"омонимия не снята";"Hans Brinker or the Silver Skates";"Мэри Мейпс Додж";"Серебряные коньки";"";"1941";"11526";"150751";"5763";"80734";"rus";"rus";"США";"";"Из дома ван Хольпов Ханс ушел с легким сердцем.";"e7118cb2a258d86e243d71189fb37afd:8831:6";" Hans left the Van Holp mansion with a lightened heart. ";"eng"
" иттэМ ссим то алахеу Я ";"с";"Я уехала от мисс Мэтти";"с";" ";"легким сердцем.";"Elizabeth Gaskell. Cranford (1853)";"Elizabeth Gaskell";"1810";"Cranford";"1853";"художественная";"";"";"";"";"";"омонимия не снята";"Cranford";"Элизабет Гаскелл";"Крэнфорд";"";"1973";"5082";"132684";"2541";"71616";"rus";"rus";"Великобритания";"";"Я уехала от мисс Мэтти с легким сердцем.";"a03eb3d6f03b25ec2864b5d88c50394a:4641:5";" I left Miss Matty with a good heart. ";"eng"
" оге етеадто ыВ — ";"с";"— Вы отдаете его";"с";" ";"легким сердцем, — сказал он. — Мне не";"Charlotte Brontë. Jane Eyre (1847)";"Charlotte Brontë";"1816";"Jane Eyre";"1847";"художественная";"";"";"";"";"";"омонимия не снята";"Jane Eyre";"Шарлотта Бронте";"Джейн Эйр";"";"1950";"17896";"344453";"8948";"186739";"rus";"rus";"Великобритания";"";"— Вы отдаете его с легким сердцем, — сказал он. — Мне не совсем понятно ваше веселое настроение, так как я не знаю, какое занятие вы избрали себе взамен того, которое оставляете.";"0a7c00da545dbcb74563ade41aadf337:15025:3";" “You give it up very gleefully,” said he; “I don't quite understand your light-heartedness, because I cannot tell what employment you propose to yourself as a substitute for the one you are relinquishing. ";"eng"
" и ьревд репаз ,яинаминоп канз в";"с";"в знак понимания, запер дверь и";"с";" ";"легким сердцем отправился в путь.";"Charles Dickens. The Posthumous Papers of the Pickwick Club (1836-1837)";"Charles Dickens";"1812";"The Posthumous Papers of the Pickwick Club";"1836-1837";"художественная";"";"";"";"";"";"омонимия не снята";"The Posthumous Papers of the Pickwick Club";"Чарльз Диккенс";"Посмертные записки Пиквикского клуба";"";"1933";"31534";"516076";"15767";"287005";"rus";"rus";"Великобритания";"";"Сэм кивнул в знак понимания, запер дверь и с легким сердцем отправился в путь.";"44c1add02382c6859cb2b4883cdab3f3:19885:8";" Sam gave a nod of intelligence, and withdrawing his head from the door, set forth on his pilgrimage with a light heart. ";"eng"
" ясмиварптО .ьтуп в ,адопсог ,ж отч";"с";"что ж, господа, в путь. Отправимся";"с";" ";"легким сердцем в Конингсбург, а об";"Walter Scott. Ivanhoe (1819)";"Walter Scott";"1771";"Ivanhoe";"1819";"художественная";"";"";"";"";"";"омонимия не снята";"Ivanhoe";"Вальтер Скотт";"Айвенго";"";"1890-1902";"14144";"333666";"7072";"185803";"rus";"rus";"Великобритания";"";"Ну что ж, господа, в путь. Отправимся с легким сердцем в Конингсбург, а об этом забудем.";"ea4bfa5be04d4e7f98090eda4be01bfb:12985:7";" ― But come, sirs, let us merrily on to Coningsburgh, and think no more on't.'' ";"eng"
"( алыб анеджунирп ано ,итсоньлетишерен в вяотсоп";"с";"постояв в нерешительности, она принуждена была (";"с";" ";"легким сердцем, однако) поспешить прочь.";"Jane Austen. Persuasion (1816)";"Jane Austen";"1775";"Persuasion";"1816";"художественная";"";"";"";"";"";"омонимия не снята";"Persuasion";"Джейн Остин";"Доводы рассудка";"";"1988";"7248";"148714";"3624";"83484";"rus";"rus";"Великобритания";"";"Энн смешалась; но, с минуту постояв в нерешительности, она принуждена была (с легким сердцем, однако) поспешить прочь.";"57e0a4f8a5b091398b989aafaba9d708:4819:11";" Anne was startled and confused; but after standing in a moment's suspense, was obliged, and not sorry to be obliged, to hurry away. ";"eng"
" ценокан ее алитсупто ― ,аладап ен отч";"с";"что не падала, ― отпустила ее наконец";"с";" ";"легким сердцем, в надежде увидеть вечером";"Jane Austen. Persuasion (1816)";"Jane Austen";"1775";"Persuasion";"1816";"художественная";"";"";"";"";"";"омонимия не снята";"Persuasion";"Джейн Остин";"Доводы рассудка";"";"1988";"7248";"148714";"3624";"83484";"rus";"rus";"Великобритания";"";"Портшез был решительно отринут, и миссис Мазгроув, которая могла думать о болезни лишь одного-единственного свойства, тщательно удостоверясь, что Энн не упала и не ушиблась, что нет, в последние дни ей не случалось поскользнуться, упасть, ушибить голову, да, она совершенно убеждена, что не падала, ― отпустила ее наконец с легким сердцем, в надежде увидеть вечером совершенно оправившейся.";"57e0a4f8a5b091398b989aafaba9d708:6847:47";" The chair was earnestly protested against, and Mrs Musgrove, who thought only of one sort of illness, having assured herself with some anxiety, that there had been no fall in the case; that Anne had not at any time lately slipped down, and got a blow on her head; that she was perfectly convinced of having had no fall; could part with her cheerfully, and depend on finding her better at night. ";"eng"
