"Reversed left context";"Reversed center";"Left context";"Center";"Punct";"Right context";"Title";"Author";"Birthday";"Header";"Created";"Sphere";"Type";"Topic";"Publication";"Publ_year";"Medium";"Ambiguity";"Header";"Author_trans";"Header_trans";"Translator";"Date_trans";"Sentences";"Words";"Orig_sentences";"Orig_words";"Lang";"Lang_trans";"Lang_variant";"Dialect";"Full context";"Example source";"Para context 1";"Lang 1"
" сан зи овтснишьлоБ ";"тиртомс";"Большинство из нас";"смотрит";" ";"в обе стороны, прежде чем переходить";"Georges C. Benjamin, David Biello, Chris Anderson. The secret weapon against pandemic (2020)";"Georges C. Benjamin, David Biello, Chris Anderson";"1952, 1957";"The secret weapon against pandemic";"2020";"учебно-научная, публицистика, устная публичная речь";"";"";"";"";"";"омонимия не снята";"The secret weapon against pandemic";"Джордж К. Бенджамин, Дэвид Бьелло, Крис Андерсон";"Секретной оружие против пандемии";"";"";"592";"8768";"296";"5035";"rus";"rus";"США, Великобритания";"";"Большинство из нас смотрит в обе стороны, прежде чем переходить дорогу.";"47259054c67220b0771f4d47de638e7e:53:3";" Most of us look both ways before we cross a street. ";"eng"
" ― .но лазакс ― ,мат ьдащолП ― .уклуорп оп";"етиртомС";"по проулку. ― Площадь там, ― сказал он. ―";"Смотрите";" ";"в оба, а сами постарайтесь остаться";"Dan Brown. Angels and Demons (2000)";"Dan Brown";"1964";"Angels and Demons";"2000";"художественная";"";"";"";"";"";"омонимия не снята";"Angels and Demons";"Дэн Браун";"Ангелы и демоны";"";"2004";"16144";"298893";"8072";"150396";"rus";"rus";"США";"";"Оливетти вылез из машины и поманил их за собой по проулку. ― Площадь там, ― сказал он. ― Смотрите в оба, а сами постарайтесь остаться невидимыми. ― Постучав пальцем по висящему на поясе мобильному телефону, коммандер добавил: ― А вас, мисс Ветра, я попрошу настроиться на автоматический набор.";"516f8420ab7d29d361213657275ee895:10431:15";" Olivetti got out of the car and motioned back up the alley. ""The piazza is that way. Keep your eyes open and don't let yourselves be seen. ""He tapped the phone on his belt. ""Ms. Vetra, let's retest our auto dial. """;"eng"
" ынжлод ым еревеС ан отч ,удив";"ьтертомс";"виду, что на Севере мы должны";"смотреть";" ";"в оба, по крупицам собирать сведения.";"Philip Pullman. His Dark Materials: Nothern Lights (1995)";"Philip Pullman";"1946";"His Dark Materials: Nothern Lights";"1995";"художественная";"";"";"";"";"";"омонимия не снята";"His Dark Materials: Nothern Lights";"Филип Пулман";"Северное сияние";"";"2005";"17198";"208873";"8599";"118637";"rus";"rus";"Великобритания";"";"Я имел в виду, что на Севере мы должны смотреть в оба, по крупицам собирать сведения.";"84c21d468a0bb9c6743d9ca2a3916389:6009:9";" What I had it in my mind to do was to keep our eyes and ears open and see what knowledge we can glean while we're in the North. ";"eng"
" ,кнат лёшорп аречв илсЕ ";"иртомс";"Если вчера прошёл танк,";"смотри";" ";"в оба: в след от гусеницы";"Светлана Алексиевич. Цинковые мальчики (1991)";"Светлана Алексиевич";"1948";"Цинковые мальчики";"1991";"художественная, публицистика";"";"";"";"";"";"омонимия не снята";"Цинковые мальчики";"Svetlana Alexievich";"Zinky Boys : Soviet Voices from the Afghanistan War";"";"1992";"9494";"130699";"4747";"55517";"rus";"eng";"США";"";"Если вчера прошёл танк, смотри в оба: в след от гусеницы танка могут мину закопать.";"d70fad5334349fa355375c0e3af344e3:4898:4";" If a tank had passed that way the day before, though, special care was needed, because the caterpillar tracks could be concealing a mine. ";"eng"
" мав ястедирП ";"ьтертомс";"Придется вам";"смотреть";" ";"в оба ― и так уже не";"Владимир Набоков. Волшебник (1939)";"Владимир Набоков";"1899";"Волшебник";"1939";"художественная";"";"";"";"";"";"омонимия не снята";"Волшебник";"Vladimir Nabokov";"Enchanter";"";"1986";"852";"29541";"426";"12009";"rus";"eng";"Великобритания, США";"";"Придется вам смотреть в оба ― и так уже не по летам крупненькая, а годика через три так и будут липнуть молодые люди ― забот не оберетесь"", ― и он про себя хохотал, хохотал на пуховиках счастья.";"13fe805ed1834162f5618053bc9a2bbd:538:2";" You'll have to watch her like a hawk, she's already biggish for her age, just wait another three years and the boys will be sticking to her like flies, you'll have no end of worries, ""and meanwhile he was guffawing and guffawing to himself, floating on featherbeds of happiness. ";"eng"
" — ,ашиМ ьтаводнамок лажлодорп — ,аквалС ,ыТ — ";"иртомс";"— Ты, Славка, — продолжал командовать Миша, —";"смотри";" ";"в оба!";"Анатолий Рыбаков. Бронзовая птица (1956)";"Анатолий Рыбаков";"1911";"Бронзовая птица";"1956";"художественная";"";"";"";"";"";"омонимия не снята";"Бронзовая птица";"Anatoly Rybakov";"The Bronze Bird";"";"1956";"6650";"66817";"3325";"28302";"rus";"eng";"СССР/Россия";"";"— Ты, Славка, — продолжал командовать Миша, — смотри в оба!";"b217418b16a6d917548ed9ef51a8745d:2690:5";" ""Slava, ""Misha continued, ""keep your eyes peeled. ";"eng"
" и йаватсто ен отч каТ ";"иртомс";"Так что не отставай и";"смотри";" ";"в оба. – Арагорн быстро зашагал к";"J. R. R. Tolkien. The Lord of the Rings: The Fellowship of the Ring (1954)";"J. R. R. Tolkien";"1892";"The Lord of the Rings: The Fellowship of the Ring";"1954";"художественная";"";"";"";"";"";"омонимия не снята";"The Lord of the Rings: The Fellowship of the Ring";"Джон Рональд Руэл Толкин";"Властелин колец: Братство кольца";"";"1982";"23436";"316643";"11718";"186177";"rus";"rus";"Великобритания";"";"Так что не отставай и смотри в оба. – Арагорн быстро зашагал к Обзорному Сторожевому Посту.";"8eca275ebcf4afaefc167433be07b53c:23255:5";" Follow me, and keep your eyes open!' He sped up the path. ";"eng"
" ешчул он ,аД ― ";"ьтертомс";"― Да, но лучше";"смотреть";" ";"в оба. Если он застанет нас";"J. R. R. Tolkien. The Lord of the Rings: The Two Towers (1954)";"J. R. R. Tolkien";"1892";"The Lord of the Rings: The Two Towers";"1954";"художественная";"";"";"";"";"";"омонимия не снята";"The Lord of the Rings: The Two Towers";"Дж. Р. Р. Толкин";"Властелин колец: Две башни";"";"1994";"13632";"272727";"6816";"155151";"rus";"rus";"Великобритания";"";"― Да, но лучше смотреть в оба. Если он застанет нас спящими, вонючка может окончательно победить. Но вам нужно немного вздремнуть, хозяин. Ложитесь рядом со мной. Я посторожу; и если я схвачу вас руками, никто не сможет коснуться вас так, чтобы Сэм не узнал об этом.";"41da8f66d9aacb27fda63a4a20e39130:12437:3";"' No, but we'd better keep our eyes skinned till we do. If we're caught napping, Stinker will come out on top pretty quick. Not but what it would be safe for you to have a wink now, master. Safe, if you lay close to me. I'd be dearly glad to see you have a sleep. I'd keep watch over you; and anyway, if you lay near, with my arm round you, no one could come pawing you without your Sam knowing it.' ";"eng"
" но ыботч ,яаджерпудерп ,мин аз лунгырп";"лертомс";"прыгнул за ним, предупреждая, чтобы он";"смотрел";" ";"в оба и не валял дурака.";"Clive Staples Lewis. The Chronicles of Narnia. The Voyage of the ‘Dawn Treader’ (1952)";"Clive Staples Lewis";"1898";"The Chronicles of Narnia. The Voyage of the ‘Dawn Treader’";"1952";"художественная";"";"";"";"";"";"омонимия не снята";"The Chronicles of Narnia. The Voyage of the ‘Dawn Treader’";"Клайв Стейплз Льюис";"Хроники Нарнии. Плавание «Утреннего Путника»";"";"1991";"6782";"99104";"3391";"53138";"rus";"rus";"Великобритания";"";"Эдмунд, знавший кое-что о волшебстве, прыгнул за ним, предупреждая, чтобы он смотрел в оба и не валял дурака.";"9900890b5211ff4ad94d2a1688ace777:191:11";" Edmund, who knew something about magic, sprang after him, warning him to look out and not to be a fool. ";"eng"
" ― ";"етиртомС";"―";"Смотрите";" ";"в оба.";"Борис Полевой. Повесть о настоящем человеке (1946)";"Борис Полевой";"1908";"Повесть о настоящем человеке";"1946";"художественная";"";"";"";"";"";"омонимия не снята";"Повесть о настоящем человеке";"Boris Polevoi";"A Story about a real man";"";"1950";"12740";"210874";"6370";"88696";"rus";"eng";"Великобритания";"";"Капитан Чеслов, разложив на росистой траве карту, показывал летчикам эскадрильи маршрут и точки нового положения.  ― Смотрите в оба.  Зримого взаимодействия не терять.";"680f1b3200a7177681680ab35c78de1e:10942:0";" On a map spread out on the dewy grass, Captain Cheslov was showing the airmen of his squadron their new airfield and the route to it.  ""Keep your eyes open, ""he was saying. "" Don't lose sight of each other. ";"eng"
" ,еонвалГ .комС ,йащорп ,ж отч уН";"иртомс";"Ну что ж, прощай, Смок. Главное,";"смотри";" ";"в оба, не попадись злому духу";"Jack London. Smoke Bellew (1912)";"Jack London";"1876";"Smoke Bellew";"1912";"художественная";"";"";"";"";"";"омонимия не снята";"Smoke Bellew";"Джек Лондон";"Смок Беллью";"";"1927";"4866";"75956";"2433";"42602";"rus";"rus";"США";"";"― Да, вот добраться туда. Это именно меня и беспокоит. Как ты туда доберешься? Ну что ж, прощай, Смок. Главное, смотри в оба, не попадись злому духу. И помни, что нечего стыдиться, если ты вернешься домой с пустыми руками.";"169f155c6d62ef94d371db91e164dc3d:3451:19";" ""Yes, once you get acrost. But it's the gettin'acrost that worries me. Well, so long, Smoke. Keep your eyes open for that hoodoo, that's all. An'don't be ashamed to turn back if you don't kill any meat. """;"eng"
" ― ";"иртомС";"―";"Смотри";" ";"в оба, Китти!";"Theodore Dreiser. Sister Carrie (1900)";"Theodore Dreiser";"1871";"Sister Carrie";"1900";"художественная";"";"";"";"";"";"омонимия не снята";"Sister Carrie";"Теодор Драйзер";"Сестра Керри";"";"1927";"16624";"207821";"8312";"110830";"rus";"rus";"США";"";"― Пойдем со мной на танцы, а?  ― Смотри в оба, Китти!  ― А то он тебе прическу-то попортит!";"2c7442eeefbdfb995db3f3e251340205:1629:0";" ""Are you going to the ball with me? "" Look out, Kitty, ""called another. "" You'll jar your back hair. ";"eng"
" одан ,юамуд ,уН ";"ьтертомс";"Ну, думаю, надо";"смотреть";" ";"в оба: как бы не прозевать";"Mark Twain. The Adventures of Huckleberry Finn (1884)";"Mark Twain";"1835";"The Adventures of Huckleberry Finn";"1884";"художественная";"";"";"";"";"";"омонимия не снята";"The Adventures of Huckleberry Finn";"Марк Твен";"Приключения Гекльберри Финна";"";"1950";"12080";"203856";"6040";"112742";"rus";"rus";"США";"";"Ну, думаю, надо смотреть в оба: как бы не прозевать, если какая-нибудь коврига подплывет ко мне поближе.";"46b4d09a41c99ac2c036814a48684159:1557:3";" So, says I, I'll keep a lookout, and if any of them's floating around after me I'll give them a show. ";"eng"
" енм лелев нО ";"ьтертомс";"Он велел мне";"смотреть";" ";"в оба и сказать ему, когда";"Mark Twain. The Adventures of Huckleberry Finn (1884)";"Mark Twain";"1835";"The Adventures of Huckleberry Finn";"1884";"художественная";"";"";"";"";"";"омонимия не снята";"The Adventures of Huckleberry Finn";"Марк Твен";"Приключения Гекльберри Финна";"";"1950";"12080";"203856";"6040";"112742";"rus";"rus";"США";"";"Он велел мне смотреть в оба и сказать ему, когда всадники опять покажутся; они, верно, затевают какую-нибудь подлость и уехали ненадолго.";"46b4d09a41c99ac2c036814a48684159:4981:3";" He told me to watch out sharp and let him know when the men come in sight again; said they was up to some devilment or other ― wouldn't be gone long. ";"eng"
" но ботч ,анотниЛ аретсим етидерпудерп ыв";"лертомс";"вы предупредите мистера Линтона, чтоб он";"смотрел";" ";"в оба!";"Emily Brontë. Wuthering Heights (1847)";"Emily Brontë";"1818";"Wuthering Heights";"1847";"художественная";"";"";"";"";"";"омонимия не снята";"Wuthering Heights";"Эмили Бронте";"Грозовой перевал";"";"1956";"12548";"224130";"6274";"117752";"rus";"rus";"Великобритания";"";"По моим сведениям, ей удалось от него отделаться только под честное слово, что к следующей встрече она подготовится, когда у них намечена встреча, мой осведомитель не расслышал, но вы предупредите мистера Линтона, чтоб он смотрел в оба!";"4dd9a884633da9a0b633833588f2afc1:4833:34";" My informant said she could only put him off by pledging her word of honour to be prepared on their first meeting after that: when it was to be he didn't hear; but you urge Mr. Linton to look sharp!' ";"eng"
" …оньливарП ― ";"иртомс";"― Правильно…";"смотри";" ";"в оба.";"Charles Dickens. The Posthumous Papers of the Pickwick Club (1836-1837)";"Charles Dickens";"1812";"The Posthumous Papers of the Pickwick Club";"1836-1837";"художественная";"";"";"";"";"";"омонимия не снята";"The Posthumous Papers of the Pickwick Club";"Чарльз Диккенс";"Посмертные записки Пиквикского клуба";"";"1933";"31534";"516076";"15767";"287005";"rus";"rus";"Великобритания";"";"Парень глубоко вздохнул и, бросив пламенный взгляд на аппетитную птицу, неохотно передал ее своему хозяину.  ― Правильно… смотри в оба.  Давай язык… паштет из голубей.";"44c1add02382c6859cb2b4883cdab3f3:1799:1";" The boy sighed deeply, and, bestowing an ardent gaze upon its plumpness, unwillingly consigned it to his master. ' That's right ― look sharp.  Now the tongue ― now the pigeon pie. ";"eng"
" етедуб илсе ,етилертсдоп ьдубин-отч ыв зар";"ьтертомс";"раз вы что-нибудь подстрелите, если будете";"смотреть";" ";"в оба.";"Charles Dickens. The Posthumous Papers of the Pickwick Club (1836-1837)";"Charles Dickens";"1812";"The Posthumous Papers of the Pickwick Club";"1836-1837";"художественная";"";"";"";"";"";"омонимия не снята";"The Posthumous Papers of the Pickwick Club";"Чарльз Диккенс";"Посмертные записки Пиквикского клуба";"";"1933";"31534";"516076";"15767";"287005";"rus";"rus";"Великобритания";"";"― Прекрасно, в следующий раз вы что-нибудь подстрелите, если будете смотреть в оба.";"44c1add02382c6859cb2b4883cdab3f3:9909:9";"' Well done, You'll hit something next time, if you look sharp. ";"eng"
" олаводелс ыб енм ,юанЗ ― ";"ьтертомс";"― Знаю, мне бы следовало";"смотреть";" ";"в оба, ― сказал Сэм.";"Charles Dickens. The Posthumous Papers of the Pickwick Club (1836-1837)";"Charles Dickens";"1812";"The Posthumous Papers of the Pickwick Club";"1836-1837";"художественная";"";"";"";"";"";"омонимия не снята";"The Posthumous Papers of the Pickwick Club";"Чарльз Диккенс";"Посмертные записки Пиквикского клуба";"";"1933";"31534";"516076";"15767";"287005";"rus";"rus";"Великобритания";"";"― Знаю, мне бы следовало смотреть в оба, ― сказал Сэм.";"44c1add02382c6859cb2b4883cdab3f3:11203:4";"' I ought to ha'know'd better, I know,' said Sam. ";"eng"
" олаводелС ― ";"ьтертомс";"― Следовало";"смотреть";" ";"в оба!";"Charles Dickens. The Posthumous Papers of the Pickwick Club (1836-1837)";"Charles Dickens";"1812";"The Posthumous Papers of the Pickwick Club";"1836-1837";"художественная";"";"";"";"";"";"омонимия не снята";"The Posthumous Papers of the Pickwick Club";"Чарльз Диккенс";"Посмертные записки Пиквикского клуба";"";"1933";"31534";"516076";"15767";"287005";"rus";"rus";"Великобритания";"";"― Знаю, мне бы следовало смотреть в оба, ― сказал Сэм.  ― Следовало смотреть в оба!  ― повторил мистер Уэллер, ударяя кулаком по столу.";"44c1add02382c6859cb2b4883cdab3f3:11205:1";"' I ought to ha'know'd better, I know,' said Sam. ' Ought to ha'know'd better!'  repeated Mr. Weller, striking the table with his fist. ";"eng"
" олаводелС ― ";"ьтертомс";"― Следовало";"смотреть";" ";"в оба!";"Charles Dickens. The Posthumous Papers of the Pickwick Club (1836-1837)";"Charles Dickens";"1812";"The Posthumous Papers of the Pickwick Club";"1836-1837";"художественная";"";"";"";"";"";"омонимия не снята";"The Posthumous Papers of the Pickwick Club";"Чарльз Диккенс";"Посмертные записки Пиквикского клуба";"";"1933";"31534";"516076";"15767";"287005";"rus";"rus";"Великобритания";"";"― повторил мистер Уэллер, ударяя кулаком по столу.  ― Следовало смотреть в оба!  Да, я знаю одного юнца, который и на половину и на четверть не был так хорошо воспитан, как ты, ― не ночевал на рынках по полгода, ― так он не дал бы одурачить себя таким манером, не дал бы, Сэмми.";"44c1add02382c6859cb2b4883cdab3f3:11209:1";" repeated Mr. Weller, striking the table with his fist. ' Ought to ha'know'd better!  why, I know a young' un as hasn't had half nor quarter your eddication ― as hasn't slept about the markets, no, not six months ― who'd ha'scorned to be let in, in such a vay; scorned it, Sammy.' ";"eng"
" ― ";"етиртомС";"―";"Смотрите";" ";"в оба, Айзек.";"Charles Dickens. The Posthumous Papers of the Pickwick Club (1836-1837)";"Charles Dickens";"1812";"The Posthumous Papers of the Pickwick Club";"1836-1837";"художественная";"";"";"";"";"";"омонимия не снята";"The Posthumous Papers of the Pickwick Club";"Чарльз Диккенс";"Посмертные записки Пиквикского клуба";"";"1933";"31534";"516076";"15767";"287005";"rus";"rus";"Великобритания";"";"― В одном из наших общественных учреждений, ― ответил Джексон, поспешно увлекая ее к двери и оглядываясь, чтобы узнать, следуют ли за ним остальные.  ― Смотрите в оба, Айзек.  ― Будьте благонадежны, ― отозвался человек с ясеневой палкой.";"44c1add02382c6859cb2b4883cdab3f3:25271:0";"' Only one of our public offices,' replied Jackson, hurrying her through a door, and looking round to see that the other women were following. ' Look sharp, Isaac!' ' Safe and sound,' replied the man with the ash stick. ";"eng"
