"Reversed left context";"Reversed center";"Left context";"Center";"Punct";"Right context";"Title";"Author";"Birthday";"Header";"Created";"Sphere";"Type";"Topic";"Publication";"Publ_year";"Medium";"Ambiguity";"Header";"Author_trans";"Header_trans";"Translator";"Date_trans";"Sentences";"Words";"Orig_sentences";"Orig_words";"Lang";"Lang_trans";"Lang_variant";"Dialect";"Full context";"Example source";"Para context 1";"Lang 1"
" тюаничан вокинневтсдор хиовс ан адгок ,узаф";"ьтертомс";"фазу, когда на своих родственников начинают";"смотреть";" ";"сверху вниз.";"Carl Zimmer. She Has Her Mother's Laugh: The Powers, Perversions, and Potential of Heredity (2018)";"Carl Zimmer";"1966";"She Has Her Mother's Laugh: The Powers, Perversions, and Potential of Heredity";"2018";"учебно-научная, публицистика";"";"";"";"";"";"омонимия не снята";"She Has Her Mother's Laugh: The Powers, Perversions, and Potential of Heredity";"Карл Циммер";"Она смеётся, как мать: могущество и причуды наследственности";"";"2020";"23518";"381474";"11759";"204597";"rus";"rus";"США";"";"Они по очереди вступили в ту жизненную фазу, когда на своих родственников начинают смотреть сверху вниз.";"b03774f1120326cd2d7968c732e768b9:10269:13";" They have entered that phase of life in which they start looking down at their relatives, one by one. ";"eng"
" ыв :монофелет мыньлибом с еомас еж";"етиртомс";"же самое с мобильным телефоном: вы";"смотрите";" ";"сверху вниз на тех, кто носит";"Nassim Nicholas Taleb. Antifragile: Things That Gain From Disorder (2012)";"Nassim Nicholas Taleb";"1960";"Antifragile: Things That Gain From Disorder";"2012";"учебно-научная, публицистика";"";"наука и технологии, философия";"";"";"";"омонимия не снята";"Antifragile: Things That Gain From Disorder";"Нассим Николас Талеб";"Антихрупкость. Как извлечь выгоду из хаоса";"";"2022";"16592";"336787";"8296";"180355";"rus";"rus";"США";"";"То же самое с мобильным телефоном: вы смотрите сверху вниз на тех, кто носит старые, огромные модели.";"17154569778daa68a2de3fadfcd05453:9921:7";" The same with a cell phone: you look down at those carrying older, larger models. ";"eng"
" ,ьсюавичаробо я адгок ,и янем теаминбо";"тиртомс";"обнимает меня и, когда я оборачиваюсь,";"смотрит";" ";"сверху вниз, как будто от меня";"Lauren Oliver. Before I fall (2010)";"Lauren Oliver";"1982";"Before I fall";"2010";"художественная";"";"";"";"";"";"омонимия не снята";"Before I fall";"Лорен Оливер";"Прежде чем я упаду";"";"2017";"17506";"210817";"8753";"120458";"rus";"rus";"США";"";"Роб не обнимает меня и, когда я оборачиваюсь, смотрит сверху вниз, как будто от меня воняет.";"9bb065fd6edd02c58f47e9712e4e06d6:13781:8";"' Sam.' Rob doesn't put his arms around me, and when I turn around, he's looking down his nose at me like I smell. ";"eng"
" отянирп оген ан А ";"ьтертомс";"А на него принято";"смотреть";" ";"сверху вниз.";"Davies Hunter. The Beatles (2009)";"Davies Hunter";"1936";"The Beatles";"2009";"публицистика";"";"частная жизнь, искусство и культура";"";"";"";"омонимия не снята";"The Beatles";"Дэвис Хантер";"Битлз. Авторизованная биография";"";"2017";"19102";"256628";"9551";"135825";"rus";"rus";"США";"";"А на него принято смотреть сверху вниз.";"709f915a7285306ee9b879f3b13bd5b0:3499:4";" There was a tendency to look down upon all beat groups and the people who played in them. ";"eng"
" ен ,йинеджус хиксечирогетак то яславижредзов нО";"лертомс";"Он воздерживался от категорических суждений, не";"смотрел";" ";"сверху вниз…";"Isaac Asimov. The Gods Themselves (1972)";"Isaac Asimov";"1919";"The Gods Themselves";"1972";"художественная";"";"";"";"";"";"омонимия не снята";"The Gods Themselves";"Айзек Азимов";"Сами боги";"";"1975";"14956";"167562";"7478";"88623";"rus";"rus";"США";"";"Он воздерживался от категорических суждений, не смотрел сверху вниз…";"63531dcfe140d72be59f961e9de650d3:10157:6";" He made no judgments. He didn't patronize… ";"eng"
" агЮ илетатибо еыннепетс и еыратс еелоБ";"илертомс";"Более старые и степенные обитатели Юга";"смотрели";" ";"сверху вниз на новопоселенцев, но здесь";"Margaret Mitchell. Gone with the Wind, Part 1 (1936)";"Margaret Mitchell";"1900";"Gone with the Wind, Part 1";"1936";"художественная";"";"";"";"";"";"омонимия не снята";"Gone with the Wind, Part 1";"Маргарет Митчелл";"Унесённые ветром, ч. 1";"";"1982";"25706";"403929";"12853";"209514";"rus";"rus";"США";"";"Более старые и степенные обитатели Юга смотрели сверху вниз на новопоселенцев, но здесь, на севере Джорджии, небольшой пробел по части тонкостей классического образования не ставился никому в вину, если это искупалось хорошей сноровкой в том, что имело подлинную цену.";"b1a6e9a3c23689e80357c5e30e2d9a2f:49:6";" The more sedate and older sections of the South looked down their noses at the up-country Georgians, but here in north Georgia, a lack of the niceties of classical education carried no shame, provided a man was smart in the things that mattered. ";"eng"
" воротатналп хытагоб игулс еынреЧ ";"илертомс";"Черные слуги богатых плантаторов";"смотрели";" ";"сверху вниз на „белых голодранцев“, и";"Margaret Mitchell. Gone with the Wind, Part 1 (1936)";"Margaret Mitchell";"1900";"Gone with the Wind, Part 1";"1936";"художественная";"";"";"";"";"";"омонимия не снята";"Gone with the Wind, Part 1";"Маргарет Митчелл";"Унесённые ветром, ч. 1";"";"1982";"25706";"403929";"12853";"209514";"rus";"rus";"США";"";"Черные слуги богатых плантаторов смотрели сверху вниз на „белых голодранцев“, и это уязвляло Слэттери, а надежно обеспеченный слугам кусок хлеба порождал в нем зависть.";"b1a6e9a3c23689e80357c5e30e2d9a2f:2057:4";" The house negroes of the County considered themselves superior to white trash, and their unconcealed scorn stung him, while their more secure position in life stirred his envy. ";"eng"
" ен откиН ";"тиртомс";"Никто не";"смотрит";" ";"сверху вниз на художника, не принимает";"John Galsworthy. In Chancery (1920)";"John Galsworthy";"1867";"In Chancery";"1920";"художественная";"";"";"";"";"";"омонимия не снята";"In Chancery";"Джон Голсуорси";"В петле";"";"1946";"13260";"182981";"6630";"95409";"rus";"rus";"Великобритания";"";"Никто не смотрит сверху вниз на художника, не принимает его слишком всерьез"".";"dc0289b5e01c07f1490b7b6f61eea229:1845:2";" You can't look down on a painter — you can't take him seriously enough.' ";"eng"
" хин ан адгок ,оньлетакелвирпен оннебосо тядялгыв";"тяртомс";"выглядят особенно непривлекательно, когда на них";"смотрят";" ";"сверху вниз.";"Robert Louis Stevenson. Catriona (1893)";"Robert Louis Stevenson";"1850";"Catriona";"1893";"художественная";"";"";"";"";"";"омонимия не снята";"Catriona";"Роберт Луис Стивенсон";"Катриона";"";"1967";"10076";"182510";"5038";"101252";"rus";"rus";"Великобритания";"";"Катриона даже не взглянула вверх на прощание; сделать это ей не позволила (как я узнал после) мисс Грант, сказав, что люди выглядят особенно непривлекательно, когда на них смотрят сверху вниз.";"2952b62afab51e809220d50458ae5cad:6547:27";" Nor did Catriona so much as look up for a farewell; being prevented (as I heard afterwards) by Miss Grant, who told her folk were never seen to less advantage than from above downward. ";"eng"
