"Reversed left context";"Reversed center";"Left context";"Center";"Punct";"Right context";"Title";"Author";"Birthday";"Header";"Created";"Sphere";"Type";"Topic";"Publication";"Publ_year";"Medium";"Ambiguity";"Header";"Author_trans";"Header_trans";"Translator";"Date_trans";"Sentences";"Words";"Orig_sentences";"Orig_words";"Lang";"Lang_trans";"Lang_variant";"Dialect";"Full context";"Example source";"Para context 1";"Lang 1"
" и вокинщомоп хыню йишвакепо онжен ,одраноеЛ";"йишвертомс";"Леонардо, нежно опекавший юных помощников и";"смотревший";" ";"сквозь пальцы на проказы бесенка Салаи.";"Walter Isaacson. Leonardo da Vinci (2017)";"Walter Isaacson";"1952";"Leonardo da Vinci";"2017";"учебно-научная";"";"искусство и культура";"";"";"";"омонимия не снята";"Leonardo da Vinci";"Уолтер Айзексон";"Леонардо да Винчи";"";"2018";"2974";"66268";"1487";"34882";"rus";"rus";"США";"";"Это уже не прежний Леонардо, нежно опекавший юных помощников и смотревший сквозь пальцы на проказы бесенка Салаи.";"6762f3f195e7fa6fb345588b7c4a535b:1935:10";" This is not the sweet Leonardo we usually see, tending to young acolytes and twinkling fondly at the transgressions of the rascally Salai. ";"eng"
" еще хагурк хыротокен в мокинот с";"тяртомс";"с тоником в некоторых кругах еще";"смотрят";" ";"сквозь пальцы, но экзотические комбинации одобрения";"Kate Fox. Watching the English: The Hidden Rules of Behaviour (2004)";"Kate Fox";"";"Watching the English: The Hidden Rules of Behaviour";"2004";"учебно-научная";"";"";"";"";"";"омонимия не снята";"Watching the English: The Hidden Rules of Behaviour";"Кейт Фокс";"Наблюдая за англичанами: скрытые правила поведения";"";"2008";"9658";"258647";"4829";"135556";"rus";"rus";"Великобритания";"";"Рабочие старшего возраста не приемлют даже смешанные напитки: на джин с тоником в некоторых кругах еще смотрят сквозь пальцы, но экзотические комбинации одобрения не получают.";"e942a1d8208258b0803d634c38c69929:5807:16";" Among older working-class males, even some mixers may be forbidden: gin-and-tonic may be just about acceptable in some circles, but more obscure combinations are frowned upon. ";"eng"
" итсовилжев зи и ,мыннартс или мынчиртнецскэ";"тяртомс";"эксцентричным или странным, и из вежливости";"смотрят";" ";"сквозь пальцы на тот факт, что";"Kate Fox. Watching the English: The Hidden Rules of Behaviour (2004)";"Kate Fox";"";"Watching the English: The Hidden Rules of Behaviour";"2004";"учебно-научная";"";"";"";"";"";"омонимия не снята";"Watching the English: The Hidden Rules of Behaviour";"Кейт Фокс";"Наблюдая за англичанами: скрытые правила поведения";"";"2008";"9658";"258647";"4829";"135556";"rus";"rus";"Великобритания";"";"Потому что она королева, люди ее стиль называют «классическим» и «вневременным», а не эксцентричным или странным, и из вежливости смотрят сквозь пальцы на тот факт, что больше никто не одевается так необычно, как она.";"e942a1d8208258b0803d634c38c69929:6023:19";" Because she is the Queen, people call her style' classic'and' timeless'rather than eccentric or weird, politely overlooking the fact that absolutely no-one else dresses in this peculiar way. ";"eng"
" ирогерГ рорукорп йыньларенеГ ,seilbboW оньлетисонто ииретси";"лертомс";"истерии относительно Wobblies, Генеральный прокурор Грегори";"смотрел";" ";"сквозь пальцы на массовые преследования лидеров";"Simson Garfinkel. Database Nation: The Death of Privacy in the 21st Century (2000)";"Simson Garfinkel";"1965";"Database Nation: The Death of Privacy in the 21st Century";"2000";"публицистика";"";"политика и общественная жизнь";"";"";"";"омонимия не снята";"Database Nation: The Death of Privacy in the 21st Century";"Симеон Гарфинкель";"Все под контролем: Кто и как следит за тобой";"";"2003";"11896";"220728";"5948";"117762";"rus";"rus";"США";"";"Наиболее грязными были нападки на организацию «Промышленные рабочие мира» [Industrial Workers of the World (IWW), известную также под названием «шатающиеся» [Wobblies]: В ответ на раздувание истерии относительно Wobblies, Генеральный прокурор Грегори смотрел сквозь пальцы на массовые преследования лидеров организации.";"ec5f66a0d129aaf5b7f4f139d81a7b32:8855:31";" The most vicious attacks were those against the Industrial Workers of the World (IWW), also known as the Wobblies: In response to mounting local hysteria regarding Wobblies, [Attorney General] Gregory condoned the mass prosecution of the leaders of the organization. ";"eng"
" акныр огондобовс ыпицнирп еыннещявс ан как";"илертомс";"как на священные принципы свободного рынка";"смотрели";" ";"сквозь пальцы, когда опиуму преграждали доступ";"Noam Chomsky. Profit Over People: Neoliberalism and Global Order (1999)";"Noam Chomsky";"1928";"Profit Over People: Neoliberalism and Global Order";"1999";"учебно-научная";"";"";"";"";"";"омонимия не снята";"Profit Over People: Neoliberalism and Global Order";"Ноам Хомский";"Прибыль важнее людей: Неолиберализм и мировой порядок";"";"2002";"2902";"77078";"1451";"40397";"rus";"rus";"США";"";"Опиумная торговля была навязана Китаю силой, а не функционированием «свободного рынка», подобно тому как на священные принципы свободного рынка смотрели сквозь пальцы, когда опиуму преграждали доступ в Англию.";"093b2e5ca3484ec9613204725555e717:211:19";" The opium trade was imposed on China by force, not the operations of the ""free market, ""just as the sacred principles of the market were overlooked when opium was barred from England. ";"eng"
" хинноротсоп ан оН .вокиндуртос ялд – ,сироБ";"тяртомс";"Борис, – для сотрудников. Но на посторонних";"смотрят";" ";"сквозь пальцы – нужна кассовая наличность.";"Анатолий Рыбаков. Дети Арбата (1966-1983)";"Анатолий Рыбаков";"1911";"Дети Арбата";"1966-1983";"художественная";"";"";"";"";"";"омонимия не снята";"Дети Арбата";"Anatoly Rybakov";"Children of the Arbat";"";"1989";"30920";"396402";"15460";"162911";"rus";"eng";"Великобритания";"";"Это закрытая столовая, – объяснил Борис, – для сотрудников. Но на посторонних смотрят сквозь пальцы – нужна кассовая наличность.";"4b2ac83dc5cc44d4f433357c114f6b48:11786:10";" “This canteen is supposed to be reserved for employees, but they don't check up on outsiders. You have to have an identity card for the cashier. ";"eng"
" ищев еикат ан сачйеС ";"тяртомс";"Сейчас на такие вещи";"смотрят";" ";"сквозь пальцы – жилищный кризис, людям негде";"Анатолий Рыбаков. Дети Арбата (1966-1983)";"Анатолий Рыбаков";"1911";"Дети Арбата";"1966-1983";"художественная";"";"";"";"";"";"омонимия не снята";"Дети Арбата";"Anatoly Rybakov";"Children of the Arbat";"";"1989";"30920";"396402";"15460";"162911";"rus";"eng";"Великобритания";"";"Сейчас на такие вещи смотрят сквозь пальцы – жилищный кризис, людям негде жить, и все же ему бы не хотелось, чтобы его сестра, сестра Рязанова, жила сдачей комнаты внаем.";"4b2ac83dc5cc44d4f433357c114f6b48:14572:4";" Nobody took much notice of such things at present because there was a housing crisis, people had nowhere to live, but nevertheless he did not want his sister, the sister of Ryazanov, to live off the rent of a room. ";"eng"
" отч ,илетавадоперп еикат тюавыб отч ,илинсяъбо";"тяртомс";"объяснили, что бывают такие преподаватели, что";"смотрят";" ";"сквозь пальцы, когда футболисты прогуливают занятия";"Winston Groom. Forrest Gump (1986)";"Winston Groom";"1944";"Forrest Gump";"1986";"художественная";"";"";"";"";"";"омонимия не снята";"Forrest Gump";"Уинстон Грум";"Форрест Гамп";"";"2004";"7394";"133277";"3697";"75796";"rus";"rus";"США";"";"Позднее мне объяснили, что бывают такие преподаватели, что смотрят сквозь пальцы, когда футболисты прогуливают занятия. Они понимают, что когда много играешь в футбол, не до занятий.";"d5ace69db606eefa852849cccd5dd9a4:745:8";" What I learnt later was that there was certain teachers that would give a football player a sort of break, meanin that they'd appreciate he is consumed with playin football an cannot spend much of his time on school. ";"eng"
" яицартсинимда ,яинелмарсоп ьсяоб ,еничирп йомас еж";"алертомс";"же самой причине, боясь посрамления, администрация";"смотрела";" ";"сквозь пальцы и на «комбеды», не";"Варлам Шаламов. «Комбеды» (1959)";"Варлам Шаламов";"1907";"«Комбеды»";"1959";"художественная";"";"";"";"";"";"омонимия не снята";"«Комбеды»";"Varlam Shalamov";"Committees for the Poor";"";"1980";"462";"8650";"231";"3606";"rus";"eng";"США";"";"По этой же самой причине, боясь посрамления, администрация смотрела сквозь пальцы и на «комбеды», не желая ввязываться в бесславную борьбу.";"5802305cbc2a5289389e28a8cf837291:328:8";" For this same reason – out of fear of being shamed – the administration ignored the Committees for the Poor. They were loath to become involved in this far from glorious struggle. ";"eng"
" ялетичу ,мечорпв ,отч ан ,елокш в";"илертомс";"в школе, на что, впрочем, учителя";"смотрели";" ";"сквозь пальцы.";"Вадим Шефнер. Запоздалый стрелок или крылья провинциала (1967)";"Вадим Шефнер";"1914";"Запоздалый стрелок или крылья провинциала";"1967";"художественная";"";"";"";"";"";"омонимия не снята";"Запоздалый стрелок или крылья провинциала";"Vadim Shephner";"The Friar Of Chikola. A Provincial Wings";"";"1979";"1914";"25727";"957";"11012";"rus";"eng";"США";"";"Он даже пропускал ради этого занятия в школе, на что, впрочем, учителя смотрели сквозь пальцы.";"52b9b55ca9243e623bba2c12b907d8de:80:12";" Because of this he missed a lot of school — a fact that his teachers let pass without a murmur. ";"eng"
" ― яровог утсорпоп ,автсещумиерп еикак-еок ми тюялватсодерп";"тяртомс";"предоставляют им кое-какие преимущества, попросту говоря ―";"смотрят";" ";"сквозь пальцы на некоторые их поступки.";"Harper Lee. To Kill a Mockingbird (1960)";"Harper Lee";"1926";"To Kill a Mockingbird";"1960";"художественная";"";"";"";"";"";"омонимия не снята";"To Kill a Mockingbird";"Харпер Ли";"Убить пересмешника";"";"2013";"15654";"190089";"7827";"101449";"rus";"rus";"США";"";"При некоторых обстоятельствах обыкновенные люди благоразумно предоставляют им кое-какие преимущества, попросту говоря ― смотрят сквозь пальцы на некоторые их поступки.";"923f6c746295e734657f1ced727527e9:1357:12";" In certain circumstances the common folk judiciously allowed them certain privileges by the simple method of becoming blind to some of the Ewells'activities. ";"eng"
" тудуб ытизив оге ан ,арелтаБ анатипак";"ьтертомс";"капитана Батлера, на его визиты будут";"смотреть";" ";"сквозь пальцы.";"Margaret Mitchell. Gone with the Wind, Part 1 (1936)";"Margaret Mitchell";"1900";"Gone with the Wind, Part 1";"1936";"художественная";"";"";"";"";"";"омонимия не снята";"Gone with the Wind, Part 1";"Маргарет Митчелл";"Унесённые ветром, ч. 1";"";"1982";"25706";"403929";"12853";"209514";"rus";"rus";"США";"";"Скарлетт знала, что про визиты Ретта Батлера и про нее в городе идут сплетни, но она знала также, что Мелани Уилкс непогрешима в глазах Атланты и, пока Мелани берет под свою защиту капитана Батлера, на его визиты будут смотреть сквозь пальцы.";"b1a6e9a3c23689e80357c5e30e2d9a2f:10571:38";" Scarlett knew the town gossiped about Rhett's calls, and about her too; but she also knew that in the eyes of Atlanta Melanie Wilkes could do no wrong, and if Melanie defended Rhett his calls were still tinged with respectability. ";"eng"
" есв ан драллиД ыботч ,ончотатсод олыб";"лертомс";"было достаточно, чтобы Диллард на все";"смотрел";" ";"сквозь пальцы, ― по крайней мере, первое";"Theodore Dreiser. An American Tragedy, book I-II (1925)";"Theodore Dreiser";"1871";"An American Tragedy, book I-II";"1925";"художественная";"";"";"";"";"";"омонимия не снята";"An American Tragedy, book I-II";"Теодор Драйзер";"Американская трагедия (ч. 1-2)";"";"1948";"21686";"393334";"10843";"221028";"rus";"rus";"США";"";"Однако Клайд был_ Грифитс_, и этого было достаточно, чтобы Диллард на все смотрел сквозь пальцы, ― по крайней мере, первое время.";"a5d9d89e2d4fa8e460980e91adfbb50b:8707:12";" Nevertheless, Clyde was a Griffiths and that was enough to cause him to overlook nearly anything, for the present anyhow. ";"eng"
" тунатс ен ино алед еикат аН";"ьтертомс";"На такие дела они не станут";"смотреть";" ";"сквозь пальцы.";"Theodore Dreiser. The Financier (1912)";"Theodore Dreiser";"1871";"The Financier";"1912";"художественная";"";"";"";"";"";"омонимия не снята";"The Financier";"Теодор Драйзер";"Финансист";"";"1944";"23456";"363269";"11728";"196713";"rus";"rus";"США";"";"На такие дела они не станут смотреть сквозь пальцы.";"2e33158397b70dd397e746e464f37657:7743:6";" They would not view all that with a kindly eye. ";"eng"
" ещбоов тицифед ан — зар ен ьсолачулс";"илертомс";"случалось не раз — на дефицит вообще";"смотрели";" ";"сквозь пальцы, если деньги, полученные от";"Theodore Dreiser. The Financier (1912)";"Theodore Dreiser";"1871";"The Financier";"1912";"художественная";"";"";"";"";"";"омонимия не снята";"The Financier";"Теодор Драйзер";"Финансист";"";"1944";"23456";"363269";"11728";"196713";"rus";"rus";"США";"";"К концу месяца казначейству обычно удавалось из разных источников собрать столько сертификатов, сколько нужно было для покрытия дефицита, но — и это случалось не раз — на дефицит вообще смотрели сквозь пальцы, если деньги, полученные от заклада сертификатов, нужны были Каупервуду для его биржевых махинаций.";"2e33158397b70dd397e746e464f37657:11167:27";" At the end of the month sufficient certificates of city loan could usually be gathered from one source and another to make up the deficiency, or the deficiency could actually be ignored, as had been done on more than one occasion, for long periods of time, while he used money secured by hypothecating the shares for speculative purposes. ";"eng"
" йинеджубоп хынтсырок зи илишер икищмерют еывилтечсар";"ьтертомс";"расчетливые тюремщики решили из корыстных побуждений";"смотреть";" ";"сквозь пальцы на двух-трех арестантов";"Charles Dickens. The Posthumous Papers of the Pickwick Club (1836-1837)";"Charles Dickens";"1812";"The Posthumous Papers of the Pickwick Club";"1836-1837";"художественная";"";"";"";"";"";"омонимия не снята";"The Posthumous Papers of the Pickwick Club";"Чарльз Диккенс";"Посмертные записки Пиквикского клуба";"";"1933";"31534";"516076";"15767";"287005";"rus";"rus";"Великобритания";"";"Мистер Джоб Троттер кратко объяснил, что под угрозой большого штрафа запрещено проносить в долговую тюрьму спиртные напитки, а так как этот товар высоко ценится леди и джентльменами, здесь заключенными, но некоторые расчетливые тюремщики решили из корыстных побуждений смотреть сквозь пальцы на двух-трех арестантов, получающих прибыль от розничной торговли излюбленным напитком ― джином.";"44c1add02382c6859cb2b4883cdab3f3:24793:37";" Mr. Job Trotter briefly explained here, that all persons, being prohibited under heavy penalties from conveying spirits into debtors'prisons, and such commodities being highly prized by the ladies and gentlemen confined therein, it had occurred to some speculative turnkey to connive, for certain lucrative considerations, at two or three prisoners retailing the favourite article of gin, for their own profit and advantage. ";"eng"
