"Reversed left context";"Reversed center";"Left context";"Center";"Punct";"Right context";"Title";"Author";"Birthday";"Header";"Created";"Sphere";"Type";"Topic";"Publication";"Publ_year";"Medium";"Ambiguity";"Header";"Author_trans";"Header_trans";"Translator";"Date_trans";"Sentences";"Words";"Orig_sentences";"Orig_words";"Lang";"Lang_trans";"Lang_variant";"Dialect";"Full context";"Example source";"Para context 1";"Lang 1"
" ен ым умотэоП .юиненидеу к еинелмертс";"меус";"стремление к уединению. Поэтому мы не";"суем";" ";"нос в чужие дела и вежливо";"Kate Fox. Watching the English: The Hidden Rules of Behaviour (2004)";"Kate Fox";"";"Watching the English: The Hidden Rules of Behaviour";"2004";"учебно-научная";"";"";"";"";"";"омонимия не снята";"Watching the English: The Hidden Rules of Behaviour";"Кейт Фокс";"Наблюдая за англичанами: скрытые правила поведения";"";"2008";"9658";"258647";"4829";"135556";"rus";"rus";"Великобритания";"";"То, что на первый взгляд представляется неприветливостью, — это на самом деле предупредительность: мы судим о других по себе, полагая, что каждый человек разделяет наше стремление к уединению. Поэтому мы не суем нос в чужие дела и вежливо игнорируем окружающих.";"e942a1d8208258b0803d634c38c69929:2913:30";" What looks like unfriendliness is really a kind of consideration: we judge others by ourselves, and assume that everyone shares our obsessive need for privacy – so we mind our own business and politely ignore them. ";"eng"
" ен ьседз ыМ« ,»…идюл еынтяирп енлопв";"меус";"вполне приятные люди…», «Мы здесь не";"суем";" ";"нос в чужие дела…», «Странно, конечно";"Kate Fox. Watching the English: The Hidden Rules of Behaviour (2004)";"Kate Fox";"";"Watching the English: The Hidden Rules of Behaviour";"2004";"учебно-научная";"";"";"";"";"";"омонимия не снята";"Watching the English: The Hidden Rules of Behaviour";"Кейт Фокс";"Наблюдая за англичанами: скрытые правила поведения";"";"2008";"9658";"258647";"4829";"135556";"rus";"rus";"Великобритания";"";"Когда на обычной английской улице случается убийство, на вопросы полиции или журналистов все соседи отвечают примерно одно и то же: «Ну, мы их, в общем-то, почти не знали…», Они держались особняком…», «На вид вполне приятные люди…», «Мы здесь не суем нос в чужие дела…», «Странно, конечно, но вы ведь знаете, никому не хочется лезть в чужие дела…» На самом деле мы охотно проявили бы нездоровый интерес к чужим делам, потому что мы нация любопытных: мы обожаем подсматривать и подглядывать, и наши драконовские правила неприкосновенности частной жизни просто выводят нас из себя.";"e942a1d8208258b0803d634c38c69929:4481:40";" When a murder is committed in an average English street, the response from neighbours questioned by the police or journalists is always the same:' Well, we didn't really know them…',' They kept themselves to themselves…',' They seemed pleasant enough…',' We mind our own business, round here…',' A bit odd, but one doesn't like to pry, you know…' Actually, we would dearly love to pry; we are a nation of insatiably curious curtain-twitchers, constantly frustrated by the draconian nature of our unwritten privacy rules. ";"eng"
" юлбюл еН« ;»олед еовс в ен";"ьтавос";"не в свое дело»; «Не люблю";"совать";" ";"нос в чужие дела, но…»; «Не";"Kate Fox. Watching the English: The Hidden Rules of Behaviour (2004)";"Kate Fox";"";"Watching the English: The Hidden Rules of Behaviour";"2004";"учебно-научная";"";"";"";"";"";"омонимия не снята";"Watching the English: The Hidden Rules of Behaviour";"Кейт Фокс";"Наблюдая за англичанами: скрытые правила поведения";"";"2008";"9658";"258647";"4829";"135556";"rus";"rus";"Великобритания";"";"Ключевые фразы: «Дом англичанина — его крепость»; «Чудесный день, вы не находите?»; «Э… на что пялишься?»; «Не лезь не в свое дело»; «Не люблю совать нос в чужие дела, но…»; «Не суетись»; «Не устраивай сцену»; «Не привлекай к себе внимание»; «Держись особняком»;«' Еге we go,' еге we go»; «Еng-ег-lаnd! Еng-ег-lаnd!» (последние две фразы — слова из песни футбольных фанатов «Соmе оn Еng-ег-lаnd!»).";"e942a1d8208258b0803d634c38c69929:9287:23";" Key phrases include:' An Englishman's home is his castle';' Nice day, isn't it?';' Oi - what you looking at?';' Mind your own business';' I don't like to pry, but…';' Don't make a fuss/ scene';' Don't draw attention to yourself';' Keep yourself to yourself';'' Ere we go,' ere we go';' Enger-land! Enger-land! Enger-land!'. ";"eng"
" ,мокеволеч мыннажредсен и мынневтстевтозеб яслазако он";"мищюус";"но оказался безответственным и несдержанным человеком,";"сующим";" ";"нос в чужие дела.";"Walter Isaacson. Benjamin Franklin: An American Life (2003)";"Walter Isaacson";"1952";"Benjamin Franklin: An American Life";"2003";"учебно-научная";"";"наука и технологии, история";"";"";"";"омонимия не снята";"Benjamin Franklin: An American Life";"Уолтер Айзексон";"Бенджамин Франклин. Биография";"";"2014";"16174";"343808";"8087";"182129";"rus";"rus";"США";"";"Самым судьбоносным покровителем, отнесшимся к Франклину по-дружески, был губернатор Пенсильвании сэр Уильям Кейт. Он действовал из самых лучших побуждений, но оказался безответственным и несдержанным человеком, сующим нос в чужие дела.";"81b6e1b6e410f8b1242cb9655e0bac1e:1195:25";" The most fateful patron Franklin befriended was Pennsylvania's effusive governor Sir William Keith, a well-meaning but feckless busybody. ";"eng"
" ";"ьтавоС";"";"Совать";" ";"нос в твою личную жизнь не";"Michael Connelly. City Of Bones (2002)";"Michael Connelly";"1956";"City Of Bones";"2002";"художественная";"";"";"";"";"";"омонимия не снята";"City Of Bones";"Майкл Коннели";"Город костей";"";"2006";"19928";"179121";"9964";"102852";"rus";"rus";"США";"";"Это все, что я хочу знать.  Совать нос в твою личную жизнь не собираюсь.  Босх вернулся на место.";"3143a5bab28226b1f70031064021b69a:4149:0";" That's all I wanted to know.  I don't want to pry. "" Bosch came back. ";"eng"
" оламудзв РБФ отэ огеч с И";"ьтавос";"И с чего это ФБР вздумало";"совать";" ";"нос в это дело?";"Tess Gerritsen. The Apprentice (2002)";"Tess Gerritsen";"1953";"The Apprentice";"2002";"художественная";"";"";"";"";"";"омонимия не снята";"The Apprentice";"Тесс Герритсен";"Ученик";"";"2015";"18404";"175484";"9202";"95891";"rus";"rus";"США";"";"— Вечно мнят себя корифеями.  И с чего это ФБР вздумало совать нос в это дело?  Риццоли задумчиво смотрела вслед Габриэлю Дину, неясный силуэт которого уже исчез за деревьями.";"259906a1aefabd07197b474ca45aed68:4019:6";" “Always think they're king of the hill.  What's the Bureau doing here?”  Rizzoli stared at the woods into which Gabriel Dean had just vanished, a gray figure blending into the dusk. ";"eng"
" ен еыннеоВ ";"тюус";"Военные не";"суют";" ";"нос в дела ЦРУ.";"Tess Gerritsen. The Apprentice (2002)";"Tess Gerritsen";"1953";"The Apprentice";"2002";"художественная";"";"";"";"";"";"омонимия не снята";"The Apprentice";"Тесс Герритсен";"Ученик";"";"2015";"18404";"175484";"9202";"95891";"rus";"rus";"США";"";"Военные не суют нос в дела ЦРУ.";"259906a1aefabd07197b474ca45aed68:16467:2";" The military has no record of their activities.” ";"eng"
" есифо в макрелк миклем теяловзоп он";"ьтавос";"но позволяет мелким клеркам в офисе";"совать";" ";"нос в личные дела любого купца";"Simson Garfinkel. Database Nation: The Death of Privacy in the 21st Century (2000)";"Simson Garfinkel";"1965";"Database Nation: The Death of Privacy in the 21st Century";"2000";"публицистика";"";"политика и общественная жизнь";"";"";"";"омонимия не снята";"Database Nation: The Death of Privacy in the 21st Century";"Симеон Гарфинкель";"Все под контролем: Кто и как следит за тобой";"";"2003";"11896";"220728";"5948";"117762";"rus";"rus";"США";"";"Таким образом, «свобода на вскрытие писем в почтовых отделениях не приносит более результатов, но позволяет мелким клеркам в офисе совать нос в личные дела любого купца или дворянина в королевстве».";"ec5f66a0d129aaf5b7f4f139d81a7b32:8947:19";" Thus, «the Liberty given to break open letters at the post-office could now serve no purpose, but to enable the little clerks about that office to pry into the private affairs of every merchant, and of every gentleman in the kingdom.» ";"eng"
" я отч ,йамудоп еН ";"юус";"Не подумай, что я";"сую";" ";"нос в чужие дела, но все";"Helen Fielding. Bridget Jones’s Diary (1996)";"Helen Fielding";"1958";"Bridget Jones’s Diary";"1996";"художественная";"";"";"";"";"";"омонимия не снята";"Bridget Jones’s Diary";"Хелен Филдинг";"Дневник Бриджит Джонс";"";"2000";"9052";"131643";"4526";"68350";"rus";"rus";"Великобритания";"";"Не подумай, что я сую нос в чужие дела, но все же интересно ― может, всему этому есть какое-нибудь объяснение?";"00b27b94920424593a5272dca2201b01:5169:4";" Not meaning to pry or anything, I just wondered if there was an explanation, that's all.' ";"eng"
" еыроток ,идюЛ – .знуоВ сензиорп монот мыньлеталежорбод";"тюус";"доброжелательным тоном произнес Воунз. – Люди, которые";"суют";" ";"нос в магию, толком в ней";"Terry Pratchett. Guards! Guards! (1989)";"Terry Pratchett";"1948";"Guards! Guards!";"1989";"художественная";"";"";"";"";"";"омонимия не снята";"Guards! Guards!";"Терри Пратчетт";"Стража! Стража!";"";"2020";"17614";"190939";"8807";"98029";"rus";"rus";"Великобритания";"";"– Послушай, – доброжелательным тоном произнес Воунз. – Люди, которые суют нос в магию, толком в ней не разобравшись, – такие типы вполне могут сами себя подорвать, и…";"c2e7f1ce36a69de8129b3884a6c8ee28:10541:7";" ""People who mess around with magic and don't know how to control it, well, they can blow themselves up and… """;"eng"
" ,уктефмин юунчороп и юунрагьлув ,ноираМ юовс";"юушвавос";"свою Марион, вульгарную и порочную нимфетку,";"совавшую";" ";"нос в семейную жизнь школьной подруги";"Vladimir Nabokov. Look at the harlequins! (1974)";"Vladimir Nabokov";"1899";"Look at the harlequins!";"1974";"художественная";"";"";"";"";"";"омонимия не снята";"Look at the harlequins!";"Владимир Набоков";"Смотри на арлекинов!";"";"1999";"5708";"126476";"2854";"68586";"rus";"rus";"Великобритания, США";"";"Первым моим критиком стала миссис Нотебоке, дородная, смуглая дама, затянутая в суфражистский твид, которая вместо того, чтобы одернуть свою Марион, вульгарную и порочную нимфетку, совавшую нос в семейную жизнь школьной подруги, читала мне лекции о воспитании Бел и настоятельно советовала взять опытную гувернантку, предпочтительно немку, чтобы та приглядывала за нею ночью и днем.";"c8ee732fe848829e4bacc7bf9b2d4c1d:3951:24";" My first critic happened to be Mrs. Noteboke, a stout dark lady in suffragettish tweeds, who instead of keeping her Marion, a depraved and vulgar nymphet, from snooping on a schoolmate's home life, lectured me on the upbringing of Bel and strongly advised my hiring an experienced, preferably German, governess to look after her day and night. ";"eng"
" ешьнем меч отч ,овокат олыб овтсвуч";"ьшеус";"чувство было таково, что чем меньше";"суешь";" ";"нос в такие дела, тем лучше.";"Ursula Le Guin. The Tombs of Atuan (1971)";"Ursula Le Guin";"1929";"The Tombs of Atuan";"1971";"художественная";"";"";"";"";"";"омонимия не снята";"The Tombs of Atuan";"Урсула Ле Гуин";"Гробницы Атуана";"";"1991";"7244";"82553";"3622";"46630";"rus";"rus";"США";"";"Всеобщее чувство было таково, что чем меньше суешь нос в такие дела, тем лучше.";"034024b28d873e2a666b390bd382de8e:1867:7";" Perhaps they felt that the less they knew, the better. ";"eng"
" и имывичзяван ясьтазакоп митох ен ,онченок";"ьтавос";"конечно, не хотим показаться навязчивыми и";"совать";" ";"нос в ваши дела, Дайанн, ― продолжала";"Erle Stanley Gardner. The Case of the Blonde Bonanza (1962)";"Erle Stanley Gardner";"1889";"The Case of the Blonde Bonanza";"1962";"художественная";"";"";"";"";"";"омонимия не снята";"The Case of the Blonde Bonanza";"Эрл Стэнли Гарднер";"Белокурая удача";"";"1990";"7824";"86971";"3912";"48028";"rus";"rus";"США";"";"― Мы, конечно, не хотим показаться навязчивыми и совать нос в ваши дела, Дайанн, ― продолжала Делла Стрит, ― но мое любопытство возбуждено, и я точно знаю, что если возбуждено любопытство моего шефа, то он не успокоится, пока не докопается до сути вопроса.";"e1735781672321d7016ea3c0d9df500e:415:7";" ""Of course, ""Della Street said, ""we don't want to pry, but now you certainly have aroused our curiosity, and I know my boss well enough to know that when his curiosity is once aroused it gnaws at his consciousness like termites in a building. ";"eng"
" ен ,иман с тиремецил ен ,теачиндебя";"теус";"ябедничает, не лицемерит с нами, не";"сует";" ";"нос в наши дела.";"Harper Lee. To Kill a Mockingbird (1960)";"Harper Lee";"1926";"To Kill a Mockingbird";"1960";"художественная";"";"";"";"";"";"омонимия не снята";"To Kill a Mockingbird";"Харпер Ли";"Убить пересмешника";"";"2013";"15654";"190089";"7827";"101449";"rus";"rus";"США";"";"Она никогда на нас не ябедничает, не лицемерит с нами, не сует нос в наши дела.";"923f6c746295e734657f1ced727527e9:2081:11";" She had never told on us, had never played cat-and-mouse with us, she was not at all interested in our private lives. ";"eng"
" )ым как ,хикат ялд еинавзан еокгям";"ьтавос";"мягкое название для таких, как мы)";"совать";" ";"нос в его дела.";"Harper Lee. To Kill a Mockingbird (1960)";"Harper Lee";"1926";"To Kill a Mockingbird";"1960";"художественная";"";"";"";"";"";"омонимия не снята";"To Kill a Mockingbird";"Харпер Ли";"Убить пересмешника";"";"2013";"15654";"190089";"7827";"101449";"rus";"rus";"США";"";"Хочет сидеть дома ― имеет на это право, и нечего всяким надоедам (а это ещё очень мягкое название для таких, как мы) совать нос в его дела.";"923f6c746295e734657f1ced727527e9:2351:21";" If he wanted to stay inside his own house he had the right to stay inside free from the attentions of inquisitive children, which was a mild term for the likes of us. ";"eng"
" аренам отдуб ,сан ьтяреву алатс ятет";"ьтавос";"тетя стала уверять нас, будто манера";"совать";" ";"нос в чужие дела у мисс";"Harper Lee. To Kill a Mockingbird (1960)";"Harper Lee";"1926";"To Kill a Mockingbird";"1960";"художественная";"";"";"";"";"";"омонимия не снята";"To Kill a Mockingbird";"Харпер Ли";"Убить пересмешника";"";"2013";"15654";"190089";"7827";"101449";"rus";"rus";"США";"";"Один раз тетя стала уверять нас, будто манера совать нос в чужие дела у мисс Стивени Кроуфорд наследственная, и Аттикус сказал: – А знаешь, сестра, если вдуматься, до нашего поколения в роду Финчей все женились на двоюродных сёстрах и выходили за двоюродных братьев.";"923f6c746295e734657f1ced727527e9:6941:8";" Once, when Aunty assured us that Miss Stephanie Crawford's tendency to mind other people's business was hereditary, Atticus said, “Sister, when you stop to think about it, our generation's practically the first in the Finch family not to marry its cousins. ";"eng"
" ыдрофуорК есВ« :едорв ынитси тажулс мовтсдовокур";"тюус";"руководством служат истины вроде: «Все Кроуфорды";"суют";" ";"нос в чужие дела», «Каждый третий";"Harper Lee. To Kill a Mockingbird (1960)";"Harper Lee";"1926";"To Kill a Mockingbird";"1960";"художественная";"";"";"";"";"";"омонимия не снята";"To Kill a Mockingbird";"Харпер Ли";"Убить пересмешника";"";"2013";"15654";"190089";"7827";"101449";"rus";"rus";"США";"";"И в повседневной жизни надёжным руководством служат истины вроде: «Все Кроуфорды суют нос в чужие дела», «Каждый третий Мерриуэзер ― меланхолик», «Делафилды с правдой не в ладах», «У всех Бьюфордов такая походка», ― а стало быть, когда берёшь у кого-либо из Делафилдов чек, сперва наведи потихоньку справки в банке; мисс Моди Эткинсон сутулится, потому что она из Бьюфордов; и если миссис Грейс Мерриуэзер втихомолку потягивает джип из бутылок от сиропа, удивляться тут нечему ― то же делала и её мать.";"923f6c746295e734657f1ced727527e9:6999:11";" Thus the dicta No Crawford Minds His Own Business, Every Third Merriweather Is Morbid, The Truth Is Not in the Delafields, All the Bufords Walk Like That, were simply guides to daily living: never take a check from a Delafield without a discreet call to the bank; Miss Maudie Atkinson's shoulder stoops because she was a Buford; if Mrs. Grace Merriweather sips gin out of Lydia E. Pinkham bottles it's nothing unusual — her mother did the same. ";"eng"
" ен илдэР он ,илдэР илыб модяр";"тюус";"рядом были Рэдли, но Рэдли не";"суют";" ";"нос в чужие дела.";"Harper Lee. To Kill a Mockingbird (1960)";"Harper Lee";"1926";"To Kill a Mockingbird";"1960";"художественная";"";"";"";"";"";"омонимия не снята";"To Kill a Mockingbird";"Харпер Ли";"Убить пересмешника";"";"2013";"15654";"190089";"7827";"101449";"rus";"rus";"США";"";"Он стоял далеко от учителей, от ябедников и любопытных соседей ― правда, рядом были Рэдли, но Рэдли не суют нос в чужие дела.";"923f6c746295e734657f1ced727527e9:13949:17";" It was far away from teachers, their spies, and curious neighbors: it was near the Radley lot, but the Radleys were not curious. ";"eng"
" еиналеж еовородз алавориртсномед амуигеллоК ьтсоньлетяед ,юиртемоег";"ьтавос";"геометрию, деятельность Коллегиума демонстрировала здоровое желание";"совать";" ";"нос в интимные дела природы, скрытые";"Walter M. Miller, Jr.. A Canticle For Leibowitz (1960)";"Walter M. Miller, Jr.";"1923";"A Canticle For Leibowitz";"1960";"художественная";"";"";"";"";"";"омонимия не снята";"A Canticle For Leibowitz";"Уолтер Миллер";"Гимн Лейбовичу";"";"1999";"16338";"194496";"8169";"104921";"rus";"rus";"США";"";"Начиная от работ Джеджена по созданию универсального лечебного средства до отчаянной атаки Бодалка на общепринятую геометрию, деятельность Коллегиума демонстрировала здоровое желание совать нос в интимные дела природы, скрытые с тех пор, как человечество сожгло свою память и обрекло себя на тысячелетнюю культурную амнезию.";"c9e8b741fddbf8ceb78aba76abab92b1:9507:21";" From Jejene's search for the Universal Nostrum to Bodalk's reckless assault on orthodox geometries, the collegium's activities exhibited a healthy hankering to pry open Nature's private files, locked since mankind had burned its institutional memories and condemned itself to cultural amnesia more than a millennium ago. ";"eng"
" есв адгок ,урэ юунзаужруб ушан в";"тюус";"в нашу буржуазную эру, когда все";"суют";" ";"нос в чужие дела, это не";"Vladimir Nabokov. Lolita (1955)";"Vladimir Nabokov";"1899";"Lolita";"1955";"художественная";"";"";"";"";"";"омонимия не снята";"Lolita";"Владимир Набоков";"Лолита";"";"1967";"10540";"215246";"5270";"113039";"rus";"rus";"Великобритания, США";"";"Но в нашу буржуазную эру, когда все суют нос в чужие дела, это не сошло бы мне так, как сходило в обитых парчой глухих чертогах прошлого.";"e3840ecf96e627c7aad620a0f06daa5a:2757:7";" But in our middle-class nosy era it would not have come off the way it used to in the brocaded palaces of the past. ";"eng"
" ен И ";"йус";"И не";"суй";" ";"нос в чужие дела, а то";"J. R. R. Tolkien. The Lord of the Rings: The Fellowship of the Ring (1954)";"J. R. R. Tolkien";"1892";"The Lord of the Rings: The Fellowship of the Ring";"1954";"художественная";"";"";"";"";"";"омонимия не снята";"The Lord of the Rings: The Fellowship of the Ring";"Джон Рональд Руэл Толкин";"Властелин колец: Братство кольца";"";"1982";"23436";"316643";"11718";"186177";"rus";"rus";"Великобритания";"";"И не суй нос в чужие дела, а то без носа останешься» – так и сказал.";"8eca275ebcf4afaefc167433be07b53c:637:2";" Don't go getting mixed up in the business of your betters, or you'll land in trouble too big for you,' I says to him. ";"eng"
" ен и ималед имынневтсбос ясьтаминаЗ — ";"ьтавос";"— Заниматься собственными делами и не";"совать";" ";"нос в чужие, — сказал профессор.";"Clive Staples Lewis. The Chronicles of Narnia. The Lion, the Witch and the Wardrobe (1950)";"Clive Staples Lewis";"1898";"The Chronicles of Narnia. The Lion, the Witch and the Wardrobe";"1950";"художественная";"";"";"";"";"";"омонимия не снята";"The Chronicles of Narnia. The Lion, the Witch and the Wardrobe";"Клайв Стейплз Льюис";"Хроники Нарнии. Лев, колдунья и платяной шкаф";"";"1991";"4690";"67683";"2345";"37762";"rus";"rus";"Великобритания";"";"— Заниматься собственными делами и не совать нос в чужие, — сказал профессор.";"85f949c575442f3f5b5307985c9e6d6c:1211:5";" “We might all try minding our own business,” said he. ";"eng"
" отк ,хет хесв илавызакан ,елокш в";"лавос";"в школе, наказывали всех тех, кто";"совал";" ";"нос в чужие дела и вредил";"Clive Staples Lewis. The Chronicles of Narnia. The Lion, the Witch and the Wardrobe (1950)";"Clive Staples Lewis";"1898";"The Chronicles of Narnia. The Lion, the Witch and the Wardrobe";"1950";"художественная";"";"";"";"";"";"омонимия не снята";"The Chronicles of Narnia. The Lion, the Witch and the Wardrobe";"Клайв Стейплз Льюис";"Хроники Нарнии. Лев, колдунья и платяной шкаф";"";"1991";"4690";"67683";"2345";"37762";"rus";"rus";"Великобритания";"";"Ребята ввели справедливые законы и поддерживали в Нарнии порядок, следили за тем, чтобы не рубили зря добрые деревья, освободили маленьких гномов и сатиров от дополнительных занятий в школе, наказывали всех тех, кто совал нос в чужие дела и вредил соседям, помогали тем, кто жил честно и спокойно и не мешал жить другим.";"85f949c575442f3f5b5307985c9e6d6c:4557:32";" And they made good laws and kept the peace and saved good trees from being unnecessarily cut down, and liberated young dwarfs and young satyrs from being sent to school, and generally stopped busybodies and interferers and encouraged ordinary people who wanted to live and let live. ";"eng"
" ым отч ,дуожД сиссим ,етйамуд ен";"меус";"не думайте, миссис Джоуд, что мы";"суем";" ";"нос в ваши дела.";"John Steinbeck. The Grapes of Wrath (1939)";"John Steinbeck";"1902";"The Grapes of Wrath";"1939";"художественная";"";"";"";"";"";"омонимия не снята";"The Grapes of Wrath";"Джон Стейнбек";"Гроздья гнева";"";"1940";"31674";"330719";"15837";"184204";"rus";"rus";"США";"";"― Вы не думайте, миссис Джоуд, что мы суем нос в ваши дела.";"a9f50bec74c8296767523e6580db566a:20845:7";" ""You shouldn'think we're a-buttin'into your business, Mis'Joad. ";"eng"
" огечеН ― ";"ьтавос";"― Нечего";"совать";" ";"нос в наши дела, ― сказал Джордж.";"John Steinbeck. Of Mice and Men (1937)";"John Steinbeck";"1902";"Of Mice and Men";"1937";"художественная";"";"";"";"";"";"омонимия не снята";"Of Mice and Men";"Джон Стейнбек";"О мышах и людях";"";"1965";"4240";"53537";"2120";"30427";"rus";"rus";"США";"";"― Нечего совать нос в наши дела, ― сказал Джордж.";"a263fce8b9cdb67296948f0143b99f15:1055:1";" ""You was pokin'your big ears into our business, ""George said. ";"eng"
" мав литерпаз есвов но ботч ,аниязох";"ьтавос";"хозяина, чтоб он вовсе запретил вам";"совать";" ";"нос в конюшню.";"John Steinbeck. Of Mice and Men (1937)";"John Steinbeck";"1902";"Of Mice and Men";"1937";"художественная";"";"";"";"";"";"омонимия не снята";"Of Mice and Men";"Джон Стейнбек";"О мышах и людях";"";"1965";"4240";"53537";"2120";"30427";"rus";"rus";"США";"";"Горбун встал и повернулся к ней. ― Ну, будет, ― сказал он, озлобясь. - Вы не имеете права входить к черномазому. И не имеете права подымать здесь шум. А теперь уходите, да живо. Ежели не уйдете, я попрошу хозяина, чтоб он вовсе запретил вам совать нос в конюшню.";"a263fce8b9cdb67296948f0143b99f15:3343:41";" Crooks stood up from his bunk and faced her. ""I had enough, ""he said coldly. ""You got no rights comin'in a colored man's room. You got no rights messing around in here at all. Now you jus'get out, an'get out quick. If you don't, I'm gonna ast the boss not to ever let you come in the barn no more. """;"eng"
" ен и ыб гом ниязох — ыбуг";"ьтавос";"губы — хозяин мог бы и не";"совать";" ";"нос в его дела.";"Margaret Mitchell. Gone with the Wind, Part 1 (1936)";"Margaret Mitchell";"1900";"Gone with the Wind, Part 1";"1936";"художественная";"";"";"";"";"";"омонимия не снята";"Gone with the Wind, Part 1";"Маргарет Митчелл";"Унесённые ветром, ч. 1";"";"1982";"25706";"403929";"12853";"209514";"rus";"rus";"США";"";"Тоби, двадцать лет ходивший за лошадьми Джералда, негодующе скривил губы — хозяин мог бы и не совать нос в его дела.";"b1a6e9a3c23689e80357c5e30e2d9a2f:1745:15";" Toby, who had handled Gerald's horses for twenty years, pushed out his lips in mute indignation at being told how to conduct his own business. ";"eng"
" и ьтачинтелпс тябюл ен кат едгин";"ьтавос";"нигде так не любят сплетничать и";"совать";" ";"нос в чужие дела, как в";"Margaret Mitchell. Gone with the Wind, Part 1 (1936)";"Margaret Mitchell";"1900";"Gone with the Wind, Part 1";"1936";"художественная";"";"";"";"";"";"омонимия не снята";"Gone with the Wind, Part 1";"Маргарет Митчелл";"Унесённые ветром, ч. 1";"";"1982";"25706";"403929";"12853";"209514";"rus";"rus";"США";"";"В Чарльстоне и в Саванне ей не раз приходилось слышать, что нигде так не любят сплетничать и совать нос в чужие дела, как в Атланте, и теперь ей пришлось в этом убедиться.";"b1a6e9a3c23689e80357c5e30e2d9a2f:8787:17";" She had often heard in Charleston and Savannah that Atlanta people gossiped more and meddled in other people's business more than any other people in the South, and now she believed it. ";"eng"
" ынжлод ен ынищнеж отч ,мот о";"ьтавос";"о том, что женщины не должны";"совать";" ";"нос в дела.";"Margaret Mitchell. Gone with the Wind, Part 2 (1936)";"Margaret Mitchell";"1900";"Gone with the Wind, Part 2";"1936";"художественная";"";"";"";"";"";"омонимия не снята";"Gone with the Wind, Part 2";"Маргарет Митчелл";"Унесённые ветром, ч. 2";"";"1982";"29314";"414569";"14657";"216232";"rus";"rus";"США";"";"Несмотря на свою молодость, он явно разделял мнение Фрэнка о том, что женщины не должны совать нос в дела.";"3ddd25fe52e8f0ab80e3eac915d26b53:5643:15";" It was obvious that, young as he was, he shared Frank's opinion that women had no place in business. ";"eng"
" аламудзв ялубаб ыб илсе ьрепет и";"ьтавос";"и теперь если бы бабуля вздумала";"совать";" ";"нос в дела Тары, она просто";"Margaret Mitchell. Gone with the Wind, Part 2 (1936)";"Margaret Mitchell";"1900";"Gone with the Wind, Part 2";"1936";"художественная";"";"";"";"";"";"омонимия не снята";"Gone with the Wind, Part 2";"Маргарет Митчелл";"Унесённые ветром, ч. 2";"";"1982";"29314";"414569";"14657";"216232";"rus";"rus";"США";"";"Но с тех пор она повзрослела, и теперь если бы бабуля вздумала совать нос в дела Тары, она просто послала бы ее к черту.";"3ddd25fe52e8f0ab80e3eac915d26b53:10799:12";" Well, she'd grown up since then and she'd just as soon as not tell her to go to the devil if she meddled in affairs at Tara. ";"eng"
" еигурд еж умечоП ";"тюус";"Почему же другие";"суют";" ";"нос в чужие дела?";"Margaret Mitchell. Gone with the Wind, Part 2 (1936)";"Margaret Mitchell";"1900";"Gone with the Wind, Part 2";"1936";"художественная";"";"";"";"";"";"омонимия не снята";"Gone with the Wind, Part 2";"Маргарет Митчелл";"Унесённые ветром, ч. 2";"";"1982";"29314";"414569";"14657";"216232";"rus";"rus";"США";"";"Я, к примеру, всегда интересовалась только собственными делами.  Почему же другие суют нос в чужие дела?  — Кошечка моя, люди могут простить почти все — не прощают лишь тем, кто не интересуется чужими делами.";"3ddd25fe52e8f0ab80e3eac915d26b53:18607:3";" I've always minded my own business.  Why don't other people mind theirs?  My pet, the world can forgive practically anything except people who mind their own business. ";"eng"
" учох ен есвов Я – :монот ясмищюянивзи";"ьтавос";"извиняющимся тоном: – Я вовсе не хочу";"совать";" ";"нос в официальное расследование, но были";"Agatha Christie. Death in the Clouds (1935)";"Agatha Christie";"1890";"Death in the Clouds";"1935";"художественная";"";"";"";"";"";"омонимия не снята";"Death in the Clouds";"Агата Кристи";"Смерть в облаках";"";"2016";"13022";"109861";"6511";"60562";"rus";"rus";"Великобритания";"";"– Были ли найдены… – Норман Гейл запнулся, затем произнес извиняющимся тоном: – Я вовсе не хочу совать нос в официальное расследование, но были ли найдены бумаги с записями о сделках этой женщины?";"d41640dfe0aa8ddb62c0eb6304db5910:8445:14";" ""Has there been - ""Norman Gale stopped, and then added apologetically: ""I don't want to butt in on official secrets, but is there no record of this woman's dealings? """;"eng"
" ешьнемоп окьлот одан ,ямерв еечярог жу";"ьтавос";"уж горячее время, надо только поменьше";"совать";" ";"нос в чужие дела.";"John Galsworthy. The Man of Property (1906)";"John Galsworthy";"1867";"The Man of Property";"1906";"художественная";"";"";"";"";"";"омонимия не снята";"The Man of Property";"Джон Голсуорси";"Собственник";"";"1946";"9926";"169988";"4963";"92898";"rus";"rus";"Великобритания";"";"— Не такое уж горячее время, надо только поменьше совать нос в чужие дела.";"e58e30a9659560e9d58794f56c057081:4587:8";" “It wouldn't be half so busy if everybody minded their own business.” ";"eng"
" тибюл отк ,хет идерс ценокаН ";"ьтавос";"Наконец среди тех, кто любит";"совать";" ";"нос в такие дела, стали поговаривать";"Charles Dickens. The Tale of two Cities (1859)";"Charles Dickens";"1812";"The Tale of two Cities";"1859";"художественная";"";"";"";"";"";"омонимия не снята";"The Tale of two Cities";"Чарльз Диккенс";"Повесть о двух городах";"";"1950-1960";"15180";"261740";"7590";"135772";"rus";"rus";"Великобритания";"";"Наконец среди тех, кто любит совать нос в такие дела, стали поговаривать, что хотя Картон никогда не сделается знаменитостью и льва из него не получится, зато в качестве шакала он поистине незаменим, и в этой-то скромной роли он и подвизается у Страйвера.";"45dc0f44a28f331677ad6ee35a429c4b:3189:5";" At last, it began to get about, among such as were interested in the matter, that although Sydney Carton would never be a lion, he was an amazingly good jackal, and that he rendered suit and service to Stryver in that humble capacity. ";"eng"
" тенатс ен анеж яаншулсоп ,яаньлетитчоП ";"ьтавос";"Почтительная, послушная жена не станет";"совать";" ";"нос в дела своего мужа.";"Charles Dickens. The Tale of two Cities (1859)";"Charles Dickens";"1812";"The Tale of two Cities";"1859";"художественная";"";"";"";"";"";"омонимия не снята";"The Tale of two Cities";"Чарльз Диккенс";"Повесть о двух городах";"";"1950-1960";"15180";"261740";"7590";"135772";"rus";"rus";"Великобритания";"";"Почтительная, послушная жена не станет совать нос в дела своего мужа.";"45dc0f44a28f331677ad6ee35a429c4b:6251:5";" A honouring and obeying wife would let his trade alone altogether. ";"eng"
