"Reversed left context";"Reversed center";"Left context";"Center";"Punct";"Right context";"Title";"Author";"Birthday";"Header";"Created";"Sphere";"Type";"Topic";"Publication";"Publ_year";"Medium";"Ambiguity";"Header";"Author_trans";"Header_trans";"Translator";"Date_trans";"Sentences";"Words";"Orig_sentences";"Orig_words";"Lang";"Lang_trans";"Lang_variant";"Dialect";"Full context";"Example source";"Para context 1";"Lang 1"
" хяинелпутсерп в имымеаверзодоп с еачулс в";"тяватс";"в случае с подозреваемыми в преступлениях";"ставят";" ";"во главу угла благополучие детей, считают";"Ben Hubbard. ‘What Is Going to Happen to Us?’ [The New York Times] (23.10.2019)";"Ben Hubbard";"";"‘What Is Going to Happen to Us?’ [The New York Times]";"23.10.2019";"публицистика";"";"";"";"";"";"омонимия не снята";"‘What Is Going to Happen to Us?’ [The New York Times]";"";"«Что же с нами будет?»";"";"2019";"144";"3140";"72";"1637";"rus";"rus";"США";"";"Условия содержания несовершеннолетних в курдской тюрьме едва ли отвечают международным стандартам, которые даже в случае с подозреваемыми в преступлениях ставят во главу угла благополучие детей, считают содержание под стражей крайней мерой и требуют для них особого физического и психологического ухода.";"c75c25c199f267057f7b41e6a4d1d9dd:35:19";" Little about the minors'conditions in the Kurdish-run prison appeared to meet international standards that, even for suspected criminals, prioritize children's well-being, consider detention a last resort and require specialized physical and emotional care. ";"eng"
" ,итсончитнеди икитилоп ыпицнирп еывон еищюаминирп яиненсетс";"еищяватс";"стеснения принимающие новые принципы политики идентичности,";"ставящие";" ";"во главу угла в первую очередь";"Allum Bokhari & Milo Yiannopoulos. An Establishment Conservative’s Guide To The Alt-Right [www.breitbart.com] (2016)";"Allum Bokhari & Milo Yiannopoulos";"";"An Establishment Conservative’s Guide To The Alt-Right [www.breitbart.com]";"2016";"публицистика";"";"";"";"";"";"омонимия не снята";"An Establishment Conservative’s Guide To The Alt-Right [www.breitbart.com]";"";"Другие правые Родион Раскольников";"";"";"298";"6291";"149";"3382";"rus";"rus";"Великобритания";"";"Это в основном белые американцы, в основном средних лет, без оговорок и стеснения принимающие новые принципы политики идентичности, ставящие во главу угла в первую очередь интересы из собственной демографической группы.";"6873ac91557ffe1aedfc80d8b3f92e76:103:18";" They are mostly white, mostly male middle-American radicals, who are unapologetically embracing a new identity politics that prioritises the interests of their own demographic. ";"eng"
" ,иьмес итсалбо в екитилоп« и овтсделсан";"йещяватс";"наследство и «политике в области семьи,";"ставящей";" ";"во главу угла брак».";"Michael Bröning. The Rise of Populism in Europe. Can the Center Hold? [www.foreignaffairs.com] (2016)";"Michael Bröning";"";"The Rise of Populism in Europe. Can the Center Hold? [www.foreignaffairs.com]";"2016";"публицистика";"";"";"";"";"";"омонимия не снята";"The Rise of Populism in Europe. Can the Center Hold? [www.foreignaffairs.com]";"";"Правый популизм в Европе: устоит ли центр? Родион Раскольников";"";"";"124";"2462";"62";"1350";"rus";"rus";"США";"";"Кроме того, консервативные партии — и такую меру уже предложила группа из 15 депутатов ХДС — могли бы вернуться к своим традиционным идеям: низким налогам, дерегуляции рынка труда, снижению налога на наследство и «политике в области семьи, ставящей во главу угла брак».";"0f6f15cebba7f7b4a32cbaa01bd37fbd:103:35";" Furthermore, as 15 members of parliament from the German Christian Democrats recently suggested, conservative parties should rediscover their traditional stances on lower tax rates, deregulation of the labor market, lower inheritance taxes, and ""family policies that focus on marriage. """;"eng"
" еыроток ,ылокш как он ,ыдохдоп еиксечитамгод";"иливатс";"догматические подходы, но как школы, которые";"ставили";" ";"во главу угла разные вещи и";"Nassim Nicholas Taleb. Antifragile: Things That Gain From Disorder (2012)";"Nassim Nicholas Taleb";"1960";"Antifragile: Things That Gain From Disorder";"2012";"учебно-научная, публицистика";"";"наука и технологии, философия";"";"";"";"омонимия не снята";"Antifragile: Things That Gain From Disorder";"Нассим Николас Талеб";"Антихрупкость. Как извлечь выгоду из хаоса";"";"2022";"16592";"336787";"8296";"180355";"rus";"rus";"США";"";"И хотя категоризация может преувеличивать различия между этими школами, данные традиции можно воспринимать не как абсолютно догматические подходы, но как школы, которые ставили во главу угла разные вещи и исходили из разных предпосылок: одни начинают с теорий, другие – с того, что очевидно.";"17154569778daa68a2de3fadfcd05453:10893:22";" While differences can be overplayed by the categorization, one can look at the three traditions not as entirely dogmatic approaches, but rather ones varying in their starting point, the weight of the prior beliefs: some start with theories, others with evidence. ";"eng"
