"Reversed left context";"Reversed center";"Left context";"Center";"Punct";"Right context";"Title";"Author";"Birthday";"Header";"Created";"Sphere";"Type";"Topic";"Publication";"Publ_year";"Medium";"Ambiguity";"Header";"Author_trans";"Header_trans";"Translator";"Date_trans";"Sentences";"Words";"Orig_sentences";"Orig_words";"Lang";"Lang_trans";"Lang_variant";"Dialect";"Full context";"Example source";"Para context 1";"Lang 1"
" теавичаровереп но :уметсис юувоссалк юуктсёж анемерв";"с";"времена жёсткую классовую систему: он переворачивает";"с";" ";"ног на голову миры трёх групп";"Iseult Gillespie. Why should you read «A Midsummer Night’s Dream?» (2018)";"Iseult Gillespie";"";"Why should you read «A Midsummer Night’s Dream?»";"2018";"учебно-научная, публицистика, устная публичная речь";"";"";"";"";"";"омонимия не снята";"Why should you read «A Midsummer Night’s Dream?»";"Изольда Гиллеспи";"Почему стоит прочитать «Сон в летнюю ночь»?";"";"";"74";"1293";"37";"683";"rus";"rus";"США";"";"Великий Бард высмеивает существовавшую в те времена жёсткую классовую систему: он переворачивает с ног на голову миры трёх групп персонажей, при этом ни один смертный больше не диктует свою волю другим.";"d4c305a40a50e0ce469057f96cedcccd:23:12";" Here, the bard plays with the rigid class system of his own time, taking three distinct groups and turning their society upside-down in a world where no mortal is in control. ";"eng"
" итсоннец еикснакирема илунревереп яиненидеъбо еынрутьлукртнок и";"с";"и контркультурные объединения перевернули американские ценности";"с";" ";"ног на голову.";"GILBERT T. SEWALL. Pitirim Sorokin Revisited [The American Conservative] (04.03.2018)";"GILBERT T. SEWALL";"";"Pitirim Sorokin Revisited [The American Conservative]";"04.03.2018";"публицистика";"";"";"";"";"";"омонимия не снята";"Pitirim Sorokin Revisited [The American Conservative]";"";"Возвращение к Питириму Сорокину";"";"2018";"224";"3812";"112";"2033";"rus";"rus";"США";"";"По мнению Кана, Соединенные Штаты столкнулись со слабиной в обществе, когда движения за гражданские права и контркультурные объединения перевернули американские ценности с ног на голову.";"77ca2dd0d293c85ca35ac52d4130ed4f:55:21";" In Kahn's view, the United States sat on a societal fault line as a determined civil rights movement and counterculture stood American values on their head. ";"eng"
" ястеавичаровереп акигоЛ ";"с";"Логика переворачивается";"с";" ";"ног на голову.";"Anjan Chatterjee. How your brain decides what is beautiful (2016)";"Anjan Chatterjee";"1958";"How your brain decides what is beautiful";"2016";"учебно-научная, публицистика, устная публичная речь";"выступление";"";"";"";"";"омонимия не снята";"How your brain decides what is beautiful";"Анджан Чаттерджи";"Как ваш мозг решает, что красиво";"";"";"232";"3067";"116";"1679";"rus";"rus";"США";"";"А значит, считать показателем здоровья, обусловленные тестостероном черты, в общем-то, бессмысленно.  Логика переворачивается с ног на голову.  Вместо индикатора здоровья учёные ссылаются на принцип гандикапа.";"8cd390806d526c4a87fb9c7a00d59d8d:99:2";" So the idea that testosterone-infused features are a fitness indicator doesn't really make a whole lot of sense.  Here, the logic is turned on its head.  Instead of a fitness indicator, scientists invoke a handicap principle. ";"eng"
" ястенревереп ен рим отч ,йоджедан с";"с";"с надеждой, что мир не перевернется";"с";" ";"ног на голову, как это уже";"Kate Connolly. Joseph Goebbels’ 105-year-old secretary: ‘No one believes me now, but I knew nothing’ [www.theguardian.com] (2016)";"Kate Connolly";"";"Joseph Goebbels’ 105-year-old secretary: ‘No one believes me now, but I knew nothing’ [www.theguardian.com]";"2016";"публицистика";"";"";"";"";"";"омонимия не снята";"Joseph Goebbels’ 105-year-old secretary: ‘No one believes me now, but I knew nothing’ [www.theguardian.com]";"";"105-летняя секретарь Йозефа Геббельса: сейчас мне никто не верит, но я действительно ничего не знала";"";"";"150";"3406";"75";"1816";"rus";"rus";"Великобритания";"";"«То малое время, что мне осталось — и надеюсь, речь идет о месяцах, а не о годах — я буду жить с надеждой, что мир не перевернется с ног на голову, как это уже было, хотя в последнее время мы являемся свидетелями целого ряда мрачных событий, не так ли?";"5db8598d3a1c06b5a708b785a8dca04d:23:25";" ""In the little time that's left to me – and I hope it will be months rather than years – I just cling to the hope that the world doesn't turn upside down again as it did then, though there have been some ghastly developments, haven't there? ";"eng"
" рим йоворфиц тенревереп"" яароток ,ииголонхет йонноицавонни";"с";"инновационной технологии, которая ""перевернет цифровой мир";"с";" ";"ног на голову"" и ""позволит создать";"Walter Isaacson. The Innovators. How Group of Hackers, Geniuses and Geeks Created the Digital Revolution (2014)";"Walter Isaacson";"1952";"The Innovators. How Group of Hackers, Geniuses and Geeks Created the Digital Revolution";"2014";"учебно-научная, публицистика";"";"наука и технологии, информатика";"";"";"";"омонимия не снята";"The Innovators. How Group of Hackers, Geniuses and Geeks Created the Digital Revolution";"Уолтер Айзексон";"Инноваторы. Как несколько гениев, хакеров и гиков совершили цифровую революцию";"";"2015";"15914";"322417";"7957";"170459";"rus";"rus";"";"";"В конце 2013 года газета The New York Times опубликовала статью об инновационной технологии, которая ""перевернет цифровой мир с ног на голову"" и ""позволит создать следующее поколение систем искусственного интеллекта, которые смогут выполнять обычные для человека действия: видеть, говорить, слушать, ориентироваться в пространстве, использовать и контролировать различные системы и предметы"".";"dc448dbc5b8f0d6bfc6fdd0195f720f8:15427:18";" At the end of 2013, the New York Times reported on ""a development that is about to turn the digital world on its head"" and ""make possible a new generation of artificial intelligence systems that will perform some functions that humans do with ease: see, speak, listen, navigate, manipulate and control. """;"eng"
" ,онневтсетсе ,виватсоп ,йитяноп хыньларебил кызя ан";"с";"на язык либеральных понятий, поставив, естественно,";"с";" ";"ног на голову.";"Yuval Noah Harari. Sapiens: A Brief History of Humankind (2014)";"Yuval Noah Harari";"1976";"Sapiens: A Brief History of Humankind";"2014";"учебно-научная";"";"";"";"";"";"омонимия не снята";"Sapiens: A Brief History of Humankind";"Юваль Ной Харари";"Sapiens. Краткая история человечества";"";"2016";"12622";"234740";"6311";"129148";"rus";"rus";"Великобритания";"";"Современной либеральной культуре эта идея настолько чужда, что, когда западные движения нью-эйдж столкнулись с буддистскими откровениями, они перевели их на язык либеральных понятий, поставив, естественно, с ног на голову.";"35272a5a1849715bdf72e6c5c15d92be:11939:26";" This idea is so alien to modern liberal culture that when Western New Age movements encountered Buddhist insights, they translated them into liberal terms, thereby turning them on their head. ";"eng"
" рим алунревереп оннереман я мотоп А";"с";"А потом я намеренно перевернула мир";"с";" ";"ног на голову; я сжигала страницы";"Ash Beckham. We're all hiding something. Let's find the courage to open up (2013)";"Ash Beckham";"";"We're all hiding something. Let's find the courage to open up";"2013";"учебно-научная, публицистика, устная публичная речь";"выступление";"";"";"";"";"омонимия не снята";"We're all hiding something. Let's find the courage to open up";"Эш Бекхэм";"Мы все что-то скрываем. Давайте найдем в себе смелость открыться";"";"";"260";"2909";"130";"1636";"rus";"rus";"США";"";"Моя семья, друзья, незнакомцы — всю свою жизнь я старалась не разочаровывать их. А потом я намеренно перевернула мир с ног на голову; я сжигала страницы сценария, которому мы следовали всю жизнь. Но если не отбросить эту гранату, она убьёт вас.";"d9bb5f1b5f0ba86b9290578648da129b:125:18";" My family, my friends, complete strangers ― I had spent my entire life trying to not disappoint these people, and now I was turning the world upside down on purpose. I was burning the pages of the script we had all followed for so long, but if you do not throw that grenade, it will kill you. ";"eng"
" ёсв меавичаровереп еж ьтяпо ым ,яиревод";"с";"доверия, мы опять же переворачиваем всё";"с";" ";"ног на голову.";"Onora O'Neill. What we don't understand about trust (2013)";"Onora O'Neill";"1941";"What we don't understand about trust";"2013";"учебно-научная, публицистика, устная публичная речь";"выступление";"";"";"";"";"омонимия не снята";"What we don't understand about trust";"Онора О'Нил";"Чего мы не понимаем в доверии";"";"";"224";"2573";"112";"1432";"rus";"rus";"Великобритания";"";"Называя задачей восстановление доверия, мы опять же переворачиваем всё с ног на голову.";"9ea96785fd64c8be2ac00ec32ed07472:169:9";" Calling the task rebuilding trust, I think, also gets things backwards. ";"eng"
" ьтиватсоп теагалдерп агинк атэ умечоп тоВ";"с";"Вот почему эта книга предлагает поставить";"с";" ";"ног на голову сложившиеся у нас";"Nassim Nicholas Taleb. Antifragile: Things That Gain From Disorder (2012)";"Nassim Nicholas Taleb";"1960";"Antifragile: Things That Gain From Disorder";"2012";"учебно-научная, публицистика";"";"наука и технологии, философия";"";"";"";"омонимия не снята";"Antifragile: Things That Gain From Disorder";"Нассим Николас Талеб";"Антихрупкость. Как извлечь выгоду из хаоса";"";"2022";"16592";"336787";"8296";"180355";"rus";"rus";"США";"";"Вот почему эта книга предлагает поставить с ног на голову сложившиеся у нас представления о предсказаниях, прогнозировании и управлении риском.";"17154569778daa68a2de3fadfcd05453:303:6";" So we propose to stand our current approaches to prediction, prognostication, and risk management on their heads. ";"eng"
" ьтунревереп ен илсе ,ьтишьнемуерп ыботч ,тскет";"с";"текст, чтобы преуменьшить, если не перевернуть";"с";" ";"ног на голову, его смысл и";"Nassim Nicholas Taleb. Antifragile: Things That Gain From Disorder (2012)";"Nassim Nicholas Taleb";"1960";"Antifragile: Things That Gain From Disorder";"2012";"учебно-научная, публицистика";"";"наука и технологии, философия";"";"";"";"омонимия не снята";"Antifragile: Things That Gain From Disorder";"Нассим Николас Талеб";"Антихрупкость. Как извлечь выгоду из хаоса";"";"2022";"16592";"336787";"8296";"180355";"rus";"rus";"США";"";"Этот специалист по истории экономики решил отредактировать текст, чтобы преуменьшить, если не перевернуть с ног на голову, его смысл и изменить направление стрелы формирования знаний.";"17154569778daa68a2de3fadfcd05453:6603:13";" A historian of economic thought, he proceeded to rewrite our story to play down, if not reverse, its message and change the arrow of the formation of knowledge. ";"eng"
" тиватс анО ";"с";"Она ставит";"с";" ";"ног на голову вклад поколений, порождая";"Nassim Nicholas Taleb. Antifragile: Things That Gain From Disorder (2012)";"Nassim Nicholas Taleb";"1960";"Antifragile: Things That Gain From Disorder";"2012";"учебно-научная, публицистика";"";"наука и технологии, философия";"";"";"";"омонимия не снята";"Antifragile: Things That Gain From Disorder";"Нассим Николас Талеб";"Антихрупкость. Как извлечь выгоду из хаоса";"";"2022";"16592";"336787";"8296";"180355";"rus";"rus";"США";"";"Она ставит с ног на голову вклад поколений, порождая иллюзию, будто молодежь дает миру больше, чем старшее поколение. Между тем статистика говорит нам, что «молодое» поколение не делает почти ничего нового.";"17154569778daa68a2de3fadfcd05453:9825:2";" It leads to the inversion of the power of generational contributions, producing the illusion of the contribution of the new generations over the old — statistically, the “young” do almost nothing. ";"eng"
" ьсалунревереп носнероС ьнзиЖ ";"с";"Жизнь Соренсон перевернулась";"с";" ";"ног на голову.";"Siddhartha Mukherjee. The Emperor of All Maladies. A Biography of Cancer (2011)";"Siddhartha Mukherjee";"1970";"The Emperor of All Maladies. A Biography of Cancer";"2011";"учебно-научная";"";"наука и технологии, здоровье и медицина";"";"";"";"омонимия не снята";"The Emperor of All Maladies. A Biography of Cancer";"Сиддхартха Мукерджи";"Царь всех болезней. Биография рака";"";"2012";"10690";"205939";"5345";"111070";"rus";"rus";"США";"";"Даже в онкологии ― которая сама по себе уже очень мрачная дисциплина ― неудаленный рак поджелудочной железы считается воплощением самого худшего.  Жизнь Соренсон перевернулась с ног на голову.  ""Я буду сражаться до конца"", ― заявила она.";"42c82d58db98365a3d4a1fd04bf10aed:5449:3";" Even in oncology, a dismal discipline to begin with, this-unresected pancreatic cancer-was considered the epitome of the dismal.  Sorenson's life had turned upside down.  ""I want to beat it to the end, ""she had told me at first. ";"eng"
" ьсолунревереп есв огечто ,тидохсиорп отЧ — .ьтитуш";"с";"шутить. — Что происходит, отчего все перевернулось";"с";" ";"ног на голову?";"Lauren Oliver. Before I fall (2010)";"Lauren Oliver";"1982";"Before I fall";"2010";"художественная";"";"";"";"";"";"омонимия не снята";"Before I fall";"Лорен Оливер";"Прежде чем я упаду";"";"2017";"17506";"210817";"8753";"120458";"rus";"rus";"США";"";"— Я не собиралась над тобой шутить. — Что происходит, отчего все перевернулось с ног на голову?";"9bb065fd6edd02c58f47e9712e4e06d6:14451:11";"' I didn't want to screw with you.' I have no idea what's happening or how things have gone so badly wrong. ";"eng"
""""" тсО ""налп йыньларенеГ"" йиксворелтиг ливатсоп нилатС";"с";"Сталин поставил гитлеровский ""Генеральный план"" Ост """"";"с";" ";"ног на голову.";"Timothy D. Snyder. Bloodlands. Europe between Hitler and Stalin (2010)";"Timothy D. Snyder";"1969";"Bloodlands. Europe between Hitler and Stalin";"2010";"учебно-научная";"";"наука и технологии, история";"";"";"";"омонимия не снята";"Bloodlands. Europe between Hitler and Stalin";"Тимоти Снайдер";"Кровавые земли: Европа между Гитлером и Сталиным";"";"2015";"15620";"301299";"7810";"162838";"rus";"rus";"Великобритания";"";"Создавая свою Польшу, Сталин поставил гитлеровский ""Генеральный план"" Ост """"с ног на голову.";"631a44badb2a8fbf3794c0e026cd7436:12213:9";" In creating his Poland, Stalin turned Hitler's Generalplan Ost on its head. ";"eng"
" яаннелватсоп обург ,анитси отЭ .йинелватсдерп хынбодоп";"с";"подобных представлений. Это истина, грубо поставленная";"с";" ";"ног на голову.";"Richard Dawkins. The Selfish Gene (2006)";"Richard Dawkins";"1941";"The Selfish Gene";"2006";"учебно-научная";"";"";"";"";"";"омонимия не снята";"The Selfish Gene";"Ричард Докинз";"Эгоистичный ген";"";"2013";"11036";"216750";"5518";"115300";"rus";"rus";"Великобритания";"";"Читатели этой книги поймут всю ошибочность подобных представлений. Это истина, грубо поставленная с ног на голову.";"6dbf5a5aa147b7df70d5fda318347a04:9733:12";" Readers of this book will recognize that this attitude is an error of great profundity. It is the truth turned crashing on its head. ";"eng"
" оге ливатсоп ,рим ябес в лунходв";"с";"вдохнул в себя мир, поставил его";"с";" ";"ног на голову и выдохнул обратно";"Jonathan Safran Foer. Extremely Loud and Incredibly Close (2005)";"Jonathan Safran Foer";"1977";"Extremely Loud and Incredibly Close";"2005";"художественная";"";"";"";"";"";"омонимия не снята";"Extremely Loud and Incredibly Close";"Джонатан Сафран Фоер";"Жутко громко и запредельно близко";"";"2013";"17098";"174138";"8549";"95288";"rus";"rus";"США";"";"Мы перестали смеяться, я вдохнул в себя мир, поставил его с ног на голову и выдохнул обратно в форме вопроса: «Я тебе нравлюсь?»";"63b320678ad51fd2848b5117c980740c:4963:10";" We stopped laughing, I took the world into me, rearranged it, and sent it back out as a question:' Do you like me?' ";"eng"
" олатсв есифо в есв оготэ елсоП";"с";"После этого все в офисе встало";"с";" ";"ног на голову, все забыли о";"Helen Fielding. Bridget Jones’s Diary (1996)";"Helen Fielding";"1958";"Bridget Jones’s Diary";"1996";"художественная";"";"";"";"";"";"омонимия не снята";"Bridget Jones’s Diary";"Хелен Филдинг";"Дневник Бриджит Джонс";"";"2000";"9052";"131643";"4526";"68350";"rus";"rus";"Великобритания";"";"После этого все в офисе встало с ног на голову, все забыли о своих делах, висели на телефонах и договаривались о связи, вышках и эфире.";"00b27b94920424593a5272dca2201b01:6483:6";" Everything has been total mayhem ever since, with the everyday business of the day's news utterly forgotten and everyone gibbering down the phone about links, towers and OBs. ";"eng"
" ливатсоп ьшил огесв ыТ !ассецнирп яатялкорп";"с";"проклятая принцесса! Ты всего лишь поставил";"с";" ";"ног на голову пол-Лондона, заставил";"Helen Fielding. Bridget Jones’s Diary (1996)";"Helen Fielding";"1958";"Bridget Jones’s Diary";"1996";"художественная";"";"";"";"";"";"омонимия не снята";"Bridget Jones’s Diary";"Хелен Филдинг";"Дневник Бриджит Джонс";"";"2000";"9052";"131643";"4526";"68350";"rus";"rus";"Великобритания";"";"― Черт побери! ― взорвалась Шерон, отталкивая меня. ― Том, ты глупая проклятая принцесса! Ты всего лишь поставил с ног на голову пол-Лондона, заставил всех звонить в полицию, переполошил весь город, потому что никто не знает, где ты есть! Давай, впускай нас!";"00b27b94920424593a5272dca2201b01:7663:15";"' Oh, bloody hell,' said Sharon, pushing past me.' Tom, you silly bloody queen, you've only had half London up in arms ringing the police, combing the metropolis for you because no one knows where you are. Bloody well let us in.' ";"eng"
" ьтиватсоп ,укнанзиан ьтунревыв есв ясьшеяртиху ыт";"с";"ты ухитряешься все вывернуть наизнанку, поставить";"с";" ";"ног на голову.";"Kurt Vonnegut. Hocus Pocus (1990)";"Kurt Vonnegut";"1922";"Hocus Pocus";"1990";"художественная";"";"";"";"";"";"омонимия не снята";"Hocus Pocus";"Курт Воннегут";"Фокус-покус";"";"1993";"9922";"154407";"4961";"81715";"rus";"rus";"США";"";"Я все пытаюсь понять, как это ты ухитряешься все вывернуть наизнанку, поставить с ног на голову.";"2c09150b04d05302afc19154b49438b7:2771:12";" I'm just trying to figure out what you've got so all mixed up and upside down. ";"eng"
" мотунревереп в олед ,евтсечонидо в окьлот";"с";"только в одиночестве, дело в перевернутом";"с";" ";"ног на голову образе жизни.";"Terry Pratchett. Guards! Guards! (1989)";"Terry Pratchett";"1948";"Guards! Guards!";"1989";"художественная";"";"";"";"";"";"омонимия не снята";"Guards! Guards!";"Терри Пратчетт";"Стража! Стража!";"";"2020";"17614";"190939";"8807";"98029";"rus";"rus";"Великобритания";"";"Дело не только в одиночестве, дело в перевернутом с ног на голову образе жизни.";"c2e7f1ce36a69de8129b3884a6c8ee28:2577:8";" It wasn't just the loneliness, it was the back-to-front way of living. ";"eng"
" ёсв отэ теавичаровереп арвуД яироеТ ";"с";"Теория Дувра переворачивает это всё";"с";" ";"ног на голову.";"Richard Dawkins. The Blind Watchmaker (1987)";"Richard Dawkins";"1941";"The Blind Watchmaker";"1987";"учебно-научная, публицистика";"";"наука и технологии, философия";"";"";"";"омонимия не снята";"The Blind Watchmaker";"Ричард Докинз";"Слепой часовщик";"";"2015";"12666";"251747";"6333";"137916";"rus";"rus";"США";"";"Теория Дувра переворачивает это всё с ног на голову.";"32cbcb9a7429dc28f12de19e8e62ddd2:12515:5";" Dover's theory turns this on its head. ";"eng"
" урофатем ьтиватсоп актыпоп каК ";"с";"Как попытка поставить метафору";"с";" ";"ног на голову, – не ради одной";"Vladimir Nabokov. Ada, or Ardor (1968)";"Vladimir Nabokov";"1899";"Ada, or Ardor";"1968";"художественная";"";"";"";"";"";"омонимия не снята";"Ada, or Ardor";"Владимир Набоков";"Ада, или Радости страсти";"";"1996";"15402";"336152";"7701";"178506";"rus";"rus";"Великобритания, США";"";"Как попытка поставить метафору с ног на голову, – не ради одной только трудности трюка, но из потребности воспринять в обратной перспективе низвергающийся поток или восходящее солнце: восторжествовать, в определенном смысле, над “ардисом” времени.";"e9229fa20eafdc0cca78d0f9aa4b1272:4069:4";" It was the standing of a metaphor on its head not for the sake of the trick's difficulty, but in order to perceive an ascending waterfall or a sunrise in reverse: a triumph, in a sense, over the ardis of time. ";"eng"
" отунревереп есв отэ мен в окьлот";"с";"только в нем это все перевернуто";"с";" ";"ног на голову.";"John Fowles. The Collector (1963)";"John Fowles";"1926";"The Collector";"1963";"художественная";"";"";"";"";"";"омонимия не снята";"The Collector";"Джон Фаулз";"Коллекционер";"";"1991";"14096";"144108";"7048";"74076";"rus";"rus";"Великобритания";"";"Я увидела, что в К. есть что-то от Артура Ситона, только в нем это все перевернуто с ног на голову.";"4b0282fa14a9dd0e87a0fde07a36a72f:11447:16";" I see there's something of Arthur Seaton in him, only in him it's turned upside down. ";"eng"
" ёсв олунревереп ,ьлыбирп тисонирп яароток ,ьтсоньлетяед";"с";"деятельность, которая приносит прибыль, перевернуло всё";"с";" ";"ног на голову.";"Bertrand Russell. In praise of idleness (1935)";"Bertrand Russell";"1872";"In praise of idleness";"1935";"публицистика";"";"";"";"";"";"омонимия не снята";"In praise of idleness";"Бертран Рассел";"Похвала праздности";"";"";"394";"8894";"197";"5035";"rus";"rus";"Великобритания";"";"Мнение, что желательна та деятельность, которая приносит прибыль, перевернуло всё с ног на голову.";"881fae10b761d0def4ac569f1fc7bb70:309:10";" The notion that the desirable activities are those that bring a profit has made everything topsy-turvy. ";"eng"
" есв теавичаровереп отэ ьдеВ – ";"с";"– Ведь это переворачивает все";"с";" ";"ног на голову.";"Agatha Christie. The Murder of Roger Ackroyd (1926)";"Agatha Christie";"1890";"The Murder of Roger Ackroyd";"1926";"художественная";"";"";"";"";"";"омонимия не снята";"The Murder of Roger Ackroyd";"Агата Кристи";"Убийство Роджера Экройда";"";"2016";"13636";"133517";"6818";"70462";"rus";"rus";"Великобритания";"";"Всю обратную дорогу он жаловался на свою судьбу.  – Ведь это переворачивает все с ног на голову.  Я не знаю, понимаете ли вы это, месье Пуаро?";"1b40753a572a9695eaa4a7a337b6b00d:10755:4";" Our way back to the village was punctuated by his complaints.  “This alters everything, this does.  I don't know whether you've realized it, Monsieur Poirot?” ";"eng"
