"Reversed left context";"Reversed center";"Left context";"Center";"Punct";"Right context";"Title";"Author";"Birthday";"Header";"Created";"Sphere";"Type";"Topic";"Publication";"Publ_year";"Medium";"Ambiguity";"Header";"Author_trans";"Header_trans";"Translator";"Date_trans";"Sentences";"Words";"Orig_sentences";"Orig_words";"Lang";"Lang_trans";"Lang_variant";"Dialect";"Full context";"Example source";"Para context 1";"Lang 1"
" ясливонатсо атамуР тут И ";"как";"И тут Румата остановился";"как";" ";"вкопанный.";"А. Н. Стругацкий, Б. Н. Стругацкий. Трудно быть богом (1963)";"А. Н. Стругацкий, Б. Н. Стругацкий";"1925, 1933";"Трудно быть богом";"1963";"художественная";"";"";"";"";"";"омонимия не снята";"Трудно быть богом";"Arkady Strugatsky, Boris Strugatsky";"Hard to be a God";"";"2014";"11124";"113482";"5562";"48964";"rus";"eng";"Канада";"";"Они пошли по коридору, поднялись по лестнице, миновали еще один коридор и поднялись еще по одной лестнице.  И тут Румата остановился как вкопанный.  Знакомый густой рев огласил тюремные своды.";"33878eb6bc47d22a44fe2c4948e26c3b:9446:4";" They walked along the corridor, went up the stairs, went down another corridor, and climbed another staircase.  And then Rumata stopped in his tracks.  A familiar deep roar was resounding through the prison arches. ";"eng"
" лытсаз щиравот оге ,лапу меов с";"как";"с воем упал, его товарищ застыл";"как";" ";"вкопанный, подняв руки.";"Сергей Лукьяненко. Дневной дозор (1999)";"Сергей Лукьяненко";"1968";"Дневной дозор";"1999";"художественная";"";"";"";"";"";"омонимия не снята";"Дневной дозор";"Sergei Lukyanenko";"Day Watch";"";"2007";"21262";"243758";"10631";"100112";"rus";"eng";"Великобритания";"";"Парень с воем упал, его товарищ застыл как вкопанный, подняв руки.";"32c324f51e3f248aa3d2538a1bcfcc64:3482:7";" The friend fell to the ground with a howl and the driver stopped dead in his tracks with his hands in the air. ";"eng"
" тенатсв и ыбзи йечобар од тичмоД";"как";"Домчит до рабочей избы и встанет";"как";" ";"вкопанный, на все четыре ноги, только";"Татьяна Толстая. Кысь (2000)";"Татьяна Толстая";"1951";"Кысь";"2000";"художественная";"";"";"";"";"";"омонимия не снята";"Кысь";"Tatyana Tolstaya";"The Slynx";"";"2007";"14176";"144350";"7088";"60453";"rus";"eng";"США";"";"Домчит до рабочей избы и встанет как вкопанный, на все четыре ноги, только мохнатые бока ходуном ходят: хы-хы, хы-хы.";"9c26cca2adf4295a30c6fa7a34bb962a:54:6";" It races to the Work Izba and stops stock-still on all four legs, but its fuzzy sides keep going huffa, puffa, huffa, puffa. ";"eng"
" латсв иммоТ адгок умотэоП ";"как";"Поэтому когда Томми встал";"как";" ";"вкопанный, круто обернулся и пригвоздил Лору";"Kazuo Ishiguro. Never Let Me Go (2005)";"Kazuo Ishiguro";"1954";"Never Let Me Go";"2005";"художественная";"";"";"";"";"";"омонимия не снята";"Never Let Me Go";"Кадзуо Исигуро";"Не отпускай меня";"";"2007";"11924";"179374";"5962";"98830";"rus";"rus";"Великобритания";"";"Поэтому когда Томми встал как вкопанный, круто обернулся и пригвоздил Лору к месту страшным взглядом, это было полной неожиданностью.";"c2c61110eb1b581b550816a97e252cfc:3385:4";" So it was a complete shock when Tommy came to a dead halt, wheeled round and stared at Laura with a face like thunder. ";"eng"
" ясливонатсо нодгнэЛ гурдв тут И ";"как";"И тут вдруг Лэнгдон остановился";"как";" ";"вкопанный.";"Dan Brown. The Da Vinci Code (2003)";"Dan Brown";"1964";"The Da Vinci Code";"2003";"художественная";"";"";"";"";"";"омонимия не снята";"The Da Vinci Code";"Дэн Браун";"Код Да Винчи";"";"2004";"23810";"268080";"11905";"139806";"rus";"rus";"США";"";"И тут вдруг Лэнгдон остановился как вкопанный.";"add6866690bf4af011e7eb199aba2d38:5235:5";" With an unexpected jolt, Langdon stopped short. ";"eng"
" лытсаз гурдв и инд агаш лаледС";"как";"Сделал шага дни и вдруг застыл";"как";" ";"вкопанный.";"Dan Brown. The Da Vinci Code (2003)";"Dan Brown";"1964";"The Da Vinci Code";"2003";"художественная";"";"";"";"";"";"омонимия не снята";"The Da Vinci Code";"Дэн Браун";"Код Да Винчи";"";"2004";"23810";"268080";"11905";"139806";"rus";"rus";"США";"";"Сделал шага дни и вдруг застыл как вкопанный.";"add6866690bf4af011e7eb199aba2d38:6551:6";" On his third step, he spied something that made him stop short. ";"eng"
" ясливонатсо узарс И .еровд ежу момоканз";"как";"знакомом уже дворе. И сразу остановился";"как";" ";"вкопанный.";"Dan Brown. The Da Vinci Code (2003)";"Dan Brown";"1964";"The Da Vinci Code";"2003";"художественная";"";"";"";"";"";"омонимия не снята";"The Da Vinci Code";"Дэн Браун";"Код Да Винчи";"";"2004";"23810";"268080";"11905";"139806";"rus";"rus";"США";"";"Запыхавшийся Лэнгдон выбежал из туннеля и оказался в знакомом уже дворе. И сразу остановился как вкопанный.";"add6866690bf4af011e7eb199aba2d38:23713:14";" With a final surge of energy, Langdon burst from the passageway into the familiar courtyard and came to a stop. ";"eng"
" латсв ен ыб йыроток ― ,гурд ьдубин-йеч";"как";"чей-нибудь друг, ― который бы не встал";"как";" ";"вкопанный, глазея на эти коридоры от";"Lauren Weisberger. The Devil Wears Prada (2003)";"Lauren Weisberger";"1977";"The Devil Wears Prada";"2003";"художественная";"";"";"";"";"";"омонимия не снята";"The Devil Wears Prada";"Лорен Вайсбергер";"Дьявол носит Прада";"";"2006";"17508";"261692";"8754";"142530";"rus";"rus";"США";"";"Я не видела ни одного посетителя нашего этажа ― будь то писатель, курьер, стилист или просто чей-нибудь друг, ― который бы не встал как вкопанный, глазея на эти коридоры от-кутюр.";"790e2572bdbad061ff7ddeede1926f77:8457:21";" I'd yet to see a single visitor to the floor — whether writer or boyfriend or messenger or stylist — not stop dead in his or her tracks and gape at the couture-lined hallways. ";"eng"
" лытсаз нодгнэЛ ";"как";"Лэнгдон застыл";"как";" ";"вкопанный, уставившись на приникший к бетону";"Dan Brown. Angels and Demons (2000)";"Dan Brown";"1964";"Angels and Demons";"2000";"художественная";"";"";"";"";"";"омонимия не снята";"Angels and Demons";"Дэн Браун";"Ангелы и демоны";"";"2004";"16144";"298893";"8072";"150396";"rus";"rus";"США";"";"Лэнгдон застыл как вкопанный, уставившись на приникший к бетону самолет. ― Мы что, полетим вот на этой штуке?";"516f8420ab7d29d361213657275ee895:327:2";" Langdon stopped dead in his tracks and gaped at the aircraft parked on the tarmac. ""We're riding in THAT? """;"eng"
" ремаз и ясляретсар траггоБ .ухемс ос";"как";"со смеху. Боггарт растерялся и замер";"как";" ";"вкопанный. — Парвати, теперь вы! — крикнул профессор";"J. K. Rowling. Harry Potter and the Prisoner of Azkaban (1999)";"J. K. Rowling";"1965";"Harry Potter and the Prisoner of Azkaban";"1999";"художественная";"";"";"";"";"";"омонимия не снята";"Harry Potter and the Prisoner of Azkaban";"Дж. К. Роулинг";"Гарри Поттер и узник Азкабана";"";"2002";"16396";"194597";"8198";"108830";"rus";"rus";"Великобритания";"";"Все так и покатились со смеху. Боггарт растерялся и замер как вкопанный. — Парвати, теперь вы! — крикнул профессор Люпин.";"89bcf033d380f4be17459dd58609ff8f:4817:10";" There was a roar of laughter; the Boggart paused, confused, and Professor Lupin shouted,‘ Parvati! Forward!' ";"eng"
" ясливонатсо ирраГ ";"как";"Гарри остановился";"как";" ";"вкопанный.";"J. K. Rowling. Harry Potter and the Prisoner of Azkaban (1999)";"J. K. Rowling";"1965";"Harry Potter and the Prisoner of Azkaban";"1999";"художественная";"";"";"";"";"";"омонимия не снята";"Harry Potter and the Prisoner of Azkaban";"Дж. К. Роулинг";"Гарри Поттер и узник Азкабана";"";"2002";"16396";"194597";"8198";"108830";"rus";"rus";"Великобритания";"";"На полдороге Гарри глянул налево, и сердце у него ушло в пятки: из кромешной тьмы на него глядели два горящих глаза.  Гарри остановился как вкопанный.  — Что с тобой? — встревожился Рон.";"89bcf033d380f4be17459dd58609ff8f:9221:2";" They were halfway towards the castle when Harry, glancing to his left, saw something that made his heart turn over ― a pair of eyes, gleaming out of the darkness.  Harry stopped dead, his heart banging against his ribs. ‘ What's the matter?' said Ron. ";"eng"
" ляотс ирраГ оН ";"как";"Но Гарри стоял";"как";" ";"вкопанный, не сводя с неё глаз.";"J. K. Rowling. Harry Potter and the Prisoner of Azkaban (1999)";"J. K. Rowling";"1965";"Harry Potter and the Prisoner of Azkaban";"1999";"художественная";"";"";"";"";"";"омонимия не снята";"Harry Potter and the Prisoner of Azkaban";"Дж. К. Роулинг";"Гарри Поттер и узник Азкабана";"";"2002";"16396";"194597";"8198";"108830";"rus";"rus";"Великобритания";"";"Я, кажется, задремала на минутку…  Но Гарри стоял как вкопанный, не сводя с неё глаз.  — Что случилось, мой дорогой?";"89bcf033d380f4be17459dd58609ff8f:11813:3";" I drifted off for a moment…'  Harry stood there, still staring. ‘ Is there anything wrong, my dear?' ";"eng"
" лытсаз Я ";"как";"Я застыл";"как";" ";"вкопанный, но сестра быстро нашлась, бросила";"Stephen Chbosky. The Perks of Being a Wallflower (1999)";"Stephen Chbosky";"1970";"The Perks of Being a Wallflower";"1999";"художественная";"";"";"";"";"";"омонимия не снята";"The Perks of Being a Wallflower";"Стивен Чбоски";"Хорошо быть тихоней";"";"2013";"11182";"114915";"5591";"63141";"rus";"rus";"США";"";"Я застыл как вкопанный, но сестра быстро нашлась, бросила какое-то название и чмокнула маму.";"260e3ece542707bb2e93321616ef7e32:6033:2";" I froze, but my sister came through with the name of a movie just before she kissed my mother on the cheek. ";"eng"
" ясливонатсо йофлаМ а ,ланотсаз окморг ьлливеН";"как";"Невилль громко застонал, а Малфой остановился";"как";" ";"вкопанный.";"J. K. Rowling. Harry Potter and the Sorcerer’s Stone (1997)";"J. K. Rowling";"1965";"Harry Potter and the Sorcerer’s Stone";"1997";"художественная";"";"";"";"";"";"омонимия не снята";"Harry Potter and the Sorcerer’s Stone";"Дж. К. Роулинг";"Гарри Поттер и Волшебный камень";"";"2001";"12950";"147101";"6475";"78303";"rus";"rus";"Великобритания";"";"Тут Невилль громко застонал, а Малфой остановился как вкопанный.";"12b754d39037221c39040f54b069cffc:10063:7";" At this, Neville let out a little moan, and Malfoy stopped dead in his tracks. ";"eng"
" латсв но ,ьсишвагупсИ ";"как";"Испугавшись, он встал";"как";" ";"вкопанный, и наши взгляды скрестились.";"Janet Evanovich. Two for the Dough (1996)";"Janet Evanovich";"1943";"Two for the Dough";"1996";"художественная";"";"";"";"";"";"омонимия не снята";"Two for the Dough";"Джанет Иванович";"Денежки дважды имеют значение";"";"2009";"16714";"151889";"8357";"82078";"rus";"rus";"США";"";"Испугавшись, он встал как вкопанный, и наши взгляды скрестились.";"870b652622bfc06abf6de04c83fd1a0e:16451:3";" He stopped short, startled, and our eyes locked. ";"eng"
" ледис ьдевдем а ,зар окьлоксен отэ";"как";"это несколько раз, а медведь сидел";"как";" ";"вкопанный.";"Philip Pullman. His Dark Materials: Nothern Lights (1995)";"Philip Pullman";"1946";"His Dark Materials: Nothern Lights";"1995";"художественная";"";"";"";"";"";"омонимия не снята";"His Dark Materials: Nothern Lights";"Филип Пулман";"Северное сияние";"";"2005";"17198";"208873";"8599";"118637";"rus";"rus";"Великобритания";"";"Она проделала это несколько раз, а медведь сидел как вкопанный.";"84c21d468a0bb9c6743d9ca2a3916389:9645:8";" She did that several times, and not once did he move so much as an inch. ";"eng"
" ясливонатсо среднаС ";"как";"Сандерс остановился";"как";" ";"вкопанный.";"Michael Crichton. Disclosure (1994)";"Michael Crichton";"1942";"Disclosure";"1994";"художественная";"";"";"";"";"";"омонимия не снята";"Disclosure";"Майкл Крайтон";"Разоблачение";"";"2004";"22282";"216557";"11141";"113778";"rus";"rus";"США";"";"Подойдя поближе, он разобрал голос Мередит Джонсон, говорившей: И что тогда? Мужской голос, ответивший что-то, был неразборчив.  Сандерс остановился как вкопанный.  Стоя в темном коридоре, он прислушался.";"bd13fa2f2f5499e50b9b34aab730a63e:17909:2";" As he came closer, he heard Meredith Johnson say, “And then what?” And a man's voice answered something indistinct.  Sanders paused.  He stood in the dark corridor and listened. ";"eng"
" ясливонатсо онпазенв илноК ";"как";"Конли внезапно остановился";"как";" ";"вкопанный и стал присматриваться.";"Michael Crichton. Disclosure (1994)";"Michael Crichton";"1942";"Disclosure";"1994";"художественная";"";"";"";"";"";"омонимия не снята";"Disclosure";"Майкл Крайтон";"Разоблачение";"";"2004";"22282";"216557";"11141";"113778";"rus";"rus";"США";"";"Конли внезапно остановился как вкопанный и стал присматриваться.";"bd13fa2f2f5499e50b9b34aab730a63e:20081:3";" Conley abruptly stopped in the middle of the corridor, and stared. ";"eng"
" латсв негоВ ";"как";"Воген встал";"как";" ";"вкопанный, и выражение крайнего скудоумия разлилось";"Douglas Adams. The Hitchhiker’s Guide to the Galaxy (1978-1979)";"Douglas Adams";"1952";"The Hitchhiker’s Guide to the Galaxy";"1978-1979";"художественная";"";"";"";"";"";"омонимия не снята";"The Hitchhiker’s Guide to the Galaxy";"Дуглас Адамс";"Путеводитель хитч-хайкера по Галактике";"";"1995-1997";"5806";"86000";"2903";"47259";"rus";"rus";"Великобритания";"";"Воген встал как вкопанный, и выражение крайнего скудоумия разлилось по его физиономии.";"196c00195c1de5423601f6709450f4d9:1785:2";" The Vogon stopped dead and a look of immense stupidity seeped slowly over his face. ";"eng"
" тиотс нолсенок итсоньлетивтсйед в а ,нолсенок";"как";"конеслон, а в действительности конеслон стоит";"как";" ";"вкопанный и тускло смотрит во все";"Саша Соколов. Школа для дураков (1973)";"Саша Соколов";"1943";"Школа для дураков";"1973";"художественная";"";"";"";"";"";"омонимия не снята";"Школа для дураков";"Sasha Sokolov";"А School for Fools";"";"1977";"5334";"126923";"2667";"55223";"rus";"eng";"США";"";"В таком случае игрок просто говорит партнеру: ходит конеслон, а в действительности конеслон стоит как вкопанный и тускло смотрит во все концы света, как Перилло.";"415b2af8bc2fb16a988987fa6001f138:2586:14";" In this case the player simply says to his partner, the rookinghorse moves, but in reality the rookinghorse stands as if nailed to the ground and looks blankly to all the ends of the earth, like Perillo. ";"eng"
" ляотс рутрА ";"как";"Артур стоял";"как";" ";"вкопанный, он даже не обернулся.";"А. Н. Стругацкий, Б. Н. Стругацкий. Пикник на обочине (1971)";"А. Н. Стругацкий, Б. Н. Стругацкий";"1925, 1933";"Пикник на обочине";"1971";"художественная";"";"";"";"";"";"омонимия не снята";"Пикник на обочине";"Arkady Strugatsky, Boris Strugatsky";"Roadside Picnic";"";"1977";"6254";"103306";"3127";"46331";"rus";"eng";"США";"";"Артур стоял как вкопанный, он даже не обернулся.";"74afd4586b39eb278292543c733e16f8:5714:2";" Arthur stood as though he had been planted, he did not even turn around. ";"eng"
" ,ясливонатсо и уднарев ан личоксыв ,онтарбо";"как";"обратно, выскочил на веранду и остановился,";"как";" ";"вкопанный.";"Stephen King. The Lawnmower Man (1975)";"Stephen King";"1947";"The Lawnmower Man";"1975";"художественная";"";"";"";"";"";"омонимия не снята";"The Lawnmower Man";"Стивен Кинг";"Газонокосильщик";"";"1993";"502";"7033";"251";"3430";"rus";"rus";"США";"";"Гарольд ринулся через весь дом обратно, выскочил на веранду и остановился, как вкопанный.";"407ce523d4db9a9f98efeddce3e21b97:187:11";" Harold rushed through his house again, burst on to the back porch, and stood frozen. ";"eng"
" ясливонатсо нинялмез и ,ьревд в илшов";"как";"вошли в дверь, и землянин остановился";"как";" ";"вкопанный.";"Isaac Asimov. The Gods Themselves (1972)";"Isaac Asimov";"1919";"The Gods Themselves";"1972";"художественная";"";"";"";"";"";"омонимия не снята";"The Gods Themselves";"Айзек Азимов";"Сами боги";"";"1975";"14956";"167562";"7478";"88623";"rus";"rus";"США";"";"Они вошли в дверь, и землянин остановился как вкопанный.";"63531dcfe140d72be59f961e9de650d3:9635:7";" They stepped through a door and the Earthman stared in astonishment. ";"eng"
" латсв отсорпан-отсорп – ремаз но воцнок ецнок";"как";"конце концов он замер – просто-напросто встал";"как";" ";"вкопанный! – так до меня и не";"Vladimir Nabokov. Ada, or Ardor (1968)";"Vladimir Nabokov";"1899";"Ada, or Ardor";"1968";"художественная";"";"";"";"";"";"омонимия не снята";"Ada, or Ardor";"Владимир Набоков";"Ада, или Радости страсти";"";"1996";"15402";"336152";"7701";"178506";"rus";"rus";"Великобритания, США";"";"Я его днями встретил в городе, невдалеке от Мэд-авеню, смотрю, вполне нормально двигается мне навстречу, но как только заприметил меня – за целый квартал, – завод у него начал слабеть, и в конце концов он замер – просто-напросто встал как вкопанный! – так до меня и не дошел.";"e9229fa20eafdc0cca78d0f9aa4b1272:5547:37";" I met him in town recently, near Mad Avenue, saw him walking toward me quite normally, but then as he caught sight of me, a block away, the clockwork began slowing down and he stopped, oh, helplessly!, before he reached me. ";"eng"
" латс зовораП .кот личюлкв ямервов нО";"как";"Он вовремя включил ток. Паровоз стал";"как";" ";"вкопанный, пассажирские вагоны полезли один на";"Д. Н. Медведев, М. Белахова. Это было под Ровно (1948)";"Д. Н. Медведев, М. Белахова";"1898";"Это было под Ровно";"1948";"художественная";"";"";"";"";"";"омонимия не снята";"Это было под Ровно";"Dmitry Medvedev";"Stout hearts";"";"1961";"10040";"129406";"5020";"56617";"rus";"eng";"СССР/Россия";"";"Он вовремя включил ток. Паровоз стал как вкопанный, пассажирские вагоны полезли один на другой, убивая и калеча гитлеровских офицеров и солдат, которые направлялись к линии фронта.";"12ae9a5673a0e034f68f063f878952c1:9206:6";" He turned the current on and the engine stopped dead, the carriages piling on top of one another and killing and maiming nazi officers and troops bound for the front. ";"eng"
" екнипорт ан ясливонатсо салгуД тов И";"как";"И вот Дуглас остановился на тропинке";"как";" ";"вкопанный и посмотрел на него.";"Ray Bradbury. Dandelion Wine (1957)";"Ray Bradbury";"1920";"Dandelion Wine";"1957";"художественная";"";"";"";"";"";"омонимия не снята";"Dandelion Wine";"Рэй Брэдбери";"Вино из одуванчиков";"";"2013";"11258";"129889";"5629";"67583";"rus";"rus";"США";"";"И вот Дуглас остановился на тропинке как вкопанный и посмотрел на него.";"22d7309b38ffca1917392c737ea75787:4717:6";" Now Douglas stopped on the path and looked over at him. ";"eng"
" ясливонатсо огогИ :яслунчо и лунгордзв — йишвелмос";"как";"сомлевший — вздрогнул и очнулся: Игого остановился";"как";" ";"вкопанный.";"Clive Staples Lewis. The Chronicles of Narnia. The Horse and His Boy (1954)";"Clive Staples Lewis";"1898";"The Chronicles of Narnia. The Horse and His Boy";"1954";"художественная";"";"";"";"";"";"омонимия не снята";"The Chronicles of Narnia. The Horse and His Boy";"Клайв Стейплз Льюис";"Хроники Нарнии. Конь и его мальчик";"";"1991";"6272";"74821";"3136";"47292";"rus";"rus";"Великобритания";"";"Маленькая струйка воды стала ручейком, а ручей стал потоком, по обеим сторонам которого росли кусты, а поток превратился в реку и настал момент (после стольких разочарований, что я не могу описать их здесь), когда Шаста — не то дремавший, не то немного сомлевший — вздрогнул и очнулся: Игого остановился как вкопанный.";"e5178dfeaa63851bfc78d2087b143db2:3445:47";" And the trickle became a brook, and the brook became a stream with bushes on each side, and the stream became a river and there came (after more disappointments than I could possibly describe) — a moment when Shasta, who had been in a kind of doze, suddenly realized that Bree had stopped and found himself slipping off. ";"eng"
" ясливонатсо но хяревд В .юунитсог в";"как";"в гостиную. В дверях он остановился";"как";" ";"вкопанный перед неожиданною картиной.";"В. Г. Короленко. Слепой музыкант (1898)";"В. Г. Короленко";"1853";"Слепой музыкант";"1898";"художественная";"";"";"";"";"";"омонимия не снята";"Слепой музыкант";"Vladimir Korolenko";"The Blind Musician";"";"1954";"4840";"84416";"2420";"35489";"rus";"eng";"СССР/Россия";"";"Полюбопытствовав узнать, что могли означать эти странные экзерциции, Максим заковылял по двору и через минуту вошел в гостиную. В дверях он остановился как вкопанный перед неожиданною картиной.";"0a98e71bdd1566ef80011fdcf2c93e17:1768:22";" What could such extraordinary music mean? Maxim turned quickly towards the house, and a moment later, opening the drawing-room door, stopped short in amazement at the scene confronting him. ";"eng"
" метрА ,мазалг миовс ярев еН ";"как";"Не веря своим глазам, Артем";"как";" ";"вкопанный остановился в дверях.";"Николай Островский. Как закалялась сталь (ч. 1) (1930-1934)";"Николай Островский";"1904";"Как закалялась сталь (ч. 1)";"1930-1934";"художественная";"";"";"";"";"";"омонимия не снята";"Как закалялась сталь (ч. 1)";"Nikolai Ostrovsky";"How the Steel was Tempered (pt 1)";"";"1952";"6134";"108335";"3067";"44216";"rus";"eng";"СССР/Россия";"";"Не веря своим глазам, Артем как вкопанный остановился в дверях.";"8c062f56bfcc25cd7988d7b83bc7e974:4166:5";" Artem stood in the doorway dumb with amazement, unable to believe his eyes. ";"eng"
" ляотс мротснелГ иицаснепмок евтсечак В ";"как";"В качестве компенсации Гленсторм стоял";"как";" ";"вкопанный с правой стороны поля, лишь";"Clive Staples Lewis. The Chronicles of Narnia. Prince Caspian (1951)";"Clive Staples Lewis";"1898";"The Chronicles of Narnia. Prince Caspian";"1951";"художественная";"";"";"";"";"";"омонимия не снята";"The Chronicles of Narnia. Prince Caspian";"Клайв Стейплз Льюис";"Хроники Нарнии. Принц Каспиан";"";"1991";"5916";"79853";"2958";"45684";"rus";"rus";"Великобритания";"";"В качестве компенсации Гленсторм стоял как вкопанный с правой стороны поля, лишь изредка ударяя задним копытом о землю; он выглядел куда более важным, чем тельмаринский барон, стоявший прямо напротив него с левой стороны.";"b7d1ac92d23f7676c4287041c7d373c9:4985:5";" To make up for this, Glenstorm on the right of the lists, stock-still except when he stamped a hind hoof occasionally on the turf, looked much more imposing than the Telmarine baron who faced him on the left. ";"eng"
" ьсишвивонатсо — ,ьлепетто ен отЭ — ";"как";"— Это не оттепель, — остановившись";"как";" ";"вкопанный, сказал гном.";"Clive Staples Lewis. The Chronicles of Narnia. The Lion, the Witch and the Wardrobe (1950)";"Clive Staples Lewis";"1898";"The Chronicles of Narnia. The Lion, the Witch and the Wardrobe";"1950";"художественная";"";"";"";"";"";"омонимия не снята";"The Chronicles of Narnia. The Lion, the Witch and the Wardrobe";"Клайв Стейплз Льюис";"Хроники Нарнии. Лев, колдунья и платяной шкаф";"";"1991";"4690";"67683";"2345";"37762";"rus";"rus";"Великобритания";"";"— Это не оттепель, — остановившись как вкопанный, сказал гном.";"85f949c575442f3f5b5307985c9e6d6c:2983:4";" “This is no thaw,” said the dwarf, suddenly stopping. ";"eng"
" ьсяавилванатсо оннадижоен от ,имапал имынтахраб имынморго";"как";"огромными бархатными лапами, то неожиданно останавливаясь";"как";" ";"вкопанный, так что все трое кубарем";"Clive Staples Lewis. The Chronicles of Narnia. The Lion, the Witch and the Wardrobe (1950)";"Clive Staples Lewis";"1898";"The Chronicles of Narnia. The Lion, the Witch and the Wardrobe";"1950";"художественная";"";"";"";"";"";"омонимия не снята";"The Chronicles of Narnia. The Lion, the Witch and the Wardrobe";"Клайв Стейплз Льюис";"Хроники Нарнии. Лев, колдунья и платяной шкаф";"";"1991";"4690";"67683";"2345";"37762";"rus";"rus";"Великобритания";"";"Аслан описывал круг за кругом, то оставляя девочек далеко позади, то чуть не даваясь им в руки, то проскальзывая между ними, то подкидывая их высоко в воздух и снова ловя своими огромными бархатными лапами, то неожиданно останавливаясь как вкопанный, так что все трое кубарем катились на траву и нельзя было разобрать, где лапы, где руки, где ноги.";"85f949c575442f3f5b5307985c9e6d6c:4069:37";" Round and round the hill-top he led them, now hopelessly out of their reach, now letting them almost catch his tail, now diving between them, now tossing them in the air with his huge and beautifully velveted paws and catching them again, and now stopping unexpectedly so that all three of them rolled over together in a happy laughing heap of fur and arms and legs. ";"eng"
" ясливонатсо но онпазенВ ";"как";"Внезапно он остановился";"как";" ";"вкопанный: видимо, выработал наконец решение.";"George Orwell. Animal Farm (1945)";"George Orwell";"1903";"Animal Farm";"1945";"художественная";"";"";"";"";"";"омонимия не снята";"Animal Farm";"Джордж Оруэлл";"Скотный двор";"";"1989";"2884";"53192";"1442";"30192";"rus";"rus";"Великобритания";"";"Внезапно он остановился как вкопанный: видимо, выработал наконец решение.";"9594b444e74c6772787f13fd486d3d64:1385:3";" Suddenly he halted as though his mind were made up. ";"eng"
" ляотс луМ ";"как";"Мул стоял";"как";" ";"вкопанный, наподобие конной статуи.";"Graham Greene. The Power and the Glory (1940)";"Graham Greene";"1904";"The Power and the Glory";"1940";"художественная";"";"";"";"";"";"омонимия не снята";"The Power and the Glory";"Грэм Грин";"Сила и слава";"";"1970-1980";"12300";"139838";"6150";"77381";"rus";"rus";"Великобритания";"";"Мул стоял как вкопанный, наподобие конной статуи.";"2f4009adc06bba9dc51b82aa59f1fb48:5201:2";" It stood planted there like an equestrian status. ";"eng"
" ,егороп ан латсв роткепсни йишвыБ ";"как";"Бывший инспектор встал на пороге,";"как";" ";"вкопанный, переменившись в лице.";"Agatha Christie. Ten Little Niggers / And Then There Were None (1939)";"Agatha Christie";"1890";"Ten Little Niggers / And Then There Were None";"1939";"художественная";"";"";"";"";"";"омонимия не снята";"Ten Little Niggers / And Then There Were None";"Агата Кристи";"Десять негритят / И никого не стало";"";"2015";"10838";"98249";"5419";"53955";"rus";"rus";"Великобритания";"";"Бывший инспектор встал на пороге, как вкопанный, переменившись в лице.";"0da3497f344973d8c0a582bbbf11400d:8767:5";" Blore stopped dead on the doorstep. His face changed. ";"eng"
" ясливонатсо моТ ";"как";"Том остановился";"как";" ";"вкопанный.";"John Steinbeck. The Grapes of Wrath (1939)";"John Steinbeck";"1902";"The Grapes of Wrath";"1939";"художественная";"";"";"";"";"";"омонимия не снята";"The Grapes of Wrath";"Джон Стейнбек";"Гроздья гнева";"";"1940";"31674";"330719";"15837";"184204";"rus";"rus";"США";"";"― Эй! Кто идет?  Том остановился как вкопанный.  ― Кто это?";"a9f50bec74c8296767523e6580db566a:25807:2";" ""Hello - who is it? "" Tom stopped and stood still. "" Who are you? """;"eng"
" ясливонатсо гурдв и авонс но лавзоп";"как";"позвал он снова и вдруг остановился";"как";" ";"вкопанный. Он потер культей седую щетину";"John Steinbeck. Of Mice and Men (1937)";"John Steinbeck";"1902";"Of Mice and Men";"1937";"художественная";"";"";"";"";"";"омонимия не снята";"Of Mice and Men";"Джон Стейнбек";"О мышах и людях";"";"1965";"4240";"53537";"2120";"30427";"rus";"rus";"США";"";"Старик появился из-за крайнего стойла. - Эй, Ленни! ― позвал он снова и вдруг остановился как вкопанный. Он потер культей седую щетину на щеке. - Я не знал, что вы здесь, сказал он жене Кудряша.";"a263fce8b9cdb67296948f0143b99f15:3739:13";" Old Candy appeared around the end of the last stall. ""Oh, Lennie! ""he called again; and then he stopped, and his body stiffened. He rubbed his smooth wrist on his white stubble whiskers. ""I di'n't know you was here, ""he said to Curley's wife. ";"eng"
" тиотс ,атсем с ин ,ьтизарбоов етежом";"как";"можете вообразить, ни с места, стоит";"как";" ";"вкопанный.";"Н. В. Гоголь. Мертвые души (1835-1852)";"Н. В. Гоголь";"1809";"Мертвые души";"1835-1852";"художественная";"";"";"";"";"";"омонимия не снята";"Мертвые души";"Nikolay Gogol";"Dead Souls";"";"1931";"9082";"160470";"4541";"73436";"rus";"eng";"Великобритания";"";"А мой Копейкин, можете вообразить, ни с места, стоит как вкопанный.";"dfcae36f84cdc44b70de0cc56b339c1e:7804:9";" Then a constable who had been called to the door-a constable three ells in height, and armed with a carbine. ";"eng"
" но ,ижярпу йотагоб в хакасыр ан";"как";"на рысаках в богатой упряжи, он";"как";" ";"вкопанный останавливался на месте и потом";"Н. В. Гоголь. Мертвые души (1835-1852)";"Н. В. Гоголь";"1809";"Мертвые души";"1835-1852";"художественная";"";"";"";"";"";"омонимия не снята";"Мертвые души";"Nikolay Gogol";"Dead Souls";"";"1931";"9082";"160470";"4541";"73436";"rus";"eng";"Великобритания";"";"Когда проносился мимо его богач на пролетных красивых дрожках, на рысаках в богатой упряжи, он как вкопанный останавливался на месте и потом, очнувшись, как после долгого сна, говорил: ""А ведь был конторщик, волосы носил в кружок»!";"dfcae36f84cdc44b70de0cc56b339c1e:8436:15";" Whenever a rich man passed him by in a splendid drozhki drawn by swift and handsomely-caparisoned horses, he would halt as though deep in thought, and say to himself, like a man awakening from a long sleep: ""That gentleman must have been a financier, he has so little hair on his brow». ";"eng"
" ремаз и хяревд в кинзов оньлетимертс";"как";"стремительно возник в дверях и замер";"как";" ";"вкопанный, с лицом белым, как бумага.";"Agatha Christie. The Murder of Roger Ackroyd (1926)";"Agatha Christie";"1890";"The Murder of Roger Ackroyd";"1926";"художественная";"";"";"";"";"";"омонимия не снята";"The Murder of Roger Ackroyd";"Агата Кристи";"Убийство Роджера Экройда";"";"2016";"13636";"133517";"6818";"70462";"rus";"rus";"Великобритания";"";"Он стремительно возник в дверях и замер как вкопанный, с лицом белым, как бумага.";"1b40753a572a9695eaa4a7a337b6b00d:2267:7";" He appeared impetuously in the doorway, then stopped dead, his face very white. ";"eng"
" ясливонатсо авонс хуП-инниВ гурдВ ";"как";"Вдруг Винни-Пух снова остановился";"как";" ";"вкопанный. ― Смотри! ― закричал он шепотом и";"A. A. Milne. Winnie-the-Pooh (1926)";"A. A. Milne";"1882";"Winnie-the-Pooh";"1926";"художественная";"";"";"";"";"";"омонимия не снята";"Winnie-the-Pooh";"Алан Александр Милн";"Винни-Пух";"";"1960";"2634";"37605";"1317";"19993";"rus";"rus";"Великобритания";"";"Вдруг Винни-Пух снова остановился как вкопанный. ― Смотри! ― закричал он шепотом и показал на снег.";"07ae73ef9bdec3291045153959e542cf:571:5";" Suddenly Winnie-the-Pooh stopped, and pointed excitedly in front of him. ""LOOK! """;"eng"
" ясливонатсо и ахартс то ледолохоп ьсев";"как";"весь похолодел от страха и остановился";"как";" ";"вкопанный): ― Одну минуту, сударь!";"Theodore Dreiser. An American Tragedy, book III (1925)";"Theodore Dreiser";"1871";"An American Tragedy, book III";"1925";"художественная";"";"";"";"";"";"омонимия не снята";"An American Tragedy, book III";"Теодор Драйзер";"Американская трагедия (ч. 3)";"";"1948";"15052";"256860";"7526";"140326";"rus";"rus";"США";"";"И так же внезапно он крикнул (при этом окрике Клайд весь похолодел от страха и остановился как вкопанный): ― Одну минуту, сударь!";"e580980c0946d1f66803a4bbd917b81d:2605:16";" And as suddenly calling as he came — which caused Clyde's blood to run cold with fear and rivet him to the spot. “Hold on a moment, mister! ";"eng"
" ляотс оглод чивеьлисаВ амьзуК ";"как";"Кузьма Васильевич долго стоял";"как";" ";"вкопанный и пристально, не смигнув ни";"И. С. Тургенев. История лейтенанта Ергунова (1867)";"И. С. Тургенев";"1818";"История лейтенанта Ергунова";"1867";"художественная";"";"";"";"";"";"омонимия не снята";"История лейтенанта Ергунова";"Ivan Turgenev";"Lieutenant Yergunov’s Story";"";"1921";"2000";"20430";"1000";"8976";"rus";"eng";"Великобритания";"";"Кузьма Васильевич долго стоял как вкопанный и пристально, не смигнув ни разу, глядел на это странное существо.";"1d138b341e53a7f79747992e59186462:896:4";" Kuzma Vassilyevitch stood for some time petrified and stared at the strange creature without blinking. ";"eng"
" ясливонатсо я гурдв и ,»ьсаламудаз ьнечо";"как";"очень задумалась», и вдруг я остановился";"как";" ";"вкопанный.";"Ф. М. Достоевский. Белые ночи (1848)";"Ф. М. Достоевский";"1821";"Белые ночи";"1848";"художественная";"";"";"";"";"";"омонимия не снята";"Белые ночи";"Fedor Dostoevsky";"White Nights";"";"1918";"2176";"37202";"1088";"16908";"rus";"eng";"Великобритания";"";"«Странно! — подумал я, — верно, она о чем-нибудь очень задумалась», и вдруг я остановился как вкопанный.";"dedfacdfb05b9caa6b6b2a3773136b1f:134:13";" Strange, I thought; she must be deeply absorbed in something, and all at once I stopped as though petrified. ";"eng"
" ьсяавилванатсо ,абулк матанмок оп лидох оглод";"как";"долго ходил по комнатам клуба, останавливаясь";"как";" ";"вкопанный близ карточных игроков, но не";"И. С. Тургенев. Отцы и дети (1862)";"И. С. Тургенев";"1818";"Отцы и дети";"1862";"художественная";"";"";"";"";"";"омонимия не снята";"Отцы и дети";"Ivan Turgenev";"Fathers And Children";"";"1917";"9082";"126257";"4541";"54711";"rus";"eng";"Великобритания";"";"Он встал из-за стола и долго ходил по комнатам клуба, останавливаясь как вкопанный близ карточных игроков, но не вернулся домой раньше обыкновенного.";"36ae621380e9001e907c46936cab621b:1154:11";" He got up from the table, and a long time he paced about the rooms of the club, or stood stockstill near the card-players, but he did not go home earlier than usual. ";"eng"
" ляотс но ,нелмузи лыб нО ";"как";"Он был изумлен, он стоял";"как";" ";"вкопанный на дороге. Он разом вспомнил";"Ф. М. Достоевский. Идиот (1868-1869)";"Ф. М. Достоевский";"1821";"Идиот";"1868-1869";"художественная";"";"";"";"";"";"омонимия не снята";"Идиот";"Fedor Dostoevsky";"The Idiot";"";"1915";"23994";"441819";"11997";"200886";"rus";"eng";"Великобритания";"";"Он был изумлен, он стоял как вкопанный на дороге. Он разом вспомнил и давешний Павловский воксал, и давешний Николаевский воксал, и вопрос Рогожину прямо в лицо о глазах, и крест Рогожина, который теперь на нем, и благословение его матери, к которой он же его сам привел, и последнее судорожное объятие, последнее отречение Рогожина, давеча, на лестнице, — и после этого всего поймать себя на беспрерывном искании чего-то кругом себя, и эта лавка, и этот предмет… что за низость!";"02acae359836f47f703b337b87151cb4:8934:5";" His face reddened with shame at the thought; and then there came across him as in a flash the memory of the incidents at the Pavlofsk station, and at the other station in the morning; and the question asked him by Rogojin about the eyes and Rogojin's cross, that he was even now wearing; and the benediction of Rogojin's mother; and his embrace on the darkened staircase — that last supreme renunciation — and now, to find himself full of this new ""idea, ""staring into shop-windows, and looking round for things — how base he was! ";"eng"
" етсем ан ьсяавилванатсо ,ларенег ясливиду и";"как";"и удивился генерал, останавливаясь на месте";"как";" ";"вкопанный, — я, может быть, тебе напрасно";"Ф. М. Достоевский. Идиот (1868-1869)";"Ф. М. Достоевский";"1821";"Идиот";"1868-1869";"художественная";"";"";"";"";"";"омонимия не снята";"Идиот";"Fedor Dostoevsky";"The Idiot";"";"1915";"23994";"441819";"11997";"200886";"rus";"eng";"Великобритания";"";"Видишь, дражайший, — встрепенулся и удивился генерал, останавливаясь на месте как вкопанный, — я, может быть, тебе напрасно и неприлично проговорился, но ведь это потому, что ты… что ты… можно сказать, такой человек.";"02acae359836f47f703b337b87151cb4:13820:9";" Look here, ""continued the general, more agitated than ever, and trembling with excitement, ""maybe I have been letting the cat out of the bag too freely with you, if so, it is because you are — that sort of man, you know! ";"eng"
" ясливонатсо но гурдв оН »";"как";"» Но вдруг он остановился";"как";" ";"вкопанный: Никодим Фомич говорил с жаром";"Ф. М. Достоевский. Преступление и наказание (1866)";"Ф. М. Достоевский";"1821";"Преступление и наказание";"1866";"художественная";"";"";"";"";"";"омонимия не снята";"Преступление и наказание";"Fedor Dostoevsky";"Crime and Punishment";"";"1914";"25564";"369816";"12782";"168521";"rus";"eng";"Великобритания";"";"» Но вдруг он остановился как вкопанный: Никодим Фомич говорил с жаром Илье Петровичу, и до него долетели слова:";"928f8dab693260693ecabf487aa70af5:4518:4";" Nikodim Fomitch was talking eagerly with Ilya Petrovitch, and the words reached him: ";"eng"
" егороп ан латс и лировто ,ьжетсан";"как";"настежь, отворил и стал на пороге";"как";" ";"вкопанный.";"Ф. М. Достоевский. Преступление и наказание (1866)";"Ф. М. Достоевский";"1821";"Преступление и наказание";"1866";"художественная";"";"";"";"";"";"омонимия не снята";"Преступление и наказание";"Fedor Dostoevsky";"Crime and Punishment";"";"1914";"25564";"369816";"12782";"168521";"rus";"eng";"Великобритания";"";"Раскольников первый взялся за дверь и отворил ее настежь, отворил и стал на пороге как вкопанный.";"928f8dab693260693ecabf487aa70af5:8992:14";" Raskolnikov was the first to open the door; he flung it wide and stood still in the doorway, dumbfoundered. ";"eng"
" и тоК лажебв утанмок в еж";"как";"же в комнату вбежал Кот и";"как";" ";"вкопанный застыл в центре, увидев незнакомцев.";"L. Frank Baum. The Patchwork Girl of Oz (1913)";"L. Frank Baum";"1856";"The Patchwork Girl of Oz";"1913";"художественная";"";"";"";"";"";"омонимия не снята";"The Patchwork Girl of Oz";"Л. Фрэнк Баум";"Лоскутушка из Страны Оз";"";"1990-2000";"7112";"95872";"3556";"56499";"rus";"rus";"США";"";"Тотчас же в комнату вбежал Кот и как вкопанный застыл в центре, увидев незнакомцев.";"1348c3ba5ab7c922e05eeac5fce2c6c4:595:7";" At once a cat entered, came to the center of the room and stopped short at the sight of strangers. ";"eng"
" ясливонатсо гурдв он ,унко к олыб";"как";"было к окну, но вдруг остановился";"как";" ";"вкопанный, сложил на груди руки и";"Ф. М. Достоевский. Бесы (1872)";"Ф. М. Достоевский";"1821";"Бесы";"1872";"художественная";"";"";"";"";"";"омонимия не снята";"Бесы";"Fedor Dostoevsky";"The Possessed, or The Devils";"";"1913";"29104";"455640";"14552";"199311";"rus";"eng";"Великобритания";"";"Фон Лембке бросился было к окну, но вдруг остановился как вкопанный, сложил на груди руки и, бледный как мертвец зловещим взглядом посмотрел на смеющуюся.";"9e7e7e2d8d58ee27b69a10516c4acde9:18436:9";" Von Lembke rushed to the window, but suddenly stopped as though rooted to the spot, folded his arms across his chest, and, white as a corpse, looked with a sinister gaze at the laughing lady. ";"eng"
" ясливонатсо ьтяпо но ,ьтолпв ядйод ,оН";"как";"Но, дойдя вплоть, он опять остановился";"как";" ";"вкопанный, еще более пораженный ужасом.";"Ф. М. Достоевский. Бесы (1872)";"Ф. М. Достоевский";"1821";"Бесы";"1872";"художественная";"";"";"";"";"";"омонимия не снята";"Бесы";"Fedor Dostoevsky";"The Possessed, or The Devils";"";"1913";"29104";"455640";"14552";"199311";"rus";"eng";"Великобритания";"";"Но, дойдя вплоть, он опять остановился как вкопанный, еще более пораженный ужасом.";"9e7e7e2d8d58ee27b69a10516c4acde9:26720:6";" But when he reached Kirillov he stopped short again, still more overcome, horror-stricken. ";"eng"
" латс ашелА — ";"как";"— Алеша стал";"как";" ";"вкопанный, остановился и Ракитин.";"Ф. М. Достоевский. Братья Карамазовы (ч. 1-2) (1878)";"Ф. М. Достоевский";"1821";"Братья Карамазовы (ч. 1-2)";"1878";"художественная";"";"";"";"";"";"омонимия не снята";"Братья Карамазовы (ч. 1-2)";"Fedor Dostoevsky";"The Brothers Karamazov (parts 1-2)";"";"1912";"15598";"273219";"7799";"125461";"rus";"eng";"Великобритания";"";"Что ты?  — Алеша стал как вкопанный, остановился и Ракитин.  — Какому?";"41939ff5de5f40931f57ffc19df842c9:3068:2";" What do you mean?  Alyosha stopped dead. Rakitin stopped, too.  What murderer? ";"eng"
" ясливонатсо ашелА ";"как";"Алеша остановился";"как";" ";"вкопанный, молча и внимательно наблюдая сцену.";"Ф. М. Достоевский. Братья Карамазовы (ч. 1-2) (1878)";"Ф. М. Достоевский";"1821";"Братья Карамазовы (ч. 1-2)";"1878";"художественная";"";"";"";"";"";"омонимия не снята";"Братья Карамазовы (ч. 1-2)";"Fedor Dostoevsky";"The Brothers Karamazov (parts 1-2)";"";"1912";"15598";"273219";"7799";"125461";"rus";"eng";"Великобритания";"";"Алеша остановился как вкопанный, молча и внимательно наблюдая сцену.";"41939ff5de5f40931f57ffc19df842c9:3774:2";" Alyosha stood rooted to the spot, watching the scene in silence. ";"eng"
" ьсишвивонатсо ,сугнЭ лачирксв ― ,нуарБ цетО ― ";"как";"― Отец Браун, ― вскричал Энгус, остановившись";"как";" ";"вкопанный, ― кто из нас сошел с";"Gilbert K. Chesterton. The Innocence of Father Brown (1911)";"Gilbert K. Chesterton";"1874";"The Innocence of Father Brown";"1911";"художественная";"";"";"";"";"";"омонимия не снята";"The Innocence of Father Brown";"Гилберт К. Честертон";"Неведение отца Брауна";"";"1975";"3528";"55135";"1764";"31075";"rus";"rus";"Великобритания";"";"― Отец Браун, ― вскричал Энгус, остановившись как вкопанный, ― кто из нас сошел с ума ― вы или я?";"d2d85264a6bcfd9b963f938b0c261ec8:669:5";" ""Reverend sir, ""cried Angus, standing still, ""are you raving mad, or am I»? ";"eng"
" ясливонатсо и кинтупс оге лункилксов ― ";"как";"― воскликнул его спутник и остановился";"как";" ";"вкопанный.";"Gilbert K. Chesterton. The Innocence of Father Brown (1911)";"Gilbert K. Chesterton";"1874";"The Innocence of Father Brown";"1911";"художественная";"";"";"";"";"";"омонимия не снята";"The Innocence of Father Brown";"Гилберт К. Честертон";"Неведение отца Брауна";"";"1975";"3528";"55135";"1764";"31075";"rus";"rus";"Великобритания";"";"― воскликнул его спутник и остановился как вкопанный.";"d2d85264a6bcfd9b963f938b0c261ec8:2661:5";" cried the other, and stood still under the stars. ";"eng"
" ясливонатсо ,вункрыф и тсовх вивзв ,йыроток";"как";"который, взвив хвост и фыркнув, остановился";"как";" ";"вкопанный всеми ногами.";"Л. Н. Толстой. Казаки (1863)";"Л. Н. Толстой";"1828";"Казаки";"1863";"художественная";"";"";"";"";"";"омонимия не снята";"Казаки";"Leo Tolstoy";"The Cossacks";"";"1911";"7890";"106588";"3945";"44837";"rus";"eng";"Великобритания";"";"Он напоминал разыгравшегося жеребца, который, взвив хвост и фыркнув, остановился как вкопанный всеми ногами.";"f4ae3ad77bcd7113566c63fd70e744f5:2308:10";" He reminded one of a playful colt that with a snort and a flourish of its tail suddenly stops short and stands as though nailed to the ground with all four feet. ";"eng"
" латс ьнок онпазенв тут оН ";"как";"Но тут внезапно конь стал";"как";" ";"вкопанный.";"L. Frank Baum. Dorothy and the Wizard in Oz (1908)";"L. Frank Baum";"1856";"Dorothy and the Wizard in Oz";"1908";"художественная";"";"";"";"";"";"омонимия не снята";"Dorothy and the Wizard in Oz";"Л. Фрэнк Баум";"Дороти и Волшебник в Стране Оз";"";"1992";"4684";"73241";"2342";"41597";"rus";"rus";"США";"";"Но тут внезапно конь стал как вкопанный.";"4505bc87ba7824faf1f16efaeab5ad55:175:5";" The horse had stopped short, and stood firm as a rock. ";"eng"
" латсв мижД ,йыннешарашо и йыннелвидУ ";"как";"Удивленный и ошарашенный, Джим встал";"как";" ";"вкопанный.";"L. Frank Baum. Dorothy and the Wizard in Oz (1908)";"L. Frank Baum";"1856";"Dorothy and the Wizard in Oz";"1908";"художественная";"";"";"";"";"";"омонимия не снята";"Dorothy and the Wizard in Oz";"Л. Фрэнк Баум";"Дороти и Волшебник в Стране Оз";"";"1992";"4684";"73241";"2342";"41597";"rus";"rus";"США";"";"Удивленный и ошарашенный, Джим встал как вкопанный.";"4505bc87ba7824faf1f16efaeab5ad55:3791:5";" Jim stopped abruptly, being startled and amazed. ";"eng"
" ,ясливонатсо нО ";"как";"Он остановился,";"как";" ";"вкопанный, и в первое мгновение растерялся";"O. Henry. Squaring the Circle (1908)";"O. Henry";"1862";"Squaring the Circle";"1908";"художественная";"";"";"";"";"";"омонимия не снята";"Squaring the Circle";"О. Генри";"Квадратура круга";"";"1950-1960";"170";"2927";"85";"1584";"rus";"rus";"США";"";"Он остановился, как вкопанный, и в первое мгновение растерялся, застигнутый врасплох без оружия.";"c93c467d9d27a7783dc5573b413755e9:161:2";" He stopped short and wavered for a moment, being unarmed and sharply surprised. ";"eng"
" ясливонатсо гурдв ьлетаводелсерп ее а ,хревв";"как";"вверх, а ее преследователь вдруг остановился";"как";" ";"вкопанный, издавая вопли, полные гнева и";"L. Frank Baum. Ozma of Oz (1907)";"L. Frank Baum";"1856";"Ozma of Oz";"1907";"художественная";"";"";"";"";"";"омонимия не снята";"Ozma of Oz";"Л. Фрэнк Баум";"Озма из страны Оз";"";"1992";"4412";"67565";"2206";"38886";"rus";"rus";"США";"";"Они торопились не напрасно. Первый Колесун уже был у самого подножия холма, но девочка отчаянно карабкалась вверх, а ее преследователь вдруг остановился как вкопанный, издавая вопли, полные гнева и разочарования.";"393628b2d11538cf09bf1d40a670b86d:583:22";" She was none too soon, for the foremost Wheeler reached the hill a moment after her; but while the girl scrambled up the rocks the creature stopped short with howls of rage and disappointment. ";"eng"
" ясливонатсо но ,хи ведивУ ";"как";"Увидев их, он остановился";"как";" ";"вкопанный и приподнял шляпу.";"John Galsworthy. The Man of Property (1906)";"John Galsworthy";"1867";"The Man of Property";"1906";"художественная";"";"";"";"";"";"омонимия не снята";"The Man of Property";"Джон Голсуорси";"Собственник";"";"1946";"9926";"169988";"4963";"92898";"rus";"rus";"Великобритания";"";"Увидев их, он остановился как вкопанный и приподнял шляпу.";"e58e30a9659560e9d58794f56c057081:5957:4";" When he saw them he stopped dead, and raised his hat. ";"eng"
" ясливонатсо нО ";"как";"Он остановился";"как";" ";"вкопанный на холме возле Серпентайна, где";"John Galsworthy. The Man of Property (1906)";"John Galsworthy";"1867";"The Man of Property";"1906";"художественная";"";"";"";"";"";"омонимия не снята";"The Man of Property";"Джон Голсуорси";"Собственник";"";"1946";"9926";"169988";"4963";"92898";"rus";"rus";"Великобритания";"";"Он остановился как вкопанный на холме возле Серпентайна, где под ярким светом фонаря, вырисовываясь черным пятном на фоне серебристой воды, неподвижно сидели двое влюбленных; женщина положила голову на плечо мужчины, их тела казались высеченными из одного камня, как эмблема страсти — безмолвной, не знающей стыда.";"e58e30a9659560e9d58794f56c057081:7423:2";" Now he stood still on the rise overlooking the Serpentine, where, in full lamp-light, black against the silver water, sat a couple who never moved, the woman's face buried on the man's neck — a single form, like a carved emblem of passion, silent and unashamed. ";"eng"
" латсв кесоворД йынзелеЖ ,яслунходаз ен ьтуч";"как";"чуть не задохнулся, Железный Дровосек встал";"как";" ";"вкопанный и укоризненно взглянул на Жука.";"L. Frank Baum. The Marvelous Land of Oz (1904)";"L. Frank Baum";"1856";"The Marvelous Land of Oz";"1904";"художественная";"";"";"";"";"";"омонимия не снята";"The Marvelous Land of Oz";"Л. Фрэнк Баум";"Чудесная Страна Оз";"";"1992";"5220";"72291";"2610";"41519";"rus";"rus";"США";"";"При этих словах Страшила чуть не задохнулся, Железный Дровосек встал как вкопанный и укоризненно взглянул на Жука.";"1c59b549e4a596e236d171c84df0b0cf:2841:10";" At this the Scarecrow gave a gasp and the Tin Woodman stopped short and looked reproachfully at the Woggle-Bug. ";"eng"
" ясливонатсо нО ";"как";"Он остановился";"как";" ";"вкопанный перед моим стулом и посмотрел";"Joseph Conrad. Lord Jim (1900)";"Joseph Conrad";"1857";"Lord Jim";"1900";"художественная";"";"";"";"";"";"омонимия не снята";"Lord Jim";"Джозеф Конрад";"Лорд Джим";"";"1926";"11082";"233987";"5541";"130853";"rus";"rus";"Великобритания";"";"Он остановился как вкопанный перед моим стулом и посмотрел на меня сверху вниз.";"5cdc1856ccf3bbceb78214c36ee60e39:3115:2";" He stopped short in front of my chair and looked down. ";"eng"
" ,хяревд в ясливонатсо Я ";"как";"Я остановился в дверях,";"как";" ";"вкопанный.";"H. G. Wells. The War of the Worlds (1898)";"H. G. Wells";"1866";"The War of the Worlds";"1898";"художественная";"";"";"";"";"";"омонимия не снята";"The War of the Worlds";"Герберт Уэллс";"Война миров";"";"1935";"5360";"105076";"2680";"60525";"rus";"rus";"Великобритания";"";"В коридоре было темно, и комната тоже казалась темной по контрасту с пейзажем в рамке окна.  Я остановился в дверях, как вкопанный.  Гроза прошла.";"914b5ab5fb46d25cc97f20da72181acb:1377:4";" The passage was dark, and, by contrast with the picture the window frame enclosed, the side of the room seemed impenetrably dark.  I stopped short in the doorway.  The thunderstorm had passed. ";"eng"
" ясливонатсо но ,еинеживд еом вашылсу ,он";"как";"но, услышав мое движение, он остановился";"как";" ";"вкопанный.";"H. G. Wells. The Invisible Man (1897)";"H. G. Wells";"1866";"The Invisible Man";"1897";"художественная";"";"";"";"";"";"омонимия не снята";"The Invisible Man";"Герберт Уэллс";"Человек-невидимка";"";"1935";"4714";"89000";"2357";"49123";"rus";"rus";"Великобритания";"";"Я выбрался из своего убежища, чтобы последовать за ним, но, услышав мое движение, он остановился как вкопанный.";"41e84adc84383a924c0724888c75ada2:3535:15";" ""I came forward to follow him, and at the noise of my movement he stopped dead. ";"eng"
" ясливонатсо йадЭ .солоГ сензиорп ― ,уктуним етидогоП";"как";"Погодите минутку, ― произнес Голос. Эдай остановился";"как";" ";"вкопанный, рука его крепко сжала револьвер.";"H. G. Wells. The Invisible Man (1897)";"H. G. Wells";"1866";"The Invisible Man";"1897";"художественная";"";"";"";"";"";"омонимия не снята";"The Invisible Man";"Герберт Уэллс";"Человек-невидимка";"";"1935";"4714";"89000";"2357";"49123";"rus";"rus";"Великобритания";"";"― Погодите минутку, ― произнес Голос. Эдай остановился как вкопанный, рука его крепко сжала револьвер.";"41e84adc84383a924c0724888c75ada2:4241:6";" ""Stop a bit, ""said a Voice, and Adye stopped dead and his hand tightened on the revolver. ";"eng"
" ясливонатсо Я ";"как";"Я остановился";"как";" ";"вкопанный.";"И. С. Тургенев. Сон (1877)";"И. С. Тургенев";"1818";"Сон";"1877";"художественная";"";"";"";"";"";"омонимия не снята";"Сон";"Ivan Turgenev";"The Dream";"";"1897";"836";"12894";"418";"5612";"rus";"eng";"Великобритания";"";"Это труп барона, моего отца!  Я остановился как вкопанный.  Тут только я понял, что меня с самого утра водили какие-то неведомые силы, что я в их власти, и в течение нескольких мгновений ничего в моей душе не было, кроме немолчного морского плеска и немого страха перед овладевшей мною судьбой…";"b891b6fa3db23e6bab225a09e190cc7d:672:2";" The corpse was the baron, my father!  I stood as though turned to stone.  Only then I realised that I had been led since early morning by some unknown forces, that I was in their power, and for some instants there was nothing in my soul but the never-ceasing crash of the sea, and dumb horror at the fate that had possession of me…. ";"eng"
" ляотс но он ;авонивтиЛ укур ьтажоп";"как";"пожать руку Литвинова; но он стоял";"как";" ";"вкопанный далеко…";"И. С. Тургенев. Дым (1867)";"И. С. Тургенев";"1818";"Дым";"1867";"художественная";"";"";"";"";"";"омонимия не снята";"Дым";"Ivan Turgenev";"Smoke";"";"1896";"7084";"113656";"3542";"49422";"rus";"eng";"Великобритания";"";"Она сделала несколько шагов в направлении двери кабинета и, занеся руку за спину, торопливо повела ею по воздуху, как бы желая встретить и пожать руку Литвинова; но он стоял как вкопанный далеко…";"04dce474dfe779c7149cacf2fd89786b:4202:29";" She took a few steps in the direction of the door of her boudoir, and putting her hand behind her back, made a hurried movement in the air, as though she would find and press the hand of Litvinov; but he stood like a block of wood, at a distance…. ";"eng"
" ясливонатсо я гурдв И ";"как";"И вдруг я остановился";"как";" ";"вкопанный.";"H. G. Wells. The Time Machine (1895)";"H. G. Wells";"1866";"The Time Machine";"1895";"художественная";"";"";"";"";"";"омонимия не снята";"The Time Machine";"Герберт Уэллс";"Машина времени";"";"1935";"2828";"59248";"1414";"32597";"rus";"rus";"Великобритания";"";"Я вошел в нее ощупью, потому что от яркого солнечного света перед глазами у меня плыли цветные пятна и ничего нельзя было разобрать.  И вдруг я остановился как вкопанный.  На меня из темноты, отражая проникавший в галерею дневной свет, смотрела пара блестящих глаз.";"04c2d168daac8b7b348c0a1f53c35c17:1395:4";" I entered it groping, for the change from light to blackness made spots of colour swim before me.  Suddenly I halted spellbound.  A pair of eyes, luminous by reflection against the daylight without, was watching me out of the darkness. ";"eng"
" ясливонатсо Я ";"как";"Я остановился";"как";" ";"вкопанный, не решаясь войти.";"H. G. Wells. The Time Machine (1895)";"H. G. Wells";"1866";"The Time Machine";"1895";"художественная";"";"";"";"";"";"омонимия не снята";"The Time Machine";"Герберт Уэллс";"Машина времени";"";"1935";"2828";"59248";"1414";"32597";"rus";"rus";"Великобритания";"";"Я остановился как вкопанный, не решаясь войти.";"04c2d168daac8b7b348c0a1f53c35c17:2413:2";"' At that I stopped short before them, hesitating to enter. ";"eng"
" ясливонатсо ,яслашемс ренидремаК ";"как";"Камердинер смешался, остановился";"как";" ";"вкопанный и побледнел.";"И. С. Тургенев. Бурмистр (1847)";"И. С. Тургенев";"1818";"Бурмистр";"1847";"художественная";"";"";"";"";"";"омонимия не снята";"Бурмистр";"Ivan Turgenev";"The Agent";"";"1895";"616";"9247";"308";"3851";"rus";"eng";"Великобритания";"";"Камердинер смешался, остановился как вкопанный и побледнел.";"9f0f39304bfdf6200c8c2166a006cbeb:58:3";" The footman stood stock-still in confusion, and turned white. ";"eng"
" ,ясливонатсо лйиН ,йожопсог йеовс ос модяр";"как";"рядом со своей госпожой, Нийл остановился,";"как";" ";"вкопанный.";"Robert Louis Stevenson. Catriona (1893)";"Robert Louis Stevenson";"1850";"Catriona";"1893";"художественная";"";"";"";"";"";"омонимия не снята";"Catriona";"Роберт Луис Стивенсон";"Катриона";"";"1967";"10076";"182510";"5038";"101252";"rus";"rus";"Великобритания";"";"Глаза его горели, в руке был обнаженный «черный нож», как называют его в горах; увидев меня рядом со своей госпожой, Нийл остановился, как вкопанный.";"2952b62afab51e809220d50458ae5cad:3217:22";" His eyes burned, and he had a black knife (as they call it on the Highland side) naked in his hand; but, seeing me beside his mistress, stood like a man struck. ";"eng"
" ― ?вотуагаБ йокаК ";"как";"Какой Багаутов? ―";"как";" ";"вкопанный остановился вдруг Вельчанинов.";"Ф. М. Достоевский. Вечный муж (1870)";"Ф. М. Достоевский";"1821";"Вечный муж";"1870";"художественная";"";"";"";"";"";"омонимия не снята";"Вечный муж";"Fedor Dostoevsky";"The Permanent Husband";"";"1888";"4814";"88044";"2407";"39594";"rus";"eng";"Великобритания";"";"Что такое?  Какой Багаутов? ― как вкопанный остановился вдруг Вельчанинов.  ― Ах, боже мой, ведь я же это знаю! ― вскрикнул Вельчанинов, сообразив наконец.";"201374da9375508f76b469b8d76b7089:750:2";" What Bagantoff?  What Bagantoff? [...]*** ";"eng"
" ьтяотс яслатсо Я ";"как";"Я остался стоять";"как";" ";"вкопанный, только волосы на макушке шевелились";"Robert Louis Stevenson. Kidnapped (1886)";"Robert Louis Stevenson";"1850";"Kidnapped";"1886";"художественная";"";"";"";"";"";"омонимия не снята";"Kidnapped";"Роберт Луис Стивенсон";"Похищенный";"";"1967";"7020";"146548";"3510";"80444";"rus";"rus";"Великобритания";"";"Я остался стоять как вкопанный, только волосы на макушке шевелились от страха.";"b1442d947f941d6612bea226225d7e39:261:3";" I stood where she left me, with my hair on end. ";"eng"
" ляотс налА ";"как";"Алан стоял";"как";" ";"вкопанный, полы плаща его развевались за";"Robert Louis Stevenson. Kidnapped (1886)";"Robert Louis Stevenson";"1850";"Kidnapped";"1886";"художественная";"";"";"";"";"";"омонимия не снята";"Kidnapped";"Роберт Луис Стивенсон";"Похищенный";"";"1967";"7020";"146548";"3510";"80444";"rus";"rus";"Великобритания";"";"Алан стоял как вкопанный, полы плаща его развевались за ним на ветру.";"b1442d947f941d6612bea226225d7e39:5467:2";" Alan stood quite still, the tails of his great-coat clapping behind him in the wind. ";"eng"
" оглод но ляотс и ;яирднА адорирп";"как";"природа Андрия; и стоял он долго";"как";" ";"вкопанный на одном и том же";"Н. В. Гоголь. Тарас Бульба (1842)";"Н. В. Гоголь";"1809";"Тарас Бульба";"1842";"художественная";"";"";"";"";"";"омонимия не снята";"Тарас Бульба";"Nikolay Gogol";"Taras Bulba";"";"1886";"5280";"83056";"2640";"36596";"rus";"eng";"США";"";"Вспомнил он, что велика власть слабой женщины, что многих сильных погубляла она, что податлива с этой стороны природа Андрия; и стоял он долго как вкопанный на одном и том же месте.";"aede29e6c30a0fc2665d12a75f2a6240:2864:23";" He remembered the power of weak woman ― how she had ruined many a strong man, and that this was the weak point in Andrii's nature ― and stood for some time in one spot, as though rooted there. ";"eng"
" ясливонатсо ,идерепв йишдеш ,апобмА онпазенВ ";"как";"Внезапно Амбопа, шедший впереди, остановился";"как";" ";"вкопанный.";"Henry Rider Haggard. King Solomon’s Mines (1885)";"Henry Rider Haggard";"1856";"King Solomon’s Mines";"1885";"художественная";"";"";"";"";"";"омонимия не снята";"King Solomon’s Mines";"Генри Райдер Хаггард";"Копи царя Соломона";"";"1958";"7558";"153337";"3779";"81688";"rus";"rus";"Великобритания";"";"Внезапно Амбопа, шедший впереди, остановился как вкопанный.";"ad73b287ebdbf855f0cd7ce1263ab993:1915:5";" Presently he stopped as though he was petrified. ";"eng"
" ясливонатсо аггаркС а ,алипутсто ажартС .алавовтсйедоп";"как";"подействовала. Стража отступила, а Скрагга остановился";"как";" ";"вкопанный с поднятым наготове копьем.";"Henry Rider Haggard. King Solomon’s Mines (1885)";"Henry Rider Haggard";"1856";"King Solomon’s Mines";"1885";"художественная";"";"";"";"";"";"омонимия не снята";"King Solomon’s Mines";"Генри Райдер Хаггард";"Копи царя Соломона";"";"1958";"7558";"153337";"3779";"81688";"rus";"rus";"Великобритания";"";"Моя угроза подействовала. Стража отступила, а Скрагга остановился как вкопанный с поднятым наготове копьем.";"ad73b287ebdbf855f0cd7ce1263ab993:4435:8";" My threat produced an effect; the men halted, and Scragga stood still before us, his spear lifted. ";"eng"
" ляотс но аврепС ";"как";"Сперва он стоял";"как";" ";"вкопанный.";"Thomas Hardy. Far from the Madding Crowd (1874)";"Thomas Hardy";"1840";"Far from the Madding Crowd";"1874";"художественная";"";"";"";"";"";"омонимия не снята";"Far from the Madding Crowd";"Томас Гарди";"Вдали от обезумевшей толпы";"";"1970";"17882";"257619";"8941";"137583";"rus";"rus";"Великобритания";"";"― Она.  Сперва он стоял как вкопанный.  Но теперь в его неподвижности уже можно было подметить признаки зарождающегося движения, подобно тому, как в глубоком мраке ночи через некоторое время глаз начинает улавливать какое-то подобие света.";"e235f4b270c34dc6f661c547dc123d5d:13273:3";" ""It is.»  He had originally stood perfectly erect.  And now, in the wellnigh congealed immobility of his frame could be discerned an incipient movement, as in the darkest night may be discerned light after a while. ";"eng"
" тиотс ьноК а ,окгел оньловод ястидас";"как";"садится довольно легко, а Конь стоит";"как";" ";"вкопанный, оттого, видно, что на него";"Lewis Carroll. Through the Looking-Glass and what Alice found there (1871)";"Lewis Carroll";"1832";"Through the Looking-Glass and what Alice found there";"1871";"художественная";"";"";"";"";"";"омонимия не снята";"Through the Looking-Glass and what Alice found there";"Льюис Кэррол";"Сквозь зеркало и что там увидела Алиса, или Алиса в Зазеркалье";"";"1967";"3002";"52812";"1501";"29750";"rus";"rus";"Великобритания";"";"― Боюсь, что он очень скоро УПАДЕТ… духом. Так, кажется, он сказал, ― подумала Алиса, глядя ему вслед. ― Ну, конечно! Опять упал… Но только не духом, а, как всегда, головой. Но на Коня он опять садится довольно легко, а Конь стоит как вкопанный, оттого, видно, что на него столько всего понавешено!";"eb3e171a3af94282cc8060277edecf19:2511:39";"' It won't take long to see him OFF, I expect,' Alice said to herself, as she stood watching him.' There he goes! Right on his head as usual! However, he gets on again pretty easily ― that comes of having so many things hung round the horse―' ";"eng"
" ляотс снаХ а ,етерак йеовс учертсван";"как";"навстречу своей карете, а Ханс стоял";"как";" ";"вкопанный, широко раскрыв глаза.";"Mary Mapes Dodge. Hans Brinker or the Silver Skates (1865)";"Mary Mapes Dodge";"1831";"Hans Brinker or the Silver Skates";"1865";"художественная";"";"";"";"";"";"омонимия не снята";"Hans Brinker or the Silver Skates";"Мэри Мейпс Додж";"Серебряные коньки";"";"1941";"11526";"150751";"5763";"80734";"rus";"rus";"США";"";"И, не добавив ни слова, доктор Букман зашагал прочь навстречу своей карете, а Ханс стоял как вкопанный, широко раскрыв глаза.";"e7118cb2a258d86e243d71189fb37afd:7745:15";" So saying, DrBoekman, without another word, stalked off to meet his coach, leaving Hans standing there with eyes and mouth wide open. ";"eng"
" ясливонатсо гурдв он ,ароткод утанмок в";"как";"в комнату доктора, но вдруг остановился";"как";" ";"вкопанный, услышав глухой стук сапожного молотка.";"Charles Dickens. The Tale of two Cities (1859)";"Charles Dickens";"1812";"The Tale of two Cities";"1859";"художественная";"";"";"";"";"";"омонимия не снята";"The Tale of two Cities";"Чарльз Диккенс";"Повесть о двух городах";"";"1950-1960";"15180";"261740";"7590";"135772";"rus";"rus";"Великобритания";"";"Возвратившись в Сохо, он сразу поднялся наверх, ни о чем не спросив служанку, открывшую ему дверь, и направился прямо в комнату доктора, но вдруг остановился как вкопанный, услышав глухой стук сапожного молотка.";"45dc0f44a28f331677ad6ee35a429c4b:7619:25";" When he came back, he ascended the old staircase alone, having asked no question of the servant; going thus into the Doctor's rooms, he was stopped by a low sound of knocking. ";"eng"
" ляотс йыроток ,вахА лазакс ― ,саЧ ― ";"как";"― Час, ― сказал Ахав, который стоял";"как";" ";"вкопанный у себя в лодке, устремив";"Herman Melville. Moby-Dick (1851)";"Herman Melville";"1819";"Moby-Dick";"1851";"художественная";"";"";"";"";"";"омонимия не снята";"Moby-Dick";"Герман Мелвилл";"Моби Дик";"";"1961";"17354";"377670";"8677";"201158";"rus";"rus";"США";"";"― Час, ― сказал Ахав, который стоял как вкопанный у себя в лодке, устремив рассеянный взор по ветру, туда, где тянулись туманные голубые просторы и широкие манящие дали.";"22ace9631fd7c4c29ce5adf190f74ff3:16143:5";" An hour, said Ahab, standing rooted in his boat's stern; and he gazed beyond the whale's place, towards the dim blue spaces and wide wooing vacancies to leeward. ";"eng"
" ясливонатсо но туТ .торов хынревес од";"как";"до северных ворот. Тут он остановился";"как";" ";"вкопанный в ожидании своего противника.";"Walter Scott. Ivanhoe (1819)";"Walter Scott";"1771";"Ivanhoe";"1819";"художественная";"";"";"";"";"";"омонимия не снята";"Ivanhoe";"Вальтер Скотт";"Айвенго";"";"1890-1902";"14144";"333666";"7072";"185803";"rus";"rus";"Великобритания";"";"Сказав это, он заставил свою лошадь задом спуститься с холма и пятиться через всю арену вплоть до северных ворот. Тут он остановился как вкопанный в ожидании своего противника.";"ea4bfa5be04d4e7f98090eda4be01bfb:2355:22";" Having expressed himself thus confidently, he reined his horse backward down the slope which he had ascended, and compelled him in the same manner to move backward through the lists, till he reached the northern extremity, where he remained stationary, in expectation of his antagonist. ";"eng"
