"Reversed left context";"Reversed center";"Left context";"Center";"Punct";"Right context";"Title";"Author";"Birthday";"Header";"Created";"Sphere";"Type";"Topic";"Publication";"Publ_year";"Medium";"Ambiguity";"Header";"Author_trans";"Header_trans";"Translator";"Date_trans";"Sentences";"Words";"Orig_sentences";"Orig_words";"Lang";"Lang_trans";"Lang_variant";"Dialect";"Full context";"Example source";"Para context 1";"Lang 1"
" илыб ыбосопс еикат енм – етобар етевс";"керепоп";"свете работе – мне такие способы были";"поперек";" ";"горла.";"Jen Sincero. You Are a Badass®: How to Stop Doubting Your Greatness and Start Living an Awesome Life (2013)";"Jen Sincero";"1965";"You Are a Badass®: How to Stop Doubting Your Greatness and Start Living an Awesome Life";"2013";"публицистика";"";"";"";"";"";"омонимия не снята";"You Are a Badass®: How to Stop Doubting Your Greatness and Start Living an Awesome Life";"Джен Синсеро";"НИ СЫ";"";"2018";"6048";"116117";"3024";"64940";"rus";"rus";"США";"";"Я повидала немало людей, занимавшихся ради заработка сомнительными вещами, не говоря уже о скучнейшей на свете работе – мне такие способы были поперек горла.";"2641badec1a75475f593f1c63b397fcd:143:21";" But I saw so many people doing such sleazy and heartbreaking things to make money, not to mention those people who were working jobs that were death-of-a - thousand-wounds boring, that I wanted no part of it. ";"eng"
" тенатсв ончот онтюлосба ано отч умотоп";"керепоп";"потому что она абсолютно точно встанет";"поперек";" ";"горла, если ты еще не проработал";"Jen Sincero. You Are a Badass®: How to Stop Doubting Your Greatness and Start Living an Awesome Life (2013)";"Jen Sincero";"1965";"You Are a Badass®: How to Stop Doubting Your Greatness and Start Living an Awesome Life";"2013";"публицистика";"";"";"";"";"";"омонимия не снята";"You Are a Badass®: How to Stop Doubting Your Greatness and Start Living an Awesome Life";"Джен Синсеро";"НИ СЫ";"";"2018";"6048";"116117";"3024";"64940";"rus";"rus";"США";"";"Но тебе придется от многого освободиться, потому что она абсолютно точно встанет поперек горла, если ты еще не проработал свои проблемы с нормальным отношением к деньгам.";"2641badec1a75475f593f1c63b397fcd:5963:12";" But you have to let a lot go because it will absolutely go up your nose if you're still working on your issues around it being okay to make money. ";"eng"
" хынзакирп зи от-умок ноказ йыволгят ьтяпО";"керепоп";"Опять тягловый закон кому-то из приказных";"поперек";" ";"горла встал.";"Владимир Сорокин. День опричника (2006)";"Владимир Сорокин";"1955";"День опричника";"2006";"художественная";"";"";"";"";"";"омонимия не снята";"День опричника";"Vladimir Sorokin";"Day of the Oprichnik";"";"2011";"8772";"78325";"4386";"32419";"rus";"eng";"США";"";"Опять тягловый закон кому-то из приказных поперек горла встал.";"83a6c7e8f62ebb2c452cfda384caef73:6790:6";" Once again the tax law has stuck in the craw of one of the departmental clerks. ";"eng"
" янем у алатс ,ястировог как ,ано";"керепоп";"она, как говорится, стала у меня";"поперек";" ";"горла.";"Davies Hunter. The Beatles (2009)";"Davies Hunter";"1936";"The Beatles";"2009";"публицистика";"";"частная жизнь, искусство и культура";"";"";"";"омонимия не снята";"The Beatles";"Дэвис Хантер";"Битлз. Авторизованная биография";"";"2017";"19102";"256628";"9551";"135825";"rus";"rus";"США";"";"Наверное, надо было поработать над ней побольше, но я уже не мог ― она, как говорится, стала у меня поперек горла.";"709f915a7285306ee9b879f3b13bd5b0:15413:18";" I suppose we could have worked harder on it. But I couldn't be arsed doing any more. ";"eng"
" мецьлап лункрич оньлетизарыв но ,асреднаС ан";"керепоп";"на Сандерса, он выразительно чиркнул пальцем";"поперек";" ";"горла.";"Michael Crichton. Disclosure (1994)";"Michael Crichton";"1942";"Disclosure";"1994";"художественная";"";"";"";"";"";"омонимия не снята";"Disclosure";"Майкл Крайтон";"Разоблачение";"";"2004";"22282";"216557";"11141";"113778";"rus";"rus";"США";"";"Посмотрев на Сандерса, он выразительно чиркнул пальцем поперек горла.";"bd13fa2f2f5499e50b9b34aab730a63e:20169:7";" He looked at Sanders and drew a finger quickly under his throat. ";"eng"
" олатс овтсечеволеч есв енМ ";"керепоп";"Мне все человечество стало";"поперек";" ";"горла.";"Kurt Vonnegut. Hocus Pocus (1990)";"Kurt Vonnegut";"1922";"Hocus Pocus";"1990";"художественная";"";"";"";"";"";"омонимия не снята";"Hocus Pocus";"Курт Воннегут";"Фокус-покус";"";"1993";"9922";"154407";"4961";"81715";"rus";"rus";"США";"";"Мне не хотелось говорить ни с 1 человеком, независимо от пола и возраста.  Мне все человечество стало поперек горла.  Хотел я только одного ― чтобы меня оставили в покое, наедине со своими мыслями.";"2c09150b04d05302afc19154b49438b7:7541:4";" I didn't want to talk to anybody of either sex.  I was fed up with the human race.  I wanted nothing more than to be left strictly alone with my thoughts. ";"eng"
" ми ыб латс абелх косук йом";"керепоп";"мой кусок хлеба стал бы им";"поперек";" ";"горла.";"Владимир Буковский. «И возвращается ветер…» (1978)";"Владимир Буковский";"1942";"«И возвращается ветер…»";"1978";"публицистика";"";"";"";"";"";"омонимия не снята";"«И возвращается ветер…»";"Vladimir Bukovsky";"To build the castle. My life as a dissenter";"";"1979";"16614";"269869";"8307";"118447";"rus";"eng";"Великобритания";"";"""И мой кусок хлеба стал бы им поперек горла.";"848ab4fe8251c23892099a6a4b79f2fa:3908:7";"” And my bread would stick in their throats. ";"eng"
" мав косук огЕ – ";"кёрепоп";"– Его кусок вам";"поперёк";" ";"горла не становится, нет?";"Harper Lee. To Kill a Mockingbird (1960)";"Harper Lee";"1926";"To Kill a Mockingbird";"1960";"художественная";"";"";"";"";"";"омонимия не снята";"To Kill a Mockingbird";"Харпер Ли";"Убить пересмешника";"";"2013";"15654";"190089";"7827";"101449";"rus";"rus";"США";"";"– Его кусок вам поперёк горла не становится, нет?";"923f6c746295e734657f1ced727527e9:12799:3";" “His food doesn't stick going down, does it?” ";"eng"
" – йыннежанбо – чем нидо еще И ";"керепоп";"И еще один меч – обнаженный –";"поперек";" ";"горла у всех троих.";"J. R. R. Tolkien. The Lord of the Rings: The Fellowship of the Ring (1954)";"J. R. R. Tolkien";"1892";"The Lord of the Rings: The Fellowship of the Ring";"1954";"художественная";"";"";"";"";"";"омонимия не снята";"The Lord of the Rings: The Fellowship of the Ring";"Джон Рональд Руэл Толкин";"Властелин колец: Братство кольца";"";"1982";"23436";"316643";"11718";"186177";"rus";"rus";"Великобритания";"";"И еще один меч – обнаженный – поперек горла у всех троих.";"8eca275ebcf4afaefc167433be07b53c:8107:5";" But across their three necks lay one long naked sword. ";"eng"
" латс актуширГ матсиднабартнок митэ ьдеВ ";"керепоп";"Ведь этим контрабандистам Гришутка стал";"поперек";" ";"горла.";"Николай Островский. Как закалялась сталь (ч. 2) (1930-1934)";"Николай Островский";"1904";"Как закалялась сталь (ч. 2)";"1930-1934";"художественная";"";"";"";"";"";"омонимия не снята";"Как закалялась сталь (ч. 2)";"Nikolai Ostrovsky";"How the Steel was Tempered (pt 2)";"";"1952";"6612";"131631";"3306";"53770";"rus";"eng";"СССР/Россия";"";"Ведь этим контрабандистам Гришутка стал поперек горла.";"de0612c035f8cb9a8e40eb6c517f33e4:3998:5";" Grisha had always been a thorn in the side of those smugglers. """;"eng"
" ― отэ мИ ";"керепоп";"Им это ―";"поперек";" ";"горла.";"George Orwell. Nineteen Eighty-Four (1949)";"George Orwell";"1903";"Nineteen Eighty-Four";"1949";"художественная";"";"";"";"";"";"омонимия не снята";"Nineteen Eighty-Four";"Джордж Оруэлл";"1984";"";"1989";"11596";"178997";"5798";"104594";"rus";"rus";"Великобритания";"";"― Когда спишь с человеком, тратишь энергию; а потом тебе хорошо и на все наплевать.  Им это ― поперек горла.  Ори хотят, чтобы анергия в тебе бурлила постоянно.";"4206ba7edddabe494609d306d8a29013:4615:2";"' When you make love you're using up energy; and afterwards you feel happy and don't give a damn for anything.  They can't bear you to feel like that.  They want you to be bursting with energy all the time. ";"eng"
" хесв у ястеавилванатсо белх шаВ ";"керепоп";"Ваш хлеб останавливается у всех";"поперек";" ";"горла…";"А. П. Чехов. Тяжёлые люди (1886)";"А. П. Чехов";"1860";"Тяжёлые люди";"1886";"художественная";"";"";"";"";"";"омонимия не снята";"Тяжёлые люди";"Anton Chekhov";"Difficult People";"";"1900-1930";"412";"5321";"206";"2252";"rus";"eng";"Великобритания";"";"Ваш хлеб останавливается у всех поперек горла…";"c046c43443a041aac0356dbb0dbb16c5:320:5";" ""Not a dinner or tea passes without your making an uproar. ";"eng"
" ьсоливонатс ,ьдург оларипсар ецдрес еешсорыВ ";"керепоп";"Выросшее сердце распирало грудь, становилось";"поперек";" ";"горла, металось безумно ― кричало в ужасе";"Л. Н. Андреев. Рассказ о семи повешенных (1908)";"Л. Н. Андреев";"1871";"Рассказ о семи повешенных";"1908";"художественная";"";"";"";"";"";"омонимия не снята";"Рассказ о семи повешенных";"Leonid Andreev";"The Seven who were hanged";"";"1909";"3166";"49171";"1583";"20596";"rus";"eng";"США";"";"Выросшее сердце распирало грудь, становилось поперек горла, металось безумно ― кричало в ужасе своим кроваво-полным голосом.";"b3da6d606d4c907251222a1e614757b2:2810:5";" The heart grew larger, making the chest almost burst, beating in the throat, tossing about madly — shouting in horror with its blood-filled voice. ";"eng"
" уме ясливонатс косук ончот ,еинещущо еокат";"керепоп";"такое ощущение, точно кусок становился ему";"поперек";" ";"горла.";"John Galsworthy. The Man of Property (1906)";"John Galsworthy";"1867";"The Man of Property";"1906";"художественная";"";"";"";"";"";"омонимия не снята";"The Man of Property";"Джон Голсуорси";"Собственник";"";"1946";"9926";"169988";"4963";"92898";"rus";"rus";"Великобритания";"";"Сомс упорно ел, но по временам его охватывало такое ощущение, точно кусок становился ему поперек горла.";"e58e30a9659560e9d58794f56c057081:7859:14";" He ate steadily, but at times a sensation as though he could not swallow attacked him. ";"eng"
" латс икшепел йовосиам косук и ,хакшик";"керепоп";"кишках, и кусок маисовой лепешки стал";"поперек";" ";"горла; я закашлялся, кусок у меня";"Mark Twain. The Adventures of Huckleberry Finn (1884)";"Mark Twain";"1835";"The Adventures of Huckleberry Finn";"1884";"художественная";"";"";"";"";"";"омонимия не снята";"The Adventures of Huckleberry Finn";"Марк Твен";"Приключения Гекльберри Финна";"";"1950";"12080";"203856";"6040";"112742";"rus";"rus";"США";"";"Сердце у меня упало и запуталось в кишках, и кусок маисовой лепешки стал поперек горла; я закашлялся, кусок у меня выскочил, полетел через стол и угодил в глаз одному из ребятишек, так что он завертелся, как червяк на крючке, и заорал во все горло; а Том даже весь посинел от страха, и с четверть минуты или около того наше положение было незавидное, и я бы свою долю продал за полцены, если бы нашелся покупатель.";"46b4d09a41c99ac2c036814a48684159:10517:13";" My heart fell down amongst my lungs and livers and things, and a hard piece of corn-crust started down my throat after it and got met on the road with a cough, and was shot across the table, and took one of the children in the eye and curled him up like a fishing-worm, and let a cry out of him the size of a warwhoop, and Tom he turned kinder blue around the gills, and it all amounted to a considerable state of things for about a quarter of a minute or as much as that, and I would a sold out for half price if there was a bidder. ";"eng"
" ястивонатс косук зар йыджак молотс аз";"керепоп";"за столом каждый раз кусок становится";"поперек";" ";"горла, оттого что ее нет, и";"Emily Brontë. Wuthering Heights (1847)";"Emily Brontë";"1818";"Wuthering Heights";"1847";"художественная";"";"";"";"";"";"омонимия не снята";"Wuthering Heights";"Эмили Бронте";"Грозовой перевал";"";"1956";"12548";"224130";"6274";"117752";"rus";"rus";"Великобритания";"";"Пока мисс Линтон бродила по парку и саду, всегда молчаливая и почти всегда в слезах; пока Эдгар запирался среди книг, которых не раскрывал ― томясь, как мне думалось, неотступным смутным ожиданием, что Кэтрин, раскаявшись в своем поведении, сама придет просить прощения и мириться; и пока та упрямо постилась, воображая, верно, что Эдгару за столом каждый раз кусок становится поперек горла, оттого что ее нет, и только гордость мешает ему прибежать и броситься ей в ноги, ― я занималась своими хозяйственными делами в уверенности, что на Мызе остался только один разумный человек, и человек этот ― Эллен Дин.";"4dd9a884633da9a0b633833588f2afc1:4311:57";" While Miss Linton moped about the park and garden, always silent, and almost always in tears; and her brother shut himself up among books that he never opened ― wearying, I guessed, with a continual vague expectation that Catherine, repenting her conduct, would come of her own accord to ask pardon, and seek a reconciliation ― and she fasted pertinaciously, under the idea, probably, that at every meal Edgar was ready to choke for her absence, and pride alone held him from running to cast himself at her feet; I went about my household duties, convinced that the Grange had but one sensible soul in its walls, and that lodged in my body. ";"eng"
