"Reversed left context";"Reversed center";"Left context";"Center";"Punct";"Right context";"Title";"Author";"Birthday";"Header";"Created";"Sphere";"Type";"Topic";"Publication";"Publ_year";"Medium";"Ambiguity";"Header";"Author_trans";"Header_trans";"Translator";"Date_trans";"Sentences";"Words";"Orig_sentences";"Orig_words";"Lang";"Lang_trans";"Lang_variant";"Dialect";"Full context";"Example source";"Para context 1";"Lang 1"
" латсв и атсем оголбиг с лахеъс";"керепоп";"съехал с гиблого места и встал";"поперек";" ";"дороги.";"Владимир Сорокин. Метель (2010)";"Владимир Сорокин";"1955";"Метель";"2010";"художественная";"";"";"";"";"";"омонимия не снята";"Метель";"Vladimir Sorokin";"The Blizzard";"";"2015";"8566";"85448";"4283";"35716";"rus";"eng";"США";"";"Самокат дернулся назад, дернулся еще, съехал с гиблого места и встал поперек дороги.";"35d7046b38f854156c294b8ac23b778d:876:11";" The sled jerked backward, once, twice, and moved off of the unfortunate spot. It came to a halt crosswise on the road. ";"eng"
" ,алатравк ецнок в ,ешьлаД ";"керепоп";"Дальше, в конце квартала,";"поперек";" ";"дороги находилась машина полицейских из отдела";"Michael Connelly. City Of Bones (2002)";"Michael Connelly";"1956";"City Of Bones";"2002";"художественная";"";"";"";"";"";"омонимия не снята";"City Of Bones";"Майкл Коннели";"Город костей";"";"2006";"19928";"179121";"9964";"102852";"rus";"rus";"США";"";"Дальше, в конце квартала, поперек дороги находилась машина полицейских из отдела нравов.";"3143a5bab28226b1f70031064021b69a:11479:4";" Further down, at the end of the block, the vice car was parked across the alley. ";"eng"
" ясхишвуняторп ,хыннилд ан алавигырпдоп актелорП ";"керепоп";"Пролетка подпрыгивала на длинных, протянувшихся";"поперек";" ";"дороги корнях, раскатывалась на ухабах и";"А. И. Куприн. Молох (1896)";"А. И. Куприн";"1870";"Молох";"1896";"художественная";"";"";"";"";"";"омонимия не снята";"Молох";"Aleksandr Kuprin";"Moloch";"";"1982";"3544";"49414";"1772";"22496";"rus";"eng";"США";"";"Пролетка подпрыгивала на длинных, протянувшихся поперек дороги корнях, раскатывалась на ухабах и сильно накренялась то на левый, то на правый бок, заставляя и кучера и седока балансировать.";"2b6146dfc4c339a341625f58810455e8:3232:5";" The phaeton bounced on the long roots stretching across the bumpy road, and careened to left land right, so that both driver and passenger had to balance themselves. ";"eng"
" юутуняторп ,укверев янем идерепв ииняотссар моротокен";"керепоп";"некотором расстоянии впереди меня веревку, протянутую";"поперек";" ";"дороги на аршин от земли.";"А. И. Куприн. Олеся (1898)";"А. И. Куприн";"1870";"Олеся";"1898";"художественная";"";"";"";"";"";"омонимия не снята";"Олеся";"Aleksandr Kuprin";"Olesya";"";"1982";"3950";"48478";"1975";"22224";"rus";"eng";"США";"";"Пройдя таким образом несколько шагов, она начинает мысленно воображать на некотором расстоянии впереди меня веревку, протянутую поперек дороги на аршин от земли.";"5a894c64edaca499d25532fbfdce4920:1550:16";" Having walked a few paces, she began to imagine, at some distance ahead of me, a rope strung some ten inches above the ground. ";"eng"
" илатсв и ьсиливяоп ,нетс хытлёж то";"кёрепоп";"от жёлтых стен, появились и встали";"поперёк";" ";"дороги ещё четверо, таких же мокрых";"А. Н. Стругацкий, Б. Н. Стругацкий. Обитаемый остров (1971)";"А. Н. Стругацкий, Б. Н. Стругацкий";"1925, 1933";"Обитаемый остров";"1971";"художественная";"";"";"";"";"";"омонимия не снята";"Обитаемый остров";"Arkady Strugatsky, Boris Strugatsky";"Prisoners of Power";"";"1977";"17098";"190818";"8549";"88020";"rus";"eng";"США";"";"Он думал, что Рада хоть теперь успокоится, — они были уже под аркой, — и вдруг впереди, как из-под земли, будто отделившись от жёлтых стен, появились и встали поперёк дороги ещё четверо, таких же мокрых и жалких, но один из них был с длинной толстой тростью, и Максим узнал его.";"6599e74e18391ebc6a3ec46d732cee53:2018:26";" Now, he thought, Rada could relax. But as they passed the arch-way another group of four, as wet and pitiful as the first, sprang out in front of them and blocked their path. Their leader held along thick cane. Maxim recognized both him and the cane. ";"eng"
" иляотс ежу ,утутитсни к торовоп лыб";"кёрепоп";"был поворот к институту, уже стояли";"поперёк";" ";"дороги машины и перебегали фигурки в";"А. Н. Стругацкий, Б. Н. Стругацкий. Обитаемый остров (1971)";"А. Н. Стругацкий, Б. Н. Стругацкий";"1925, 1933";"Обитаемый остров";"1971";"художественная";"";"";"";"";"";"омонимия не снята";"Обитаемый остров";"Arkady Strugatsky, Boris Strugatsky";"Prisoners of Power";"";"1977";"17098";"190818";"8549";"88020";"rus";"eng";"США";"";"Вдоль тротуара катили навстречу бронетранспортёры с легионерами, а далеко впереди, там, где был поворот к институту, уже стояли поперёк дороги машины и перебегали фигурки в чёрном.";"6599e74e18391ebc6a3ec46d732cee53:16932:18";" Armored trucks filled with legionnaires rolled toward them. Up ahead, where the road turned into the institute, vehicles had already straddled the road, and men in black were pouring from them. ";"eng"
" яслижол ,ьмезо мозутрак вунпелш ,ценокан и";"керепоп";"и наконец, шлепнув картузом оземь, ложился";"поперек";" ";"дороги, да так и лежал, пока";"Владимир Набоков. Машенька (1926)";"Владимир Набоков";"1899";"Машенька";"1926";"художественная";"";"";"";"";"";"омонимия не снята";"Машенька";"Vladimir Nabokov";"Mary";"";"1970";"3598";"58827";"1799";"24945";"rus";"eng";"Великобритания, США";"";"Весь день сонно сверкал зной, проплывали высокие возы, осыпая проселочную дорогу сухими травинками, ― а бродяга буйствовал, приставал к гулявшим дачницам, бил в гулкую грудь, называя себя сынком генеральским, и наконец, шлепнув картузом оземь, ложился поперек дороги, да так и лежал, пока мужик не слезет с воза.";"6ae0c0f5a813e66e5f7311f8dcc8a7eb:3442:34";" All day in the shimmering, sleepy heat tall laden carts had swayed past, scattering the country road with bits of hay, and the tramp had lurched noisily along, pestering girl vacationists, beating his resonant chest, proclaiming himself the son of a general and finally, slapping his peaked cap to the ground, he had lain down across the road, and had stayed there until a peasant climbed down from his hay wagon. ";"eng"
" ыв отч ,итйорп етьловзоп аД ― ";"керепоп";"― Да позвольте пройти, что вы";"поперек";" ";"дороги стали!..";"Ф. М. Достоевский. Записки из подполья (1864)";"Ф. М. Достоевский";"1821";"Записки из подполья";"1864";"художественная";"";"";"";"";"";"омонимия не снята";"Записки из подполья";"Fedor Dostoevsky";"Notes from the underground";"";"1961";"5404";"86045";"2702";"38022";"rus";"eng";"США";"";"― Да позвольте пройти, что вы поперек дороги стали!..";"8b075a8a5cc7f9e03aa598711a555c4a:2636:5";" ""But let us pass. Why are you barring our way? ";"eng"
" ьдубин-отк уме ьнатС – ";"кёрепоп";"– Стань ему кто-нибудь";"поперёк";" ";"дороги ― и он кинется.";"Harper Lee. To Kill a Mockingbird (1960)";"Harper Lee";"1926";"To Kill a Mockingbird";"1960";"художественная";"";"";"";"";"";"омонимия не снята";"To Kill a Mockingbird";"Харпер Ли";"Убить пересмешника";"";"2013";"15654";"190089";"7827";"101449";"rus";"rus";"США";"";"– Стань ему кто-нибудь поперёк дороги ― и он кинется.";"923f6c746295e734657f1ced727527e9:5181:3";" “Let anything get in front of him and he'll come straight at it.” ";"eng"
" енм алатс зар йинделсоп в ано";"кёрепоп";"она в последний раз стала мне";"поперёк";" ";"дороги.";"Harper Lee. To Kill a Mockingbird (1960)";"Harper Lee";"1926";"To Kill a Mockingbird";"1960";"художественная";"";"";"";"";"";"омонимия не снята";"To Kill a Mockingbird";"Харпер Ли";"Убить пересмешника";"";"2013";"15654";"190089";"7827";"101449";"rus";"rus";"США";"";"Я сразу вспомнила, как она в последний раз стала мне поперёк дороги.";"923f6c746295e734657f1ced727527e9:12307:10";" I was reminded vividly of the last time she had put her foot down. ";"eng"
" илев ино он ,гон ыделс еижевс";"керепоп";"свежие следы ног, но они вели";"поперек";" ";"дороги.";"Walter M. Miller, Jr.. A Canticle For Leibowitz (1960)";"Walter M. Miller, Jr.";"1923";"A Canticle For Leibowitz";"1960";"художественная";"";"";"";"";"";"омонимия не снята";"A Canticle For Leibowitz";"Уолтер Миллер";"Гимн Лейбовичу";"";"1999";"16338";"194496";"8169";"104921";"rus";"rus";"США";"";"На дороге были видны свежие следы ног, но они вели поперек дороги.";"c9e8b741fddbf8ceb78aba76abab92b1:4691:10";" There were recent footprints in the trail at that place, but the prints led cross-trail and there was no sign of the robber. ";"eng"
" рогосок ман тов туТ ";"керепоп";"Тут вот нам косогор";"поперек";" ";"дороги лег.";"Николай Островский. Как закалялась сталь (ч. 2) (1930-1934)";"Николай Островский";"1904";"Как закалялась сталь (ч. 2)";"1930-1934";"художественная";"";"";"";"";"";"омонимия не снята";"Как закалялась сталь (ч. 2)";"Nikolai Ostrovsky";"How the Steel was Tempered (pt 2)";"";"1952";"6612";"131631";"3306";"53770";"rus";"eng";"СССР/Россия";"";"Тут вот нам косогор поперек дороги лег.";"de0612c035f8cb9a8e40eb6c517f33e4:1198:4";" There's a nasty rise in the ground right in the path of the line. ";"eng"
" ";"керепоП";"";"Поперек";" ";"дороги бесшумно выдвинулось страшное в своей";"Николай Островский. Как закалялась сталь (ч. 2) (1930-1934)";"Николай Островский";"1904";"Как закалялась сталь (ч. 2)";"1930-1934";"художественная";"";"";"";"";"";"омонимия не снята";"Как закалялась сталь (ч. 2)";"Nikolai Ostrovsky";"How the Steel was Tempered (pt 2)";"";"1952";"6612";"131631";"3306";"53770";"rus";"eng";"СССР/Россия";"";"Поперек дороги бесшумно выдвинулось страшное в своей непреодолимости препятствие и преградило путь. Не было границ отчаянию матери и Таи, а он с колодным спокойствием решил: ""Надо выждать. Если действительно нет больше возможности продвижения вперед, если все, что проделано для возврата к работе, слепота зачеркнула и вернуться в строй уже невозможно, ― нужно кончать"".";"de0612c035f8cb9a8e40eb6c517f33e4:6250:0";" A new obstacle had moved noiselessly onto his path barring his way. A terrifying, seemingly insurmountable obstacle. It plunged Taya and his mother into despair. But he, frigidly calm, resolved: ""I must wait and see what happens. If there is really no possibility of advancing, if everything I have done to return to the ranks has been swept away by this blindness I must put an end to it all. """;"eng"
" латсв и но ,ятаК теди — тидиВ";"керепоп";"Видит — идет Катя, он и встал";"поперек";" ";"дороги: — Ты куда это ходила?";"Павел Бажов. Горный мастер (1938)";"Павел Бажов";"1879";"Горный мастер";"1938";"художественная";"";"";"";"";"";"омонимия не снята";"Горный мастер";"Pavel Bazhov";"The Mountain craftsman";"";"1945";"852";"8431";"426";"3425";"rus";"eng";"Великобритания";"";"Видит — идет Катя, он и встал поперек дороги: — Ты куда это ходила?";"c3ed1715cbb8f35929ea150d495ef0f7:550:6";" As soon as he saw	 her coming	 he put himself in her path. “Where've ye been?” he asked her. ";"eng"
" умок-йок я латсВ ";"керепоп";"Встал я кой-кому";"поперек";" ";"дороги, и вот пришлось смириться и";"Василий Ян. Батый (1942)";"Василий Ян";"1875";"Батый";"1942";"художественная";"";"";"";"";"";"омонимия не снята";"Батый";"Vasili Yan";"Batu-Khan";"";"1945";"21164";"255403";"10582";"109049";"rus";"eng";"Великобритания";"";"Встал я кой-кому поперек дороги, и вот пришлось смириться и уйти в глухую обитель…";"f86d39c8e88de6f75327d0765be4505f:6586:3";" I got in a great man's way, so, there I was — I just had to go and get myself shut up behind the walls! ";"eng"
" укоб ан йишважел ,кочивозург йытунревереп иледиву";"керепоп";"увидели перевернутый грузовичок, лежавший на боку";"поперек";" ";"дороги.";"И. А. Ильф, Е. П. Петров. Одноэтажная Америка (1937)";"И. А. Ильф, Е. П. Петров";"1897, 1903";"Одноэтажная Америка";"1937";"художественная, публицистика";"";"";"";"";"";"омонимия не снята";"Одноэтажная Америка";"Ilya Ilf, Evgeny Petrov";"Little Golden America";"";"1944";"18458";"252781";"9229";"108461";"rus";"eng";"США";"";"Внезапно, за одним из поворотов, мы увидели перевернутый грузовичок, лежавший на боку поперек дороги.";"d84ae02eb95936ff626a384a72105199:7988:12";" Suddenly from around a bend we saw across the road a small truck lying on its side. ";"eng"
" алатс анишам и ,зомрот алажан смадА";"керепоп";"Адамс нажала тормоз, и машина стала";"поперек";" ";"дороги.";"И. А. Ильф, Е. П. Петров. Одноэтажная Америка (1937)";"И. А. Ильф, Е. П. Петров";"1897, 1903";"Одноэтажная Америка";"1937";"художественная, публицистика";"";"";"";"";"";"омонимия не снята";"Одноэтажная Америка";"Ilya Ilf, Evgeny Petrov";"Little Golden America";"";"1944";"18458";"252781";"9229";"108461";"rus";"eng";"США";"";"Миссис Адамс нажала тормоз, и машина стала поперек дороги.";"d84ae02eb95936ff626a384a72105199:9134:7";" Mrs. Adams pulled the emergency brake. The machine landed across the road and stopped dead in its tracks. ";"eng"
" латс осок ,еинелварпу йишвяретоп ,ьлибомотвА ";"керепоп";"Автомобиль, потерявший управление, косо стал";"поперек";" ";"дороги, метров десять скользил задом и";"И. А. Ильф, Е. П. Петров. Одноэтажная Америка (1937)";"И. А. Ильф, Е. П. Петров";"1897, 1903";"Одноэтажная Америка";"1937";"художественная, публицистика";"";"";"";"";"";"омонимия не снята";"Одноэтажная Америка";"Ilya Ilf, Evgeny Petrov";"Little Golden America";"";"1944";"18458";"252781";"9229";"108461";"rus";"eng";"США";"";"Автомобиль, потерявший управление, косо стал поперек дороги, метров десять скользил задом и наконец остановился в нескольких сантиметрах от края бездны.";"d84ae02eb95936ff626a384a72105199:12012:5";" The automobile, losing direction, turned on its own hub for some distance, skidded backward, and finally stopped a few inches from the edge of an abyss. ";"eng"
" ьтаватсв ен ьсиларатс идюл мыроток ,ымад";"керепоп";"дамы, которым люди старались не вставать";"поперек";" ";"дороги.";"Margaret Mitchell. Gone with the Wind, Part 2 (1936)";"Margaret Mitchell";"1900";"Gone with the Wind, Part 2";"1936";"художественная";"";"";"";"";"";"омонимия не снята";"Gone with the Wind, Part 2";"Маргарет Митчелл";"Унесённые ветром, ч. 2";"";"1982";"29314";"414569";"14657";"216232";"rus";"rus";"США";"";"В Атланте, как и во всех южных городах, были свои престарелые дамы, которым люди старались не вставать поперек дороги.";"3ddd25fe52e8f0ab80e3eac915d26b53:6971:17";" Atlanta, like all Southern towns, had its share of dowagers whom no one cared to cross. ";"eng"
" едг ,адут лешоп но и ,телотсип";"керепоп";"пистолет, и он пошел туда, где";"поперек";" ";"дороги лежал ничком сержант инженерной части.";"Ernest Hemingway. Farewell to Arms (1929)";"Ernest Hemingway";"1899";"Farewell to Arms";"1929";"художественная";"";"";"";"";"";"омонимия не снята";"Farewell to Arms";"Эрнест Хемингуэй";"Прощай, оружие!";"";"1936";"20378";"163413";"10189";"89622";"rus";"rus";"США";"";"Я передал ему пистолет, и он пошел туда, где поперек дороги лежал ничком сержант инженерной части.";"09eb6eebb5e2855c21dfc22432e21ae5:12427:9";" I handed him the pistol and he walked down to where the sergeant of engineers lay face down across the road. ";"eng"
" сан у тижел йыроток ,удозипэ к";"керепоп";"к эпизоду, который лежит у нас";"поперек";" ";"дороги, так что не заметить его";"Virginia Woolf. Orlando: A Biography (1928)";"Virginia Woolf";"1882";"Orlando: A Biography";"1928";"художественная";"";"";"";"";"";"омонимия не снята";"Orlando: A Biography";"Вирджиния Вулф";"Орландо";"";"1997";"6694";"139900";"3347";"79149";"rus";"rus";"Великобритания";"";"Но сейчас мы подошли к эпизоду, который лежит у нас поперек дороги, так что не заметить его мы не можем.";"ce7a4866368b172478a8bbb898aa69fc:1121:10";" But now we come to an episode which lies right across our path, so that there is no ignoring it. ";"eng"
" ми тиотс еолшорп он ,ьтиж тятох";"керепоп";"хотят жить, но прошлое стоит им";"поперек";" ";"дороги, прошлое, в котором они не";"John Galsworthy. To Let (1921)";"John Galsworthy";"1867";"To Let";"1921";"художественная";"";"";"";"";"";"омонимия не снята";"To Let";"Джон Голсуорси";"Сдается внаем";"";"1946";"13226";"167590";"6613";"89255";"rus";"rus";"Великобритания";"";"Совсем как Джон сказал сегодня: он и она хотят жить, но прошлое стоит им поперек дороги, прошлое, в котором они не участвовали, которого они не понимают.";"9e56d585c22911eb3b02689320d18f4c:6453:14";" It was as Jon had said ― he and she just wanted to live and the past was in their way, a past they hadn't shared in, and didn't understand! ";"eng"
" ино тажеЛ ";"керепоп";"Лежат они";"поперек";" ";"дороги и проход загораживают; их ругают";"Ф. М. Достоевский. Преступление и наказание (1866)";"Ф. М. Достоевский";"1821";"Преступление и наказание";"1866";"художественная";"";"";"";"";"";"омонимия не снята";"Преступление и наказание";"Fedor Dostoevsky";"Crime and Punishment";"";"1914";"25564";"369816";"12782";"168521";"rus";"eng";"Великобритания";"";"Лежат они поперек дороги и проход загораживают; их ругают со всех сторон, а они, «как малые ребята» (буквальное выражение свидетелей), лежат друг на друге, визжат, дерутся и хохочут, оба хохочут взапуски, с самыми смешными рожами, и один другого догонять, точно дети, на улицу выбежали. Слышал?";"928f8dab693260693ecabf487aa70af5:6358:2";" They lay right across the way, blocking the thoroughfare. They were sworn at on all sides while they' like children' (the very words of the witnesses) were falling over one another, squealing, fighting and laughing with the funniest faces, and, chasing one another like children, they ran into the street. ";"eng"
" сав у икат-есв я отч он";"керепоп";"но что я все-таки у вас";"поперек";" ";"дороги.";"Ф. М. Достоевский. Бесы (1872)";"Ф. М. Достоевский";"1821";"Бесы";"1872";"художественная";"";"";"";"";"";"омонимия не снята";"Бесы";"Fedor Dostoevsky";"The Possessed, or The Devils";"";"1913";"29104";"455640";"14552";"199311";"rus";"eng";"Великобритания";"";"Он мне открыл, что вас колеблет великая мысль, пред которою мы оба с ним совершенно ничто, но что я все-таки у вас поперек дороги.";"9e7e7e2d8d58ee27b69a10516c4acde9:21806:22";" He revealed to me that you were dominated by a' great idea,' before which he and I were as nothing, but yet that I was a stumbling-block in your path. ";"eng"
" екчод йеовс ясьтивонатс ботч ,кеволеч я";"керепоп";"я человек, чтоб становиться своей дочке";"поперек";" ";"дороги. Тут перед ней, можно сказать";"Bernard Shaw. Pygmalion (1912)";"Bernard Shaw";"1856";"Pygmalion";"1912";"художественная";"";"";"";"";"";"омонимия не снята";"Pygmalion";"Бернард Шоу";"Пигмалион";"";"1980-1993";"3264";"58415";"1632";"32382";"rus";"rus";"Великобритания, Ирландия";"";"ДУЛИТТЛ. Нет, хозяин, вы мне этого не говорите. Не такой я человек, чтоб становиться своей дочке поперек дороги. Тут перед ней, можно сказать, карьера открывается, и…";"6e3b148c6b794c793132cb7f1dd8b781:1077:16";" DOOLITTLE (rising) No, Governor. Dont say that. I'm not the man to stand in my girl's light. Heres a career opening for her, as you might say; and ";"eng"
" гел и лертомсоп ,ляотсоп ноиллирдавк ан";"керепоп";"на квадриллион постоял, посмотрел и лег";"поперек";" ";"дороги: «Не хочу идти, из принципа";"Ф. М. Достоевский. Братья Карамазовы (ч. 3-4) (1878)";"Ф. М. Достоевский";"1821";"Братья Карамазовы (ч. 3-4)";"1878";"художественная";"";"";"";"";"";"омонимия не снята";"Братья Карамазовы (ч. 3-4)";"Fedor Dostoevsky";"The Brothers Karamazov (parts 3-4)";"";"1912";"23208";"374289";"11604";"169158";"rus";"eng";"Великобритания";"";"Ну, так вот этот осужденный на квадриллион постоял, посмотрел и лег поперек дороги: «Не хочу идти, из принципа не пойду!»";"01066fd433366c41dcff4c8cece1c4b3:17296:11";" Well, this man, who was condemned to the quadrillion kilometers, stood still, looked round and lay down across the road.‘ I won't go, I refuse on principle! """;"eng"
" уме тенатс отк ,огоджак ьтатпотсар йывотог";"керепоп";"готовый растоптать каждого, кто станет ему";"поперек";" ";"дороги, ― о, она отлично знала все";"Jack London. The Burning Daylight (1910)";"Jack London";"1876";"The Burning Daylight";"1910";"художественная";"";"";"";"";"";"омонимия не снята";"The Burning Daylight";"Джек Лондон";"Время-не-ждет";"";"1956";"14758";"209384";"7379";"114448";"rus";"rus";"США";"";"Жестокий, как индеец, игрок и распутник, человек без стыда и совести, снедаемый неутолимой жаждой мщения, готовый растоптать каждого, кто станет ему поперек дороги, ― о, она отлично знала все бранные слова, которыми его называли!";"11d7865e51a07f08a30dd98fb7d68095:5403:21";" Savage as a Red Indian, gambler and profligate, a man without morals, whose vengeance was never glutted and who stamped on the faces of all who opposed him ― oh, yes, she knew all the hard names he had been called. ";"eng"
" уме ьсиливонатс ино илсе ,имяичилирп лагербенерп";"керепоп";"пренебрегал приличиями, если они становились ему";"поперек";" ";"дороги.";"Jack London. The Burning Daylight (1910)";"Jack London";"1876";"The Burning Daylight";"1910";"художественная";"";"";"";"";"";"омонимия не снята";"The Burning Daylight";"Джек Лондон";"Время-не-ждет";"";"1956";"14758";"209384";"7379";"114448";"rus";"rus";"США";"";"Он научился прилично есть, одеваться и вообще держать себя, как надлежит цивилизованному человеку; но при все том он оставался самим собой, излишней почтительности не проявлял и весьма бесцеремонно пренебрегал приличиями, если они становились ему поперек дороги.";"11d7865e51a07f08a30dd98fb7d68095:6249:34";" He learned to eat and dress and generally comport himself after the manner of civilized man; but through it all he remained himself, not unduly reverential nor considerative, and never hesitating to stride rough-shod over any soft-faced convention if it got in his way and the provocation were great enough. ";"eng"
" алатс азуМ ";"керепоп";"Муза стала";"поперек";" ";"дороги.";"И. С. Тургенев. Пунин и Бабурин (1874)";"И. С. Тургенев";"1818";"Пунин и Бабурин";"1874";"художественная";"";"";"";"";"";"омонимия не снята";"Пунин и Бабурин";"Ivan Turgenev";"Punin and Baburin";"";"1899";"2806";"37624";"1403";"16130";"rus";"eng";"Великобритания";"";"А коли вы меня выдадите или хоть намекнете — помните: только меня и видали!  Муза стала поперек дороги.  — Только меня и видали! — повторила она резко.";"85deb7e18238279f5285c6a940f08f8c:1486:2";" But if you betray me, or drop a hint — remember; they'll never set eyes on me again! ' Musa stood in the middle of the path. ' They'll never set eyes on me again!' she repeated sharply. ";"eng"
" ьнет юуннелвиркси онжородус от-юукак личилзар я";"керепоп";"я различил какую-то судорожно искривленную тень";"поперек";" ";"дороги.";"H. G. Wells. The War of the Worlds (1898)";"H. G. Wells";"1866";"The War of the Worlds";"1898";"художественная";"";"";"";"";"";"омонимия не снята";"The War of the Worlds";"Герберт Уэллс";"Война миров";"";"1935";"5360";"105076";"2680";"60525";"rus";"rus";"Великобритания";"";"Лондон глядел на меня как привидение. Окна в пустых домах походили на глазные впадины черепа. Мне чудились тысячи бесшумно подкрадывающихся врагов, Меня охватил ужас, я испугался своей дерзости. Улица впереди стала черной, как будто ее вымазали дегтем, и я различил какую-то судорожно искривленную тень поперек дороги.";"914b5ab5fb46d25cc97f20da72181acb:5013:44";" London about me gazed at me spectrally. The windows in the white houses were like the eye sockets of skulls. About me my imagination found a thousand noiseless enemies moving. Terror seized me, a horror of my temerity. In front of me the road became pitchy black as though it was tarred, and I saw a contorted shape lying across the pathway. ";"eng"
" ебет ястивонатс тоиди йопут ,йылгзомзеб ьдубин-йокак";"керепоп";"какой-нибудь безмозглый, тупой идиот становится тебе";"поперек";" ";"дороги!";"H. G. Wells. The Invisible Man (1897)";"H. G. Wells";"1866";"The Invisible Man";"1897";"художественная";"";"";"";"";"";"омонимия не снята";"The Invisible Man";"Герберт Уэллс";"Человек-невидимка";"";"1935";"4714";"89000";"2357";"49123";"rus";"rus";"Великобритания";"";"― Что касается моего бродяги, ― сказал Невидимка, зловеще посмеиваясь, ― то это еще неизвестно. Ей-богу, Кемп, вам с вашим характером не понять, что такое бешенство! Работаешь долгие годы, придумываешь, строишь планы, и потом какой-нибудь безмозглый, тупой идиот становится тебе поперек дороги!";"41e84adc84383a924c0724888c75ada2:3763:37";" ""I don't know about that tramp of mine, ""said the Invisible Man, with an unpleasant laugh. ""By Heaven, Kemp, you don't know what rage is! To have worked for years, to have planned and plotted, and then to get some fumbling purblind idiot messing across your course! ";"eng"
" йе ясьтивонатс ыб летохаз ен откин";"керепоп";"никто не захотел бы становиться ей";"поперек";" ";"дороги, ибо она была хитра, как";"Rudyard Kipling. The Jungle Book: Mowgli Stories (1894)";"Rudyard Kipling";"1865";"The Jungle Book: Mowgli Stories";"1894";"художественная";"";"";"";"";"";"омонимия не снята";"The Jungle Book: Mowgli Stories";"Редьярд Киплинг";"Книга Джунглей: рассказы о Маугли";"";"1955";"1874";"41547";"937";"22835";"rus";"rus";"Великобритания";"";"Все в джунглях знали Багиру, и никто не захотел бы становиться ей поперек дороги, ибо она была хитра, как Табаки, отважна, как дикий буйвол, и бесстрашна, как раненый слон.";"28f123b778b21b2c845693bdfb99d476:207:12";" Everybody knew Bagheera, and nobody cared to cross his path; for he was as cunning as Tabaqui, as bold as the wild buffalo, and as reckless as the wounded elephant. ";"eng"
" уме ясливонатс онняотсоп наХ-реШ хялгнужд";"керепоп";"джунглях Шер-Хан постоянно становился ему";"поперек";" ";"дороги, потому что Акела все дряхлел";"Rudyard Kipling. The Jungle Book: Mowgli Stories (1894)";"Rudyard Kipling";"1865";"The Jungle Book: Mowgli Stories";"1894";"художественная";"";"";"";"";"";"омонимия не снята";"The Jungle Book: Mowgli Stories";"Редьярд Киплинг";"Книга Джунглей: рассказы о Маугли";"";"1955";"1874";"41547";"937";"22835";"rus";"rus";"Великобритания";"";"В джунглях Шер-Хан постоянно становился ему поперек дороги, потому что Акела все дряхлел и слабел, а хромой тигр за это время успел свести дружбу с молодыми волками Сионийской Стаи. Они ходили за ним по пятам, дожидаясь объедков, чего Акела не допустил бы, если бы по-старому пользовался властью. А Шер-Хан льстил волчатам: он удивлялся, как это такие смелые молодые охотники позволяют командовать собой издыхающему волку и человеческому детенышу. ""Я слыхал, ― говаривал Шер-Хан, ― будто на Совете вы не смеете посмотреть ему в глаза"". И молодые волки злобно рычали и ощетинивались.";"28f123b778b21b2c845693bdfb99d476:293:7";" Shere Khan was always crossing his path in the jungle, for as Akela grew older and feebler the lame tiger had come to be great friends with the younger wolves of the Pack, who followed him for scraps, a thing Akela would never have allowed if he had dared to push his authority to the proper bounds. Then Shere Khan would flatter them and wonder that such fine young hunters were content to be led by a dying wolf and a man's cub. ""They tell me, ""Shere Khan would say, ""that at Council ye dare not look him between the eyes""; and the young wolves would growl and bristle. ";"eng"
" ьсиливонатс олед и от ым илим";"керепоп";"мили мы то и дело становились";"поперек";" ";"дороги другим лодкам, и они нам";"Jerome K. Jerome. Three Men in a Boat (To Say Nothing Of The Dog) (1889)";"Jerome K. Jerome";"1859";"Three Men in a Boat (To Say Nothing Of The Dog)";"1889";"художественная";"";"";"";"";"";"омонимия не снята";"Three Men in a Boat (To Say Nothing Of The Dog)";"Джером К. Джером";"Трое в лодке, не считая собаки";"";"1958";"6478";"121423";"3239";"66090";"rus";"rus";"Великобритания";"";"Все это послужило причиной того, что на протяжении последней мили мы то и дело становились поперек дороги другим лодкам, и они нам; а это, в свою очередь, послужило причиной того, что обе стороны проявили повышенную склонность к бранным выражениям.";"20485619ebdfa1f237874a4c84c417bc:6159:15";" Of course, as a consequence of this, we got in the way of a good many other boats, during the mile, and they in ours, and, of course, as a consequence of that, a good deal of bad language occurred. ";"eng"
" енм ясливонатс кюдни йыняьп ьдубин-йокак ыботч";"керепоп";"чтобы какой-нибудь пьяный индюк становился мне";"поперек";" ";"дороги.";"Robert Louis Stevenson. Treasure Island (1883)";"Robert Louis Stevenson";"1850";"Treasure Island";"1883";"художественная";"";"";"";"";"";"омонимия не снята";"Treasure Island";"Роберт Луис Стивенсон";"Остров сокровищ";"";"1935";"7560";"122668";"3780";"69090";"rus";"rus";"Великобритания";"";"Я не для того прожил столько лет на земле, чтобы какой-нибудь пьяный индюк становился мне поперек дороги.";"e18409c90e9a0bee3611dcb62e0e2873:5945:15";" Have I lived this many years, and a son of a rum puncheon cock his hat athwart my hawse at the latter end of it? ";"eng"
" ясьшивонатс ынжлод ен ино ,еонвалг а";"керепоп";"а главное, они не должны становишься";"поперек";" ";"дороги тем, кто богаче их.";"Mary Mapes Dodge. Hans Brinker or the Silver Skates (1865)";"Mary Mapes Dodge";"1831";"Hans Brinker or the Silver Skates";"1865";"художественная";"";"";"";"";"";"омонимия не снята";"Hans Brinker or the Silver Skates";"Мэри Мейпс Додж";"Серебряные коньки";"";"1941";"11526";"150751";"5763";"80734";"rus";"rus";"США";"";"Такие, как Гретель, думала Рихи, но имеют права чувствовать и надеяться, а главное, они не должны становишься поперек дороги тем, кто богаче их.";"e7118cb2a258d86e243d71189fb37afd:3203:17";" Such as Gretel had no right to feel, to hope; above all, they should never cross the paths of their betters ― that is, not in a disagreeable way. ";"eng"
" ,кобв от-адук утерак илищатоп ,ьсишвавотнубзв ,ыджандо";"керепоп";"однажды, взбунтовавшись, потащили карету куда-то вбок,";"поперек";" ";"дороги, с явным намерением отвезти ее";"Charles Dickens. The Tale of two Cities (1859)";"Charles Dickens";"1812";"The Tale of two Cities";"1859";"художественная";"";"";"";"";"";"омонимия не снята";"The Tale of two Cities";"Чарльз Диккенс";"Повесть о двух городах";"";"1950-1960";"15180";"261740";"7590";"135772";"rus";"rus";"Великобритания";"";"Хлюпая по топкой грязи, он шагал рядом с каретой вверх по косогору, как и все остальные пассажиры, не потому, что ему захотелось пройтись, вряд ли такая прогулка могла доставить удовольствие, но потому, что и косогор, и упряжь, и грязь, и карета ― все это было до того обременительно, что лошади уже три раза останавливались, а однажды, взбунтовавшись, потащили карету куда-то вбок, поперек дороги, с явным намерением отвезти ее обратно в Блэкхиз.";"45dc0f44a28f331677ad6ee35a429c4b:43:60";" He walked up hill in the mire by the side of the mail, as the rest of the passengers did; not because they had the least relish for walking exercise, under the circumstances, but because the hill, and the harness, and the mud, and the mail, were all so heavy, that the horses had three times already come to a stop, besides once drawing the coach across the road, with the mutinous intent of taking it back to Blackheath. ";"eng"
" имавтилом имынзуялк имиовс енм ано отэ";"керепоп";"это она мне своими кляузными молитвами";"поперек";" ";"дороги стала, что все у меня";"Charles Dickens. The Tale of two Cities (1859)";"Charles Dickens";"1812";"The Tale of two Cities";"1859";"художественная";"";"";"";"";"";"омонимия не снята";"The Tale of two Cities";"Чарльз Диккенс";"Повесть о двух городах";"";"1950-1960";"15180";"261740";"7590";"135772";"rus";"rus";"Великобритания";"";"Будь у меня не такая зловредная жена, а у парнишки не такая зловредная мать, я бы на прошлой неделе хапнул деньжонок, да вот, поди-ка, ей вместо того втемяшилось молиться мне наперекор, и так это она мне своими кляузными молитвами поперек дороги стала, что все у меня мимо рук уплыло, все прахом пошло.";"45dc0f44a28f331677ad6ee35a429c4b:1971:40";" If I had had any but a unnat'ral wife, and this poor boy had had any but a unnat'ral mother, I might have made some money last week instead of being counter-prayed and countermined and religiously circumwented into the worst of luck. ";"eng"
" ман ясливонатс отк ,имесв ос ьсилялварпсар";"керепоп";"расправлялись со всеми, кто становился нам";"поперек";" ";"дороги.";"Charles Dickens. The Tale of two Cities (1859)";"Charles Dickens";"1812";"The Tale of two Cities";"1859";"художественная";"";"";"";"";"";"омонимия не снята";"The Tale of two Cities";"Чарльз Диккенс";"Повесть о двух городах";"";"1950-1960";"15180";"261740";"7590";"135772";"rus";"rus";"Великобритания";"";"Сколько зла было сделано еще при жизни отца; в угоду своим прихотям мы надругались над людьми, расправлялись со всеми, кто становился нам поперек дороги.";"45dc0f44a28f331677ad6ee35a429c4b:4589:22";" Even in my father's time, we did a world of wrong, injuring every human creature who came between us and our pleasure, whatever it was. ";"eng"
" енм ьтатс етежом ыв отдуб ,меинерзодоп";"керепоп";"подозрением, будто вы можете стать мне";"поперек";" ";"дороги.";"Charles Dickens. The Posthumous Papers of the Pickwick Club (1836-1837)";"Charles Dickens";"1812";"The Posthumous Papers of the Pickwick Club";"1836-1837";"художественная";"";"";"";"";"";"омонимия не снята";"The Posthumous Papers of the Pickwick Club";"Чарльз Диккенс";"Посмертные записки Пиквикского клуба";"";"1933";"31534";"516076";"15767";"287005";"rus";"rus";"Великобритания";"";"― воскликнул бедный мистер Тапмен, снова пожимая руку приятелю, ― примите искреннейшую мою благодарность за вашу бескорыстную доброту и простите меня, если я когда-нибудь хотя бы мысленно оскорбил вас подозрением, будто вы можете стать мне поперек дороги.";"44c1add02382c6859cb2b4883cdab3f3:4013:33";" said poor Mr. Tupman, again grasping the hand of his companion,' receive my warmest thanks for your disinterested kindness; and forgive me if I have ever, even in thought, done you the injustice of supposing that you could stand in my way. ";"eng"
" зар как а ― ,онтяирп оннебосо ен";"керепоп";"не особенно приятно, ― а как раз";"поперек";" ";"дороги, так что дождь лил струями";"Charles Dickens. The Posthumous Papers of the Pickwick Club (1836-1837)";"Charles Dickens";"1812";"The Posthumous Papers of the Pickwick Club";"1836-1837";"художественная";"";"";"";"";"";"омонимия не снята";"The Posthumous Papers of the Pickwick Club";"Чарльз Диккенс";"Посмертные записки Пиквикского клуба";"";"1933";"31534";"516076";"15767";"287005";"rus";"rus";"Великобритания";"";"Ветер дул не в лицо и не в спину, ― хотя и это не особенно приятно, ― а как раз поперек дороги, так что дождь лил струями, косыми, как линейки, которые проводят в школьных тетрадках, чтобы мальчики хорошо писали косым почерком.";"44c1add02382c6859cb2b4883cdab3f3:6897:18";"' The wind blew ― not up the road or down it, though that's bad enough, but sheer across it, sending the rain slanting down like the lines they used to rule in the copy-books at school, to make the boys slope well. ";"eng"
" мав ьтатс ,ил етеанз ,угом и";"керепоп";"и могу, знаете ли, стать вам";"поперек";" ";"дороги.";"Charles Dickens. The Posthumous Papers of the Pickwick Club (1836-1837)";"Charles Dickens";"1812";"The Posthumous Papers of the Pickwick Club";"1836-1837";"художественная";"";"";"";"";"";"омонимия не снята";"The Posthumous Papers of the Pickwick Club";"Чарльз Диккенс";"Посмертные записки Пиквикского клуба";"";"1933";"31534";"516076";"15767";"287005";"rus";"rus";"Великобритания";"";"― Приходите непременно, ― отозвался Сэм, бросая на него многозначительный взгляд, ― а не то я, пожалуй, начну наводить о вас справки по ту сторону зеленой калитки и могу, знаете ли, стать вам поперек дороги.";"44c1add02382c6859cb2b4883cdab3f3:11505:30";"' Yes, you'd better,' replied Sam, with a very meaning look,' or else I shall perhaps be askin'arter you, at the other side of the green gate, and then I might cut you out, you know.' ";"eng"
" ,екарб хи в ясьтивтсещусо алыб анжлод";"керепоп";"должна была осуществиться в их браке,";"поперек";" ";"дороги встала женщина низкого происхождения, без";"Jane Austen. Pride and Prejudice (1813)";"Jane Austen";"1775";"Pride and Prejudice";"1813";"художественная";"";"";"";"";"";"омонимия не снята";"Pride and Prejudice";"Джейн Остин";"Гордость и предубеждение";"";"1967";"11612";"229406";"5806";"122012";"rus";"rus";"Великобритания";"";"Союз был скреплен в ту пору, когда наши дети еще покоились в колыбелях. И теперь, когда материнская воля должна была осуществиться в их браке, поперек дороги встала женщина низкого происхождения, без положения в свете и ничем не связанная с нашим семейством!";"f3fb9609c440de2fc83d19527e4ed80d:10385:24";" While in their cradles, we planned the union: and now, at the moment when the wishes of both sisters would be accomplished in their marriage, to be prevented by a young woman of inferior birth, of no importance in the world, and wholly unallied to the family! ";"eng"
