"Reversed left context";"Reversed center";"Left context";"Center";"Punct";"Right context";"Title";"Author";"Birthday";"Header";"Created";"Sphere";"Type";"Topic";"Publication";"Publ_year";"Medium";"Ambiguity";"Header";"Author_trans";"Header_trans";"Translator";"Date_trans";"Sentences";"Words";"Orig_sentences";"Orig_words";"Lang";"Lang_trans";"Lang_variant";"Dialect";"Full context";"Example source";"Para context 1";"Lang 1"
" акчывирп алыб хин у йицюловер хынзар";"ьтярет";"разных революций у них была привычка";"терять";" ";"голову.";"Brett Hennig. What if we replaced politicians with randomly selected people? (2017)";"Brett Hennig";"";"What if we replaced politicians with randomly selected people?";"2017";"учебно-научная, публицистика, устная публичная речь";"выступление";"";"";"";"";"омонимия не снята";"What if we replaced politicians with randomly selected people?";"Бретт Хенниг";"Что, если мы заменим политиков случайно выбранными людьми?";"";"";"254";"2752";"127";"1505";"rus";"rus";"США";"";"Короли и королевы считали, что они могут быть такими защитниками, но во времена разных революций у них была привычка терять голову.";"ae68f3356cad7b5ed6a9f40160c06136:23:19";" Kings and queens thought they could be those guardians, but during various revolutions, they tended to lose their heads. ";"eng"
" ым отч ,кат теалед адорирП ";"меярет";"Природа делает так, что мы";"теряем";" ";"голову из-за красавчиков, точно так же";"Brad Troeger. What is love? (2013)";"Brad Troeger";"";"What is love?";"2013";"учебно-научная, публицистика, устная публичная речь";"выступление";"";"";"";"";"омонимия не снята";"What is love?";"Брэд Троегер";"Что такое любовь?";"";"";"134";"1577";"67";"812";"rus";"rus";"";"";"Природа делает так, что мы теряем голову из-за красавчиков, точно так же, как обезьяны увлекаются обезьянами-красавчиками, и природа развивается.";"00f0fbabd59f901142cadb134368dfca:113:5";" Nature has selected you to have crushes on hotties, just like it makes monkeys have crushes on hot monkeys, and biology marches on. ";"eng"
" ,тсилаеди ,но ,инзиж ыноротс йоксечиткарп од";"теярет";"до практической стороны жизни, он, идеалист,";"теряет";" ";"голову от смятения и страха. Бальзак";"Philip Hook. Breakfast at Sothebys An A-Z of the Art World (2013)";"Philip Hook";"1951";"Breakfast at Sothebys An A-Z of the Art World";"2013";"учебно-научная";"";"";"";"";"";"омонимия не снята";"Breakfast at Sothebys An A-Z of the Art World";"Филип Хук";"Завтрак у Sotheby’s. Мир искусства от А до Я";"";"2014";"7914";"152823";"3957";"80281";"rus";"rus";"Великобритания";"";"Жозеф – художник-романтик, его отличает благородное величие духа, но, когда дело доходит до практической стороны жизни, он, идеалист, теряет голову от смятения и страха. Бальзак описывает его как человека, любящего поэзию Байрона, живопись Жерико, музыку Россини и романы Вальтера Скотта, что в совокупности предвещает неизбежную катастрофу.";"907ddabaeb78f2e27d397e97656182a0:653:18";" Joseph is a Romantic painter of great nobility of spirit, but when it comes to the practicalities of life he's an idealistic ditherer: he is described as loving Byron's poetry, Géricault's painting, Rossini's music and Walter Scott's novels', pretty much a recipe for disaster. ";"eng"
" медуб ен етйавад ,олыб ин от";"ьтярет";"то ни было, давайте не будем";"терять";" ";"голову.";"Richard Dawkins. The Ancestor's tale (2004)";"Richard Dawkins";"1941";"The Ancestor's tale";"2004";"учебно-научная, публицистика";"";"наука и технологии, философия";"";"";"";"омонимия не снята";"The Ancestor's tale";"Ричард Докинз";"Рассказ предка";"";"2015";"20530";"387859";"10265";"208485";"rus";"rus";"Великобритания";"";"Это служит признаком того, насколько слабо они изменились в течение этого времени.  Как бы то ни было, давайте не будем терять голову.  В классическом исследовании, опубликованном в 1949 году, британский палеонтолог Т. С. Вестолл (T. S. Westoll) показал, что, хотя розогубы действительно застоялись в течение прошлых приблизительно 200 миллионов лет, они развивались намного быстрее до того.";"052f2010ec2deca65507c0db87d7993d:11465:8";" This gives an indication of how little they have changed during that time.  Let's not get carried away, however.  A classic study published in 1949 by the British palaeontologist T. S. Westoll showed that, although the lungfish have indeed stagnated for the last 200 million years or so, they evolved much more rapidly before that. ";"eng"
" отч ,алавовтсвучоп яиЛ ";"теярет";"Лия почувствовала, что";"теряет";" ";"голову, когда он дотронулся до бедра";"Miranda Lee. Fugitive Bride (1998)";"Miranda Lee";"";"Fugitive Bride";"1998";"художественная";"";"";"";"";"";"омонимия не снята";"Fugitive Bride";"Миранда Ли";"В любви все средства хороши";"";"2000";"8032";"81891";"4016";"44589";"rus";"rus";"Австралия";"";"Лия почувствовала, что теряет голову, когда он дотронулся до бедра, ласково поглаживая мягкую кожу, а затем начал медленно продвигаться к тому месту, которое уже пылало от нетерпения.";"8a21d5553eb46c5978f89acfb49531cf:4331:3";" Her mind was spinning by the time it reached mid-thigh, sliding over to the smooth soft skin of her inner leg, heading for that part of her which was already burning. ";"eng"
" укшувед яялватсаз ,мокызя миовс ее янзард";"ьтярет";"дразня ее своим языком, заставляя девушку";"терять";" ";"голову от желания.";"Miranda Lee. Fugitive Bride (1998)";"Miranda Lee";"";"Fugitive Bride";"1998";"художественная";"";"";"";"";"";"омонимия не снята";"Fugitive Bride";"Миранда Ли";"В любви все средства хороши";"";"2000";"8032";"81891";"4016";"44589";"rus";"rus";"Австралия";"";"Гаретт, стоя на коленях, раздвинул ее ноги, лаская и целуя бедра и горячую плоть, мучая и дразня ее своим языком, заставляя девушку терять голову от желания.";"8a21d5553eb46c5978f89acfb49531cf:5567:22";" A still kneeling Gareth pushed her legs apart, caressed and kissed the tops of her thighs, then between her thighs, knowing exactly where to probe, to lick, to suck, instinctively honing in on that spot that drove her wild. ";"eng"
" анжлод ен я отч ,алазакс анО";"ьтярет";"Она сказала, что я не должна";"терять";" ";"голову из-за дешевой открытки, а должна";"Helen Fielding. Bridget Jones’s Diary (1996)";"Helen Fielding";"1958";"Bridget Jones’s Diary";"1996";"художественная";"";"";"";"";"";"омонимия не снята";"Bridget Jones’s Diary";"Хелен Филдинг";"Дневник Бриджит Джонс";"";"2000";"9052";"131643";"4526";"68350";"rus";"rus";"Великобритания";"";"Она сказала, что я не должна терять голову из-за дешевой открытки, а должна дать отставку Даниелу, потому что он не очень положительный человек и ничего хорошего из этого не выйдет.";"00b27b94920424593a5272dca2201b01:1605:6";" She said I should not allow my head to be turned by a cheap card and should lay off Daniel as he is not a very nice person and no good will come of it. ";"eng"
" ен ― итсонжен ,игон ,икшымдоп еичярог ,атовез";"ьтярет";"зевота, горячие подмышки, ноги, нежности ― не";"терять";" ";"головы ― но чего, впрочем, естественнее, что";"Владимир Набоков. Волшебник (1939)";"Владимир Набоков";"1899";"Волшебник";"1939";"художественная";"";"";"";"";"";"омонимия не снята";"Волшебник";"Vladimir Nabokov";"Enchanter";"";"1986";"852";"29541";"426";"12009";"rus";"eng";"Великобритания, США";"";"Немедленно он навел нужную справку: был весьма удобный экспресс в 12.23… прибывающий ровно в 16.00. С обратным сообщением обстояло хуже… придется нанять там машину, сразу назад, к ночи мы будем тут ― вдвоем, совершенно взаперти, с усталенькой, сонненькой, скорей раздеваться, я буду тебя баюкать ― только это… только уют ― какая там каторга (хотя, между прочим, лучше сейчас каторга, чем поганец в будущем)… тишина, голые ключицы, бридочки, пуговки сзади, лисий шелк между лопаток, зевота, горячие подмышки, ноги, нежности ― не терять головы ― но чего, впрочем, естественнее, что привез маленькую падчерицу ― что все-таки решил это сделать ― режут мать, ответственность, усердие, сама же просила ""заботиться"" ― и пока мать спокойно лежит в больнице, что может быть, повторяем, естественнее, что здесь, где кому ж моя душенька помешает… и вместе с тем, знаете, ― под боком, мало ли что, надо быть ко всему… ах, успех? тем лучше ― выздоравливающие добреют, а если все-таки изволите гневаться ― объясним, объясним, ― хотели сделать лучше ― ну, может быть, немножко растерялись, признаемся, но с самыми лучшими…";"13fe805ed1834162f5618053bc9a2bbd:518:76";" He immediately obtained the needed information: there was a most convenient express at 12: 23, arriving at exactly 4: 00 P. M. The return connection was not as simple… he would have to hire a car and leave immediately, by nightfall we'll be back here, the two of us, in utter seclusion, the little thing will be tired and sleepy, get your clothes off quick, I'll rock you to sleep, that's all, just some cosy cuddling, who wants to be sentenced to hard labor (although, incidentally, hard labor now would be better than some bastard in the future)… the stillness, her naked clavicles, the little straps, the buttons in back, the foxlike silk between her shoulder blades, her sleepy yawns, her hot armpit, her legs, her tenderness, mustn't lose my head… although what could be more natural than bringing home my little stepdaughter, deciding on it after all, they're cutting open her mother, aren't they?… Normal sense of responsibility, normal paternal zeal, besides, didn't the mother herself ask me to ""take care of the girl""? And while the other is quietly reposing in the hospital, what, we repeat, what could be more natural if here, where my darling couldn't possibly disturb anybody… At the same time she'll be close by, one never knows, one must be ready for any eventuality…. A success, was it? All the better, their character improves as they convalesce, and if madam still elects to be angry, we'll explain, we'll explain, we wanted to do what was best, maybe we got a little flustered, we admit, but all with the best… ";"eng"
" Я ";"алярет";"Я";"теряла";" ";"голову…";"Ф. М. Достоевский. Неточка Незванова (1849)";"Ф. М. Достоевский";"1821";"Неточка Незванова";"1849";"художественная";"";"";"";"";"";"омонимия не снята";"Неточка Незванова";"Fedor Dostoevsky";"Netochka Nezvanova";"";"1985";"7056";"121472";"3528";"54801";"rus";"eng";"Великобритания";"";"По торжествующей улыбке я видела, что ему удалось разобрать первые строки.  Я теряла голову…  Мгновение спустя я бросилась к нему, почти не помня себя, и вырвала письмо из рук его.";"a26354401427c45b28a02c06d136f559:6300:1";" From his triumphant smile I saw that he had succeeded in making out the content.  I lost my head…  A moment later, in a move of desperation, I snatched the letter from his hand, hardly knowing what I was doing. ";"eng"
" умеч к ин ман ,ыньлетаминв медуб";"ьтярет";"будем внимательны, нам ни к чему";"терять";" ";"головы, особенно теперь, через неделю после";"Саша Соколов. Школа для дураков (1973)";"Саша Соколов";"1943";"Школа для дураков";"1973";"художественная";"";"";"";"";"";"омонимия не снята";"Школа для дураков";"Sasha Sokolov";"А School for Fools";"";"1977";"5334";"126923";"2667";"55223";"rus";"eng";"США";"";"Конечно, мы будем внимательны, нам ни к чему терять головы, особенно теперь, через неделю после свадьбы, мы так долго питали надежды.";"415b2af8bc2fb16a988987fa6001f138:3266:8";" Of course, we'll be careful, we have no reason to lose our heads, especially now, a week after the wedding, we had been hoping for so long. ";"eng"
" кат язьлеН ";"ьтярет";"Нельзя так";"терять";" ";"голову.";"Владимир Набоков. Подвиг (1931)";"Владимир Набоков";"1899";"Подвиг";"1931";"художественная";"";"";"";"";"";"омонимия не снята";"Подвиг";"Vladimir Nabokov";"Glory";"";"1970";"5084";"111196";"2542";"47556";"rus";"eng";"Великобритания, США";"";"“Эта женщина очень, конечно, милая, — сказала Софья Дмитриевна, — но ты не думаешь, что она чуть-чуть слишком разбитная?  Нельзя так терять голову.  Скажи мне, — впрочем нет, я не хочу ничего спрашивать…";"cf31deac8f0cbd5dabd1fcf969a22a39:562:2";" ""That woman is very sweet, of course, ""said Sofia, ""but don't you think she's just a little too lively?  You shouldn't get carried away like this.  Tell me, no, I prefer not to ask you anything. ";"eng"
" ацивед яаннивен адгок еж умот К";"теярет";"К тому же когда невинная девица";"теряет";" ";"голову в порыве страсти, она не";"Margaret Atwood. Edible Woman (1969)";"Margaret Atwood";"1939";"Edible Woman";"1969";"художественная";"";"";"";"";"";"омонимия не снята";"Edible Woman";"Маргарет Этвуд";"Лакомый кусочек";"";"1981";"11726";"188776";"5863";"103795";"rus";"rus";"Канада";"";"— Но ведь твоя чище, — резонно возразила Эйнсли. — К тому же когда невинная девица теряет голову в порыве страсти, она не может вдруг остановиться и сказать: «Это не та дверь».";"ad665abca6dd8ec58be26a38c4eace42:4715:13";" “Well, it is neater,” Ainsley said reasonably, “and if I'm being overwhelmed in a moment of passion and swept off my feet I can't very well interrupt and say You've got the wrong bedroom,' can I?” ";"eng"
" медуб ен :ларенег ,укчотуним ундО ";"ьтярет";"Одну минуточку, генерал: не будем";"терять";" ";"голову, — какова бы она ни была";"Владимир Набоков. Изобретение Вальса (1927)";"Владимир Набоков";"1899";"Изобретение Вальса";"1927";"художественная";"";"";"";"";"";"омонимия не снята";"Изобретение Вальса";"Vladimir Nabokov";"The Waltz Invention";"";"1965";"6228";"37479";"3114";"15940";"rus";"eng";"Великобритания, США";"";"Одну минуточку, генерал: не будем терять голову, — какова бы она ни была, это все-таки голова, терять не нужно, дорога как память.";"a88492c67842f32fed01bc9b69aca43f:3460:5";" One moment, General. Let's not lose our heads, such as they are, they're still heads, and one mustn't lose' em, they have some sentimental value. ";"eng"
" ен ,илшыв ен мокоб ебет игьнед";"йярет";"деньги тебе боком не вышли, не";"теряй";" ";"голову, в наши дни очень много";"John Fowles. The Collector (1963)";"John Fowles";"1926";"The Collector";"1963";"художественная";"";"";"";"";"";"омонимия не снята";"The Collector";"Джон Фаулз";"Коллекционер";"";"1991";"14096";"144108";"7048";"74076";"rus";"rus";"Великобритания";"";"Фред, очень я волнуюсь, чтоб все эти деньги тебе боком не вышли, не теряй голову, в наши дни очень много бесчестных людей развелось. (Она имеет в виду женщин, – пояснил он.) Так и шнырят вокруг, я тебя растила и воспитывала, как умела, и если ты пойдешь по дурной дорожке, грех все равно как мой.";"4b0282fa14a9dd0e87a0fde07a36a72f:8671:13";" I shan't be sorry to get home to Blackstone Rd, it worries me to think of the damp and the dirt, I hope you did what I said and aired all the rooms and linen like I said and got a good cleaning woman in like I said the same as with you, I hope. ";"eng"
" еж кат ончоТ ";"ьшеярет";"Точно так же";"теряешь";" ";"голову.";"John Fowles. The Collector (1963)";"John Fowles";"1926";"The Collector";"1963";"художественная";"";"";"";"";"";"омонимия не снята";"The Collector";"Джон Фаулз";"Коллекционер";"";"1991";"14096";"144108";"7048";"74076";"rus";"rus";"Великобритания";"";"Становишься таким же, как в двадцать лет. Страдаешь, как двадцатилетний.  Точно так же теряешь голову.  Вам может показаться, что я сейчас рассуждаю вполне рационалистично. Это не так.";"4b0282fa14a9dd0e87a0fde07a36a72f:10455:3";" You become twenty again, you suffer as twenty suffers.  All the dotty irrationalities of twenty.  I may seem very reasonable at the moment, but I don't feel it. ";"eng"
" ьсюарибос еН ";"ьтярет";"Не собираюсь";"терять";" ";"голову и пытаться бежать при первой";"John Fowles. The Collector (1963)";"John Fowles";"1926";"The Collector";"1963";"художественная";"";"";"";"";"";"омонимия не снята";"The Collector";"Джон Фаулз";"Коллекционер";"";"1991";"14096";"144108";"7048";"74076";"rus";"rus";"Великобритания";"";"Не собираюсь терять голову и пытаться бежать при первой же возможности.";"4b0282fa14a9dd0e87a0fde07a36a72f:12931:2";" I'm not going to lose my head and try and rush out at the first chance. ";"eng"
" оньлавкуб теаничан ,ценю йыннешуксиен ,йытсич аннешревос";"ьтярет";"совершенна чистый, неискушенный юнец, начинает буквально";"терять";" ";"голову.";"Владимир Набоков. Защита Лужина (1929)";"Владимир Набоков";"1899";"Защита Лужина";"1929";"художественная";"";"";"";"";"";"омонимия не снята";"Защита Лужина";"Vladimir Nabokov";"Defence";"";"1963";"5630";"122217";"2815";"51672";"rus";"eng";"Великобритания, США";"";"Мужчина, ― знаешь, такой, полный соку, ― совершенна чистый, неискушенный юнец, начинает буквально терять голову.";"1348bc4aa9c425cd813453f1541426c5:5320:11";" The young man, you know that type, bursting with sap but absolutely chaste, begins literally to lose his head. ";"eng"
" окгел отк ,хет зи ен зуМ";"теярет";"Муз не из тех, кто легко";"теряет";" ";"голову.";"Erle Stanley Gardner. The Case of the Blonde Bonanza (1962)";"Erle Stanley Gardner";"1889";"The Case of the Blonde Bonanza";"1962";"художественная";"";"";"";"";"";"омонимия не снята";"The Case of the Blonde Bonanza";"Эрл Стэнли Гарднер";"Белокурая удача";"";"1990";"7824";"86971";"3912";"48028";"rus";"rus";"США";"";"Муз не из тех, кто легко теряет голову.";"e1735781672321d7016ea3c0d9df500e:4117:6";" Moose isn't one to lose his head in a situation of that kind. ";"eng"
" ен окьлоТ"" :икшувед ьлифорп ан ядялг";"йярет";"глядя на профиль девушки: ""Только не";"теряй";" ";"голову, парень, ничего серьезного, простое увлечение"".";"Arthur Hailey. The Final Diagnosis (1959)";"Arthur Hailey";"1920";"The Final Diagnosis";"1959";"художественная";"";"";"";"";"";"омонимия не снята";"The Final Diagnosis";"Артур Хейли";"Окончательный диагноз";"";"1980";"8888";"96698";"4444";"56776";"rus";"rus";"США";"";"Майк думал, глядя на профиль девушки: ""Только не теряй голову, парень, ничего серьезного, простое увлечение"".";"81ba1eabedb711b6913d23c6352d064d:2317:8";" Glancing at Vivian covertly while she talked, he could sense an inner strength — a toughness of character behind what seemed at first a facade of gentle femininity. ";"eng"
" ен я И ";"юярет";"И я не";"теряю";" ";"головы.";"Ray Bradbury. Dandelion Wine (1957)";"Ray Bradbury";"1920";"Dandelion Wine";"1957";"художественная";"";"";"";"";"";"омонимия не снята";"Dandelion Wine";"Рэй Брэдбери";"Вино из одуванчиков";"";"2013";"11258";"129889";"5629";"67583";"rus";"rus";"США";"";"— И мне, наверно, немножко любопытно.  И я не теряю головы.  Если рассуждать трезво. Душегуб никак не может сейчас быть где-нибудь поблизости.";"22d7309b38ffca1917392c737ea75787:8053:3";" “And I'm curious, I suppose.  And I'm using my head.  Logically, the Lonely One can't be around. ";"eng"
" ен исюЛ ,еенем ен меТ ";"алярет";"Тем не менее, Люси не";"теряла";" ";"голову и сбросила туфли, как должен";"Clive Staples Lewis. The Chronicles of Narnia. The Voyage of the ‘Dawn Treader’ (1952)";"Clive Staples Lewis";"1898";"The Chronicles of Narnia. The Voyage of the ‘Dawn Treader’";"1952";"художественная";"";"";"";"";"";"омонимия не снята";"The Chronicles of Narnia. The Voyage of the ‘Dawn Treader’";"Клайв Стейплз Льюис";"Хроники Нарнии. Плавание «Утреннего Путника»";"";"1991";"6782";"99104";"3391";"53138";"rus";"rus";"Великобритания";"";"Тем не менее, Люси не теряла голову и сбросила туфли, как должен сделать каждый, кто в одежде падает в воду в глубоком месте.";"9900890b5211ff4ad94d2a1688ace777:209:5";" Still, she kept her head and kicked her shoes off, as everyone ought to do who falls into deep water in their clothes. ";"eng"
" ен уднукес ан ин ,ьнзиж юовс";"лярет";"свою жизнь, ни на секунду не";"терял";" ";"головы.";"Clive Staples Lewis. The Chronicles of Narnia. The Voyage of the ‘Dawn Treader’ (1952)";"Clive Staples Lewis";"1898";"The Chronicles of Narnia. The Voyage of the ‘Dawn Treader’";"1952";"художественная";"";"";"";"";"";"омонимия не снята";"The Chronicles of Narnia. The Voyage of the ‘Dawn Treader’";"Клайв Стейплз Льюис";"Хроники Нарнии. Плавание «Утреннего Путника»";"";"1991";"6782";"99104";"3391";"53138";"rus";"rus";"Великобритания";"";"Но, к несчастью, Рипичип, которому приходилось много раз бороться за свою жизнь, ни на секунду не терял головы.";"9900890b5211ff4ad94d2a1688ace777:753:16";" But unfortunately Reepicheep, who had fought for his life many a time, never lost his head even for a moment. ";"eng"
" узарс ино ,еокат есв и ьтаволец";"тюярет";"целовать и все такое, они сразу";"теряют";" ";"голову.";"J. D. Salinger. The Catcher in the Rye (1951)";"J. D. Salinger";"1919";"The Catcher in the Rye";"1951";"художественная";"";"";"";"";"";"омонимия не снята";"The Catcher in the Rye";"Дж. Д. Сэлинджер";"Над пропастью во ржи";"";"1965";"13012";"132371";"6506";"75296";"rus";"rus";"США";"";"Их как начнешь целовать и все такое, они сразу теряют голову.";"9c42c78736aec0c65f6bad9bf144bf26:5599:9";" After you neck them for a while, you can really watch them losing their brains. ";"eng"
" еН ";"ьтярет";"Не";"терять";" ";"головы, ― думал Адам Девятый, ― ибо было";"Vladimir Nabokov. Bend Sinister (1947)";"Vladimir Nabokov";"1899";"Bend Sinister";"1947";"художественная";"";"";"";"";"";"омонимия не снята";"Bend Sinister";"Владимир Набоков";"Под знаком незаконнорожденных";"";"1993";"7622";"121858";"3811";"67415";"rus";"rus";"Великобритания, США";"";"Не терять головы, ― думал Адам Девятый, ― ибо было уже немало последовательных Кругов: один поворачивался туда-сюда, словно сбитый с толку игрок в ""жмурки""; другой в клочья разносил воображаемыми кулаками картонный полицейский участок; третий бежал по кошмарным туннелям; четвертый выглядывал с Ольгой из-за ствола, чтобы увидеть, как Давид на цыпочках обходит другое дерево и все его тельце готово затрепетать от восторга; пятый обыскивал хитро запутанную подземную тюрьму, в которой опытные руки где-то пытали воющего ребенка; шестой обнимал сапоги обмундиренной твари; седьмой душил эту тварь среди хаоса перевернутой мебели; восьмой находил в темном подвале скелетик.";"24cf411b504f8b3a4c2edc296534e8ca:3053:1";" I must not lose my head, thought Adam the Ninth, for by now there were quite a number of these serial Krugs: turning this way and that like the baffled buffeted seeker in a game of blindman's buff; battering with imaginary fists a cardboard police station to pulp; running through nightmare tunnels; half-hiding together with Olga behind a tree to watch David warily tiptoe around another, his whole body ready for a little shiver of glee; searching an intricate dungeon where, somewhere, a shrieking child was being tortured by experienced hands; hugging the boots of a uniformed brute; strangling the brute amid a chaos of overturned furniture; finding a small skeleton in a dark cellar. ";"eng"
" еН ";"йярет";"Не";"теряй";" ";"головы, и не злись, и прекрати";"Ernest Hemingway. For Whom The Bell Tolls (1940)";"Ernest Hemingway";"1899";"For Whom The Bell Tolls";"1940";"художественная";"";"";"";"";"";"омонимия не снята";"For Whom The Bell Tolls";"Эрнест Хемингуэй";"По ком звонит колокол";"";"1968";"31088";"318191";"15544";"173648";"rus";"rus";"США";"";"Не теряй головы, и не злись, и прекрати эти жалкие причитания и это нытье у стен вавилонских.";"384001a800d7e011ac1012bba3dfe9dd:24277:1";" Keep your damned head and get the anger out and stop this cheap lamenting like a damned wailing wall. ";"eng"
" ен хавтсьлетяотсбо хикак ирп ин :илатипсов";"ьтярет";"воспитали: ни при каких обстоятельствах не";"терять";" ";"головы и не поднимать шума.";"Agatha Christie. Ten Little Niggers / And Then There Were None (1939)";"Agatha Christie";"1890";"Ten Little Niggers / And Then There Were None";"1939";"художественная";"";"";"";"";"";"омонимия не снята";"Ten Little Niggers / And Then There Were None";"Агата Кристи";"Десять негритят / И никого не стало";"";"2015";"10838";"98249";"5419";"53955";"rus";"rus";"Великобритания";"";"Та, поджав губы, сказала: – Так меня воспитали: ни при каких обстоятельствах не терять головы и не поднимать шума.";"0da3497f344973d8c0a582bbbf11400d:7003:12";" Emily Brent said, pressing her lips together: ""I was brought up to keep my head and never to make a fuss. """;"eng"
" но йокак с ,ьтсовичтеморпо яаксешоню ат";"теярет";"та юношеская опрометчивость, с какой он";"теряет";" ";"голову от любви.";"Will Durant. The Life of Greece: The Story of Civilization, Volume 2 (1939)";"Will Durant";"1885";"The Life of Greece: The Story of Civilization, Volume 2";"1939";"учебно-научная";"";"наука и технологии, история";"";"";"";"омонимия не снята";"The Life of Greece: The Story of Civilization, Volume 2";"Уилл Дюрант";"Жизнь Греции. История цивилизации. Том 2";"";"2001";"7634";"195420";"3817";"106880";"rus";"rus";"США";"";"Единственный его недостаток – та юношеская опрометчивость, с какой он теряет голову от любви.";"1468d98928e00b16a6fdd9f6e27f056d:1659:9";" His one failing is the youthful readiness with which he falls in love. ";"eng"
" оннешревос яулецоп огондо елсоп отсач ьнечо";"тюярет";"очень часто после одного поцелуя совершенно";"теряют";" ";"голову, влюбляются и, если вести себя";"Margaret Mitchell. Gone with the Wind, Part 1 (1936)";"Margaret Mitchell";"1900";"Gone with the Wind, Part 1";"1936";"художественная";"";"";"";"";"";"омонимия не снята";"Gone with the Wind, Part 1";"Маргарет Митчелл";"Унесённые ветром, ч. 1";"";"1982";"25706";"403929";"12853";"209514";"rus";"rus";"США";"";"И очень часто после одного поцелуя совершенно теряют голову, влюбляются и, если вести себя умно и больше ничего им не позволять, начинают вытворять такое, что на них бывает забавно смотреть.";"b1a6e9a3c23689e80357c5e30e2d9a2f:11005:7";" And lots of times, after one kiss they fell completely in love with a girl and made most entertaining spectacles of themselves, provided the girl was clever and withheld her kisses after the first one. ";"eng"
" ,ттелракС оН ";"яярет";"Но Скарлетт,";"теряя";" ";"голову при мысли о грозящей ее";"Margaret Mitchell. Gone with the Wind, Part 1 (1936)";"Margaret Mitchell";"1900";"Gone with the Wind, Part 1";"1936";"художественная";"";"";"";"";"";"омонимия не снята";"Gone with the Wind, Part 1";"Маргарет Митчелл";"Унесённые ветром, ч. 1";"";"1982";"25706";"403929";"12853";"209514";"rus";"rus";"США";"";"Но Скарлетт, теряя голову при мысли о грозящей ее матери опасности, понимала лишь одно: стреляют с юга — значит, близко от Тары.";"b1a6e9a3c23689e80357c5e30e2d9a2f:16281:2";" But to Scarlett, sick for her mother's safety, fighting to the south only meant fighting near Tara. ";"eng"
" ен нО ";"теярет";"Он не";"теряет";" ";"головы.";"Margaret Mitchell. Gone with the Wind, Part 2 (1936)";"Margaret Mitchell";"1900";"Gone with the Wind, Part 2";"1936";"художественная";"";"";"";"";"";"омонимия не снята";"Gone with the Wind, Part 2";"Маргарет Митчелл";"Унесённые ветром, ч. 2";"";"1982";"29314";"414569";"14657";"216232";"rus";"rus";"США";"";"Эшли хороший малый, не подведет.  Он не теряет головы.  В эту минуту вошел Фрэнк с переброшенным через руку пальто и протянул его Тони.";"3ddd25fe52e8f0ab80e3eac915d26b53:7361:2";" Ashley's a good man in a pinch.  He keeps his head.  Frank came in, his greatcoat over his arm, and handed it to Tony. ";"eng"
" ниуккаМ йыннешевонвару тотэ как ,ебес ьтиватсдерп";"теярет";"представить себе, как этот уравновешенный Маккуин";"теряет";" ";"голову и тыкает свою жертву ножом";"Agatha Christie. Murder on the Orient Express (1934)";"Agatha Christie";"1890";"Murder on the Orient Express";"1934";"художественная";"";"";"";"";"";"омонимия не снята";"Murder on the Orient Express";"Агата Кристи";"Убийство в Восточном экспрессе";"";"2016";"10766";"111137";"5383";"59355";"rus";"rus";"Великобритания";"";"– Что касается меня, то я буду подозревать всех до самой последней минуты, – признался он. – И тем не менее должен сказать, что не могу представить себе, как этот уравновешенный Маккуин теряет голову и тыкает свою жертву ножом двенадцать или четырнадцать раз.";"b8187113910cd819acf85ba6e53d4d5d:2325:29";" ""Me, I suspect everybody till the last minute, ""he said. ""All the same, I must admit that I cannot see this sober, long-headed MacQueen losing his head and stabbing his victim twelve or fourteen times. It is not in accord with his psychology ― not at all. """;"eng"
" ,)имаволс имигурд лировог ,мечорпв ,срйаукС( юьшоксор";"тюярет";"роскошью (Скуайрс, впрочем, говорил другими словами),";"теряют";" ";"голову и сбиваются с пути.";"Theodore Dreiser. An American Tragedy, book I-II (1925)";"Theodore Dreiser";"1871";"An American Tragedy, book I-II";"1925";"художественная";"";"";"";"";"";"омонимия не снята";"An American Tragedy, book I-II";"Теодор Драйзер";"Американская трагедия (ч. 1-2)";"";"1948";"21686";"393334";"10843";"221028";"rus";"rus";"США";"";"Многие мальчики, наблюдая жизнь отеля и соприкасаясь с чрезмерной, непривычной для них роскошью (Скуайрс, впрочем, говорил другими словами), теряют голову и сбиваются с пути.";"a5d9d89e2d4fa8e460980e91adfbb50b:1087:18";" Too many boys, on account of the scenes and the show here, the contact made with undue luxury to which they were not accustomed — though these were not the words used by Mr. Squires — were inclined to lose their heads and go wrong. ";"eng"
" ботч ,кат ясьтавипан учох ен ежот";"ьтярет";"тоже не хочу напиваться так, чтоб";"терять";" ";"голову. Но пока еще рано об";"Theodore Dreiser. An American Tragedy, book I-II (1925)";"Theodore Dreiser";"1871";"An American Tragedy, book I-II";"1925";"художественная";"";"";"";"";"";"омонимия не снята";"An American Tragedy, book I-II";"Теодор Драйзер";"Американская трагедия (ч. 1-2)";"";"1948";"21686";"393334";"10843";"221028";"rus";"rus";"США";"";"― Я тоже не хочу напиваться так, чтоб терять голову. Но пока еще рано об этом беспокоиться.";"a5d9d89e2d4fa8e460980e91adfbb50b:2107:7";" “I don't want to drink so much I don't know where I'm at, but I'm not going to begin worrying about it now.” ";"eng"
" ен окьлот одан — :мяледен итсеш к";"ьтярет";"к шести неделям: — надо только не";"терять";" ";"голову, когда будешь там, и делать";"John Galsworthy. To Let (1921)";"John Galsworthy";"1867";"To Let";"1921";"художественная";"";"";"";"";"";"омонимия не снята";"To Let";"Джон Голсуорси";"Сдается внаем";"";"1946";"13226";"167590";"6613";"89255";"rus";"rus";"Великобритания";"";"— Шесть недель совсем не долго, — сказала она, — а тебе нетрудно будет свести поездку к шести неделям: — надо только не терять голову, когда будешь там, и делать вид, что не думаешь обо мне.";"9e56d585c22911eb3b02689320d18f4c:4079:19";" ""Six weeks isn't really long, ""she said; ""and you can easily make it six if you keep your head out there, and never seem to think of me. """;"eng"
" ен окьлот онжуН ";"ьтярет";"Нужно только не";"терять";" ";"головы и неуклонно стремиться к нему.";"John Galsworthy. To Let (1921)";"John Galsworthy";"1867";"To Let";"1921";"художественная";"";"";"";"";"";"омонимия не снята";"To Let";"Джон Голсуорси";"Сдается внаем";"";"1946";"13226";"167590";"6613";"89255";"rus";"rus";"Великобритания";"";"Нужно только не терять головы и неуклонно стремиться к нему.";"9e56d585c22911eb3b02689320d18f4c:9361:3";" They had only to keep their heads, and go at it steadily. ";"eng"
" но ― ,адгесв как ,ясюущюялвиторпос ,юундолох ,ее";"лярет";"ее, холодную, сопротивляющуюся, как всегда, ― он";"терял";" ";"голову.";"John Galsworthy. In Chancery (1920)";"John Galsworthy";"1867";"In Chancery";"1920";"художественная";"";"";"";"";"";"омонимия не снята";"In Chancery";"Джон Голсуорси";"В петле";"";"1946";"13260";"182981";"6630";"95409";"rus";"rus";"Великобритания";"";"Но стоило ему только увидеть ее, холодную, сопротивляющуюся, как всегда, ― он терял голову.";"dc0289b5e01c07f1490b7b6f61eea229:3775:11";" And yet the mere sight of her, cold and resisting as ever, had this power to upset him utterly! ";"eng"
" мас ,чивонавИ йидакрА лировог — ,ебет к";"яярет";"к тебе, — говорил Аркадий Иванович, сам";"теряя";" ";"голову и схватив фуражку, чтобы бежать";"Ф. М. Достоевский. Слабое сердце (1848)";"Ф. М. Достоевский";"1821";"Слабое сердце";"1848";"художественная";"";"";"";"";"";"омонимия не снята";"Слабое сердце";"Fedor Dostoevsky";"A Faint Heart";"";"1918";"2258";"30293";"1129";"13160";"rus";"eng";"Великобритания";"";"Я сейчас, сейчас ворочусь к тебе, — говорил Аркадий Иванович, сам теряя голову и схватив фуражку, чтобы бежать за доктором.";"f53a7bc74d15c9b5d1c070acf907a2c9:1994:10";" I will come back to you directly, directly, ""said Arkady Ivanovitch, losing his head and snatching up his cap to run for a doctor. ";"eng"
" оннешревос ,иинелпутсси мещяотсан в акченуД алачирк";"яярет";"кричала Дунечка в настоящем исступлении, совершенно";"теряя";" ";"голову.";"Ф. М. Достоевский. Преступление и наказание (1866)";"Ф. М. Достоевский";"1821";"Преступление и наказание";"1866";"художественная";"";"";"";"";"";"омонимия не снята";"Преступление и наказание";"Fedor Dostoevsky";"Crime and Punishment";"";"1914";"25564";"369816";"12782";"168521";"rus";"eng";"Великобритания";"";"Не верю! Не верю! — кричала Дунечка в настоящем исступлении, совершенно теряя голову.";"928f8dab693260693ecabf487aa70af5:22872:10";" I don't believe you!» cried Dounia, completely losing her head. ";"eng"
" андо Я ";"юярет";"Я одна";"теряю";" ";"голову.";"Л. Н. Толстой. Анна Каренина (ч. 5-8) (1878)";"Л. Н. Толстой";"1828";"Анна Каренина (ч. 5-8)";"1878";"художественная";"";"";"";"";"";"омонимия не снята";"Анна Каренина (ч. 5-8)";"Leo Tolstoy";"Anna Karenina (parts 5-8)";"";"1911";"17958";"288534";"8979";"125442";"rus";"eng";"Великобритания";"";"Ани очень больна, доктор говорит, что может быть воспаление.  Я одна теряю голову.  Княжна Варвара не помощница, а помеха.";"f7a6706715d8c4ffc53d99eba6fa6a4a:10726:2";" ""Annie is very ill, the doctor says it may be inflammation.  I am losing my head all alone.  Princess Varvara is no help, but a hindrance. ";"eng"
" ен ежот но ― ,агулсаз оге и";"лярет";"и его заслуга, ― он тоже не";"терял";" ";"голову.";"Jack London. The Burning Daylight (1910)";"Jack London";"1876";"The Burning Daylight";"1910";"художественная";"";"";"";"";"";"омонимия не снята";"The Burning Daylight";"Джек Лондон";"Время-не-ждет";"";"1956";"14758";"209384";"7379";"114448";"rus";"rus";"США";"";"Но тут есть и его заслуга, ― он тоже не терял голову.";"11d7865e51a07f08a30dd98fb7d68095:11547:9";" But, also, he had been level-headed and was partly responsible for this. ";"eng"
" лачан ежу но как кат ,олинзардзар";"ьтярет";"раздразнило, так как он уже начал";"терять";" ";"голову.";"Kenneth Grahame. The Wind in the Willows (1908)";"Kenneth Grahame";"1859";"The Wind in the Willows";"1908";"художественная";"";"";"";"";"";"омонимия не снята";"The Wind in the Willows";"Кеннет Грэм";"Ветер в ивах";"";"1988";"5292";"91429";"2646";"49543";"rus";"rus";"Великобритания";"";"Но это его только раздразнило, так как он уже начал терять голову.";"257f794b8b313de9f338450f793bcc1d:3955:10";" And this annoyed him, and he began to lose his head. ";"eng"
" окгел мокшилс нО ― ";"теярет";"― Он слишком легко";"теряет";" ";"голову и вообще он мне не";"L. Frank Baum. The Marvelous Land of Oz (1904)";"L. Frank Baum";"1856";"The Marvelous Land of Oz";"1904";"художественная";"";"";"";"";"";"омонимия не снята";"The Marvelous Land of Oz";"Л. Фрэнк Баум";"Чудесная Страна Оз";"";"1992";"5220";"72291";"2610";"41519";"rus";"rus";"США";"";"― Он слишком легко теряет голову и вообще он мне не компания.";"1c59b549e4a596e236d171c84df0b0cf:2025:3";" he loses his head too easily to suit me"". ";"eng"
" еН ";"етйярет";"Не";"теряйте";" ";"головы.";"Jack London. A Daughter of the Snows (1902)";"Jack London";"1876";"A Daughter of the Snows";"1902";"художественная";"";"";"";"";"";"омонимия не снята";"A Daughter of the Snows";"Джек Лондон";"Дочь снегов";"";"1927";"12982";"158103";"6491";"87010";"rus";"rus";"США";"";"― Не торопитесь, барон!  Не теряйте головы.  ― Но…";"00fcb7cba2600469b8b8b3203cff0f4d:8779:1";" ""Not such a rush, baron.  Keep your head. """" But ― """;"eng"
" нО ";"лярет";"Он";"терял";" ";"голову.";"И. С. Тургенев. Бретер (1846)";"И. С. Тургенев";"1818";"Бретер";"1846";"художественная";"";"";"";"";"";"омонимия не снята";"Бретер";"Ivan Turgenev";"Duellist";"";"1899";"2510";"29010";"1255";"12529";"rus";"eng";"Великобритания";"";"― Прикажете вам прислать вашего друга, вашего пастушка, чувствительного Сердечкина, Кистера? ― закричал ей вслед Авдей.  Он терял голову.  ― Уж не этот ли приятель?..";"41102c2812ec54126d33e233724a5cae:1728:1";"' Won't you give me a message for your friend, your shepherd lad, your tender sweet-heart, Kister,' Avdey shouted after her.  He had lost his head. ' Isn't he the happy man? ";"eng"
" ен адгокин отч умотоп ,лавепсу месв";"лярет";"всем успевал, потому что никогда не";"терял";" ";"головы, не гнушался лести как средства";"И. С. Тургенев. Три портрета (1846)";"И. С. Тургенев";"1818";"Три портрета";"1846";"художественная";"";"";"";"";"";"омонимия не снята";"Три портрета";"Ivan Turgenev";"Three Portraits";"";"1899";"1166";"19005";"583";"8243";"rus";"eng";"Великобритания";"";"Он усердно служил самому себе и других заставлял трудиться для своих же выгод, и всегда во всем успевал, потому что никогда не терял головы, не гнушался лести как средства и умел льстить.";"bade27972c2b2a5802b0d6768e3ebce4:198:22";" He served his own interests devotedly, and made other people, too, work for his advantage; and he was always successful in everything, because he never lost his head, never disdained using flattery as a means, and well understood how to use it. ";"eng"
" ен и ьсижред — ,налА лазакс — ,уН";"йярет";"Ну, — сказал Алан, — держись и не";"теряй";" ";"головы: сейчас будет драка.";"Robert Louis Stevenson. Kidnapped (1886)";"Robert Louis Stevenson";"1850";"Kidnapped";"1886";"художественная";"";"";"";"";"";"омонимия не снята";"Kidnapped";"Роберт Луис Стивенсон";"Похищенный";"";"1967";"7020";"146548";"3510";"80444";"rus";"rus";"Великобритания";"";"— Ну, — сказал Алан, — держись и не теряй головы: сейчас будет драка.";"b1442d947f941d6612bea226225d7e39:1967:6";" ""And now, ""said Alan, ""let your hand keep your head, for the grip is coming. ";"eng"
" ,йетсок од йишкоморп ,йишбяззИ ";"яярет";"Иззябший, промокший до костей,";"теряя";" ";"голову от одиночества, я, бывало, все";"Robert Louis Stevenson. Kidnapped (1886)";"Robert Louis Stevenson";"1850";"Kidnapped";"1886";"художественная";"";"";"";"";"";"омонимия не снята";"Kidnapped";"Роберт Луис Стивенсон";"Похищенный";"";"1967";"7020";"146548";"3510";"80444";"rus";"rus";"Великобритания";"";"Иззябший, промокший до костей, теряя голову от одиночества, я, бывало, все глядел на этот дымок и думал о пылающем очаге и людях, дружески собравшихся вокруг него, и у меня переворачивалось сердце.";"b1442d947f941d6612bea226225d7e39:2981:4";" I used to watch this smoke, when I was wet and cold, and had my head half turned with loneliness; and think of the fireside and the company, till my heart burned. ";"eng"
" ен но ,итйыв сачтот лишепсоп ниязох";"лярет";"хозяин поспешил тотчас выйти, он не";"терял";" ";"головы, а мы были как безумные.";"Emily Brontë. Wuthering Heights (1847)";"Emily Brontë";"1818";"Wuthering Heights";"1847";"художественная";"";"";"";"";"";"омонимия не снята";"Wuthering Heights";"Эмили Бронте";"Грозовой перевал";"";"1956";"12548";"224130";"6274";"117752";"rus";"rus";"Великобритания";"";"Наш хозяин поспешил тотчас выйти, он не терял головы, а мы были как безумные.";"4dd9a884633da9a0b633833588f2afc1:10293:7";" Our host hurried out instantly: he had his wits about him; we had not. ";"eng"
" йедюл теялватсаз и ьтсоннадижоен оннеми а";"ьтярет";"а именно неожиданность и заставляет людей";"терять";" ";"голову.";"Walter Scott. Ivanhoe (1819)";"Walter Scott";"1771";"Ivanhoe";"1819";"художественная";"";"";"";"";"";"омонимия не снята";"Ivanhoe";"Вальтер Скотт";"Айвенго";"";"1890-1902";"14144";"333666";"7072";"185803";"rus";"rus";"Великобритания";"";"Вероятно, и евреи, которым приходилось всегда чего-нибудь опасаться, привыкали к мысли о мучениях, каким их могут подвергнуть, так что какое бы испытание ни предстояло им в действительности, оно не явилось бы для них неожиданностью, а именно неожиданность и заставляет людей терять голову.";"ea4bfa5be04d4e7f98090eda4be01bfb:5695:40";" The Jews, by the very frequency of their fear on all occasions, had their minds in some degree prepared for every effort of tyranny which could be practised upon them; so that no aggression, when it had taken place, could bring with it that surprise which is the most disabling quality of terror. ";"eng"
" отч ,лавовтсвуч нО ";"теярет";"Он чувствовал, что";"теряет";" ";"голову.";"А. Н. Толстой. Сестры (1922)";"А. Н. Толстой";"1883";"Сестры";"1922";"художественная";"";"";"";"";"";"омонимия не снята";"Сестры";"Alexey Tolstoy";"The Sisters";"";"";"13690";"189958";"6845";"78647";"rus";"eng";"Великобритания";"";"Бессонов не понял и не так истолковал это волнение.  Он чувствовал, что теряет голову.  Его ноздри вдыхали благоухание духов и тот почти неуловимый, но оглушающий и различимый для каждого запах женской кожи.";"ec3d2652f879981a75eb5d0716550068:2690:3";" Bessonov, who did not understand what had happened, misinterpreted her excitement.  He felt that he was beginning to lose his head.  The fragrance of her scent, and the perfume of a woman's skin, all but imperceptible, yet overwhelming, and different in every individual, were stealing into his nostrils. ";"eng"
