"Reversed left context";"Reversed center";"Left context";"Center";"Punct";"Right context";"Title";"Author";"Birthday";"Header";"Created";"Sphere";"Type";"Topic";"Publication";"Publ_year";"Medium";"Ambiguity";"Header";"Author_trans";"Header_trans";"Translator";"Date_trans";"Sentences";"Words";"Orig_sentences";"Orig_words";"Lang";"Lang_trans";"Lang_variant";"Dialect";"Full context";"Example source";"Para context 1";"Lang 1"
" ябес итсев ьсолидохирп и ,яславипан нО";"ешит";"Он напивался, и приходилось вести себя";"тише";" ";"воды, ниже травы.";"Michael Connelly. City Of Bones (2002)";"Michael Connelly";"1956";"City Of Bones";"2002";"художественная";"";"";"";"";"";"омонимия не снята";"City Of Bones";"Майкл Коннели";"Город костей";"";"2006";"19928";"179121";"9964";"102852";"rus";"rus";"США";"";"Он напивался, и приходилось вести себя тише воды, ниже травы.";"3143a5bab28226b1f70031064021b69a:9817:6";" He'd get drunk and it was like walking on eggshells. ";"eng"
" медуБ ― ";"ешит";"― Будем";"тише";" ";"воды, ниже травы и попытаемся бросить";"Janet Evanovich. Two for the Dough (1996)";"Janet Evanovich";"1943";"Two for the Dough";"1996";"художественная";"";"";"";"";"";"омонимия не снята";"Two for the Dough";"Джанет Иванович";"Денежки дважды имеют значение";"";"2009";"16714";"151889";"8357";"82078";"rus";"rus";"США";"";"― Будем тише воды, ниже травы и попытаемся бросить взгляд на белого парня.";"870b652622bfc06abf6de04c83fd1a0e:6247:1";" «We're going to stay here and be nice and quiet and try to get a look at the white guy. ";"eng"
" мат идис ― ,оллезазА лажлодорп ― ,веиК в";"ешит";"в Киев, ― продолжал Азазелло, ― сиди там";"тише";" ";"воды, ниже травы и ни о";"Михаил Булгаков. Мастер и Маргарита (1929-1940)";"Михаил Булгаков";"1891";"Мастер и Маргарита";"1929-1940";"художественная";"";"";"";"";"";"омонимия не снята";"Мастер и Маргарита";"Mikhail Bulgakov";"Master and Margarita";"";"1979";"16426";"258609";"8213";"113104";"rus";"eng";"США";"";"― Возвращайся немедленно в Киев, ― продолжал Азазелло, ― сиди там тише воды, ниже травы и ни о каких квартирах в Москве не мечтай, ясно?";"837d64d30f4e8ff87ef2f71e79dfe19b:7988:8";"' Return immediately to Kiev,' Azazello went on.' Sit there stiller than water, lower than grass, and don't dream of any apartments in Moscow. Clear?' ";"eng"
" илыб ьнед йылец ым и ― мён";"ешит";"нём ― и мы целый день были";"тише";" ";"воды, ниже травы; а уж миссис";"Harper Lee. To Kill a Mockingbird (1960)";"Harper Lee";"1926";"To Kill a Mockingbird";"1960";"художественная";"";"";"";"";"";"омонимия не снята";"To Kill a Mockingbird";"Харпер Ли";"Убить пересмешника";"";"2013";"15654";"190089";"7827";"101449";"rus";"rus";"США";"";"В доме Рэдли обитало неведомое страшилище, стоило упомянуть о нём ― и мы целый день были тише воды, ниже травы; а уж миссис Дюбоз была сущая ведьма.";"923f6c746295e734657f1ced727527e9:129:15";" The Radley Place was inhabited by an unknown entity the mere description of whom was enough to make us behave for days on end; Mrs. Dubose was plain hell. ";"eng"
" ьтидох ынжлод отч ,илировтан окьлотс ыв";"ешит";"вы столько натворили, что должны ходить";"тише";" ";"воды, ниже травы.";"Анатолий Рыбаков. Бронзовая птица (1956)";"Анатолий Рыбаков";"1911";"Бронзовая птица";"1956";"художественная";"";"";"";"";"";"омонимия не снята";"Бронзовая птица";"Anatoly Rybakov";"The Bronze Bird";"";"1956";"6650";"66817";"3325";"28302";"rus";"eng";"СССР/Россия";"";"– Поменьше фасоньте, – сказал Миша, – вы столько натворили, что должны ходить тише воды, ниже травы.";"b217418b16a6d917548ed9ef51a8745d:5754:10";" ""I'd come down a peg if I were you, ""Misha said. ""You've made such a mess, that in your place people would have been as quiet as mice.” ";"eng"
" удуБ — ";"ешит";"— Буду";"тише";" ";"воды, ниже травы.";"Dorothy L Sayers. Strong Poison (1930)";"Dorothy L Sayers";"1893";"Strong Poison";"1930";"художественная";"";"";"";"";"";"омонимия не снята";"Strong Poison";"Дороти Сэйерс";"Смертельный яд";"";"2007";"11182";"137800";"5591";"78666";"rus";"rus";"Великобритания";"";"— Все, что нам удастся обнаружить, будет выглядеть гораздо более эффектно, если обвинению не станет об этом известно заранее.  — Буду тише воды, ниже травы.  Но если мне удастся найти истинного убийцу, надеюсь, вы не станете возражать против его ареста?";"8afd271a456189c18ea16ec50713b721:1351:1";"' Anything we can discover will come in much more effectively if the prosecution don't know of it beforehand.' ' I'll walk as on egg-shells.  But if I find the real murderer (if any), you won't object to my having him or her arrested, I take it?' ";"eng"
" илыб итсотинеманз еынненмосен ежу и еыньлетивтсйед";"ешит";"действительные и уже несомненные знаменитости были";"тише";" ";"воды, ниже травы, а иные из";"Ф. М. Достоевский. Бесы (1872)";"Ф. М. Достоевский";"1821";"Бесы";"1872";"художественная";"";"";"";"";"";"омонимия не снята";"Бесы";"Fedor Dostoevsky";"The Possessed, or The Devils";"";"1913";"29104";"455640";"14552";"199311";"rus";"eng";"Великобритания";"";"Но, к удивлению ее, эти действительные и уже несомненные знаменитости были тише воды, ниже травы, а иные из них просто льнули ко всему этому новому сброду и позорно у него заискивали.";"9e7e7e2d8d58ee27b69a10516c4acde9:556:11";" But to her surprise these genuine and quite indubitable celebrities were stiller than water, humbler than the grass, and some of them simply hung on to this new rabble, and were shamefully cringing before them. ";"eng"
" алыб ыб я йешапап микат С";"ешит";"С таким папашей я бы была";"тише";" ";"воды, ниже травы!";"Theodore Dreiser. The Financier (1912)";"Theodore Dreiser";"1871";"The Financier";"1912";"художественная";"";"";"";"";"";"омонимия не снята";"The Financier";"Теодор Драйзер";"Финансист";"";"1944";"23456";"363269";"11728";"196713";"rus";"rus";"США";"";"Да-а!.. С таким папашей я бы была тише воды, ниже травы!";"2e33158397b70dd397e746e464f37657:5359:8";" Well, if I had her father I wouldn't talk so smart. """;"eng"
" лыб оготто и ,адебо униволоп юувреп";"ешит";"первую половину обеда, и оттого был";"тише";" ";"воды, ниже травы.";"Jack London. Martin Eden (1909)";"Jack London";"1876";"Martin Eden";"1909";"художественная";"";"";"";"";"";"омонимия не снята";"Martin Eden";"Джек Лондон";"Мартин Иден";"";"1984";"6748";"96210";"3374";"53634";"rus";"rus";"США";"";"Он маялся этими сомнениями всю первую половину обеда, и оттого был тише воды, ниже травы.";"08312822409a5b08b614c44854349957:623:11";" It was during the first part of the dinner, struggling to decide upon his attitude, that he was very quiet. ";"eng"
" лыб но еквал в ьнед ьсеВ";"ешит";"Весь день в лавке он был";"тише";" ";"воды, ниже травы, дожидаясь вечера, когда";"Jack London. Martin Eden (1909)";"Jack London";"1876";"Martin Eden";"1909";"художественная";"";"";"";"";"";"омонимия не снята";"Martin Eden";"Джек Лондон";"Мартин Иден";"";"1984";"6748";"96210";"3374";"53634";"rus";"rus";"США";"";"Весь день в лавке он был тише воды, ниже травы, дожидаясь вечера, когда среди домашних можно наконец стать самим собой.";"08312822409a5b08b614c44854349957:1277:6";" All day he effaced himself in the store, reserving for the evening, with his family, the privilege of being himself. ";"eng"
" алатс абуГ яьчяаЗ яандеб оготэ елсоп";"ешит";"после этого бедная Заячья Губа стала";"тише";" ";"воды, ниже травы и ударилась в";"Mark Twain. The Adventures of Huckleberry Finn (1884)";"Mark Twain";"1835";"The Adventures of Huckleberry Finn";"1884";"художественная";"";"";"";"";"";"омонимия не снята";"The Adventures of Huckleberry Finn";"Марк Твен";"Приключения Гекльберри Финна";"";"1950";"12080";"203856";"6040";"112742";"rus";"rus";"США";"";"Тогда Мэри Джейн заговорила с ней совсем по-другому, кротко и ласково, как она всегда говорила; только после этого бедная Заячья Губа стала тише воды, ниже травы и ударилась в слезы.";"46b4d09a41c99ac2c036814a48684159:7239:22";" She done it, too; and she done it beautiful. ";"eng"
