"Reversed left context";"Reversed center";"Left context";"Center";"Punct";"Right context";"Title";"Author";"Birthday";"Header";"Created";"Sphere";"Type";"Topic";"Publication";"Publ_year";"Medium";"Ambiguity";"Header";"Author_trans";"Header_trans";"Translator";"Date_trans";"Sentences";"Words";"Orig_sentences";"Orig_words";"Lang";"Lang_trans";"Lang_variant";"Dialect";"Full context";"Example source";"Para context 1";"Lang 1"
" онеледу олыб еинаминв еошьлоб еомаС ";"йолежят";"Самое большое внимание было уделено";"тяжелой";" ";"артиллерии, предназначенной для прорыва укрепленных позиций";"Peter Suciu. How Russian Mortars Sent Europe’s Best World War II Army Running [The National Interest] (15.12.2020)";"Peter Suciu";"";"How Russian Mortars Sent Europe’s Best World War II Army Running [The National Interest]";"15.12.2020";"публицистика";"";"";"";"";"";"омонимия не снята";"How Russian Mortars Sent Europe’s Best World War II Army Running [The National Interest]";"";"Как русские минометы обратили в бегство лучшую армию Европы времен Второй мировой войны";"";"";"184";"4121";"92";"2133";"rus";"rus";"США";"";"Самое большое внимание было уделено тяжелой артиллерии, предназначенной для прорыва укрепленных позиций противника, тогда как автоматическое оружие и артиллерия поддержки предназначались для того, чтобы позволить пехоте прорвать оборону врага и разрушить тыловую поддержку.";"c8bd42564606129380ab31a8a6fe5c37:33:5";" A greater emphasis was placed on heavy artillery to break through an enemy's fortified position, while automatic weapons and supporting artillery would allow the infantry to penetrate the enemy's defenses and destroy rear support. ";"eng"
" :юижуро-одуч умокснатирб ьтяотсовиторп илгомс ен";"йолежят";"не смогли противостоять британскому чудо-оружию:";"тяжелой";" ";"артиллерии, пароходам, скорострельным винтовкам.";"Yuval Noah Harari. Sapiens: A Brief History of Humankind (2014)";"Yuval Noah Harari";"1976";"Sapiens: A Brief History of Humankind";"2014";"учебно-научная";"";"";"";"";"";"омонимия не снята";"Sapiens: A Brief History of Humankind";"Юваль Ной Харари";"Sapiens. Краткая история человечества";"";"2016";"12622";"234740";"6311";"129148";"rus";"rus";"Великобритания";"";"Победа далась легко — китайцы не смогли противостоять британскому чудо-оружию: тяжелой артиллерии, пароходам, скорострельным винтовкам.";"35272a5a1849715bdf72e6c5c15d92be:9671:10";" The overconfident Chinese were no match for Britain's new wonder weapons – steamboats, heavy artillery, rockets and rapid-fire rifles. ";"eng"
" ьного отч умотоп ,еиначлом ьтинарх олыб";"йолежят";"было хранить молчание, потому что огонь";"тяжелой";" ";"артиллерии и не думал стихать; но";"Lauren Weisberger. The Devil Wears Prada (2003)";"Lauren Weisberger";"1977";"The Devil Wears Prada";"2003";"художественная";"";"";"";"";"";"омонимия не снята";"The Devil Wears Prada";"Лорен Вайсбергер";"Дьявол носит Прада";"";"2006";"17508";"261692";"8754";"142530";"rus";"rus";"США";"";"Моим первым побуждением было хранить молчание, потому что огонь тяжелой артиллерии и не думал стихать; но, как обычно, мои лучшие побуждения оказались тщетны.";"790e2572bdbad061ff7ddeede1926f77:10621:9";" My first instinct was to remain silent, since it didn't appear that the verbal barrage was over, but as usual, my instincts were wrong. ";"eng"
" ялд овтсйортсу еонтактоовиторп еоксечитамвенп и инхук";"йолежят";"кухни и пневматическое противооткатное устройство для";"тяжелой";" ";"артиллерии.";"Kurt Vonnegut. Hocus Pocus (1990)";"Kurt Vonnegut";"1922";"Hocus Pocus";"1990";"художественная";"";"";"";"";"";"омонимия не снята";"Hocus Pocus";"Курт Воннегут";"Фокус-покус";"";"1993";"9922";"154407";"4961";"81715";"rus";"rus";"США";"";"Он туда отправился посмотреть, как себя покажут два его изобретения ― походные кухни и пневматическое противооткатное устройство для тяжелой артиллерии.";"2c09150b04d05302afc19154b49438b7:299:17";" He was there to see the debuts of 2 of his inventions, a mobile field kitchen and a pneumatic recoil mechanism for heavy artillery. ";"eng"
" ьтеверзв ьтиватсаз гом но ,атнорф юинил";"юулежят";"линию фронта, он мог заставить взреветь";"тяжелую";" ";"артиллерию левобережья.";"Василий Гроссман. Жизнь и судьба, ч. 1 (1960)";"Василий Гроссман";"1905";"Жизнь и судьба, ч. 1";"1960";"художественная";"";"";"";"";"";"омонимия не снята";"Жизнь и судьба, ч. 1";"Vasily Grossman";"Life and fate. Part 1";"";"1985";"12318";"194379";"6159";"83407";"rus";"eng";"Великобритания";"";"Но, глядя на карту, раскрытую на столе, он чувствовал себя в силе гнуть, двигать линию фронта, он мог заставить взреветь тяжелую артиллерию левобережья.";"e45cc5deb0b32bdc355aea93546c9442:1300:20";" But looking at the map, he had felt he had the power to bend and shift the line of the front. ";"eng"
" ьтидас ман оп алатс каК ― :лазакс";"яалежят";"сказал: ― Как стала по нам садить";"тяжелая";" ";"артиллерия из-за Волги, Коломейцева волной с";"Василий Гроссман. Жизнь и судьба, ч. 2 (1960)";"Василий Гроссман";"1905";"Жизнь и судьба, ч. 2";"1960";"художественная";"";"";"";"";"";"омонимия не снята";"Жизнь и судьба, ч. 2";"Vasily Grossman";"Life and fate. Part 2";"";"1985";"12394";"187053";"6197";"80631";"rus";"eng";"Великобритания";"";"Человек в майке, в распахнутом кителе сказал: ― Как стала по нам садить тяжелая артиллерия из-за Волги, Коломейцева волной с ног сбило, он встал и говорит: ""Ну, ребята, второй фронт открылся"".";"abe75ff5e6fbfa08bfcbac3d557b1bc1:4420:12";"' Once the heavy artillery on the left bank opened up on us,' said a soldier with his jacket unbuttoned.' Kolomeitsev was knocked off his feet. When he got up he said: ""Well, lads, there's the Second Front for you!' """;"eng"
" йокссур улис еишваризерп ,идюЛ ";"йолежят";"Люди, презиравшие силу русской";"тяжелой";" ";"артиллерии, ожесточенные, грубые, измученные голодом, вшами";"Василий Гроссман. Жизнь и судьба, ч. 3 (1960)";"Василий Гроссман";"1905";"Жизнь и судьба, ч. 3";"1960";"художественная";"";"";"";"";"";"омонимия не снята";"Жизнь и судьба, ч. 3";"Vasily Grossman";"Life and fate. Part 3";"";"1985";"10828";"166690";"5414";"70645";"rus";"eng";"Великобритания";"";"Люди, презиравшие силу русской тяжелой артиллерии, ожесточенные, грубые, измученные голодом, вшами, задерганные недостачей патронов, молча поняли все сразу, ― не бинты, не хлеб, не толовые шашки, а эти еловые ветки, опутанные бесполезной паутинкой, бомбошки из сиротского дома нужны были им.";"39536018a7f64c8564e917406293ef8e:5338:4";" These men who defied the power of the Russian heavy artillery, these coarse, hardened soldiers who were dispirited by their lack of ammunition and tormented by vermin and hunger had all understood at once that what they needed more than anything in the world was not bread, not bandages, not ammunition, but these tiny branches twined with useless tinsel, these orphanage toys. ";"eng"
" лав йовенго ,ьтсоря яавосар ,имавтсрадусог еытунгивдзов";"йолежят";"воздвигнутые государствами, расовая ярость, огневой вал";"тяжелой";" ";"артиллерии ничего не значат, бессильны перед";"Василий Гроссман. Жизнь и судьба, ч. 3 (1960)";"Василий Гроссман";"1905";"Жизнь и судьба, ч. 3";"1960";"художественная";"";"";"";"";"";"омонимия не снята";"Жизнь и судьба, ч. 3";"Vasily Grossman";"Life and fate. Part 3";"";"1985";"10828";"166690";"5414";"70645";"rus";"eng";"Великобритания";"";"Стены, воздвигнутые государствами, расовая ярость, огневой вал тяжелой артиллерии ничего не значат, бессильны перед силой любви…";"39536018a7f64c8564e917406293ef8e:5516:7";" Great walls raised up by States, racist fury, the heavy artillery and its curtain of fire were all equally insignificant, equally powerless in the face of love… ";"eng"
" с яизивид яалец ястеживд иман аЗ";"йолежят";"За нами движется целая дивизия с";"тяжелой";" ";"артиллерией, бронемашинами… Не надо ребячиться, товарищ";"Николай Островский. Как закалялась сталь (ч. 1) (1930-1934)";"Николай Островский";"1904";"Как закалялась сталь (ч. 1)";"1930-1934";"художественная";"";"";"";"";"";"омонимия не снята";"Как закалялась сталь (ч. 1)";"Nikolai Ostrovsky";"How the Steel was Tempered (pt 1)";"";"1952";"6134";"108335";"3067";"44216";"rus";"eng";"СССР/Россия";"";"За нами движется целая дивизия с тяжелой артиллерией, бронемашинами… Не надо ребячиться, товарищ Ермаченко… ― И, уже обращаясь к остальным, закончил: ― Итак, решено ― завтра утром отходим.";"8c062f56bfcc25cd7988d7b83bc7e974:666:6";" There's a whole division with heavy artillery and armoured cars just behind us…. This is no time for schoolboy heroics, Comrade Yermachenko…. ""Turning to the others, he continued: ""So it's decided, we evacuate tomorrow morning…. ";"eng"
" а ― ,уверакоТ но лазакс ― ,окраж ежу";"яалежят";"уже жарко, ― сказал он Токареву, ― а";"тяжелая";" ";"артиллерия еще не введена в действие";"Николай Островский. Как закалялась сталь (ч. 2) (1930-1934)";"Николай Островский";"1904";"Как закалялась сталь (ч. 2)";"1930-1934";"художественная";"";"";"";"";"";"омонимия не снята";"Как закалялась сталь (ч. 2)";"Nikolai Ostrovsky";"How the Steel was Tempered (pt 2)";"";"1952";"6612";"131631";"3306";"53770";"rus";"eng";"СССР/Россия";"";"― Оппозиционерам уже жарко, ― сказал он Токареву, ― а тяжелая артиллерия еще не введена в действие: троцкистов громит молодежь.";"de0612c035f8cb9a8e40eb6c517f33e4:4158:7";" ""The opposition is already getting it hot, ""he remarked to Tokarev, ""and the heavy artillery has not yet been brought into action. It's the youth who are routing the Trotskyites. """;"eng"
