"Reversed left context";"Reversed center";"Left context";"Center";"Punct";"Right context";"Title";"Author";"Birthday";"Header";"Created";"Sphere";"Type";"Topic";"Publication";"Publ_year";"Medium";"Ambiguity";"Header";"Author_trans";"Header_trans";"Translator";"Date_trans";"Sentences";"Words";"Orig_sentences";"Orig_words";"Lang";"Lang_trans";"Lang_variant";"Dialect";"Full context";"Example source";"Para context 1";"Lang 1"
" я оН ― ";"лежят";"― Но я";"тяжел";" ";"на подъем.";"Davies Hunter. The Beatles (2009)";"Davies Hunter";"1936";"The Beatles";"2009";"публицистика";"";"частная жизнь, искусство и культура";"";"";"";"омонимия не снята";"The Beatles";"Дэвис Хантер";"Битлз. Авторизованная биография";"";"2017";"19102";"256628";"9551";"135825";"rus";"rus";"США";"";"Впрочем, он признается, что хотел бы одним глазком взглянуть на сына.  ― Но я тяжел на подъем.  Меня не так-то легко сдвинуть с места.";"709f915a7285306ee9b879f3b13bd5b0:13559:2";" But he does admit he would like to set his eyes on his son again. ' But I'm slow.  I want kicking to do anything.' ";"eng"
" илатс ,илератсоп яьзурД ";"ылежят";"Друзья постарели, стали";"тяжелы";" ";"на подъем, Петюня и вовсе исчез";"Татьяна Толстая. Огонь и пыль (1986)";"Татьяна Толстая";"1951";"Огонь и пыль";"1986";"художественная";"";"";"";"";"";"омонимия не снята";"Огонь и пыль";"Tatyana Tolstaya";"Fire and dust";"";"1992";"496";"9312";"248";"3885";"rus";"eng";"США";"";"Друзья постарели, стали тяжелы на подъем, Петюня и вовсе исчез куда-то, яркие галстуки вышли из моды, Эля с Алешей завели новую капризную собаку, которую вечерами не на кого было оставить.";"3bc0b91b3d1344fe1b79ada630849d54:320:3";" Their friends grew old, it became harder for them to get themselves going, Petyunya had completely vanished somewhere, flashy ties went out of fashion, Elya and Alyosha got another unruly dog, and there was no one to leave it with evenings. ";"eng"
" ,йывилачлом оньловод ,кеволеч ьрепет лыб ,ьтадагу";"йылежят";"угадать, был теперь человек, довольно молчаливый,";"тяжелый";" ";"на подъем, совершенно неизвестно, что о";"Владимир Набоков. Защита Лужина (1929)";"Владимир Набоков";"1899";"Защита Лужина";"1929";"художественная";"";"";"";"";"";"омонимия не снята";"Защита Лужина";"Vladimir Nabokov";"Defence";"";"1963";"5630";"122217";"2815";"51672";"rus";"eng";"Великобритания, США";"";"И среди играющих, среди тех, к которым она выходила после пребывания в соседней комнате (где сидишь, ожидая, что тебя позовут, и честно напеваешь что-нибудь, чтобы только не подслушать, или открываешь случайную книгу, и, как освобожденная пружина, выскакивает кусочек романа, конец непонятного разговора), среди этих людей, мнение которых требовалось угадать, был теперь человек, довольно молчаливый, тяжелый на подъем, совершенно неизвестно, что о ней думающий.";"1348bc4aa9c425cd813453f1541426c5:1854:54";" And among the players, among those whom she joined after a stay in the next room (where you sat waiting to be called and conscientiously sang something so as not to overhear, or else opened a chance book, and like a Jack-in-the-box a passage from a novel would spring up, the end of an unintelligible conversation), among those people whose opinion she had to guess there was now a rather taciturn man, difficult to budge and thinking completely unknown things about her. ";"eng"
" латс ,яслиратсос мас и но ьрепеТ";"лежят";"Теперь он и сам состарился, стал";"тяжел";" ";"на подъем, и работу за него";"J. R. R. Tolkien. The Lord of the Rings: The Fellowship of the Ring (1954)";"J. R. R. Tolkien";"1892";"The Lord of the Rings: The Fellowship of the Ring";"1954";"художественная";"";"";"";"";"";"омонимия не снята";"The Lord of the Rings: The Fellowship of the Ring";"Джон Рональд Руэл Толкин";"Властелин колец: Братство кольца";"";"1982";"23436";"316643";"11718";"186177";"rus";"rus";"Великобритания";"";"Теперь он и сам состарился, стал тяжел на подъем, и работу за него почти всю справлял его младшенький, Сэм Скромби.";"8eca275ebcf4afaefc167433be07b53c:529:6";" Now that he was himself growing old and stiff in the joints, the job was mainly carried on by his youngest son, Sam Gamgee. ";"eng"
" ,йечивксом у оннебосо ,йедюл хынчодяроп у";"хылежят";"у порядочных людей, особенно у москвичей,";"тяжелых";" ";"на подъем, нерешительных, неизбежно вырастает в";"А. П. Чехов. Дама с собачкой (1899)";"А. П. Чехов";"1860";"Дама с собачкой";"1899";"художественная";"";"";"";"";"";"омонимия не снята";"Дама с собачкой";"Anton Chekhov";"Lady with Lapdog";"";"1900-1930";"652";"11619";"326";"5067";"rus";"eng";"Великобритания";"";"Опыт многократный, в самом деле горький опыт, научил его давно, что всякое сближение, которое вначале так приятно разнообразит жизнь и представляется милым и легким приключением, у порядочных людей, особенно у москвичей, тяжелых на подъем, нерешительных, неизбежно вырастает в целую задачу, сложную чрезвычайно, и положение в конце концов становится тягостным.";"ca3c4c7edab0f6a921dedb63f2cafc53:28:31";" Experience often repeated, truly bitter experience, had taught him long ago that with decent people, especially Moscow people ― always slow to move and irresolute ― every intimacy, which at first so agreeably diversifies life and appears a light and charming adventure, inevitably grows into a regular problem of extreme intricacy, and in the long run the situation becomes unbearable. ";"eng"
" я оН ";"лежят";"Но я";"тяжел";" ";"на подъем и опутан множеством внутренних";"F. Scott Fitzgerald. The Great Gatsby (1925)";"F. Scott Fitzgerald";"1896";"The Great Gatsby";"1925";"художественная";"";"";"";"";"";"омонимия не снята";"The Great Gatsby";"Ф. Скотт Фицджеральд";"Великий Гэтсби";"";"1965";"6954";"91193";"3477";"48606";"rus";"rus";"США";"";"Но я тяжел на подъем и опутан множеством внутренних правил, которые служат тормозом для моих желаний, и я твердо знал, что прежде всего должен выпутаться из того недоразумения дома.";"d19a67d456bee26ef58d02c2978d3cb1:2075:2";" But I am slow-thinking and full of interior rules that act as brakes on my desires, and I knew that first I had to get myself definitely out of that tangle back home. ";"eng"
