"Reversed left context";"Reversed center";"Left context";"Center";"Punct";"Right context";"Title";"Author";"Birthday";"Header";"Created";"Sphere";"Type";"Topic";"Publication";"Publ_year";"Medium";"Ambiguity";"Header";"Author_trans";"Header_trans";"Translator";"Date_trans";"Sentences";"Words";"Orig_sentences";"Orig_words";"Lang";"Lang_trans";"Lang_variant";"Dialect";"Full context";"Example source";"Para context 1";"Lang 1"
" отсорп ьтаМ ";"алунят";"Мать просто";"тянула";" ";"время.";"Emma Cline. The Girls (2016)";"Emma Cline";"1989";"The Girls";"2016";"художественная";"";"";"";"";"";"омонимия не снята";"The Girls";"Эмма Клайн";"Девочки";"";"2017";"12230";"150185";"6115";"80741";"rus";"rus";"США";"";"Я прокручивала в голове разные варианты.  Мать просто тянула время.  Прикидывала, как бы получше выставить Фрэнка вон из нашей жизни, сказать ему, чтоб не лез ко мне.";"ef632e22541e74a23699105fe920de5b:2909:2";" I cycled through the possibilities.  My mother was simply stalling.  She was taking a moment to figure out how best to drive Frank from our lives, to tell him I was no one else's business. ";"eng"
" ясьшеатыП ";"ьтунят";"Пытаешься";"тянуть";" ";"время, надеешься, что твой дурацкий леденец";"Sebastian de Castell. Traitor’s Blade (2014)";"Sebastian de Castell";"";"Traitor’s Blade";"2014";"художественная";"";"";"";"";"";"омонимия не снята";"Traitor’s Blade";"Себастьян де Кастелл";"Клинок предателя";"";"2020";"17354";"213743";"8677";"119777";"rus";"rus";"Канада";"";"Пытаешься тянуть время, надеешься, что твой дурацкий леденец сработает.";"c4b49e6c550c324699c84d1b213b2e1c:9431:1";" You're trying to bide your time, hoping your stupid little candy will work, but it takes longer than this, doesn't it?' ";"eng"
" …аровогод иьтатс евД ";"тунят";"Две статьи договора…";"тянут";" ";"время… подпись… бумаги… — Голос тонет в";"Jojo Moyes. Me Before You (2012)";"Jojo Moyes";"1969";"Me Before You";"2012";"художественная";"";"";"";"";"";"омонимия не снята";"Me Before You";"Джоджо Мойес";"До встречи с тобой";"";"2013";"22902";"229150";"11451";"129694";"rus";"rus";"Великобритания";"";"Две статьи договора… тянут время… подпись… бумаги… — Голос тонет в шуме проезжающего автомобиля, шины шуршат по мокрому асфальту.";"58ec84c599babae296f7f33817fce7e2:179:3";" Two clauses they're stalling on under section… signature… papers…' His voice is drowned out by a passing car, its tyres hissing in the wet. ";"eng"
" ен я еж кат ончоТ ";"унят";"Точно так же я не";"тяну";" ";"время, когда получаю серьезную травму.";"Nassim Nicholas Taleb. Antifragile: Things That Gain From Disorder (2012)";"Nassim Nicholas Taleb";"1960";"Antifragile: Things That Gain From Disorder";"2012";"учебно-научная, публицистика";"";"наука и технологии, философия";"";"";"";"омонимия не снята";"Antifragile: Things That Gain From Disorder";"Нассим Николас Талеб";"Антихрупкость. Как извлечь выгоду из хаоса";"";"2022";"16592";"336787";"8296";"180355";"rus";"rus";"США";"";"Точно так же я не тяну время, когда получаю серьезную травму.";"17154569778daa68a2de3fadfcd05453:3781:5";" I do not procrastinate after a severe injury. ";"eng"
" ано отч ,ежохоп олыб – …юанз еН";"тенят";"Не знаю… – было похоже, что она";"тянет";" ";"время или не знает, как ответить";"André Aciman. Call me by your name (2007)";"André Aciman";"1951";"Call me by your name";"2007";"художественная";"";"";"";"";"";"омонимия не снята";"Call me by your name";"Андре Асиман";"Назови меня своим именем";"";"2019";"10388";"141170";"5194";"78458";"rus";"rus";"США";"";"– Не знаю… – было похоже, что она тянет время или не знает, как ответить. – Читающие люди – скрытные.";"a58f2ae2382079b450a9d886ae9c0c27:4533:6";" “I don't know…” This was more her way of asking for time to think or to hedge before answering, “People who read are hiders. ";"eng"
" имабосопс имыбюл мотоп а ,рароног йикосыв";"ьтунят";"высокий гонорар, а потом любыми способами";"тянуть";" ";"время. До тех пор, пока ответчику";"Michael Crichton. NEXT (2006)";"Michael Crichton";"1942";"NEXT";"2006";"художественная";"";"";"";"";"";"омонимия не снята";"NEXT";"Майкл Крайтон";"NEXT";"";"2007";"21110";"215480";"10555";"109512";"rus";"rus";"США";"";"Главное здесь — назначить клиенту как можно более высокий гонорар, а потом любыми способами тянуть время. До тех пор, пока ответчику не осточертеют непрекращающиеся проволочки, переносы слушаний, вызовы новых и новых свидетелей и, разумеется, изо дня в день растущие расходы.";"9bebd6418c70982072881b587bbcbc96:1655:13";" The goal was to run the costs as high as you could and stretch the proceedings out as long as you could, because that way Barry earned the largest possible fees, and the spouse eventually got tired of the endless delays, the new filings, and of course the spiraling costs. ";"eng"
" отсорп нО ";"тенят";"Он просто";"тянет";" ";"время в ожидании более благоприятного момента.";"Richard Dawkins. The Selfish Gene (2006)";"Richard Dawkins";"1941";"The Selfish Gene";"2006";"учебно-научная";"";"";"";"";"";"омонимия не снята";"The Selfish Gene";"Ричард Докинз";"Эгоистичный ген";"";"2013";"11036";"216750";"5518";"115300";"rus";"rus";"Великобритания";"";"Он просто тянет время в ожидании более благоприятного момента.";"6dbf5a5aa147b7df70d5fda318347a04:4817:2";" He is biding his time, waiting for a more propitious moment. ";"eng"
" мозарбо еж микат тедуб ,ястизилбирп но";"ьтунят";"он приблизится, будет таким же образом";"тянуть";" ";"время, прежде чем допустит копуляцию.";"Richard Dawkins. The Selfish Gene (2006)";"Richard Dawkins";"1941";"The Selfish Gene";"2006";"учебно-научная";"";"";"";"";"";"омонимия не снята";"The Selfish Gene";"Ричард Докинз";"Эгоистичный ген";"";"2013";"11036";"216750";"5518";"115300";"rus";"rus";"Великобритания";"";"Перспектива бросить ее для него мало привлекательна, если он знает, что любая следующая самка, к которой он приблизится, будет таким же образом тянуть время, прежде чем допустит копуляцию.";"6dbf5a5aa147b7df70d5fda318347a04:6061:22";" There will be little temptation for him to desert her, if he knows that any future female he approaches will also procrastinate in the same manner before she will get down to business. ";"eng"
" ьсяаратс лис хесв ози ,анирбаС ьсаливиду";"ьтунят";"удивилась Сабрина, изо всех сил стараясь";"тянуть";" ";"время, чтобы хоть что-то придумать.";"Michael Buckley. The Sisters Grimm: The Unusual Suspects (2005)";"Michael Buckley";"1969";"The Sisters Grimm: The Unusual Suspects";"2005";"художественная";"";"";"";"";"";"омонимия не снята";"The Sisters Grimm: The Unusual Suspects";"Майкл Бакли";"Сестры Гримм: Тайна Алой Руки";"";"2007";"9422";"108278";"4711";"58639";"rus";"rus";"США";"";"— А я-то здесь при чем? — удивилась Сабрина, изо всех сил стараясь тянуть время, чтобы хоть что-то придумать.";"1e21edc7f21a9f6ee7325f5525fa33e3:8591:12";" ""What do I have to do with it? ""Sabrina asked, doing her best to buy time until she could come up with a plan. ";"eng"
" ,ьсаличум ,ьсалабелок Я ";"алунят";"Я колебалась, мучилась,";"тянула";" ";"время. Даже когда мне удавалось собраться";"Kate Fox. Watching the English: The Hidden Rules of Behaviour (2004)";"Kate Fox";"";"Watching the English: The Hidden Rules of Behaviour";"2004";"учебно-научная";"";"";"";"";"";"омонимия не снята";"Watching the English: The Hidden Rules of Behaviour";"Кейт Фокс";"Наблюдая за англичанами: скрытые правила поведения";"";"2008";"9658";"258647";"4829";"135556";"rus";"rus";"Великобритания";"";"Я колебалась, мучилась, тянула время. Даже когда мне удавалось собраться с духом, в последнюю минуту я теряла самообладание и смиренно плелась в хвост очереди, надеясь, что ни у кого не создалось впечатления, будто я даже в мыслях намеревалась пролезть без очереди.";"e942a1d8208258b0803d634c38c69929:3097:3";" I hesitated and agonized and procrastinated, and then even when I thought I had managed to steel myself, I would lose my nerve at the last minute, and slink humbly to the back of the queue, hoping no-one had noticed that I had even been considering jumping it. ";"eng"
" но ончыбО ";"лунят";"Обычно он";"тянул";" ";"время, как, скорее всего, и в";"Walter Isaacson. Benjamin Franklin: An American Life (2003)";"Walter Isaacson";"1952";"Benjamin Franklin: An American Life";"2003";"учебно-научная";"";"наука и технологии, история";"";"";"";"омонимия не снята";"Benjamin Franklin: An American Life";"Уолтер Айзексон";"Бенджамин Франклин. Биография";"";"2014";"16174";"343808";"8087";"182129";"rus";"rus";"США";"";"Обычно он тянул время, как, скорее всего, и в данном случае, подготавливая полный отчет, а не быстрое сообщение.";"81b6e1b6e410f8b1242cb9655e0bac1e:4533:2";" He usually waited, as he likely did in this case, to prepare a full account rather than a quick announcement. ";"eng"
" онвя нО ";"лунят";"Он явно";"тянул";" ";"время, пытаясь придумать правдоподобный ответ.";"Tess Gerritsen. The Apprentice (2002)";"Tess Gerritsen";"1953";"The Apprentice";"2002";"художественная";"";"";"";"";"";"омонимия не снята";"The Apprentice";"Тесс Герритсен";"Ученик";"";"2015";"18404";"175484";"9202";"95891";"rus";"rus";"США";"";"Он явно тянул время, пытаясь придумать правдоподобный ответ.";"259906a1aefabd07197b474ca45aed68:13759:2";" He was stalling for time, trying to come up with a believable answer. ";"eng"
" ,и лагебзи хи но :воткилфнок мовтснишьлоб";"вунят";"большинством конфликтов: он их избегал и,";"тянув";" ";"время, он отменял сделку.";"Charles R. Cross. Heavier Than Heaven (2001)";"Charles R. Cross";"1975";"Heavier Than Heaven";"2001";"публицистика";"";"частная жизнь, искусство и культура";"";"";"";"омонимия не снята";"Heavier Than Heaven";"Чарльз Кросс";"Тяжелее Небес: Жизнь и смерть Курта Кобейна";"";"2021";"15128";"273446";"7564";"143069";"rus";"rus";"США";"";"Курт справился с этой ситуацией так, как он имел дело с большинством конфликтов: он их избегал и, тянув время, он отменял сделку.";"062510b66d8f2a1c6f2278f9937aac95:13281:17";" Kurt handled this situation as he dealt with most conflict: He avoided it, and by stalling, he killed the deal. ";"eng"
" Я ";"унят";"Я";"тяну";" ";"время, долго откашливаюсь и затем пытаюсь";"Robert Sapolsky. A Primate’s Memoir (2001)";"Robert Sapolsky";"1957";"A Primate’s Memoir";"2001";"учебно-научная, публицистика";"";"";"";"";"";"омонимия не снята";"A Primate’s Memoir";"Роберт Сапольски";"Записки примата: Необычайная жизнь учёного среди павианов";"";"2018";"13280";"230051";"6640";"126204";"rus";"rus";"США";"";"Я тяну время, долго откашливаюсь и затем пытаюсь свести дело к компромиссу.";"3c38f8c8fac54291f66017e902a902a3:1885:1";" I hem and haw, and come up with an attempt at a compromise: ";"eng"
" но ,восач хикьлоксен еинечет в овтсйибу";"лунят";"убийство в течение нескольких часов, он";"тянул";" ";"время.";"Tess Gerritsen. The Surgeon (2001)";"Tess Gerritsen";"1953";"The Surgeon";"2001";"художественная";"";"";"";"";"";"омонимия не снята";"The Surgeon";"Тесс Герритсен";"Хирург";"";"2010";"19392";"184067";"9696";"99265";"rus";"rus";"США";"";"Вместо того чтобы завершить убийство в течение нескольких часов, он тянул время.";"c4f2889da656749cf731cc2693e6d4ea:9119:10";" Instead of completing his kill within a few hours, he had delayed. ";"eng"
" и ― ,еинербодоен еовс угурК ьтазаксыв кимярпан";"лунят";"напрямик высказать Кругу свое неодобрение, ― и";"тянул";" ";"время, рассуждая о политике.";"Vladimir Nabokov. Bend Sinister (1947)";"Vladimir Nabokov";"1899";"Bend Sinister";"1947";"художественная";"";"";"";"";"";"омонимия не снята";"Bend Sinister";"Владимир Набоков";"Под знаком незаконнорожденных";"";"1993";"7622";"121858";"3811";"67415";"rus";"rus";"Великобритания, США";"";"В данный момент он собирался с духом, намереваясь напрямик высказать Кругу свое неодобрение, ― и тянул время, рассуждая о политике.";"24cf411b504f8b3a4c2edc296534e8ca:2413:14";" At the present moment he was bracing himself to give a piece of his mind to Krug, and was playing for time by talking politics. ";"eng"
" онвя инО ";"илунят";"Они явно";"тянули";" ";"время.";"Vladimir Nabokov. Bend Sinister (1947)";"Vladimir Nabokov";"1899";"Bend Sinister";"1947";"художественная";"";"";"";"";"";"омонимия не снята";"Bend Sinister";"Владимир Набоков";"Под знаком незаконнорожденных";"";"1993";"7622";"121858";"3811";"67415";"rus";"rus";"Великобритания, США";"";"Все они были страсть как подобострастны, раболепствовали перед Кругом, предлагая ему душ, услуги хорошенькой masseuse, губную гармонику, реквизированную у одного из больных, кружку пива, коньяк, завтрак, утреннюю газету, побриться, перекинуться в карты, новый костюм, все что угодно.  Они явно тянули время.  Наконец Круга ввели в просмотровый зал.";"24cf411b504f8b3a4c2edc296534e8ca:6945:2";" They were all horribly obsequious, toadying to Krug, offering him a shower bath, the assistance of a pretty masseuse, a mouth organ requisitioned from an inmate, a glass of beer, brandy, breakfast, the morning paper, a shave, a game of cards, a suit of clothes, anything.  They were obviously playing for time.  Finally Krug was ushered into a projection hall. ";"eng"
" — алгом как алилдем ано ,удов яаватсоД";"алунят";"Доставая воду, она медлила как могла —";"тянула";" ";"время — и поминутно бегала поглядеть, не";"Margaret Mitchell. Gone with the Wind, Part 1 (1936)";"Margaret Mitchell";"1900";"Gone with the Wind, Part 1";"1936";"художественная";"";"";"";"";"";"омонимия не снята";"Gone with the Wind, Part 1";"Маргарет Митчелл";"Унесённые ветром, ч. 1";"";"1982";"25706";"403929";"12853";"209514";"rus";"rus";"США";"";"Доставая воду, она медлила как могла — тянула время — и поминутно бегала поглядеть, не идет ли Присси.";"b1a6e9a3c23689e80357c5e30e2d9a2f:16629:6";" She took as long a time as possible in getting the water, running to the front door every two minutes to see if Prissy were coming. ";"eng"
