"Reversed left context";"Reversed center";"Left context";"Center";"Punct";"Right context";"Title";"Author";"Birthday";"Header";"Created";"Sphere";"Type";"Topic";"Publication";"Publ_year";"Medium";"Ambiguity";"Header";"Author_trans";"Header_trans";"Translator";"Date_trans";"Sentences";"Words";"Orig_sentences";"Orig_words";"Lang";"Lang_trans";"Lang_variant";"Dialect";"Full context";"Example source";"Para context 1";"Lang 1"
" гнибиТ И ― ";"лазаку";"― И Тибинг";"указал";" ";"на дверь.";"Dan Brown. The Da Vinci Code (2003)";"Dan Brown";"1964";"The Da Vinci Code";"2003";"художественная";"";"";"";"";"";"омонимия не снята";"The Da Vinci Code";"Дэн Браун";"Код Да Винчи";"";"2004";"23810";"268080";"11905";"139806";"rus";"rus";"США";"";"― Я сам ими займусь!  ― И Тибинг указал на дверь.  В комнате воцарилась напряженная тишина. Реми вышел, точно побитая собака.";"add6866690bf4af011e7eb199aba2d38:13603:2";" ""I'll handle this. "" Teabing pointed to the hallway.  After a moment of stunned silence, Rémy skulked out like a banished dog. ";"eng"
" мотсеж касроК — ";"лазаку";"— Корсак жестом";"указал";" ";"на дверь.";"Tess Gerritsen. The Apprentice (2002)";"Tess Gerritsen";"1953";"The Apprentice";"2002";"художественная";"";"";"";"";"";"омонимия не снята";"The Apprentice";"Тесс Герритсен";"Ученик";"";"2015";"18404";"175484";"9202";"95891";"rus";"rus";"США";"";"— Да уж, ничего не скажешь… Спальня здесь.  — Корсак жестом указал на дверь.  Она остановилась на пороге спальни.";"259906a1aefabd07197b474ca45aed68:905:2";" “Yeah, whatever. Bedroom's in here.”  He pointed through the doorway.  She stopped at the threshold. ";"eng"
" релоК ― …одраноеЛ тенибак отЭ ― ";"лазаку";"― Это кабинет Леонардо… ― Колер";"указал";" ";"на дверь. ― Думаю, после его осмотра";"Dan Brown. Angels and Demons (2000)";"Dan Brown";"1964";"Angels and Demons";"2000";"художественная";"";"";"";"";"";"омонимия не снята";"Angels and Demons";"Дэн Браун";"Ангелы и демоны";"";"2004";"16144";"298893";"8072";"150396";"rus";"rus";"США";"";"― Это кабинет Леонардо… ― Колер указал на дверь. ― Думаю, после его осмотра вы несколько измените свое мнение.";"516f8420ab7d29d361213657275ee895:1321:4";" ""This is Leonardo's study, ""Kohler said, motioning to the sliding door. ""Perhaps when you see it you'll understand things differently. """;"eng"
" моквик мыньлетишер и коб в меткол";"алазаку";"локтем в бок и решительным кивком";"указала";" ";"на двери замка.";"J. K. Rowling. Harry Potter and the Prisoner of Azkaban (1999)";"J. K. Rowling";"1965";"Harry Potter and the Prisoner of Azkaban";"1999";"художественная";"";"";"";"";"";"омонимия не снята";"Harry Potter and the Prisoner of Azkaban";"Дж. К. Роулинг";"Гарри Поттер и узник Азкабана";"";"2002";"16396";"194597";"8198";"108830";"rus";"rus";"Великобритания";"";"Рон хотел было что-то сказать, но Гермиона чувствительно толкнула его локтем в бок и решительным кивком указала на двери замка.";"89bcf033d380f4be17459dd58609ff8f:11649:16";" Ron opened his mouth to say something, but Hermione nudged him hard in the ribs and jerked her head towards the Entrance Hall. ";"eng"
" и учелп оп оге лаполхоп ,ыцинтохО";"лазаку";"Охотницы, похлопал его по плечу и";"указал";" ";"на двери.";"Neil Gaiman. Neverwhere (1993)";"Neil Gaiman";"1960";"Neverwhere";"1993";"художественная";"";"";"";"";"";"омонимия не снята";"Neverwhere";"Нил Гейман";"Никогде";"";"2006";"18264";"177195";"9132";"99548";"rus";"rus";"Великобритания";"";"– Тебе выходить, – сообщил граф, вернул Ричарду нож – нож Охотницы, похлопал его по плечу и указал на двери.";"46b35f98532d2e0bc79832ff21e3767d:16973:14";" “This is where you get off,” said the earl. He gave Richard his knife — Hunter's knife — once more, patted him on the back, and pointed toward the door. ";"eng"
" ирраГ ,вунвиК ";"лазаку";"Кивнув, Гарри";"указал";" ";"на дверь, которая, насколько помнил Ричард";"Neil Gaiman. Neverwhere (1993)";"Neil Gaiman";"1960";"Neverwhere";"1993";"художественная";"";"";"";"";"";"омонимия не снята";"Neverwhere";"Нил Гейман";"Никогде";"";"2006";"18264";"177195";"9132";"99548";"rus";"rus";"Великобритания";"";"Кивнув, Гарри указал на дверь, которая, насколько помнил Ричард, вела в архив.";"46b35f98532d2e0bc79832ff21e3767d:17375:2";" Gary nodded. He pointed to a door that had, for as long as Richard had been there, been the door to the executive files and supplies room. ";"eng"
" и ьсалунребо акшувед — ,етиртомС — ";"алазаку";"— Смотрите, — девушка обернулась и";"указала";" ";"на дверь в склоне холма.";"Clive Staples Lewis. The Chronicles of Narnia. The Voyage of the ‘Dawn Treader’ (1952)";"Clive Staples Lewis";"1898";"The Chronicles of Narnia. The Voyage of the ‘Dawn Treader’";"1952";"художественная";"";"";"";"";"";"омонимия не снята";"The Chronicles of Narnia. The Voyage of the ‘Dawn Treader’";"Клайв Стейплз Льюис";"Хроники Нарнии. Плавание «Утреннего Путника»";"";"1991";"6782";"99104";"3391";"53138";"rus";"rus";"Великобритания";"";"— Смотрите, — девушка обернулась и указала на дверь в склоне холма.";"9900890b5211ff4ad94d2a1688ace777:5505:4";" “Look,” said the girl, turning round and pointing at the door in the hillside. ";"eng"
" ашпарА ";"лазаку";"Арапша";"указал";" ";"на дверь: – Здесь отдыхает жена джихангира";"Василий Ян. Батый (1942)";"Василий Ян";"1875";"Батый";"1942";"художественная";"";"";"";"";"";"омонимия не снята";"Батый";"Vasili Yan";"Batu-Khan";"";"1945";"21164";"255403";"10582";"109049";"rus";"eng";"Великобритания";"";"Арапша указал на дверь: – Здесь отдыхает жена джихангира, отхан-хатун.";"f86d39c8e88de6f75327d0765be4505f:18012:1";" Arapsha pointed to a door. ""Here, the otkhan-khatun, wife of the jahan-gir, is resting. ";"eng"
" и ,оцил в уме коталп тотэ";"тежаку";"этот платок ему в лицо, и";"укажет";" ";"на дверь, и никогда, никогда больше";"Margaret Mitchell. Gone with the Wind, Part 1 (1936)";"Margaret Mitchell";"1900";"Gone with the Wind, Part 1";"1936";"художественная";"";"";"";"";"";"омонимия не снята";"Gone with the Wind, Part 1";"Маргарет Митчелл";"Унесённые ветром, ч. 1";"";"1982";"25706";"403929";"12853";"209514";"rus";"rus";"США";"";"Она бросит этот платок ему в лицо, и укажет на дверь, и никогда, никогда больше не перемолвится с ним ни единым словом.";"b1a6e9a3c23689e80357c5e30e2d9a2f:11321:8";" She would take this handkerchief and fling it in his face and show him the door and never, never speak to him again. ";"eng"
" ми ым отч умотоП ";"межаку";"Потому что мы им";"укажем";" ";"на дверь, чтобы они убирались вон!";"Kenneth Grahame. The Wind in the Willows (1908)";"Kenneth Grahame";"1859";"The Wind in the Willows";"1908";"художественная";"";"";"";"";"";"омонимия не снята";"The Wind in the Willows";"Кеннет Грэм";"Ветер в ивах";"";"1988";"5292";"91429";"2646";"49543";"rus";"rus";"Великобритания";"";"Потому что мы им укажем на дверь, чтобы они убирались вон!";"257f794b8b313de9f338450f793bcc1d:4719:4";"` We want to LEARN' em ― learn' em, learn' em! ";"eng"
" анО ";"алазаку";"Она";"указала";" ";"на дверь столовой.";"И. С. Тургенев. Несчастная (1868)";"И. С. Тургенев";"1818";"Несчастная";"1868";"художественная";"";"";"";"";"";"омонимия не снята";"Несчастная";"Ivan Turgenev";"An Unhappy Girl";"";"1899";"3788";"50802";"1894";"22385";"rus";"eng";"Великобритания";"";"Из гостиной выглянуло заспанное лицо служанки; промолвив вполголоса: ""Поклониться пришли?  Она указала на дверь столовой.  Я вошел.";"a1b4f3192f4f99e30ec1eb0eb0503fe9:3258:1";" From the drawing-room peeped out the sleepy face of a servant girl, who murmured in a subdued voice,' Come to do homage to the dead? ' She indicated the door of the dining-room.  I went in. ";"eng"
" емод мондо в увтсьлетяис умешав дазан";"илазаку";"назад вашему сиятельству в одном доме";"указали";" ";"на дверь; а теперь я не";"И. С. Тургенев. Первая любовь (1860)";"И. С. Тургенев";"1818";"Первая любовь";"1860";"художественная";"";"";"";"";"";"омонимия не снята";"Первая любовь";"Ivan Turgenev";"First Love";"";"1897";"2762";"43318";"1381";"18811";"rus";"eng";"Великобритания";"";"Помнится, я пробродил целый день, но в сад не заходил и ни разу не взглянул на флигель, а вечером я был свидетелем удивительного происшествия: отец мой вывел графа Малевского под руку через залу в переднюю и, в присутствии лакея, холодно сказал ему: ""Несколько дней тому назад вашему сиятельству в одном доме указали на дверь; а теперь я не буду входить с вами в объяснения, но имею честь вам доложить, что если вы еще раз пожалуете ко мне, то я вас выброшу в окошко.";"728b82d436d2a19a179249ba4728ae1e:2368:51";" I remember I wandered about the whole day, but did not go into the garden, and never once glanced at the lodge, and in the evening I was the spectator of an amazing occurrence: my father conducted Count Malevsky by the arm through the dining-room into the hall, and, in the presence of a footman, said icily to him:' A few days ago your excellency was shown the door in our house; and now I am not going to enter into any kind of explanation with you, but I have the honour to announce to you that if you ever visit me again, I shall throw you out of window. ";"eng"
" умогурд и умот и ано отч";"алазаку";"что она и тому и другому";"указала";" ";"на дверь.";"Robert Louis Stevenson. Kidnapped (1886)";"Robert Louis Stevenson";"1850";"Kidnapped";"1886";"художественная";"";"";"";"";"";"омонимия не снята";"Kidnapped";"Роберт Луис Стивенсон";"Похищенный";"";"1967";"7020";"146548";"3510";"80444";"rus";"rus";"Великобритания";"";"Оба молили ее на коленях, и дело кончилось тем, что она и тому и другому указала на дверь.";"b1442d947f941d6612bea226225d7e39:6463:15";" Both got upon their knees to her; and the upshot of the matter for that while was that she showed both of them the door. ";"eng"
" идеЛ ";"алазаку";"Леди";"указала";" ";"на дверь.";"Charles Dickens. The Posthumous Papers of the Pickwick Club (1836-1837)";"Charles Dickens";"1812";"The Posthumous Papers of the Pickwick Club";"1836-1837";"художественная";"";"";"";"";"";"омонимия не снята";"The Posthumous Papers of the Pickwick Club";"Чарльз Диккенс";"Посмертные записки Пиквикского клуба";"";"1933";"31534";"516076";"15767";"287005";"rus";"rus";"Великобритания";"";"Я, я очень сожалею, сударыня, ― продолжал мистер Пиквик, появляясь из-за кровати, ― что помимо своей воли был виновником этой тревоги и волнения, глубоко сожалею, сударыня.  Леди указала на дверь.  Одна из превосходных черт характера мистера Пиквика великолепно проявилась в этот момент при крайне тяжелых обстоятельствах.";"44c1add02382c6859cb2b4883cdab3f3:11083:1";" I, I am very sorry, ma'am,' said Mr. Pickwick, making his appearance at the bottom of the bed,' to have been the innocent occasion of this alarm and emotion; deeply sorry, ma'am.'  The lady pointed to the door.  One excellent quality of Mr. Pickwick's character was beautifully displayed at this moment, under the most trying circumstances. ";"eng"
