"Reversed left context";"Reversed center";"Left context";"Center";"Punct";"Right context";"Title";"Author";"Birthday";"Header";"Created";"Sphere";"Type";"Topic";"Publication";"Publ_year";"Medium";"Ambiguity";"Header";"Author_trans";"Header_trans";"Translator";"Date_trans";"Sentences";"Words";"Orig_sentences";"Orig_words";"Lang";"Lang_trans";"Lang_variant";"Dialect";"Full context";"Example source";"Para context 1";"Lang 1"
" унолс мопрес ,огот еморк ,отч ,латич";"тужер";"читал, что, кроме того, серпом слону";"режут";" ";"уши, если он вдруг выходит из-под";"Henry Marsh. Admissions: A Life in Brain Surgery (2017)";"Henry Marsh";"1950";"Admissions: A Life in Brain Surgery";"2017";"учебно-научная, публицистика";"";"наука и технологии, философия";"";"";"";"омонимия не снята";"Admissions: A Life in Brain Surgery";"Генри Марш";"Призвание. О выборе, долге и нейрохирургии";"";"2017";"8520";"155003";"4260";"83634";"rus";"rus";"Великобритания";"";"Я читал, что, кроме того, серпом слону режут уши, если он вдруг выходит из-под контроля.";"29dc981bb4d5249a19546f0c0fbdc3f9:4429:7";" The sickle, I had read, could also be used to cut the elephant's ears if it became difficult to control. ";"eng"
" ,юавысипаз я еыроток ,хазакссар в онняотсоП";"тужер";"Постоянно в рассказах, которые я записываю,";"режут";" ";"ухо слова: «стрелять», «расстрелять», «ликвидировать», «пустить";"Светлана Алексиевич. Время секонд хэнд (2013)";"Светлана Алексиевич";"1948";"Время секонд хэнд";"2013";"художественная, публицистика";"";"";"";"";"";"омонимия не снята";"Время секонд хэнд";"Svetlana Alexievich";"Secondhand Time";"";"2016";"25158";"324997";"12579";"131168";"rus";"eng";"США";"";"Постоянно в рассказах, которые я записываю, режут ухо слова: «стрелять», «расстрелять», «ликвидировать», «пустить в расход» или такие советские варианты исчезновения, как: «арест», «десять лет без права переписки», «эмиграция».";"52c856c99bb936c84da0bfb0ca2f4218:34:6";" The stories people tell me are full of jarring terms: “shoot,” “execute,” “liquidate,” “eliminate,” or typically Soviet varieties of disappearance such as “arrest,” “ten years without the right of correspondence,” and “emigration.” ";"eng"
" ,юувотсиен в хи яащарверп ,асолог илажарто";"юущужер";"отражали голоса, превращая их в неистовую,";"режущую";" ";"ухо какофонию.";"Michael Connelly. City Of Bones (2002)";"Michael Connelly";"1956";"City Of Bones";"2002";"художественная";"";"";"";"";"";"омонимия не снята";"City Of Bones";"Майкл Коннели";"Город костей";"";"2006";"19928";"179121";"9964";"102852";"rus";"rus";"США";"";"Мраморный пол и высокий потолок отражали голоса, превращая их в неистовую, режущую ухо какофонию.";"3143a5bab28226b1f70031064021b69a:16191:11";" The marble floor and high ceiling took all of the voices and multiplied them into a fierce cacophony of white noise. ";"eng"
" – йиволсовалс ешьнемоп ыб ьсолетох оН .анилатС";"тужер";"Сталина. Но хотелось бы поменьше славословий –";"режут";" ";"ухо.";"Анатолий Рыбаков. Дети Арбата (1966-1983)";"Анатолий Рыбаков";"1911";"Дети Арбата";"1966-1983";"художественная";"";"";"";"";"";"омонимия не снята";"Дети Арбата";"Anatoly Rybakov";"Children of the Arbat";"";"1989";"30920";"396402";"15460";"162911";"rus";"eng";"Великобритания";"";"Я ведь тоже за Сталина. Но хотелось бы поменьше славословий – режут ухо.";"4b2ac83dc5cc44d4f433357c114f6b48:704:10";" I mean, I' m for Stalin, but I just wish there was a bit less glorification. It grates on me. ";"eng"
" ,итсонворен тюазечси екувз оге В .ястеавинавзыв";"еищужер";"вызванивается. В его звуке исчезают неровности,";"режущие";" ";"ухо, и тогда-то звон этот зовут";"В. Г. Короленко. Слепой музыкант (1898)";"В. Г. Короленко";"1853";"Слепой музыкант";"1898";"художественная";"";"";"";"";"";"омонимия не снята";"Слепой музыкант";"Vladimir Korolenko";"The Blind Musician";"";"1954";"4840";"84416";"2420";"35489";"rus";"eng";"СССР/Россия";"";"Когда колокольчик долго был в употреблении, то он, как говорят любители, вызванивается. В его звуке исчезают неровности, режущие ухо, и тогда-то звон этот зовут малиновым.";"0a98e71bdd1566ef80011fdcf2c93e17:3924:17";" Sleigh bells, carriage bells — while they're still new, their tinkling is liable to be sharp, uneven, unpleasant to the ear; but when they've been long in use they' ring into their own', as lovers of their music put it, and attain this' crimson'chime. ";"eng"
" ,йыннартс — лачроваз но авонС ";"йищужер";"Снова он заворчал — странный,";"режущий";" ";"ухо звук, смесь электрического жужжания, шипения";"Ray Bradbury. Fahrenheit 451 (1953)";"Ray Bradbury";"1920";"Fahrenheit 451";"1953";"художественная";"";"";"";"";"";"омонимия не снята";"Fahrenheit 451";"Рэй Брэдбери";"451 по Фаренгейту";"";"1956";"8232";"87474";"4116";"45826";"rus";"rus";"США";"";"Снова он заворчал — странный, режущий ухо звук, смесь электрического жужжания, шипения масла на сковороде и металлического скрежета, словно пришел в движение какой-то ветхий, давно заброшенный механизм, скрипучий от ржавчины и стариковской подозрительности.";"efd42b027d9a066e4707df05161aae36:1131:4";" It growled again, a strange rasping combination of electrical sizzle, a frying sound, a scraping of metal, a turning of cogs that seemed rusty and ancient with suspicion. ";"eng"
" ,йыньлетишулгО ";"йищужер";"Оглушительный,";"режущий";" ";"ухо скрежет — и в небе пронеслись";"Ray Bradbury. Fahrenheit 451 (1953)";"Ray Bradbury";"1920";"Fahrenheit 451";"1953";"художественная";"";"";"";"";"";"омонимия не снята";"Fahrenheit 451";"Рэй Брэдбери";"451 по Фаренгейту";"";"1956";"8232";"87474";"4116";"45826";"rus";"rus";"США";"";"Оглушительный, режущий ухо скрежет — и в небе пронеслись ракетные самолеты, они исчезли раньше, чем путники успели поднять головы, самолеты летели со стороны города.";"efd42b027d9a066e4707df05161aae36:7803:1";" There was a shriek and the jets from the city were gone overhead long before the men looked up. ";"eng"
" ен ьнарб и ьтсокзер отч ,тидохыв";"тужер";"выходит, что резкость и брань не";"режут";" ";"уха и к ним скоро привыкаешь.";"А. П. Чехов. Скучная история (1889)";"А. П. Чехов";"1860";"Скучная история";"1889";"художественная";"";"";"";"";"";"омонимия не снята";"Скучная история";"Anton Chekhov";"A Dreary Story";"";"1900-1930";"2728";"41828";"1364";"18091";"rus";"eng";"Великобритания";"";"Суждения его всегда резки, бранчивы, но благодаря мягкому, ровному, шутливому тону как-то так выходит, что резкость и брань не режут уха и к ним скоро привыкаешь.";"5a4104b65d5d166228319ec317b87906:1440:19";" His judgments are always harsh and railing, but, thanks to his soft, even, jesting tone, the harshness and abuse do not jar upon the ear, and one soon grows used to them. ";"eng"
" акызуМ ";"алазер";"Музыка";"резала";" ";"уши.";"Ernest Hemingway. The Sun Also Rises (1926)";"Ernest Hemingway";"1899";"The Sun Also Rises";"1926";"художественная";"";"";"";"";"";"омонимия не снята";"The Sun Also Rises";"Эрнест Хемингуэй";"Фиеста (И восходит солнце)";"";"1935";"15646";"124370";"7823";"68860";"rus";"rus";"США";"";"У Зелли было тесно, дымно и шумно.  Музыка резала уши.  Мы с Брет танцевали.";"b7ee784d3c8ecd8aa42512e15ced7e30:3995:1";" Inside Zelli's it was crowded, smoky, and noisy.  The music hit you as you went in.  Brett and I danced. ";"eng"
" ясладзар яиначлом идерс гурдВ ";"йищужер";"Вдруг среди молчания раздался";"режущий";" ";"ухо голос Николая: ― А зачем это";"Максим Горький. Мать (1906)";"Максим Горький";"1868";"Мать";"1906";"художественная";"";"";"";"";"";"омонимия не снята";"Мать";"Maxime Gorky";"Mother";"";"1921";"15416";"204312";"7708";"82513";"rus";"eng";"Великобритания";"";"Вдруг среди молчания раздался режущий ухо голос Николая: ― А зачем это нужно ― бросать книги на пол?";"f5927bc3f5e116d3200e8287a86dce24:1848:4";" Suddenly the piercing voice of Nikolay cut into the silence: ""Why is it necessary to throw the books on the floor? """;"eng"
