"Reversed left context";"Reversed center";"Left context";"Center";"Punct";"Right context";"Title";"Author";"Birthday";"Header";"Created";"Sphere";"Type";"Topic";"Publication";"Publ_year";"Medium";"Ambiguity";"Header";"Author_trans";"Header_trans";"Translator";"Date_trans";"Sentences";"Words";"Orig_sentences";"Orig_words";"Lang";"Lang_trans";"Lang_variant";"Dialect";"Full context";"Example source";"Para context 1";"Lang 1"
" я ,ьджод итйоп лыб нежлод тов-тов";"яслатавх";"вот-вот должен был пойти дождь, я";"хватался";" ";"за голову.";"Davies Hunter. The Beatles (2009)";"Davies Hunter";"1936";"The Beatles";"2009";"публицистика";"";"частная жизнь, искусство и культура";"";"";"";"омонимия не снята";"The Beatles";"Дэвис Хантер";"Битлз. Авторизованная биография";"";"2017";"19102";"256628";"9551";"135825";"rus";"rus";"США";"";"Когда перед концертом на открытом воздухе собирались тучи, и вот-вот должен был пойти дождь, я хватался за голову.";"709f915a7285306ee9b879f3b13bd5b0:11555:15";"' When it looked like rain in the open air I used to be scared stiff. ";"eng"
" ино а ,ым мировог ,теуделс как";"ястюатавх";"как следует, говорим мы, а они";"хватаются";" ";"за голову и начинают размышлять.";"Davies Hunter. The Beatles (2009)";"Davies Hunter";"1936";"The Beatles";"2009";"публицистика";"";"частная жизнь, искусство и культура";"";"";"";"омонимия не снята";"The Beatles";"Дэвис Хантер";"Битлз. Авторизованная биография";"";"2017";"19102";"256628";"9551";"135825";"rus";"rus";"США";"";"Давайте-ка воткнем вам как следует, говорим мы, а они хватаются за голову и начинают размышлять.";"709f915a7285306ee9b879f3b13bd5b0:15447:10";" Let's stick that in there, we say, that'll start them puzzling. ";"eng"
" ассалк огендерс вохрев и автсещбо огешсыв";"ястюатавх";"высшего общества и верхов среднего класса";"хватаются";" ";"за головы, когда их дети перенимают";"Kate Fox. Watching the English: The Hidden Rules of Behaviour (2004)";"Kate Fox";"";"Watching the English: The Hidden Rules of Behaviour";"2004";"учебно-научная";"";"";"";"";"";"омонимия не снята";"Watching the English: The Hidden Rules of Behaviour";"Кейт Фокс";"Наблюдая за англичанами: скрытые правила поведения";"";"2008";"9658";"258647";"4829";"135556";"rus";"rus";"Великобритания";"";"Мамочки из высшего общества и верхов среднего класса хватаются за головы, когда их дети перенимают это слово у своих добрых нянь, принадлежащих к более низкому сословию, и потом очень долго переучивают своих чад, заставляя их говорить «napkin».";"e942a1d8208258b0803d634c38c69929:1377:8";" Upper-middle and upper-class mothers get very upset when their children learn to say' serviette'from well-meaning lower-class nannies, and have to be painstakingly retrained to say' napkin'. ";"eng"
" нО ";"ястеатавх";"Он";"хватается";" ";"за голову, кричит: ""Пусто, пусто!"" ― вызывая";"Robert Sapolsky. A Primate’s Memoir (2001)";"Robert Sapolsky";"1957";"A Primate’s Memoir";"2001";"учебно-научная, публицистика";"";"";"";"";"";"омонимия не снята";"A Primate’s Memoir";"Роберт Сапольски";"Записки примата: Необычайная жизнь учёного среди павианов";"";"2018";"13280";"230051";"6640";"126204";"rus";"rus";"США";"";"Он хватается за голову, кричит: ""Пусто, пусто!"" ― вызывая еще большую панику.";"3c38f8c8fac54291f66017e902a902a3:10921:1";" He clutches his head, cries, ""Empty, empty, ""causing more panic. ";"eng"
" ,лоп ан ястилав анО ";"ьсяатавх";"Она валится на пол,";"хватаясь";" ";"за голову.";"Robert Sapolsky. A Primate’s Memoir (2001)";"Robert Sapolsky";"1957";"A Primate’s Memoir";"2001";"учебно-научная, публицистика";"";"";"";"";"";"омонимия не снята";"A Primate’s Memoir";"Роберт Сапольски";"Записки примата: Необычайная жизнь учёного среди павианов";"";"2018";"13280";"230051";"6640";"126204";"rus";"rus";"США";"";"Она валится на пол, хватаясь за голову.";"3c38f8c8fac54291f66017e902a902a3:10927:4";" She drops to the floor, clutching her head. ";"eng"
" ,знуоВ лажзиваз – !тен ,тен ,теН – ";"ьсяатавх";"– Нет, нет, нет! – завизжал Воунз,";"хватаясь";" ";"за голову. – Я не это имел";"Terry Pratchett. Guards! Guards! (1989)";"Terry Pratchett";"1948";"Guards! Guards!";"1989";"художественная";"";"";"";"";"";"омонимия не снята";"Guards! Guards!";"Терри Пратчетт";"Стража! Стража!";"";"2020";"17614";"190939";"8807";"98029";"rus";"rus";"Великобритания";"";"– Нет, нет, нет! – завизжал Воунз, хватаясь за голову. – Я не это имел в виду!";"c2e7f1ce36a69de8129b3884a6c8ee28:12387:5";" ""No, no, no! ""squeaked Wonse, clutching his head. ""I didn't mean that! ";"eng"
" ,ытекна яянлопаз ,лелм ,имачон лапс ен";"яслатавх";"не спал ночами, млел, заполняя анкеты,";"хватался";" ";"за голову, думая о том, что";"Василий Гроссман. Жизнь и судьба, ч. 3 (1960)";"Василий Гроссман";"1905";"Жизнь и судьба, ч. 3";"1960";"художественная";"";"";"";"";"";"омонимия не снята";"Жизнь и судьба, ч. 3";"Vasily Grossman";"Life and fate. Part 3";"";"1985";"10828";"166690";"5414";"70645";"rus";"eng";"Великобритания";"";"Неужели Виктор Павлович метался, не спал ночами, млел, заполняя анкеты, хватался за голову, думая о том, что говорили о нем на ученом совете, вспоминал свои грехи, мысленно каялся и просил прощения, ждал ареста, думал о нищете, замирал, предвкушая разговор с паспортисткой, с девицей из карточного бюро!";"39536018a7f64c8564e917406293ef8e:6302:10";" Was this really the same Viktor Pavlovich who had tossed about in bed and been unable to sleep, who had lost his head over some questionnaire, who had scratched himself as he wondered anxiously what had been said about him at the Scientific Council, who had gone over his sins one by one, who had repented – at least in thought – and begged for forgiveness, who had expected to be arrested or to live the rest of his life in poverty, who had trembled at the thought of talking to a girl at the passport office or the rations desk? ";"eng"
" ,отч ,ябес в леширп окьлотсан нО";"ьсяатавх";"Он настолько пришел в себя, что,";"хватаясь";" ";"за голову, сумел сообразить, что шляпа";"Михаил Булгаков. Мастер и Маргарита (1929-1940)";"Михаил Булгаков";"1891";"Мастер и Маргарита";"1929-1940";"художественная";"";"";"";"";"";"омонимия не снята";"Мастер и Маргарита";"Mikhail Bulgakov";"Master and Margarita";"";"1979";"16426";"258609";"8213";"113104";"rus";"eng";"США";"";"Он настолько пришел в себя, что, хватаясь за голову, сумел сообразить, что шляпа его осталась в кабинете.";"837d64d30f4e8ff87ef2f71e79dfe19b:6302:6";" He recovered his senses enough to realize, clutching his head, that his hat had stayed behind in the office. ";"eng"
" ,латохох но — ,янем ,янем ,агребнедьлоГ укширГ";"ьсяатавх";"Гришку Гольденберга, меня, меня, — он хохотал,";"хватаясь";" ";"за голову, — не хотят никуда выбирать!";"Юрий Трифонов. Нетерпение (1973)";"Юрий Трифонов";"1925";"Нетерпение";"1973";"художественная";"";"";"";"";"";"омонимия не снята";"Нетерпение";"Yury Trifonov";"The Impatient Ones";"";"1978";"20840";"309076";"10420";"126143";"rus";"eng";"Великобритания";"";"И при этом меня, Гришку Гольденберга, меня, меня, — он хохотал, хватаясь за голову, — не хотят никуда выбирать!";"c51f594667acb50310461738d88d3ce4:6702:10";" And yet I, Grishka Goldenberg, I…. He began to laugh, clasping his head in his hands. They won't elect me to anything! ";"eng"
" и яахо :афортсатак яансажу от-яакак ьсаличюлкирп";"ьсяатавх";"приключилась какая-то ужасная катастрофа: охая и";"хватаясь";" ";"за голову, статуя преувеличенно суетилась около";"Vladimir Nabokov. Pnin (1957)";"Vladimir Nabokov";"1899";"Pnin";"1957";"художественная";"";"";"";"";"";"омонимия не снята";"Pnin";"Владимир Набоков";"Пнин";"";"1983";"4000";"92496";"2000";"50273";"rus";"rus";"Великобритания, США";"";"Пнин уже погрузился было в свое бархатное забытье, когда на дворе приключилась какая-то ужасная катастрофа: охая и хватаясь за голову, статуя преувеличенно суетилась около сломанного бронзового колеса — и тут Пнин проснулся, и караван огней и теневых бугров прошел по оконной шторе.";"10ef58884033683630767999be5bedbd:1659:17";" Pnin had all but lapsed into velvety oblivion when some frightful accident happened outside: groaning and clutching at its brow, a statue was making an extravagant fuss over a broken bronze wheel, and then Pnin was awake, and a caravan of lights and of shadowy humps progressed across the window shade. ";"eng"
" лохоХ ";"яслатавх";"Хохол";"хватался";" ";"за голову, дергал усы и долго";"Максим Горький. Мать (1906)";"Максим Горький";"1868";"Мать";"1906";"художественная";"";"";"";"";"";"омонимия не снята";"Мать";"Maxime Gorky";"Mother";"";"1921";"15416";"204312";"7708";"82513";"rus";"eng";"Великобритания";"";"Хохол хватался за голову, дергал усы и долго говорил простыми словами о жизни и людях.";"f5927bc3f5e116d3200e8287a86dce24:5146:1";" The Little Russian clapped his hands to his head; then pulled his mustache, and spoke for a long time in simple language about life and about the people. ";"eng"
" ,но лункирксв ― !хА ― ";"ьсяатавх";"― Ах! ― вскрикнул он,";"хватаясь";" ";"за голову. ― Ты бы не говорила!..";"Л. Н. Толстой. Анна Каренина (ч. 5-8) (1878)";"Л. Н. Толстой";"1828";"Анна Каренина (ч. 5-8)";"1878";"художественная";"";"";"";"";"";"омонимия не снята";"Анна Каренина (ч. 5-8)";"Leo Tolstoy";"Anna Karenina (parts 5-8)";"";"1911";"17958";"288534";"8979";"125442";"rus";"eng";"Великобритания";"";"― Ах! ― вскрикнул он, хватаясь за голову. ― Ты бы не говорила!..";"f7a6706715d8c4ffc53d99eba6fa6a4a:6136:3";" ""Ah! ""he cried, clutching at his head, ""you shouldn't say that!… ";"eng"
" ,ашюнаВ лачевто — !идопсог исапу отч ,ловяьд";"ьсяатавх";"дьявол, что упаси господи! — отвечал Ванюша,";"хватаясь";" ";"за голову.";"Л. Н. Толстой. Казаки (1863)";"Л. Н. Толстой";"1828";"Казаки";"1863";"художественная";"";"";"";"";"";"омонимия не снята";"Казаки";"Leo Tolstoy";"The Cossacks";"";"1911";"7890";"106588";"3945";"44837";"rus";"eng";"Великобритания";"";"Хозяина настоящего нету, на какую-то кригу (Кригой называется место у берега, огороженное плетнем для ловли рыбы (Прим. Л. Н. Толстого.)), говорят, пошел. А старуха такая дьявол, что упаси господи! — отвечал Ванюша, хватаясь за голову.";"f4ae3ad77bcd7113566c63fd70e744f5:1734:31";" There is no real master here. They say he has gone to some kind of KRIGA, and the old woman is a real devil. God preserve us!' answered Vanyusha, putting his hands to his head. ";"eng"
" мотсеж миксечигарт и азалг яавырказ ,левраМ";"ьсяатавх";"Марвел, закрывая глаза и трагическим жестом";"хватаясь";" ";"за голову. Но тут его вдруг";"H. G. Wells. The Invisible Man (1897)";"H. G. Wells";"1866";"The Invisible Man";"1897";"художественная";"";"";"";"";"";"омонимия не снята";"The Invisible Man";"Герберт Уэллс";"Человек-невидимка";"";"1935";"4714";"89000";"2357";"49123";"rus";"rus";"Великобритания";"";"― Вот опять, ― сказал Марвел, закрывая глаза и трагическим жестом хватаясь за голову. Но тут его вдруг взяли за шиворот и так встряхнули, что у него совсем помутилось в голове.";"41e84adc84383a924c0724888c75ada2:1183:9";" ""It's there again, ""said Mr. Marvel, closing his eyes and clasping his hand on his brow with a tragic gesture. He was suddenly taken by the collar and shaken violently and left more dazed than ever. ";"eng"
" ,имакур яавихамзв ,егород оп дерепв и";"ьсяатавх";"и вперед по дороге, взмахивая руками,";"хватаясь";" ";"за голову и глухо всхлипывая.";"Thomas Hardy. Far from the Madding Crowd (1874)";"Thomas Hardy";"1840";"Far from the Madding Crowd";"1874";"художественная";"";"";"";"";"";"омонимия не снята";"Far from the Madding Crowd";"Томас Гарди";"Вдали от обезумевшей толпы";"";"1970";"17882";"257619";"8941";"137583";"rus";"rus";"Великобритания";"";"Батшеба позабыла о цели своего пути и в крайнем возбуждении шагала взад и вперед по дороге, взмахивая руками, хватаясь за голову и глухо всхлипывая.";"e235f4b270c34dc6f661c547dc123d5d:8643:18";" In for her distraction, instead of advancing further she walked up and down, beating the air with her fingers, pressing on her brow, and sobbing brokenly to herself. ";"eng"
" олед и от нО ";"яслатавх";"Он то и дело";"хватался";" ";"за голову, чего до сих пор";"Charles Dickens. The Tale of two Cities (1859)";"Charles Dickens";"1812";"The Tale of two Cities";"1859";"художественная";"";"";"";"";"";"омонимия не снята";"The Tale of two Cities";"Чарльз Диккенс";"Повесть о двух городах";"";"1950-1960";"15180";"261740";"7590";"135772";"rus";"rus";"Великобритания";"";"Он то и дело хватался за голову, чего до сих пор за ним не замечали, однако голос дочери, видимо, был ему приятен ― стоило ей только заговорить, он тотчас же поворачивался и смотрел на нее.";"45dc0f44a28f331677ad6ee35a429c4b:1767:4";" He had a wild, lost manner of occasionally clasping his head in his hands, that had not been seen in him before; yet, he had some pleasure in the mere sound of his daughter's voice, and invariably turned to it when she spoke. ";"eng"
" ,кивкиП ретсим лункилксов ― ";"ьсяатавх";"― воскликнул мистер Пиквик,";"хватаясь";" ";"за голову.";"Charles Dickens. The Posthumous Papers of the Pickwick Club (1836-1837)";"Charles Dickens";"1812";"The Posthumous Papers of the Pickwick Club";"1836-1837";"художественная";"";"";"";"";"";"омонимия не снята";"The Posthumous Papers of the Pickwick Club";"Чарльз Диккенс";"Посмертные записки Пиквикского клуба";"";"1933";"31534";"516076";"15767";"287005";"rus";"rus";"Великобритания";"";"― Какое ужасное недоразумение!  ― воскликнул мистер Пиквик, хватаясь за голову.  ― Уинкль, Тапмен, Я прошу простить мне замечания, которые я только что сделал.";"44c1add02382c6859cb2b4883cdab3f3:9621:3";"' What a dreadful conjunction of appearances!'  exclaimed Mr. Pickwick, resting his chin upon his hands. ' Winkle, Tupman, I beg your pardon for the observations I made just now. ";"eng"
