"Reversed left context";"Reversed center";"Left context";"Center";"Punct";"Right context";"Title";"Author";"Birthday";"Header";"Created";"Sphere";"Type";"Topic";"Publication";"Publ_year";"Medium";"Ambiguity";"Header";"Author_trans";"Header_trans";"Translator";"Date_trans";"Sentences";"Words";"Orig_sentences";"Orig_words";"Lang";"Lang_trans";"Lang_variant";"Dialect";"Full context";"Example source";"Para context 1";"Lang 1"
" и креврейеф илиортсу ишан есв ,екеладв";"тядох";"вдалеке, все наши устроили фейерверк и";"ходят";" ";"на головах от радости.";"Clive Staples Lewis. The Chronicles of Narnia. The Silver Chair (1953)";"Clive Staples Lewis";"1898";"The Chronicles of Narnia. The Silver Chair";"1953";"художественная";"";"";"";"";"";"омонимия не снята";"The Chronicles of Narnia. The Silver Chair";"Клайв Стейплз Льюис";"Хроники Нарнии. Серебряное кресло";"";"1991";"6592";"88583";"3296";"51859";"rus";"rus";"Великобритания";"";"Вот почему там, вдалеке, все наши устроили фейерверк и ходят на головах от радости.";"0b66faacea0a807b5d0c97365c49aa3c:5457:9";" And you can see them over there all letting off rockets and standing on their heads for joy. ";"eng"
" окьлот ястеатсо мИ ";"ьтидох";"Им остается только";"ходить";" ";"на головах!";"А. П. Чехов. Человек в футляре (1898)";"А. П. Чехов";"1860";"Человек в футляре";"1898";"художественная";"";"";"";"";"";"омонимия не снята";"Человек в футляре";"Anton Chekhov";"The Man in a Case";"";"1900-1930";"562";"9281";"281";"3996";"rus";"eng";"Великобритания";"";"Если учитель едет на велосипеде, то что же остается ученикам?  Им остается только ходить на головах!  И раз это не разрешено циркулярно, то и нельзя.";"74088842cd222b4623b7e20e3a85ea8b:390:3";" If the teacher rides a bicycle, what can you expect the pupils to do?  You will have them walking on their heads next!  And so long as there is no formal permission to do so, it is out of the question. ";"eng"
" есв мат отдуб и илеД в";"тядох";"в Дели и будто там все";"ходят";" ";"на головах, ― пробормотал шакал.";"Rudyard Kipling. The Second Jungle Book: Other Stories (1895)";"Rudyard Kipling";"1865";"The Second Jungle Book: Other Stories";"1895";"художественная";"";"";"";"";"";"омонимия не снята";"The Second Jungle Book: Other Stories";"Редьярд Киплинг";"Вторая книга Джунглей: другие рассказы";"";"1915";"1306";"41283";"653";"22622";"rus";"rus";"Великобритания";"";"― Он уверяет, будто был в Дели и будто там все ходят на головах, ― пробормотал шакал.";"b79423885c7b28d6e986faded1db425b:491:10";" ""He has been as far as Delhi, and says all the people there walk on their heads, ""muttered the Jackal. ";"eng"
" ьсолидуссарогалбаз умешав угурд б илежЕ ";"ьтидох";"Ежели б другу вашему заблагорассудилось";"ходить";" ";"на голове, пусть сделает одолжение.";"Robert Louis Stevenson. Kidnapped (1886)";"Robert Louis Stevenson";"1850";"Kidnapped";"1886";"художественная";"";"";"";"";"";"омонимия не снята";"Kidnapped";"Роберт Луис Стивенсон";"Похищенный";"";"1967";"7020";"146548";"3510";"80444";"rus";"rus";"Великобритания";"";"Ежели б другу вашему заблагорассудилось ходить на голове, пусть сделает одолжение.";"b1442d947f941d6612bea226225d7e39:5047:5";" If your friend would like to stand on his head, he is welcome. ";"eng"
