"Reversed left context";"Reversed center";"Left context";"Center";"Punct";"Right context";"Title";"Author";"Birthday";"Header";"Created";"Sphere";"Type";"Topic";"Publication";"Publ_year";"Medium";"Ambiguity";"Header";"Author_trans";"Header_trans";"Translator";"Date_trans";"Sentences";"Words";"Orig_sentences";"Orig_words";"Lang";"Lang_trans";"Lang_variant";"Dialect";"Full context";"Example source";"Para context 1";"Lang 1"
" а ,йоннаворискиф ястеялвя ,манопук оп яамеавичалпыв";"анец";"выплачиваемая по купонам, является фиксированной, а";"цена";" – ";"нет, то величина процентного дохода является";"Bond (2011)";"неизвестный";"";"Bond";"2011";"учебно-научная, публицистика";"";"";"";"";"";"омонимия не снята";"Bond";"неизвестный";"Облигация";"";"2011";"502";"9283";"251";"4852";"rus";"rus";"";"";"Так как сумма, выплачиваемая по купонам, является фиксированной, а цена – нет, то величина процентного дохода является функцией как уплаченной цены, так и суммы купона.";"ee5064955c9da3c254e62350614505b7:51:9";" Since the coupon is fixed, but the price is not, the percent return is a function both of the price paid as well as the coupon. ";"eng"
" йокат оН ";"йонец";"Но такой";"ценой";"… ";"нет, что вы.";"Сергей Лукьяненко. Дневной дозор (1999)";"Сергей Лукьяненко";"1968";"Дневной дозор";"1999";"художественная";"";"";"";"";"";"омонимия не снята";"Дневной дозор";"Sergei Lukyanenko";"Day Watch";"";"2007";"21262";"243758";"10631";"100112";"rus";"eng";"Великобритания";"";"Вот Светлану уничтожить… – Завулон улыбнулся, – возможно.  Но такой ценой… нет, что вы.  А уж эти неполноценные финские маги… как, как вы сказали – кони Апокалипсиса?";"32c324f51e3f248aa3d2538a1bcfcc64:20742:2";" Eliminating Svetlana, now… ""Zabulon smiled.""… That's a possibility.  But at such a price… oh, no, never.  And as for those half-wit Finnish magicians… what did you say they were — the horses of the Apocalypse? """;"eng"
" оньлетивтсйед йе от ,ьтивотог как ,кат";"ынец";"так, как готовить, то ей действительно";"цены";" ";"нет.";"Mario Puzo. The Sicilian (1984)";"Mario Puzo";"1920";"The Sicilian";"1984";"художественная";"";"";"";"";"";"омонимия не снята";"The Sicilian";"Марио Пьюзо";"Сицилиец";"";"1990";"16788";"225931";"8394";"130831";"rus";"rus";"США";"";"Он утаил от нее грубые шуточки, которые отпускали иные из его отряда, мол, если она и любить умеет так, как готовить, то ей действительно цены нет.";"452fb6ed98766c4a74440ae59747a844:8585:24";" He did not tell her of the coarse jokes some of his companions had made, that if her lovemaking equaled her cooking she would be a prize indeed. ";"eng"
" укеволеч умотэ ьдев аД ";"ынец";"Да ведь этому человеку";"цены";" ";"нет, я его из подвала не";"А. Н. Стругацкий, Б. Н. Стругацкий. Обитаемый остров (1971)";"А. Н. Стругацкий, Б. Н. Стругацкий";"1925, 1933";"Обитаемый остров";"1971";"художественная";"";"";"";"";"";"омонимия не снята";"Обитаемый остров";"Arkady Strugatsky, Boris Strugatsky";"Prisoners of Power";"";"1977";"17098";"190818";"8549";"88020";"rus";"eng";"США";"";"Да ведь этому человеку цены нет, я его из подвала не выпущу!";"6599e74e18391ebc6a3ec46d732cee53:6526:4";" Comrades, this man is so valuable I won't let him out of this cellar! ";"eng"
" юнтсреп умеоМ ";"ынец";"Моему перстню";"цены";" ";"нет — мне дала его родная матушка";"А. Н. Афанасьев. Кощей Бессмертный (1855-1871)";"А. Н. Афанасьев";"1826";"Кощей Бессмертный";"1855-1871";"художественная";"";"";"";"";"";"омонимия не снята";"Кощей Бессмертный";"A. N. Afanasiev";"Koshchey the Deathless";"";"1976";"372";"5546";"186";"2315";"rus";"eng";"США";"";"Моему перстню цены нет — мне дала его родная матушка; как давала — приговаривала: носи — не теряй, мать не забывай!";"4c32ce0d23eeaf212256134baf5115f6:124:2";" My ring is priceless; my own mother gave it to me, and when she gave it she said:‘ Wear it, lose it not, forget not your mother. ";"eng"
" мИ“( дилазирх икнарго йоньлетичюлкси укйорт – янд";"ынец";"дня – тройку исключительной огранки хризалид (“Им";"цены";" ";"нет”, – морща лоб, хрипло вскрикнула Ада";"Vladimir Nabokov. Ada, or Ardor (1968)";"Vladimir Nabokov";"1899";"Ada, or Ardor";"1968";"художественная";"";"";"";"";"";"омонимия не снята";"Ada, or Ardor";"Владимир Набоков";"Ада, или Радости страсти";"";"1996";"15402";"336152";"7701";"178506";"rus";"rus";"Великобритания, США";"";"Сверх того ожидались, но не появились, еще трое мужчин: дядя Дан, опоздавший на утренний поезд из города; полковник Эрминин, вдовец, чья печень, сообщил он запиской, повела себя, “как печенег”; и с ним его врач (и шахматный партнер), прославленный доктор Кролик, называвший себя придворным ювелиром Ады и действительно преподнесший ей в подарок – утром следующего дня – тройку исключительной огранки хризалид (“Им цены нет”, – морща лоб, хрипло вскрикнула Ада), каждой из которых предстояло в скором будущем породить взамен недавно открытой редкости – нимфалиды Кибо – огорчительного наездника-ихневмонида.";"e9229fa20eafdc0cca78d0f9aa4b1272:1577:59";" Three adult gentlemen, moreover, were expected but never turned up: Uncle Dan, who missed the morning train from town; Colonel Erminin, a widower, whose liver, he said in a note, was behaving like a pecheneg; and his doctor (and chess partner), the famous Dr Krolik, who called himself Ada's court jeweler, and indeed brought her his birthday present early on the following day, three exquisitely carved chrysalids(' Inestimable gems,' cried throatily Ada, tensing her brows), all of which were to yield before long, specimens of a disappointing ichneumon instead of the Kibo Fritillary, a recently discovered rarity. ";"eng"
" умЕ ";"ынец";"Ему";"цены";" ";"нет.";"Roald Dahl. Charlie and the Chocolate Factory (1964)";"Roald Dahl";"1916";"Charlie and the Chocolate Factory";"1964";"художественная";"";"";"";"";"";"омонимия не снята";"Charlie and the Chocolate Factory";"Роальд Даль";"Чарли и шоколадная фабрика";"";"1991";"4650";"53082";"2325";"31277";"rus";"rus";"Великобритания";"";"Осторожно, сынок, не порви билет, когда будешь доставать шоколадку.  Ему цены нет.  Через несколько секунд вокруг Чарли уже толпилось более двадцати человек. А с улицы подходили и подходили все новые люди.";"1e35780434018d203b1e4300bf9fa0bc:1197:1";" Watch out now, sonny! Don't tear it as you unwrap it!  That thing's precious!'  In a few seconds, there was a crowd of about twenty people clustering around Charlie, and many more were pushing their way in from the street. ";"eng"
" ""акшутсаП"" унелебог умондО ..!рутинраг йынитсог йывохеро";"ынец";"ореховый гостиный гарнитур!.. Одному гобелену ""Пастушка""";"цены";" ";"нет! Ручная работа!..";"И. А. Ильф, Е. П. Петров. Двенадцать стульев (1927)";"И. А. Ильф, Е. П. Петров";"1897, 1903";"Двенадцать стульев";"1927";"художественная";"";"";"";"";"";"омонимия не снята";"Двенадцать стульев";"Ilya Ilf, Evgeny Petrov";"The Twelve Chairs";"";"1961";"14010";"182628";"7005";"79262";"rus";"eng";"";"";"― Шутки?! ― крикнул он, вспоминая о погибших ордерах. - Теперь деньги только вперед. И как же это я так оплошал? Своими руками отдал ореховый гостиный гарнитур!.. Одному гобелену ""Пастушка"" цены нет! Ручная работа!..";"4ebb3a11b88ee1de62c62bd600095408:3110:27";" ""A fine thing! ""he cried, remembering the lost orders. ""From now on money in advance. How could I have bungled it like that? I gave him the walnut suite with my own hands. The Shepherd Boy alone is priceless. Done by hand…. """;"eng"
" ми отч ,лазакс ,веракоТ ,ыт удварП";"ынец";"Правду ты, Токарев, сказал, что им";"цены";" ";"нет.";"Николай Островский. Как закалялась сталь (ч. 2) (1930-1934)";"Николай Островский";"1904";"Как закалялась сталь (ч. 2)";"1930-1934";"художественная";"";"";"";"";"";"омонимия не снята";"Как закалялась сталь (ч. 2)";"Nikolai Ostrovsky";"How the Steel was Tempered (pt 2)";"";"1952";"6612";"131631";"3306";"53770";"rus";"eng";"СССР/Россия";"";"Правду ты, Токарев, сказал, что им цены нет.";"de0612c035f8cb9a8e40eb6c517f33e4:1314:6";" You were right, Tokarev, when you said these lads are worth their weight in gold. ";"eng"
" ,ьшылс ,ебаб йокссур ― юровог ,ахелА ,ьшылС";"ынец";"Слышь, Алеха, говорю ― русской бабе, слышь,";"цены";" ";"нет.";"Борис Полевой. Повесть о настоящем человеке (1946)";"Борис Полевой";"1908";"Повесть о настоящем человеке";"1946";"художественная";"";"";"";"";"";"омонимия не снята";"Повесть о настоящем человеке";"Boris Polevoi";"A Story about a real man";"";"1950";"12740";"210874";"6370";"88696";"rus";"eng";"Великобритания";"";"А? Слышь, Алеха, говорю ― русской бабе, слышь, цены нет.";"680f1b3200a7177681680ab35c78de1e:2006:7";" D'you hear what I say, Alexei? I say the Russian woman is priceless. ";"eng"
" ― макшумак а ,отолоз есв отэ а";"ынец";"а это все золото, а камушкам ―";"цены";" ";"нет.";"А. Н. Толстой. Аэлита (1923)";"А. Н. Толстой";"1883";"Аэлита";"1923";"художественная";"";"";"";"";"";"омонимия не снята";"Аэлита";"Alexey Tolstoy";"Aelita";"";"1950";"7670";"92157";"3835";"40191";"rus";"eng";"США";"";"Потом голова его высунулась из люка: ― Что вы ни говорите, Мстислав Сергеевич, а это все золото, а камушкам ― цены нет.";"667841848ba9206c05164724245a19a8:1922:18";" Then he stuck his head through the porthole. ""Say what you like, Mstislav Sergeyevich, these things are made of gold. The stones are priceless. ";"eng"
" шорг умороток ,акшинич ьдубин-огокак аз-зи ,алгу";"анец";"угла, из-за какого-нибудь чинишка, которому грош";"цена";", ― ";"нет, больше жить так невозможно!";"А. П. Чехов. Человек в футляре (1898)";"А. П. Чехов";"1860";"Человек в футляре";"1898";"художественная";"";"";"";"";"";"омонимия не снята";"Человек в футляре";"Anton Chekhov";"The Man in a Case";"";"1900-1930";"562";"9281";"281";"3996";"rus";"eng";"Великобритания";"";"― Видеть и слышать, как лгут, ― проговорил Иван Иваныч, поворачиваясь на другой бок, ― и тебя же называют дураком за то, что ты терпишь эту ложь; сносить обиды, унижения, не сметь открыто заявить, что ты на стороне честных, свободных людей, и самому лгать, улыбаться, и все это из-за куска хлеба, из-за теплого угла, из-за какого-нибудь чинишка, которому грош цена, ― нет, больше жить так невозможно!";"74088842cd222b4623b7e20e3a85ea8b:554:56";" ""You see and hear that they lie, ""said Ivan Ivanovitch, turning over on the other side, ""and they call you a fool for putting up with their lying, you endure insult and humiliation, and dare not openly say that you are on the side of the honest and the free, and you lie and smile yourself; and all that for the sake of a crust of bread, for the sake of a warm corner, for the sake of a wretched little worthless rank in the service, no, one can't go on living like this"". ";"eng"
" укисеп умотэ :тировог но ,ремреф оген";"ынец";"него фермер, он говорит: этому песику";"цены";" ";"нет! Он всех крыс перебил в";"Lewis Carroll. Alice’s Adventures in Wonderland (1865)";"Lewis Carroll";"1832";"Alice’s Adventures in Wonderland";"1865";"художественная";"";"";"";"";"";"омонимия не снята";"Alice’s Adventures in Wonderland";"Льюис Кэррол";"Приключения Алисы в Стране чудес";"";"1967";"1796";"44873";"898";"25775";"rus";"rus";"Великобритания";"";"― Хорошо, хорошо! ― сказала Алиса, торопясь перевести разговор. ― А… собак… вы любите? Мышь промолчала. ― Рядом с нами живет такой милый песик! ― радостно продолжала Алиса. ― Мне бы очень хотелось вас с ним познакомить! Маленький терьер! Глаза у него блестящие, а шерстка коричневая, длинная и волнистая! Бросишь ему что-нибудь, он тотчас несет назад, а потом сядет на задние лапки и просит, чтобы ему дали косточку! Чего только он ни делает ― всего не упомнишь! Хозяин у него фермер, он говорит: этому песику цены нет! Он всех крыс перебил в округе и всех мыш… Ах, боже мой! ― грустно промолвила Алиса. ― По-моему, я ее опять обидела! Мышь изо всех сил плыла от нее прочь, по воде даже волны пошли.";"f7a52612dff6e68f20a14f749be74ee2:125:78";" ""I won't indeed! ""said Alice, in a great hurry to change the subject of conversation. ""Are you ― are you fond ― of ― of dogs? ""The Mouse did not answer, so Alice went on, eagerly: ""There is such a nice little dog, near our house, I should like to show you! A little bright-eyed terrier, you know, with oh, such long curly brown hair! And it'll fetch things when you throw them, and it'll sit up and beg for its dinner, and all sorts of things ― I can't remember half of them ― and it belongs to a farmer, you know, and he says it's so useful, it's worth a hundred pounds! He says it kills all the rats and ― oh dear! ""cried Alice in a sorrowful tone. ""I'm afraid I've offended it again! ""For the Mouse was swimming away from her as hard as it could go, and making quite a commotion in the pool as it went. ";"eng"
