"Reversed left context";"Reversed center";"Left context";"Center";"Punct";"Right context";"Title";"Author";"Birthday";"Header";"Created";"Sphere";"Type";"Topic";"Publication";"Publ_year";"Medium";"Ambiguity";"Header";"Author_trans";"Header_trans";"Translator";"Date_trans";"Sentences";"Words";"Orig_sentences";"Orig_words";"Lang";"Lang_trans";"Lang_variant";"Dialect";"Full context";"Example source";"Para context 1";"Lang 1"
" сиаТ ";"алатич";"Таис";"читала";" ";"между строк Птолемея – прирожденного писателя – новое";"Иван Ефремов. Таис Афинская (1972)";"Иван Ефремов";"1908";"Таис Афинская";"1972";"художественная";"";"";"";"";"";"омонимия не снята";"Таис Афинская";"Ivan Yefremov";"Thais of Athens";"";"2011";"21868";"322590";"10934";"137020";"rus";"eng";"СССР/Россия";"";"Таис читала между строк Птолемея – прирожденного писателя – новое, незнакомое прежде македонцам чувство.";"95af57aed4d8ddd1ac985449f4f20871:10466:1";" Thais read between Ptolemy's lines, realizing he was a born writer. ";"eng"
" и еонназаксывен ьтавовтсвуч рад ьтсе сан";"ьтатич";"нас есть дар чувствовать невысказанное и";"читать";" ";"между строк.";"David Lynch. Catching the Big Fish: Meditation, Consciousness, and Creativity (2006)";"David Lynch";"1946";"Catching the Big Fish: Meditation, Consciousness, and Creativity";"2006";"публицистика";"";"";"";"";"";"омонимия не снята";"Catching the Big Fish: Meditation, Consciousness, and Creativity";"Дэвид Линч";"Поймать большую рыбу. Медитация, осознанность, творчество";"";"2017";"2706";"33367";"1353";"18364";"rus";"rus";"США";"";"Все люди наделены интуицией, у нас есть дар чувствовать невысказанное и читать между строк.";"1c47db88b5dc6d2f79937a1e0e7b6978:359:11";" Because we're all blessed with intuition – we really have the gift of intuiting things. ";"eng"
" янем виватсаЗ ";"ьтатич";"Заставив меня";"читать";" ";"между строк, Паула подтолкнула меня к";"John Perkins. Confessions of an Economic Hit Man (2004)";"John Perkins";"1945";"Confessions of an Economic Hit Man";"2004";"публицистика";"мемуары";"бизнес, коммерция, экономика, финансы";"";"";"";"омонимия не снята";"Confessions of an Economic Hit Man";"Джон Перкинс";"Исповедь экономического убийцы";"";"2014";"11796";"194405";"5898";"105675";"rus";"rus";"США";"";"Заставив меня читать между строк, Паула подтолкнула меня к следующему шагу на пути, ведущем к изменению всей моей жизни.";"ad62254e86326fab8967495c7d85651f:5897:2";" By getting me to read between the lines, Paula had nudged me to take one more step along a path that would ultimately transform my life. ";"eng"
" хатезаг в окьлот ясличу я огот";"ьтатич";"того я учился только в газетах";"читать";" ";"между строк, теперь во все вглядывался";"Анатолий Кузнецов. Бабий Яр (1965-1970)";"Анатолий Кузнецов";"1929";"Бабий Яр";"1965-1970";"художественная";"";"";"";"";"";"омонимия не снята";"Бабий Яр";"Anatoly Kuznetsov";"Babi Yar";"";"1970";"15164";"239938";"7582";"92495";"rus";"eng";"Великобритания";"";"До того я учился только в газетах читать между строк, теперь во все вглядывался: а что за этим стоит?";"86fdb395a48cd1424071e803fff507ae:10076:7";" Until then I had taught myself only to read between the lines in the newspapers; but now I started looking more closely into everything, to see what was behind it. ";"eng"
" доран шан ясличуаН ";"ьтатич";"Научился наш народ";"читать";" ";"между строк, слышать между слов, десятилетиями";"Анатолий Кузнецов. Бабий Яр (1965-1970)";"Анатолий Кузнецов";"1929";"Бабий Яр";"1965-1970";"художественная";"";"";"";"";"";"омонимия не снята";"Бабий Яр";"Anatoly Kuznetsov";"Babi Yar";"";"1970";"15164";"239938";"7582";"92495";"rus";"eng";"Великобритания";"";"Научился наш народ читать между строк, слышать между слов, десятилетиями вырабатывал свой телеграф народный.";"86fdb395a48cd1424071e803fff507ae:11132:3";" The Soviet people have learnt to read between the lines, to hear between the words and over decades have developed their own bush telegraph. ";"eng"
" Я ";"латич";"Я";"читал";" ";"между строк твоего письма и был";"Bram Stoker. Dracula (1897)";"Bram Stoker";"1847";"Dracula";"1897";"художественная";"";"";"";"";"";"омонимия не снята";"Dracula";"Брэм Стокер";"Дракула";"";"1912";"19426";"261515";"9713";"160156";"rus";"rus";"Великобритания, Ирландия";"";"Я читал между строк твоего письма и был как в агонии.";"509aae2beb7d8c3b26db1ba713990521:5789:1";" I read between the lines of your letter, and have been in an agony. ";"eng"
