"Reversed left context";"Reversed center";"Left context";"Center";"Punct";"Right context";"Title";"Author";"Birthday";"Header";"Created";"Sphere";"Type";"Topic";"Publication";"Publ_year";"Medium";"Ambiguity";"Header";"Author_trans";"Header_trans";"Translator";"Date_trans";"Sentences";"Words";"Orig_sentences";"Orig_words";"Lang";"Lang_trans";"Lang_variant";"Dialect";"Full context";"Example source";"Para context 1";"Lang 1"
" ,кат ,ьсюащбо ен итчоп мин с";"еончопаш";"с ним почти не общаюсь, так,";"шапочное";" ";"знакомство.";"Анатолий Рыбаков. Дети Арбата (1966-1983)";"Анатолий Рыбаков";"1911";"Дети Арбата";"1966-1983";"художественная";"";"";"";"";"";"омонимия не снята";"Дети Арбата";"Anatoly Rybakov";"Children of the Arbat";"";"1989";"30920";"396402";"15460";"162911";"rus";"eng";"Великобритания";"";"Я с ним почти не общаюсь, так, шапочное знакомство.";"4b2ac83dc5cc44d4f433357c114f6b48:29348:7";"” “I have very little to do with him. We're only on nodding terms. ";"eng"
" и ,ешывоп оге лыб монич миндо";"еончопаш";"одним чином был его повыше, и";"шапочное";" ";"знакомство с графом или князем для";"Н. В. Гоголь. Мертвые души (1835-1852)";"Н. В. Гоголь";"1809";"Мертвые души";"1835-1852";"художественная";"";"";"";"";"";"омонимия не снята";"Мертвые души";"Nikolay Gogol";"Dead Souls";"";"1931";"9082";"160470";"4541";"73436";"rus";"eng";"Великобритания";"";"Таков уже русский человек: страсть сильная зазнаться с тем, который бы хотя одним чином был его повыше, и шапочное знакомство с графом или князем для него лучше всяких тесных дружеских отношений.";"dfcae36f84cdc44b70de0cc56b339c1e:298:18";" That it is the custom of the average Russian to yearn exclusively for information concerning persons on the higher rungs of the social ladder, in fact, even a bowing acquaintance with a prince or a lord counts, in his eyes, for more than do the most intimate of relations with ordinary folk. ";"eng"
" окьлот имин с оген у и";"еончопаш";"и у него с ними только";"шапочное";" ";"знакомство.";"John Galsworthy. In Chancery (1920)";"John Galsworthy";"1867";"In Chancery";"1920";"художественная";"";"";"";"";"";"омонимия не снята";"In Chancery";"Джон Голсуорси";"В петле";"";"1946";"13260";"182981";"6630";"95409";"rus";"rus";"Великобритания";"";"Может быть, к ""Линкмену и Лейверу"" на Бэдж-Роу ― контора солидная, не очень известная, и у него с ними только шапочное знакомство.";"dc0289b5e01c07f1490b7b6f61eea229:10443:20";" Linkman and Laver in Budge Row, perhaps — reliable, not too conspicuous, only nodding acquaintances. ";"eng"
" и огенвад елсоп олабодоп и как";"огончопаш";"как и подобало после давнего и";"шапочного";" ";"знакомства, о котором упомянул он, как";"Jane Austen. Persuasion (1816)";"Jane Austen";"1775";"Persuasion";"1816";"художественная";"";"";"";"";"";"омонимия не снята";"Persuasion";"Джейн Остин";"Доводы рассудка";"";"1988";"7248";"148714";"3624";"83484";"rus";"rus";"Великобритания";"";"Он, оказалось, справлялся о ней, но вскользь, как и подобало после давнего и шапочного знакомства, о котором упомянул он, как и она, конечно, чтобы избавить себя и ее от неловкости, ибо иначе его стали бы ей представлять.";"57e0a4f8a5b091398b989aafaba9d708:1309:13";" He had inquired after her, she found, slightly, as might suit a former slight acquaintance, seeming to acknowledge such as she had acknowledged, actuated, perhaps, by the same view of escaping introduction when they were to meet. ";"eng"
" .ясмеяналк ыМ ";"еончопаШ";"Мы кланяемся.";"Шапочное";" ";"знакомство.";"Jane Austen. Persuasion (1816)";"Jane Austen";"1775";"Persuasion";"1816";"художественная";"";"";"";"";"";"омонимия не снята";"Persuasion";"Джейн Остин";"Доводы рассудка";"";"1988";"7248";"148714";"3624";"83484";"rus";"rus";"Великобритания";"";"— Нет, я даже знаю его.  Мы кланяемся. Шапочное знакомство.  Уэнтуорт, капитан Уэнтуорт, морской офицер.";"57e0a4f8a5b091398b989aafaba9d708:5075:2";" ""No, I just know his name.  A bowing acquaintance.  Wentworth; Captain Wentworth of the navy. ";"eng"
