"Reversed left context";"Reversed center";"Left context";"Center";"Punct";"Right context";"Title";"Author";"Birthday";"Header";"Created";"Sphere";"Type";"Topic";"Publication";"Publ_year";"Medium";"Ambiguity";"Header";"Author_trans";"Header_trans";"Translator";"Date_trans";"Sentences";"Words";"Orig_sentences";"Orig_words";"Lang";"Lang_trans";"Lang_variant";"Dialect";"Full context";"Example source";"Para context 1";"Lang 1"
" юьтсоннереву йопелс ос я лапеН в";"оп";"в Непал я со слепой уверенностью";"по";" ";"уши влюбленного человека твердо знал, что";"Henry Marsh. Admissions: A Life in Brain Surgery (2017)";"Henry Marsh";"1950";"Admissions: A Life in Brain Surgery";"2017";"учебно-научная, публицистика";"";"наука и технологии, философия";"";"";"";"омонимия не снята";"Admissions: A Life in Brain Surgery";"Генри Марш";"Призвание. О выборе, долге и нейрохирургии";"";"2017";"8520";"155003";"4260";"83634";"rus";"rus";"Великобритания";"";"Уже через несколько дней после приезда в Непал я со слепой уверенностью по уши влюбленного человека твердо знал, что захочу провести в этой стране как можно больше времени ― остаться здесь до тех пор, пока смогу приносить хоть какую-то пользу.";"29dc981bb4d5249a19546f0c0fbdc3f9:3225:12";" Within the first few days of coming to Nepal I knew, with the blind confidence of a lover, that as long as I could still usefully work, I would want to spend as much time as possible in the country. ";"eng"
" лыб я ,онжавен олыб ёсв он";"оп";"но всё было неважно, я был";"по";" ";"уши влюблён.";"Adam Savage. My love letter to cosplay (2016)";"Adam Savage";"1967";"My love letter to cosplay";"2016";"учебно-научная, публицистика, устная публичная речь";"выступление";"";"";"";"";"омонимия не снята";"My love letter to cosplay";"Адам Сэвидж";"Мое любовное письмо к косплею";"";"";"444";"4409";"222";"2505";"rus";"rus";"США";"";"Я взмок как мышь, от линз резало в глазах, но всё было неважно, я был по уши влюблён.";"e513fb3d5b1af686f982fa3a062ee95a:303:15";" I'm sweating buckets and the contact lenses hurt my eyes, and none of it matters because I'm totally in love. ";"eng"
" оген в анелбюлВ ";"оп";"Влюблена в него";"по";" ";"уши.";"Светлана Алексиевич. Время секонд хэнд (2013)";"Светлана Алексиевич";"1948";"Время секонд хэнд";"2013";"художественная, публицистика";"";"";"";"";"";"омонимия не снята";"Время секонд хэнд";"Svetlana Alexievich";"Secondhand Time";"";"2016";"25158";"324997";"12579";"131168";"rus";"eng";"США";"";"Красивый как бог! У себя дома он был врачом, здесь – на стройке работает.  Влюблена в него по уши.  Что делать? Когда встречаемся, гуляем с ним по паркам или уезжаем куда-нибудь за город, чтобы никого из моих знакомых не встретить.";"52c856c99bb936c84da0bfb0ca2f4218:20814:3";" He's as beautiful as a god! At home, he was a doctor; here, he's a construction worker.  I'm head over heels for him.  What do I do? We go walking in the parks or get out of the city altogether so that we won't run into anyone who knows me. ";"eng"
" ашаД ";"оп";"Даша";"по";" ";"уши влюблена и никогда в жизни";"Bethany Rickwald. Would you opt for a life with no pain? (2015)";"Bethany Rickwald";"";"Would you opt for a life with no pain?";"2015";"учебно-научная, публицистика, устная публичная речь";"выступление";"";"";"";"";"омонимия не снята";"Would you opt for a life with no pain?";"Бетани Риквальд";"Вы бы выбрали жизнь без боли?";"";"";"78";"1182";"39";"620";"rus";"rus";"";"";"Даша по уши влюблена и никогда в жизни не была так счастлива.";"4d14cae1283aa519eb25f80ebc29b8ef:45:1";" Betsy is head over heels and has never felt happier. ";"eng"
" еикссур окьлот отч ,тирев оньлетивтсйед от-отк";"оп";"кто-то действительно верит, что только русские";"по";" ";"уши накачивают своих атлетов всякой химической";"Rod Liddle. It’s not just the Russians – there is no morality in top-level sport [www.spectator.co.uk] (2015)";"Rod Liddle";"";"It’s not just the Russians – there is no morality in top-level sport [www.spectator.co.uk]";"2015";"публицистика";"";"";"";"";"";"омонимия не снята";"It’s not just the Russians – there is no morality in top-level sport [www.spectator.co.uk]";"";"Дело не в русских — спорт высокого уровня аморален в принципе";"";"";"102";"1838";"51";"1002";"rus";"rus";"Великобритания";"";"Непонятно одно — неужели кто-то действительно верит, что только русские по уши накачивают своих атлетов всякой химической дрянью.";"ed6a7ae0b6e3e171e12c1bb38cc02cbf:53:9";" And you are kidding yourself if you think it's just the Russkies filling their athletes full of weird chemicals. ";"eng"
" угой в рутрА ямерв еенделсоп в";"оп";"в последнее время Артур в йогу";"по";" ";"уши влез.";"Людмила Улицкая. Зеленый шатер (2011)";"Людмила Улицкая";"1943";"Зеленый шатер";"2011";"художественная";"";"";"";"";"";"омонимия не снята";"Зеленый шатер";"Liudmila Ulitskaia";"The Big Green Tent";"";"2014";"24914";"345015";"12457";"142298";"rus";"eng";"США";"";"Это все не мое, но знать надо.  А в последнее время Артур в йогу по уши влез.  В макулатуре Вивекананду нашел.";"07bbb7ae9d77d8903966e4952714070f:7344:7";" It's not my kind of thing, but you need to know who he is.  Artur has taken up yoga recently.  He found a volume of Vivekananda at the collection center. ";"eng"
" и ывилтсачс ым адгоК ";"оп";"Когда мы счастливы и";"по";" ";"уши влюблены в себя, нам плевать";"Jen Sincero. You Are a Badass®: How to Stop Doubting Your Greatness and Start Living an Awesome Life (2013)";"Jen Sincero";"1965";"You Are a Badass®: How to Stop Doubting Your Greatness and Start Living an Awesome Life";"2013";"публицистика";"";"";"";"";"";"омонимия не снята";"You Are a Badass®: How to Stop Doubting Your Greatness and Start Living an Awesome Life";"Джен Синсеро";"НИ СЫ";"";"2018";"6048";"116117";"3024";"64940";"rus";"rus";"США";"";"Когда мы счастливы и по уши влюблены в себя, нам плевать на всякое дерьмо ― как на свое, так и на чужое.";"2641badec1a75475f593f1c63b397fcd:1025:4";" When we're happy and all in love with ourselves, we can't be bothered with the bullshit (our own or other people's). ";"eng"
" и ― ьтертомсоп алишер еж есв ано";"оп";"она все же решила посмотреть ― и";"по";" ";"уши влюбилась в это место.";"Jen Sincero. You Are a Badass®: How to Stop Doubting Your Greatness and Start Living an Awesome Life (2013)";"Jen Sincero";"1965";"You Are a Badass®: How to Stop Doubting Your Greatness and Start Living an Awesome Life";"2013";"публицистика";"";"";"";"";"";"омонимия не снята";"You Are a Badass®: How to Stop Doubting Your Greatness and Start Living an Awesome Life";"Джен Синсеро";"НИ СЫ";"";"2018";"6048";"116117";"3024";"64940";"rus";"rus";"США";"";"В те времена эта женщина была барменом и поэтессой ― и едва сумела наскрести денег на билет до Италии, не говоря уже о том, чтобы покупать тосканскую виллу; но она все же решила посмотреть ― и по уши влюбилась в это место.";"2641badec1a75475f593f1c63b397fcd:2177:34";" At the time, she was a bartender and a poet and could barely scrape together the money to buy a plane ticket to Italy, let alone to buy a Tuscan villa, but she checked it out anyway and completely fell in love with the place. ";"eng"
" ьсалибюлв и етевс ан акеволеч огонтяоревен";"оп";"невероятного человека на свете и влюбилась";"по";" ";"уши.";"Jen Sincero. You Are a Badass®: How to Stop Doubting Your Greatness and Start Living an Awesome Life (2013)";"Jen Sincero";"1965";"You Are a Badass®: How to Stop Doubting Your Greatness and Start Living an Awesome Life";"2013";"публицистика";"";"";"";"";"";"омонимия не снята";"You Are a Badass®: How to Stop Doubting Your Greatness and Start Living an Awesome Life";"Джен Синсеро";"НИ СЫ";"";"2018";"6048";"116117";"3024";"64940";"rus";"rus";"США";"";"Я встретила на прошлой неделе самого невероятного человека на свете и влюбилась по уши.";"2641badec1a75475f593f1c63b397fcd:3985:12";" I met the most incredible person last week and I'm totally in love. ";"eng"
" ыб илыб етевс ан есв ,автсбодуен";"оп";"неудобства, все на свете были бы";"по";" ";"уши влюблены в свою чудесную жизнь.";"Jen Sincero. You Are a Badass®: How to Stop Doubting Your Greatness and Start Living an Awesome Life (2013)";"Jen Sincero";"1965";"You Are a Badass®: How to Stop Doubting Your Greatness and Start Living an Awesome Life";"2013";"публицистика";"";"";"";"";"";"омонимия не снята";"You Are a Badass®: How to Stop Doubting Your Greatness and Start Living an Awesome Life";"Джен Синсеро";"НИ СЫ";"";"2018";"6048";"116117";"3024";"64940";"rus";"rus";"США";"";"Если бы не неудобства, все на свете были бы по уши влюблены в свою чудесную жизнь.";"2641badec1a75475f593f1c63b397fcd:4523:9";" If it wasn't uncomfortable, everyone would be out there all in love with their fabulous lives. ";"eng"
" окьлот ен я ,)асеретни огешйелам ин";"оп";"ни малейшего интереса), я не только";"по";" ";"уши влюбилась в этот город, но";"Jen Sincero. You Are a Badass®: How to Stop Doubting Your Greatness and Start Living an Awesome Life (2013)";"Jen Sincero";"1965";"You Are a Badass®: How to Stop Doubting Your Greatness and Start Living an Awesome Life";"2013";"публицистика";"";"";"";"";"";"омонимия не снята";"You Are a Badass®: How to Stop Doubting Your Greatness and Start Living an Awesome Life";"Джен Синсеро";"НИ СЫ";"";"2018";"6048";"116117";"3024";"64940";"rus";"rus";"США";"";"Мой главный modus operandi (образ действия)  – двигаться вместе с потоком и верить, что Вселенная приведет меня в идеальное место в идеальный момент. В чем, рада сообщить, она меня еще ни разу не разочаровала. Последовав своему внезапному и странному побуждению отправиться в Токио (к которому я тогда не питала ни малейшего интереса), я не только по уши влюбилась в этот город, но и сняла в нем идеально обставленную квартиру. И все это было поднесено мне на блюдечке с голубой каемочкой, когда я решила, что хочу некоторое время там пожить. Еще пришло приглашение остановиться в роскошном гостевом доме в сельской Испании вместе с отличными друзьями – внезапно и без запроса с моей стороны,  – когда я безуспешно пыталась понять, куда ехать дальше.";"2641badec1a75475f593f1c63b397fcd:5569:54";" My modus operandi is to go with the flow and trust that The Universe will guide me to the perfect place at the perfect time, which, I'm quite pleased to report, has yet to disappoint: After following my sudden, and bizarre impulse to go to Tokyo (a city I had zero interest in checking out), I not only totally fell in love with the place, but the ideal furnished apartment came up for rent, and was handed to me on a silver platter, when I decided I wanted to live there for a while; An invitation to stay in a gorgeous guest house in the Spanish countryside with great friends came in, unsolicited and out of the blue, when I was trying, and failing, to figure out where to go next; ";"eng"
" илыб яинатирБ и яицнарФ ,ьсаличноказ ано";"оп";"она закончилась, Франция и Британия были";"по";" ";"уши в долгах; к  ужасам войны";"Nassim Nicholas Taleb. Antifragile: Things That Gain From Disorder (2012)";"Nassim Nicholas Taleb";"1960";"Antifragile: Things That Gain From Disorder";"2012";"учебно-научная, публицистика";"";"наука и технологии, философия";"";"";"";"омонимия не снята";"Antifragile: Things That Gain From Disorder";"Нассим Николас Талеб";"Антихрупкость. Как извлечь выгоду из хаоса";"";"2022";"16592";"336787";"8296";"180355";"rus";"rus";"США";"";"Считалось, что Первая мировая война продлится всего несколько месяцев; когда она закончилась, Франция и Британия были по уши в долгах; к  ужасам войны, страданиям и разрушениям добавлялись финансовые издержки – эти страны потратили по крайней мере в десять раз больше средств, чем намеревались.";"17154569778daa68a2de3fadfcd05453:8685:16";" The Great War was estimated to last only a few months; by the time it was over, it had gotten France and Britain heavily in debt; they incurred at least ten times what they thought their financial costs would be, aside from all the horrors, suffering, and destruction. ";"eng"
" окьлотсан илыб ен ым еще адгокин";"оп";"никогда еще мы не были настолько";"по";" ";"уши в долгах (древние считали, что";"Nassim Nicholas Taleb. Antifragile: Things That Gain From Disorder (2012)";"Nassim Nicholas Taleb";"1960";"Antifragile: Things That Gain From Disorder";"2012";"учебно-научная, публицистика";"";"наука и технологии, философия";"";"";"";"омонимия не снята";"Antifragile: Things That Gain From Disorder";"Нассим Николас Талеб";"Антихрупкость. Как извлечь выгоду из хаоса";"";"2022";"16592";"336787";"8296";"180355";"rus";"rus";"США";"";"Вместе с тем никогда еще мы не были настолько по уши в долгах (древние считали, что тот, у кого есть долги, не свободен, а закабален).";"17154569778daa68a2de3fadfcd05453:12693:9";" And we have never been more in debt (for the ancients, someone in debt was not free, he was in bondage). ";"eng"
" но отч ,ьсолазакО .яинерз укчот утэ";"оп";"эту точку зрения. Оказалось, что он";"по";" ";"уши в нефтяных компаниях – и как";"Nassim Nicholas Taleb. Antifragile: Things That Gain From Disorder (2012)";"Nassim Nicholas Taleb";"1960";"Antifragile: Things That Gain From Disorder";"2012";"учебно-научная, публицистика";"";"наука и технологии, философия";"";"";"";"омонимия не снята";"Antifragile: Things That Gain From Disorder";"Нассим Николас Талеб";"Антихрупкость. Как извлечь выгоду из хаоса";"";"2022";"16592";"336787";"8296";"180355";"rus";"rus";"США";"";"Тогда я применил простое эвристическое правило: тайком спросил сидевшего рядом члена оргкомитета, почему киприоту выгодно защищать именно эту точку зрения. Оказалось, что он по уши в нефтяных компаниях – и как советник, и как инвестор, и как научный консультант.";"17154569778daa68a2de3fadfcd05453:12939:23";" Then a heuristic came to mind. I surreptitiously asked a host sitting next to me if the fellow had anything to gain from his argument: it turned out that he was deep into oil companies, as an advisor, an investor, and a consultant. ";"eng"
" яслаксертв отч умотоп ,теухисп но ,тежоМ";"оп";"Может, он психует, потому что втрескался";"по";" ";"уши, — вставляет Элоди с заднего сиденья.";"Lauren Oliver. Before I fall (2010)";"Lauren Oliver";"1982";"Before I fall";"2010";"художественная";"";"";"";"";"";"омонимия не снята";"Before I fall";"Лорен Оливер";"Прежде чем я упаду";"";"2017";"17506";"210817";"8753";"120458";"rus";"rus";"США";"";"— Может, он психует, потому что втрескался по уши, — вставляет Элоди с заднего сиденья.";"9bb065fd6edd02c58f47e9712e4e06d6:15641:6";"' Maybe he's freaking out because he's too into you,' Elody pipes up from the backseat. ";"eng"
" еищядис ,илорок еымас еж еТ !ешьнар";"оп";"раньше! Те же самые короли, сидящие";"по";" ";"уши в капусте.";"Сергей Лукьяненко. Дневной дозор (1999)";"Сергей Лукьяненко";"1968";"Дневной дозор";"1999";"художественная";"";"";"";"";"";"омонимия не снята";"Дневной дозор";"Sergei Lukyanenko";"Day Watch";"";"2007";"21262";"243758";"10631";"100112";"rus";"eng";"Великобритания";"";"Та же самая аристократия, что и раньше! Те же самые короли, сидящие по уши в капусте.";"32c324f51e3f248aa3d2538a1bcfcc64:1298:12";" They're just like the old aristocracy! Kings sitting up to their ears in cabbage. ";"eng"
" — ыВ — ";"оп";"— Вы —";"по";" ";"уши в дерьме, друг мой.";"Michael Crichton. NEXT (2006)";"Michael Crichton";"1942";"NEXT";"2006";"художественная";"";"";"";"";"";"омонимия не снята";"NEXT";"Майкл Крайтон";"NEXT";"";"2007";"21110";"215480";"10555";"109512";"rus";"rus";"США";"";"— Вы — по уши в дерьме, друг мой.";"9bebd6418c70982072881b587bbcbc96:6931:1";" “You're in very deep shit, my friend.” ";"eng"
" ьсалаксертв ― оген в ьсалибюлв Я ";"оп";"Я влюбилась в него ― втрескалась";"по";" ";"уши.";"Michael Connelly. City Of Bones (2002)";"Michael Connelly";"1956";"City Of Bones";"2002";"художественная";"";"";"";"";"";"омонимия не снята";"City Of Bones";"Майкл Коннели";"Город костей";"";"2006";"19928";"179121";"9964";"102852";"rus";"rus";"США";"";"Я влюбилась в него ― втрескалась по уши.";"3143a5bab28226b1f70031064021b69a:7635:5";" I really fell for him — right down the old elevator shaft. ";"eng"
" ероксв и ынаивап как лашыд ,ынаивап";"оп";"павианы, дышал как павианы и вскоре";"по";" ";"уши окунулся в анализы крови, образцы";"Robert Sapolsky. A Primate’s Memoir (2001)";"Robert Sapolsky";"1957";"A Primate’s Memoir";"2001";"учебно-научная, публицистика";"";"";"";"";"";"омонимия не снята";"A Primate’s Memoir";"Роберт Сапольски";"Записки примата: Необычайная жизнь учёного среди павианов";"";"2018";"13280";"230051";"6640";"126204";"rus";"rus";"США";"";"Я поражал дротиком все больше павианов, думал как павианы, дышал как павианы и вскоре по уши окунулся в анализы крови, образцы фекалий, слепки зубов и прочие прелести.";"3c38f8c8fac54291f66017e902a902a3:1309:14";" And I darted more and more baboons, thought like a baboon, had baboon on my breath, was soon up to my ears in baboon blood samples and fecal smears and dental casts and all sorts of neat things. ";"eng"
" еыньлатсо есв а ,намаш-киратс нидо";"оп";"один старик-шаман, а все остальные";"по";" ";"уши в кукурузе, и кругом куры";"Robert Sapolsky. A Primate’s Memoir (2001)";"Robert Sapolsky";"1957";"A Primate’s Memoir";"2001";"учебно-научная, публицистика";"";"";"";"";"";"омонимия не снята";"A Primate’s Memoir";"Роберт Сапольски";"Записки примата: Необычайная жизнь учёного среди павианов";"";"2018";"13280";"230051";"6640";"126204";"rus";"rus";"США";"";"Все между собой в сложном родстве на грани инцеста, каждому склону положен один деревенский дурачок, один муж-тиран, один молодой выскочка, первым покрывающий дом жестяной кровлей, и один старик-шаман, а все остальные по уши в кукурузе, и кругом куры, дворняги, коровы, гуляющие по дому, ослы-водовозы, бесконечная ребятня и радостные восторженные приветствия.";"3c38f8c8fac54291f66017e902a902a3:10781:33";" Everyone related in complex near-incestuous ways, one village idiot per mountain, one wife beater, one young Turk building the first tinroofed house, one old shaman, everybody else just up to their ears with maize and chickens and nondescript dogs and cows wandering through the hut and donkeys hauling up water and endless kids and big excited hellos. ";"eng"
" и еынтемаз ино атябер отч ,илазакссар";"оп";"рассказали, что ребята они заметные и";"по";" ";"уши влюблены) ввалились ко мне и";"Stephen Chbosky. The Perks of Being a Wallflower (1999)";"Stephen Chbosky";"1970";"The Perks of Being a Wallflower";"1999";"художественная";"";"";"";"";"";"омонимия не снята";"The Perks of Being a Wallflower";"Стивен Чбоски";"Хорошо быть тихоней";"";"2013";"11182";"114915";"5591";"63141";"rus";"rus";"США";"";"Эти двое (мне потом рассказали, что ребята они заметные и по уши влюблены) ввалились ко мне и спрашивают: не возражаю ли я, если они тут побудут.";"260e3ece542707bb2e93321616ef7e32:1523:10";" This one couple, whom I was told later were very popular and in love, stumbled into my room and asked if I minded them using it. ";"eng"
" иитяназ меншаречв ан йе олашемоп ен";"оп";"не помешало ей на вчерашнем занятии";"по";" ";"уши загрузить «своих» домашней работой.";"J. K. Rowling. Harry Potter and the Sorcerer’s Stone (1997)";"J. K. Rowling";"1965";"Harry Potter and the Sorcerer’s Stone";"1997";"художественная";"";"";"";"";"";"омонимия не снята";"Harry Potter and the Sorcerer’s Stone";"Дж. К. Роулинг";"Гарри Поттер и Волшебный камень";"";"2001";"12950";"147101";"6475";"78303";"rus";"rus";"Великобритания";"";"Профессор МакГонаголл была завучем колледжа «Гриффиндор», но это отнюдь не помешало ей на вчерашнем занятии по уши загрузить «своих» домашней работой.";"12b754d39037221c39040f54b069cffc:5473:15";" Professor McGonagall was head of Gryffindor House, but it hadn't stopped her from giving them a huge pile of homework the day before. ";"eng"
" и алкомыв оньлис оннебосо аднамок йороток";"оп";"которой команда особенно сильно вымокла и";"по";" ";"уши перепачкалась, Древ сообщил плохую новость.";"J. K. Rowling. Harry Potter and the Sorcerer’s Stone (1997)";"J. K. Rowling";"1965";"Harry Potter and the Sorcerer’s Stone";"1997";"художественная";"";"";"";"";"";"омонимия не снята";"Harry Potter and the Sorcerer’s Stone";"Дж. К. Роулинг";"Гарри Поттер и Волшебный камень";"";"2001";"12950";"147101";"6475";"78303";"rus";"rus";"Великобритания";"";"Однажды после тренировки, во время которой команда особенно сильно вымокла и по уши перепачкалась, Древ сообщил плохую новость.";"12b754d39037221c39040f54b069cffc:8683:11";" Then, during one particularly wet and muddy practice session, Wood gave the team a bit of bad news. ";"eng"
" мидис ым оТ …—";"оп";"—… То мы сидим";"по";" ";"уши в дерьме.";"Michael Crichton. Disclosure (1994)";"Michael Crichton";"1942";"Disclosure";"1994";"художественная";"";"";"";"";"";"омонимия не снята";"Disclosure";"Майкл Крайтон";"Разоблачение";"";"2004";"22282";"216557";"11141";"113778";"rus";"rus";"США";"";"— Если это чип… —… То мы сидим по уши в дерьме.  Если дело в дефекте конструкции, придется вернуться к чертежным доскам.";"bd13fa2f2f5499e50b9b34aab730a63e:3443:3";" “If it's the controller chip…”  “We're in deep shit.  If it's a primary design problem, we have to go back to the drawing board. ";"eng"
" ледис я ыб от а — ,нйавиЛ";"оп";"Ливайн, — а то бы я сидел";"по";" ";"уши в дерьме.";"Michael Crichton. Disclosure (1994)";"Michael Crichton";"1942";"Disclosure";"1994";"художественная";"";"";"";"";"";"омонимия не снята";"Disclosure";"Майкл Крайтон";"Разоблачение";"";"2004";"22282";"216557";"11141";"113778";"rus";"rus";"США";"";"— Слава Богу, Мередит сама повела дискуссию, — вздохнул Ливайн, — а то бы я сидел по уши в дерьме.";"bd13fa2f2f5499e50b9b34aab730a63e:6577:13";" “Fortunately, Meredith took over the discussion,” Lewyn said. “Otherwise I would have been in deepest shit. ";"eng"
" ";"оП";"";"По";" ";"уши в дерьме.";"Анатолий Рыбаков. Дети Арбата (1966-1983)";"Анатолий Рыбаков";"1911";"Дети Арбата";"1966-1983";"художественная";"";"";"";"";"";"омонимия не снята";"Дети Арбата";"Anatoly Rybakov";"Children of the Arbat";"";"1989";"30920";"396402";"15460";"162911";"rus";"eng";"Великобритания";"";"… Ты, блядь, спишь с ними, таскаешься по номерам, ты по рукам и ногам связала себя с иностранными разведчиками.  По уши в дерьме.  Вот и расскажешь своему муженьку, что в них привлекательного, а он пусть послушает.";"4b2ac83dc5cc44d4f433357c114f6b48:24442:0";" You sleep with them, you whore, you wander from one hotel bedroom to the next. You've tied yourself hand and foot to foreign spies.  You're up to your eyes in shit.  Yes, you tell your nice new husband what you like about them, let him hear it from you! ";"eng"
" пилв ,адгесв как ,и ,яслисалгос я";"оп";"я согласился, и, как всегда, влип";"по";" ";"уши.";"Winston Groom. Forrest Gump (1986)";"Winston Groom";"1944";"Forrest Gump";"1986";"художественная";"";"";"";"";"";"омонимия не снята";"Forrest Gump";"Уинстон Грум";"Форрест Гамп";"";"2004";"7394";"133277";"3697";"75796";"rus";"rus";"США";"";"И тогда я согласился, и, как всегда, влип по уши.";"d5ace69db606eefa852849cccd5dd9a4:3211:8";" An so I says yes, which is usually what gets me in trouble ever time. ";"eng"
" ьсюавызако оньлетазябо я как ,мактеверк к";"оп";"к креветкам, как я обязательно оказываюсь";"по";" ";"уши в дерьме. Вот и теперь";"Winston Groom. Forrest Gump (1986)";"Winston Groom";"1944";"Forrest Gump";"1986";"художественная";"";"";"";"";"";"омонимия не снята";"Forrest Gump";"Уинстон Грум";"Форрест Гамп";"";"2004";"7394";"133277";"3697";"75796";"rus";"rus";"США";"";"Только вот каждый раз получается, стоит мне немного отклониться от дороги домой, к креветкам, как я обязательно оказываюсь по уши в дерьме. Вот и теперь такая ситуация.";"d5ace69db606eefa852849cccd5dd9a4:5709:18";" But it seem like ever time I do somethin besides tryin to get home an get the srimp bidness started, I get my big ass in hot water — so here I am again, wonderin what to do. ";"eng"
" кеволеч и атохорг нолоп ьнед адгоК";"оп";"Когда день полон грохота и человек";"по";" ";"уши погружен в котел войны, он";"Василий Гроссман. Жизнь и судьба, ч. 1 (1960)";"Василий Гроссман";"1905";"Жизнь и судьба, ч. 1";"1960";"художественная";"";"";"";"";"";"омонимия не снята";"Жизнь и судьба, ч. 1";"Vasily Grossman";"Life and fate. Part 1";"";"1985";"12318";"194379";"6159";"83407";"rus";"eng";"Великобритания";"";"Когда день полон грохота и человек по уши погружен в котел войны, он не в силах понять, увидеть свою жизнь, надо отойти хоть на шаг в сторону.";"e45cc5deb0b32bdc355aea93546c9442:8848:6";" When a man is plunged up to his neck into the cauldron of war, he is quite unable to look at his life and understand anything and he needs to take a step back. ";"eng"
" енив в теавалп ежу нидо :ужялГ";"оп";"Гляжу: один уже плавает в вине";"по";" ";"уши, как есть — с пулеметными лентами";"Анатолий Кузнецов. Бабий Яр (1965-1970)";"Анатолий Кузнецов";"1929";"Бабий Яр";"1965-1970";"художественная";"";"";"";"";"";"омонимия не снята";"Бабий Яр";"Anatoly Kuznetsov";"Babi Yar";"";"1970";"15164";"239938";"7582";"92495";"rus";"eng";"Великобритания";"";"Гляжу: один уже плавает в вине по уши, как есть — с пулеметными лентами и в сапогах.";"86fdb395a48cd1424071e803fff507ae:998:6";" I saw one chap swimming in wine up to his very ears, just as he was, with his cartridge - belt and his boots on. ";"eng"
" тюавалп мат ино как ,лажарбоов я";"оп";"я воображал, как они там плавают";"по";" ";"уши в воде, не могут вздохнуть";"Анатолий Кузнецов. Бабий Яр (1965-1970)";"Анатолий Кузнецов";"1929";"Бабий Яр";"1965-1970";"художественная";"";"";"";"";"";"омонимия не снята";"Бабий Яр";"Anatoly Kuznetsov";"Babi Yar";"";"1970";"15164";"239938";"7582";"92495";"rus";"eng";"Великобритания";"";"Я смотрел издали на ведро, закутанное мешком, и меня начинала бить дрожь: я воображал, как они там плавают по уши в воде, не могут вздохнуть, только судорожно дергают лапами.";"86fdb395a48cd1424071e803fff507ae:9708:18";" I would eye the bucket beneath its sack from afar, and I would start to tremble: I imagined to myself that they were swimming around up to their ears in water, unable to breathe, just twitching their paws convulsively. ";"eng"
" ,илесаз и кат ,удох олыб ен";"оп";"не было ходу, так и засели,";"по";" ";"уши.";"Анатолий Кузнецов. Бабий Яр (1965-1970)";"Анатолий Кузнецов";"1929";"Бабий Яр";"1965-1970";"художественная";"";"";"";"";"";"омонимия не снята";"Бабий Яр";"Anatoly Kuznetsov";"Babi Yar";"";"1970";"15164";"239938";"7582";"92495";"rus";"eng";"Великобритания";"";"А немцы не дураки, они сразу нам — самую черную работу, чтоб обратно не было ходу, так и засели, по уши.";"86fdb395a48cd1424071e803fff507ae:12948:18";" But the Germans are no fools: they immediately gave us the dirtiest jobs to do, so that we could never go back. So we're in it right up to our ears. ";"eng"
" авонС ,емьрют в ужис я авонС";"оп";"Снова я сижу в тюрьме, Снова";"по";" ";"уши в дерьме, И болят, болят";"Kurt Vonnegut. Slaughterhouse-Five Or The Children’s Crusade (1969)";"Kurt Vonnegut";"1922";"Slaughterhouse-Five Or The Children’s Crusade";"1969";"художественная";"";"";"";"";"";"омонимия не снята";"Slaughterhouse-Five Or The Children’s Crusade";"Курт Воннегут";"Бойня номер пять, или Крестовый поход детей";"";"1978";"8160";"91437";"4080";"50141";"rus";"rus";"США";"";"Снова я сижу в тюрьме, Снова по уши в дерьме, И болят, болят различные места.";"4821b2d2b47684fb2c1b6cd886190ea8:5995:6";" In my prison cell I sit, With my britches full of shit, And my balls are bouncing gently on the floor. ";"eng"
" лыб и ,хынмузеб еж ьлотс ,вотнетап";"оп";"патентов, столь же безумных, и был";"по";" ";"уши в долгах, когда получил ― после";"Vladimir Nabokov. Speak, memory (1954-1966)";"Vladimir Nabokov";"1899";"Speak, memory";"1954-1966";"публицистика";"";"";"";"";"";"омонимия не снята";"Speak, memory";"Владимир Набоков";"Память, говори";"";"1999";"5122";"156225";"2561";"86307";"rus";"rus";"Великобритания, США";"";"Он торговал множеством других патентов, столь же безумных, и был по уши в долгах, когда получил ― после смерти тестя ― небольшое наследство.";"2146438e9a2a5ab96f8954c6281334a7:2977:10";" He trafficked in a number of other patents, all of them crazy, and was deep in debt when he inherited a small fortune through his father - in-law's death. ";"eng"
" кат и ежу Я ";"оп";"Я уже и так";"по";" ";"уши погряз в обмане.";"Erle Stanley Gardner. The Case of the Blonde Bonanza (1962)";"Erle Stanley Gardner";"1889";"The Case of the Blonde Bonanza";"1962";"художественная";"";"";"";"";"";"омонимия не снята";"The Case of the Blonde Bonanza";"Эрл Стэнли Гарднер";"Белокурая удача";"";"1990";"7824";"86971";"3912";"48028";"rus";"rus";"США";"";"Я уже и так по уши погряз в обмане.";"e1735781672321d7016ea3c0d9df500e:7229:4";" I've steeped myself in deceit as much as I am going to. ";"eng"
" еен в тидоху но ,юироет в";"оп";"в теорию, он уходит в нее";"по";" ";"уши; и это — единственное время, когда";"Ken Kesey. One Flew over the Cuckoo’s Nest (1962)";"Ken Kesey";"1935";"One Flew over the Cuckoo’s Nest";"1962";"художественная";"";"";"";"";"";"омонимия не снята";"One Flew over the Cuckoo’s Nest";"Кен Кизи";"Пролетая над гнездом кукушки";"";"2004";"10012";"211901";"5006";"115013";"rus";"rus";"США";"";"Каждый раз, как у нас в отделении появляется новый пациент, доктор углубляется в теорию, он уходит в нее по уши; и это — единственное время, когда он бывает главным и сам ведет собрание.";"d3e00ad60d52f4c322a7e5b864fbe112:1409:18";" Every time we get a new patient on the ward the doctor goes into the theory with both feet; it's pretty near the only time he takes things over and runs the meeting. ";"eng"
" есв ино ьрепет и иктин од";"оп";"до нитки и теперь они все";"по";" ";"уши в долгах и боятся, что";"Ken Kesey. One Flew over the Cuckoo’s Nest (1962)";"Ken Kesey";"1935";"One Flew over the Cuckoo’s Nest";"1962";"художественная";"";"";"";"";"";"омонимия не снята";"One Flew over the Cuckoo’s Nest";"Кен Кизи";"Пролетая над гнездом кукушки";"";"2004";"10012";"211901";"5006";"115013";"rus";"rus";"США";"";"Никто больше не играет с ним в покер и блэкджек на деньги — после того, как они отказались голосовать, он обыграл их до нитки и теперь они все по уши в долгах и боятся, что их затянет еще глубже. Они также больше не могут играть на сигареты, потому что Большая Сестра заставила держать блоки сигарет на столе на сестринском посту: она выдает им по одной пачке в день и говорит, что это — ради их здоровья. Но все знают, почему она так делает, — чтобы не дать Макмерфи выиграть их в карты.";"d3e00ad60d52f4c322a7e5b864fbe112:3791:27";" Nobody'll play poker or blackjack with him for money any more — after the patients wouldn't vote he got mad and skinned them so bad at cards that they're all so in debt they're scared to go any deeper — and they can't play for cigarettes because the nurse has started making the men keep their cartons on the desk in the Nurses'Station, where she doles them out one pack a day, says it's for their health, but everybody knows it's to keep McMurphy from winning them all at cards. ";"eng"
" ямерв отэ в сукиттА отч умотоп";"оп";"потому что Аттикус в это время";"по";" ";"уши уйдёт в книжку, и если";"Harper Lee. To Kill a Mockingbird (1960)";"Harper Lee";"1926";"To Kill a Mockingbird";"1960";"художественная";"";"";"";"";"";"омонимия не снята";"To Kill a Mockingbird";"Харпер Ли";"Убить пересмешника";"";"2013";"15654";"190089";"7827";"101449";"rus";"rus";"США";"";"Потому что вечером их никто не увидит, потому что Аттикус в это время по уши уйдёт в книжку, и если настанет конец света, он и то не заметит, и если Страшила Рэдли их убьёт, так у них пропадут не каникулы, а ученье, и потому что в тёмном доме легче что-нибудь разглядеть тёмным вечером, а не средь бела дня, понятно мне это?";"923f6c746295e734657f1ced727527e9:2483:13";" Because nobody could see them at night, because Atticus would be so deep in a book he wouldn't hear the Kingdom coming, because if Boo Radley killed them they'd miss school instead of vacation, and because it was easier to see inside a dark house in the dark than in the daytime, did I understand? ";"eng"
" алерб авде ,вокшрев херытеч-хувд идюл";"оп";"люди двух-четырех вершков, едва брела";"по";" ";"уши в воде; некоторые даже захлебывались";"В. М. Гаршин. Из воспоминаний рядового Иванова (1882)";"В. М. Гаршин";"1855";"Из воспоминаний рядового Иванова";"1882";"художественная";"";"";"";"";"";"омонимия не снята";"Из воспоминаний рядового Иванова";"Vsevolod Garshin";"The Reminiscences of Private Ivanov";"";"1959";"2382";"31214";"1191";"13347";"rus";"eng";"США";"";"Наша рота, состоявшая из самых высоких в батальоне людей, переходила довольно удобно, но шедшая рядом с нами малорослая восьмая рота, где были всё люди двух-четырех вершков, едва брела по уши в воде; некоторые даже захлебывались и хватались за нас.";"9a70e7826e2377bb8c1c0f63888eaf30:1048:29";" Our company, which had the tallest men in the battalion, crossed fairly comfortably, but the 8th Company of short men following us floundered in the puddle almost up to their ears; some of them had swallowed water and clutched at us, gasping. ";"eng"
" ьсишварбаз ,хин то ясласапс ларенеГ а";"оп";"а Генерал спасался от них, забравшись";"по";" ";"уши в воду.";"В. А. Обручев. Плутония (1915-1924)";"В. А. Обручев";"1863";"Плутония";"1915-1924";"художественная";"";"";"";"";"";"омонимия не снята";"Плутония";"Vladimir Obruchev";"Plutonia";"";"1957";"10222";"186341";"5111";"80357";"rus";"eng";"Великобритания";"";"После некоторой возни подняли лодку, вычерпали из нее воду и вместе с добычей вернулись к палатке, где Папочкин с остервенением отмахивался от комаров, а Генерал спасался от них, забравшись по уши в воду.";"5d71cd04ca681137622431852e512a28:3956:29";" With some effort, they hoisted up the boat, bailed out the water and returned with their spoil to the tent, where Papochkin was frenziedly beating off the mosquitoes, which General had escaped by getting into the water up to his ears. ";"eng"
" ,иитижещбо в хишдешсамус окжонмен хикат тов";"оп";"вот таких немножко сумасшедших в общежитии,";"по";" ";"уши влюбленных в свое дело людей";"Борис Полевой. Повесть о настоящем человеке (1946)";"Борис Полевой";"1908";"Повесть о настоящем человеке";"1946";"художественная";"";"";"";"";"";"омонимия не снята";"Повесть о настоящем человеке";"Boris Polevoi";"A Story about a real man";"";"1950";"12740";"210874";"6370";"88696";"rus";"eng";"Великобритания";"";"Он любил вот таких немножко сумасшедших в общежитии, по уши влюбленных в свое дело людей, с которыми способному и старательному человеку легко найти общий язык.";"680f1b3200a7177681680ab35c78de1e:9444:8";" He liked these slightly crazy men who were head over heels in love with their work, and with whom a capable and zealous airman could easily get on. ";"eng"
" ьтедис медуб ,ьтиртихс ен тут илсе";"оп";"если тут не схитрить, будем сидеть";"по";" ";"уши в дерьме.";"Ernest Hemingway. For Whom The Bell Tolls (1940)";"Ernest Hemingway";"1899";"For Whom The Bell Tolls";"1940";"художественная";"";"";"";"";"";"омонимия не снята";"For Whom The Bell Tolls";"Эрнест Хемингуэй";"По ком звонит колокол";"";"1968";"31088";"318191";"15544";"173648";"rus";"rus";"США";"";"А если тут не схитрить, будем сидеть по уши в дерьме.";"384001a800d7e011ac1012bba3dfe9dd:6673:7";" And if we do not do this smartly we are obscenitied. ";"eng"
" еелпет ад ,йындарто ьлемх йеЛ еикобулг";"оП";"глубокие Лей хмель отрадный, да теплее";"По";" ";"уши в мягкую шерсть укройся… К";"Will Durant. The Life of Greece: The Story of Civilization, Volume 2 (1939)";"Will Durant";"1885";"The Life of Greece: The Story of Civilization, Volume 2";"1939";"учебно-научная";"";"наука и технологии, история";"";"";"";"омонимия не снята";"The Life of Greece: The Story of Civilization, Volume 2";"Уилл Дюрант";"Жизнь Греции. История цивилизации. Том 2";"";"2001";"7634";"195420";"3817";"106880";"rus";"rus";"США";"";"Как быть зимой нам? Слушай: огонь зажги, Да, не жалея, в кубки глубокие Лей хмель отрадный, да теплее По уши в мягкую шерсть укройся… К чему раздумьем сердце мрачить, друзья? Предотвратим ли думой грядущее? Вино – из всех лекарств лекарство Против унынья. Напьемся ж пьяны!";"1468d98928e00b16a6fdd9f6e27f056d:765:18";" Then up! beat down the winter, make the fire Blaze higher and higher; Mix wine as sweet as honey of the bee Abundantly; Then drink, with comfortable wool around Your temples bound. We must not yield our hearts to woe, or wear With wasting care; For grief will profit us no whit, my friend, Nor nothing mend; But this is our best medicine, with wine fraught To cast out thought. ";"eng"
" еен в ынелбюлв илыб або ино";"оп";"они оба были влюблены в нее";"по";" ";"уши, а Индия Уилкс и Летти";"Margaret Mitchell. Gone with the Wind, Part 1 (1936)";"Margaret Mitchell";"1900";"Gone with the Wind, Part 1";"1936";"художественная";"";"";"";"";"";"омонимия не снята";"Gone with the Wind, Part 1";"Маргарет Митчелл";"Унесённые ветром, ч. 1";"";"1982";"25706";"403929";"12853";"209514";"rus";"rus";"США";"";"Теперь они оба были влюблены в нее по уши, а Индия Уилкс и Летти Манро из имения Отрада, за которой от нечего делать волочился Брент, отступили на задний план.";"b1a6e9a3c23689e80357c5e30e2d9a2f:581:7";" Now they were both in love with her, and India Wilkes and Letty Munroe, from Lovejoy, whom Brent had been half-heartedly courting, were far in the back of their minds. ";"eng"
" ттелракС в яслибюлв онневонгм ,яаминоп ен";"оп";"не понимая, мгновенно влюбился в Скарлетт";"по";" ";"уши.";"Margaret Mitchell. Gone with the Wind, Part 1 (1936)";"Margaret Mitchell";"1900";"Gone with the Wind, Part 1";"1936";"художественная";"";"";"";"";"";"омонимия не снята";"Gone with the Wind, Part 1";"Маргарет Митчелл";"Унесённые ветром, ч. 1";"";"1982";"25706";"403929";"12853";"209514";"rus";"rus";"США";"";"Это был фантастический, сказочный день в жизни Чарльза, и он, сам еще того не понимая, мгновенно влюбился в Скарлетт по уши.";"b1a6e9a3c23689e80357c5e30e2d9a2f:4343:19";" It was a wonderful day for Charles, a dream day, and he had fallen in love with Scarlett with no effort at all. ";"eng"
" илыб ыв и ,хакьлефут хынелез и";"оп";"и зеленых туфельках, и вы были";"по";" ";"уши заняты мужчинами и полны собой.";"Margaret Mitchell. Gone with the Wind, Part 2 (1936)";"Margaret Mitchell";"1900";"Gone with the Wind, Part 2";"1936";"художественная";"";"";"";"";"";"омонимия не снята";"Gone with the Wind, Part 2";"Маргарет Митчелл";"Унесённые ветром, ч. 2";"";"1982";"29314";"414569";"14657";"216232";"rus";"rus";"США";"";"В платье зелеными цветочками и зеленых туфельках, и вы были по уши заняты мужчинами и полны собой.";"3ddd25fe52e8f0ab80e3eac915d26b53:6457:10";" You had on a green dress and little green slippers, and you were knee deep in men and quite full of yourself. ";"eng"
" сав в анелбюлв отч ,алазакс я";"оп";"я сказала, что влюблена в вас";"по";" ";"уши, то соврала бы, а главное";"Margaret Mitchell. Gone with the Wind, Part 2 (1936)";"Margaret Mitchell";"1900";"Gone with the Wind, Part 2";"1936";"художественная";"";"";"";"";"";"омонимия не снята";"Gone with the Wind, Part 2";"Маргарет Митчелл";"Унесённые ветром, ч. 2";"";"1982";"29314";"414569";"14657";"216232";"rus";"rus";"США";"";"— Видите ли, — капризным тоном заявила она, — если бы я сказала, что влюблена в вас по уши, то соврала бы, а главное, вы бы знали, что я вру.";"3ddd25fe52e8f0ab80e3eac915d26b53:18125:14";" Well, she said fretfully, if I said I was madly in love with you, I'd be lying and what's more, you'd know it. ";"eng"
" оген в ясюешвибюлв иицнатс йовотчоп ан";"оп";"на почтовой станции влюбившеюся в него";"по";" ";"уши, у которой ручки, по словам";"Н. В. Гоголь. Мертвые души (1835-1852)";"Н. В. Гоголь";"1809";"Мертвые души";"1835-1852";"художественная";"";"";"";"";"";"омонимия не снята";"Мертвые души";"Nikolay Gogol";"Dead Souls";"";"1931";"9082";"160470";"4541";"73436";"rus";"eng";"Великобритания";"";"Потом показались трубки ― деревянные, глиняные, пенковые, обкуренные и необкуренные, обтянутые замшею и необтянутые, чубук с янтарным мундштуком, недавно выигранный, кисет, вышитый какою-то графинею, где-то на почтовой станции влюбившеюся в него по уши, у которой ручки, по словам его, были самой субдительной сюперфлю, ― слово, вероятно означавшее у него высочайшую точку совершенства.";"dfcae36f84cdc44b70de0cc56b339c1e:2822:30";" Then followed an exhibition of tobacco pipes ― pipes of clay, of wood, of meerschaum, pipes smoked and non-smoked; pipes wrapped in chamois leather and not so wrapped; an amber-mounted hookah (a stake won at cards) and a tobacco pouch (worked, it was alleged, by some countess who had fallen in love with Nozdrev at a posthouse, and whose handiwork Nozdrev averred to constitute the ""sublimity of superfluity' ― a term which, in the Nozdrevian vocabulary, purported to signify the acme of perfection). ";"eng"
" ёен в лыб от-адгок ,гурд йыратс";"оп";"старый друг, когда-то был в неё";"по";" ";"уши влюблён — видно невооружённым глазом!";"Agatha Christie. The murder at the Vicarage (1930)";"Agatha Christie";"1890";"The murder at the Vicarage";"1930";"художественная";"";"";"";"";"";"омонимия не снята";"The murder at the Vicarage";"Агата Кристи";"Убийство в доме викария";"";"2009";"13846";"132133";"6923";"70763";"rus";"rus";"Великобритания";"";"Он очень старый друг, когда-то был в неё по уши влюблён — видно невооружённым глазом!";"75e0b3db95fafa629a8f8f1fd60b1f49:13665:8";" He's a very old friend of hers ― he was keen about her once ― you can see that! ";"eng"
" и авакур в икур йишвунусаз ,ноьлатчоП";"оп";"Почтальон, засунувший руки в рукава и";"по";" ";"уши ушедший в воротник своего пальто";"А. П. Чехов. Почта (1887)";"А. П. Чехов";"1860";"Почта";"1887";"художественная";"";"";"";"";"";"омонимия не снята";"Почта";"Anton Chekhov";"The Post";"";"1900-1930";"302";"4057";"151";"1632";"rus";"eng";"Великобритания";"";"Почтальон, засунувший руки в рукава и по уши ушедший в воротник своего пальто, не пошевельнулся и не взглянул на небо.";"3fb969f5d4895665db9836e134d172cd:86:6";" The postman, thrusting his hands into his sleeves and retreating up to his ears into his coat collar, did not stir and did not glance at the sky. ";"eng"
" сав в ясьтибюлв анереман я отч";"оп";"что я намерена влюбиться в вас";"по";" ";"уши! Нарушаю свои обещания, да еще";"Theodore Dreiser. An American Tragedy, book I-II (1925)";"Theodore Dreiser";"1871";"An American Tragedy, book I-II";"1925";"художественная";"";"";"";"";"";"омонимия не снята";"An American Tragedy, book I-II";"Теодор Драйзер";"Американская трагедия (ч. 1-2)";"";"1948";"21686";"393334";"10843";"221028";"rus";"rus";"США";"";"Он хотел сказать ей, как она прелестна и как он счастлив, что она надела эту шляпку, но она уже начала: ― Ну, скажу я вам, похоже, что я намерена влюбиться в вас по уши! Нарушаю свои обещания, да еще надеваю для вашего удовольствия старую нелюбимую шляпу.";"a5d9d89e2d4fa8e460980e91adfbb50b:4599:31";" Before he had time to say that she looked pretty, or how pleased he was because she wore that hat, she began: “Some favorite you're gettin'to be, I'LL SAY, when I'LL break an engagement and then wear an old hat I don't like just to please you. ";"eng"
" дел в янем ончот ,лытсаз икат-кат";"оп";"так-таки застыл, точно меня в лед";"по";" ";"уши зарыли, а отчего?";"И. С. Тургенев. Собака (1870)";"И. С. Тургенев";"1818";"Собака";"1870";"художественная";"";"";"";"";"";"омонимия не снята";"Собака";"Ivan Turgenev";"The Dog";"";"1921";"1106";"11412";"553";"4854";"rus";"eng";"Великобритания";"";"Приподнялся я, глаза вытаращил, а сам вдруг похолодел весь, так-таки застыл, точно меня в лед по уши зарыли, а отчего?";"20135c9e13670e33558019e44e9c2f18:994:15";" I sat up, I opened my eyes wide and I turned cold all over, I felt frozen, as though I had been thrust into the ice, up to my ears, and why? ";"eng"
" янем в юоннелбюлв ьсалазакс ано отч";"оп";"что она сказалась влюбленною в меня";"по";" ";"уши и резала меня при всех.";"Ф. М. Достоевский. Маленький герой (1857)";"Ф. М. Достоевский";"1821";"Маленький герой";"1857";"художественная";"";"";"";"";"";"омонимия не снята";"Маленький герой";"Fedor Dostoevsky";"A Little Hero";"";"1918";"1168";"27206";"584";"12240";"rus";"eng";"Великобритания";"";"Весь комизм ее проделок со мной заключался в том, что она сказалась влюбленною в меня по уши и резала меня при всех.";"c6ded799c8f1a61df4995efec3c1acab:148:15";" The whole absurdity of her jokes with me lay in the fact that she pretended to be head over ears in love with me, and teased me before every one. ";"eng"
" угенс в илазяву ысп ,ондурт онневтсйибу";"оп";"убийственно трудно, псы увязали в снегу";"по";" ";"уши, но зато ему удалось вырваться";"Jack London. Smoke Bellew (1912)";"Jack London";"1876";"Smoke Bellew";"1912";"художественная";"";"";"";"";"";"омонимия не снята";"Smoke Bellew";"Джек Лондон";"Смок Беллью";"";"1927";"4866";"75956";"2433";"42602";"rus";"rus";"США";"";"Это было убийственно трудно, псы увязали в снегу по уши, но зато ему удалось вырваться на укатанную дорогу, оставив позади две пары столкнувшихся нарт.";"169f155c6d62ef94d371db91e164dc3d:4613:8";" It was exhausting work, but he won by the tangled teams and gained the hard-packed trail beyond. ";"eng"
" как кат ,яститоркнабо ныс илсе ,мин";"оп";"ним, если сын обанкротится, так как";"по";" ";"уши увяз в его делах.";"Theodore Dreiser. The Financier (1912)";"Theodore Dreiser";"1871";"The Financier";"1912";"художественная";"";"";"";"";"";"омонимия не снята";"The Financier";"Теодор Драйзер";"Финансист";"";"1944";"23456";"363269";"11728";"196713";"rus";"rus";"США";"";"Он напряженно думал о том, что будет с ним, если сын обанкротится, так как по уши увяз в его делах.";"2e33158397b70dd397e746e464f37657:7695:14";" He was cogitating as to what might happen to him in case his son failed, for he was deeply involved with him. ";"eng"
" анО .но ламудоп ,ероН о теди";"оп";"идет о Норе, подумал он. Она";"по";" ";"уши влюблена в одного знакомого ему";"Theodore Dreiser. The Financier (1912)";"Theodore Dreiser";"1871";"The Financier";"1912";"художественная";"";"";"";"";"";"омонимия не снята";"The Financier";"Теодор Драйзер";"Финансист";"";"1944";"23456";"363269";"11728";"196713";"rus";"rus";"США";"";"Едва ли речь идет о Норе, подумал он. Она по уши влюблена в одного знакомого ему молодого человека и собирается замуж.";"2e33158397b70dd397e746e464f37657:22331:9";" It could not possibly be Norah, he reflected; she was very much infatuated with a young man whom he knew, and was going to marry him. ";"eng"
" но ,юаминоп я как ,и ,ябет";"оп";"тебя, и, как я понимаю, он";"по";" ";"уши влюблен в Кити, и ты";"Л. Н. Толстой. Анна Каренина (ч. 1-4) (1878)";"Л. Н. Толстой";"1828";"Анна Каренина (ч. 1-4)";"1878";"художественная";"";"";"";"";"";"омонимия не снята";"Анна Каренина (ч. 1-4)";"Leo Tolstoy";"Anna Karenina (parts 1-4)";"";"1911";"20604";"334050";"10302";"144525";"rus";"eng";"Великобритания";"";"― Ну-с, он появился здесь вскоре после тебя, и, как я понимаю, он по уши влюблен в Кити, и ты понимаешь, что мать…";"434ebe5d38d7f16f8d773fa3966777b1:1808:12";" ""Well, he turned up here soon after you'd gone, and as I can see, he's over head and ears in love with Kitty, and you know that her mother… """;"eng"
" но и ,алетсупо ьтяпо оге анзаК";"оп";"Казна его опять опустела, и он";"по";" ";"уши залез в долги.";"Jack London. The Burning Daylight (1910)";"Jack London";"1876";"The Burning Daylight";"1910";"художественная";"";"";"";"";"";"омонимия не снята";"The Burning Daylight";"Джек Лондон";"Время-не-ждет";"";"1956";"14758";"209384";"7379";"114448";"rus";"rus";"США";"";"Казна его опять опустела, и он по уши залез в долги.";"11d7865e51a07f08a30dd98fb7d68095:3817:6";" Again his sack was empty, and he was heavily in debt. ";"eng"
" ,алтилуД акиратс ьчод ,атреБ отч ,иланз";"оп";"знали, что Берта, дочь старика Дулитла,";"по";" ";"уши влюблена в него.";"Jack London. The Burning Daylight (1910)";"Jack London";"1876";"The Burning Daylight";"1910";"художественная";"";"";"";"";"";"омонимия не снята";"The Burning Daylight";"Джек Лондон";"Время-не-ждет";"";"1956";"14758";"209384";"7379";"114448";"rus";"rus";"США";"";"Все знали, что Берта, дочь старика Дулитла, по уши влюблена в него.";"11d7865e51a07f08a30dd98fb7d68095:4689:7";" Everybody knew that old Doolittle's daughter, Bertha, was madly in love with him. ";"eng"
" ыботч огот отсемв ,ьтижен и сав";"оп";"вас и нежить, вместо того чтобы";"по";" ";"уши залезать в дела и все";"Jack London. The Burning Daylight (1910)";"Jack London";"1876";"The Burning Daylight";"1910";"художественная";"";"";"";"";"";"омонимия не снята";"The Burning Daylight";"Джек Лондон";"Время-не-ждет";"";"1956";"14758";"209384";"7379";"114448";"rus";"rus";"США";"";"Значит, если бы у меня не было ни гроша и я жил бы здоровой жизнью и мог бы сколько душе угодно любить вас и нежить, вместо того чтобы по уши залезать в дела и все прочее, вы бы вышли за меня.";"11d7865e51a07f08a30dd98fb7d68095:11917:28";" If I hadn't a cent, and if I was living a healthy life with all the time in the world to love you and be your husband instead of being awash to my back teeth in business and all the rest ― why, you'd marry me. ";"eng"
" оген в ынелбюлв илыб ищиравот оге";"оп";"его товарищи были влюблены в него";"по";" ";"уши.";"И. С. Тургенев. Андрей Колосов (1844)";"И. С. Тургенев";"1818";"Андрей Колосов";"1844";"художественная";"";"";"";"";"";"омонимия не снята";"Андрей Колосов";"Ivan Turgenev";"Andrei Kolosov";"";"1899";"1346";"20250";"673";"8876";"rus";"eng";"Великобритания";"";"Мы как-то невольно любовались им; его слова, его взгляды, его движения дышали такой юношеской прелестью, что все его товарищи были влюблены в него по уши.";"b98b0d6ddb11f3d2edea460a33b4bee4:186:23";" We felt a sort of instinctive admiration of him; his words, his looks, his gestures were all so full of the charm of youth that all his comrades were head over ears in love with him. ";"eng"
" тарб йиксвотавопурк яслазерв и тоВ ";"оп";"Вот и врезался круповатовский брат";"по";" ";"уши в повариху, так и бегал";"И. С. Тургенев. Петушков (1847)";"И. С. Тургенев";"1818";"Петушков";"1847";"художественная";"";"";"";"";"";"омонимия не снята";"Петушков";"Ivan Turgenev";"Pyetushkov";"";"1899";"2792";"24726";"1396";"10539";"rus";"eng";"Великобритания";"";"Вот и врезался круповатовский брат по уши в повариху, так и бегал повсюду за поварихой, души в ней не чаял, наглядеться не мог.";"119aaea1455dc68423da91eac4d1d710:1954:5";" And Krupovaty's brother simply lost his heart to the cook, he fairly ran after the cook, he positively adored her — couldn't keep his eyes off her. ";"eng"
" отсорп ,тарб ,Я ";"оп";"Я, брат, просто";"по";" ";"уши в нее врезался!";"И. С. Тургенев. Пунин и Бабурин (1874)";"И. С. Тургенев";"1818";"Пунин и Бабурин";"1874";"художественная";"";"";"";"";"";"омонимия не снята";"Пунин и Бабурин";"Ivan Turgenev";"Punin and Baburin";"";"1899";"2806";"37624";"1403";"16130";"rus";"eng";"Великобритания";"";"Я, брат, просто по уши в нее врезался!";"85deb7e18238279f5285c6a940f08f8c:1054:3";" I'm simply over head and ears, my boy! ";"eng"
" хыннежургоп ,йенивс адатс оголец юинелмузи уменйарк";"оп";"крайнему изумлению целого стада свиней, погруженных";"по";" ";"уши в темно-бурую грязь на самой";"И. С. Тургенев. Лебедянь (1848)";"И. С. Тургенев";"1818";"Лебедянь";"1848";"художественная";"";"";"";"";"";"омонимия не снята";"Лебедянь";"Ivan Turgenev";"Lebedyan";"";"1895";"520";"7589";"260";"3177";"rus";"eng";"Великобритания";"";"Правда, иногда (особенно в дождливое время) не слишком весело скитаться по проселочным дорогам, брать «целиком», останавливать всякого встречного мужика вопросом: «Эй, любезный! как бы нам проехать в Мордовку?», а в Мордовке выпытывать у тупоумной бабы (работники-то все в поле): далеко ли до постоялых двориков на большой дороге, и как до них добраться, и, проехав верст десять, вместо постоялых двориков очутиться в помещичьем сильно разоренном сельце Худобубнове, к крайнему изумлению целого стада свиней, погруженных по уши в темно-бурую грязь на самой середине улицы и нисколько не ожидавших, что их обеспокоят.";"bde2087a7d0a12d08506d57029f54eb6:4:74";" It is true that sometimes, especially in wet weather, it's not over pleasant to roam over by-roads, to cut' across country,' to stop every peasant you meet with the question,' Hey! my good man! how are we to get to Mordovka?' and at Mordovka to try to extract from a half-witted peasant woman (the working population are all in the fields) whether it is far to an inn on the high-road, and how to get to it — and then when you have gone on eight miles farther, instead of an inn, to come upon the deserted village of Hudobubnova, to the great amazement of a whole herd of pigs, who have been wallowing up to their ears in the black mud in the middle of the village street, without the slightest anticipation of ever being disturbed. ";"eng"
" анелбюлв алыб ано б илсЕ« :ябес";"оп";"себя: «Если б она была влюблена";"по";" ";"уши и хотела женить меня на";"Robert Louis Stevenson. Catriona (1893)";"Robert Louis Stevenson";"1850";"Catriona";"1893";"художественная";"";"";"";"";"";"омонимия не снята";"Catriona";"Роберт Луис Стивенсон";"Катриона";"";"1967";"10076";"182510";"5038";"101252";"rus";"rus";"Великобритания";"";"Порой я думал про себя: «Если б она была влюблена по уши и хотела женить меня на себе, она едва ли стала бы вести себя иначе». И я не уставал удивляться женской простоте, чувствуя в такие минуты, что я, рожденный женщиной, недостоин этого.";"2952b62afab51e809220d50458ae5cad:7847:10";" There were times when I have thought to myself, ""If she were over head in love, and set her cap to catch me, she would scarce behave much otherwise; ""and then I would fall again into wonder at the simplicity of woman, from whom I felt (in these moments) that I was not worthy to be descended. ";"eng"
" лыб ,ежух еще отч ,и мохуд";"оп";"духом и, что еще хуже, был";"по";" ";"уши в долгах.";"Mary Mapes Dodge. Hans Brinker or the Silver Skates (1865)";"Mary Mapes Dodge";"1831";"Hans Brinker or the Silver Skates";"1865";"художественная";"";"";"";"";"";"омонимия не снята";"Hans Brinker or the Silver Skates";"Мэри Мейпс Додж";"Серебряные коньки";"";"1941";"11526";"150751";"5763";"80734";"rus";"rus";"США";"";"Бедный художник совсем пал духом и, что еще хуже, был по уши в долгах.";"e7118cb2a258d86e243d71189fb37afd:3931:10";" The poor artist became completely discouraged, and, worst of all, was over head and ears in debt. ";"eng"
" ынатуказ еорт есв ,хагопас хикосыв в";"оп";"в высоких сапогах, все трое закутаны";"по";" ";"уши.";"Charles Dickens. The Tale of two Cities (1859)";"Charles Dickens";"1812";"The Tale of two Cities";"1859";"художественная";"";"";"";"";"";"омонимия не снята";"The Tale of two Cities";"Чарльз Диккенс";"Повесть о двух городах";"";"1950-1960";"15180";"261740";"7590";"135772";"rus";"rus";"Великобритания";"";"Все трое были в высоких сапогах, все трое закутаны по уши.";"45dc0f44a28f331677ad6ee35a429c4b:65:9";" All three were wrapped to the cheekbones and over the ears, and wore jack-boots. ";"eng"
" икат-омярп яслибюлв ретсечоР ретсим юуроток в";"оп";"в которую мистер Рочестер влюбился прямо-таки";"по";" ";"уши.";"Charlotte Brontë. Jane Eyre (1847)";"Charlotte Brontë";"1816";"Jane Eyre";"1847";"художественная";"";"";"";"";"";"омонимия не снята";"Jane Eyre";"Шарлотта Бронте";"Джейн Эйр";"";"1950";"17896";"344453";"8948";"186739";"rus";"rus";"Великобритания";"";"— Я к нему и веду… в которую мистер Рочестер влюбился прямо-таки по уши.";"0a7c00da545dbcb74563ade41aadf337:16589:11";" “I'm coming to that, ma'am — that Mr. Edward fell in love with. ";"eng"
" я отч ,ыб ясладагод каруд йылгурк";"оп";"круглый дурак догадался бы, что я";"по";" ";"уши влюблен; она меня наконец поняла";"Emily Brontë. Wuthering Heights (1847)";"Emily Brontë";"1818";"Wuthering Heights";"1847";"художественная";"";"";"";"";"";"омонимия не снята";"Wuthering Heights";"Эмили Бронте";"Грозовой перевал";"";"1956";"12548";"224130";"6274";"117752";"rus";"rus";"Великобритания";"";"Я ""не позволял своей любви высказаться вслух""; однако, если взгляды могут говорить, и круглый дурак догадался бы, что я по уши влюблен; она меня наконец поняла и стал а бросать мне ответные взгляды ― самые нежные, какие только можно вообразить.";"4dd9a884633da9a0b633833588f2afc1:93:19";" I' never told my love'vocally; still, if looks have language, the merest idiot might have guessed I was over head and ears: she understood me at last, and looked a return ― the sweetest of all imaginable looks. ";"eng"
" немьлтнежд лазакс как ― ,ирэМ яалим яом";"оп";"моя милая Мэри, ― как сказал джентльмен";"по";" ";"уши в долги, выходя из дома";"Charles Dickens. The Posthumous Papers of the Pickwick Club (1836-1837)";"Charles Dickens";"1812";"The Posthumous Papers of the Pickwick Club";"1836-1837";"художественная";"";"";"";"";"";"омонимия не снята";"The Posthumous Papers of the Pickwick Club";"Чарльз Диккенс";"Посмертные записки Пиквикского клуба";"";"1933";"31534";"516076";"15767";"287005";"rus";"rus";"Великобритания";"";"― ""И вот я пользуюсь привилегией этого дня, моя милая Мэри, ― как сказал джентльмен по уши в долги, выходя из дома в воскресенье, ― чтобы сказать вам, что в первый и единственный раз, когда я вас видел, ваш портрет отпечатался в моем сердце куда скорее и красивее, чем делает портрет профильная машина (о которой вы, может быть, слыхали, моя милая Мэри), хотя она его заканчивает и вставляет в рамку под стеклом с готовым крючком, чтобы повесить, и все это в две с четвертью минуты"".";"44c1add02382c6859cb2b4883cdab3f3:16971:13";"' ""So I take the privilidge of the day, Mary, my dear ― as the gen'l'm'n in difficulties did, ven he valked out of a Sunday ― to tell you that the first and only time I see you, your likeness was took on my hart in much quicker time and brighter colours than ever a likeness was took by the profeel macheen (wich p'raps you may have heerd on Mary my dear) altho it DOES finish a portrait and put the frame and glass on complete, with a hook at the end to hang it up by, and all in two minutes and a quarter.""' ";"eng"
" огешзяргоп ,солов хыдес од ьтижод ябет";"оп";"тебя дожить до седых волос, погрязшего";"по";" ";"уши в лихоимстве и плутовстве"".";"Walter Scott. Ivanhoe (1819)";"Walter Scott";"1771";"Ivanhoe";"1819";"художественная";"";"";"";"";"";"омонимия не снята";"Ivanhoe";"Вальтер Скотт";"Айвенго";"";"1890-1902";"14144";"333666";"7072";"185803";"rus";"rus";"Великобритания";"";"""Что ты стар, это верно, ― ответил рыцарь, ― тем больше стыда тем, кто допустил тебя дожить до седых волос, погрязшего по уши в лихоимстве и плутовстве"".";"ea4bfa5be04d4e7f98090eda4be01bfb:5763:19";"`` Old thou mayst be,'' replied the knight;`` more shame to their folly who have suffered thee to grow grey in usury and knavery. ";"eng"
" тедуб ано инемерв морокс в отч";"оп";"что в скором времени она будет";"по";" ";"уши в него влюблена. Элизабет, однако";"Jane Austen. Pride and Prejudice (1813)";"Jane Austen";"1775";"Pride and Prejudice";"1813";"художественная";"";"";"";"";"";"омонимия не снята";"Pride and Prejudice";"Джейн Остин";"Гордость и предубеждение";"";"1967";"11612";"229406";"5806";"122012";"rus";"rus";"Великобритания";"";"В самом деле, эта склонность бросалась в глаза всякому, кто видел их вместе. Для Элизабет было также очевидно, что увлечение Джейн мистером Бингли, возникшее с самого начала их знакомства, становится все более сильным и что в скором времени она будет по уши в него влюблена. Элизабет, однако, с удовлетворением замечала, что эта влюбленность станет не скоро известна посторонним, так как большую силу чувства Джейн сочетала с таким самообладанием и приветливостью, которые должны были защитить ее от подозрений излишне любопытных знакомых.";"f3fb9609c440de2fc83d19527e4ed80d:607:40";" It was generally evident whenever they met, that he did admire her and to her it was equally evident that Jane was yielding to the preference which she had begun to entertain for him from the first, and was in a way to be very much in love; but she considered with pleasure that it was not likely to be discovered by the world in general, since Jane united, with great strength of feeling, a composure of temper and a uniform cheerfulness of manner which would guard her from the suspicions of the impertinent. ";"eng"
" нелбюлв лыб но юуроток в ,екшувед";"оп";"девушке, в которую он был влюблен";"по";" ";"уши.";"Jane Austen. Pride and Prejudice (1813)";"Jane Austen";"1775";"Pride and Prejudice";"1813";"художественная";"";"";"";"";"";"омонимия не снята";"Pride and Prejudice";"Джейн Остин";"Гордость и предубеждение";"";"1967";"11612";"229406";"5806";"122012";"rus";"rus";"Великобритания";"";"Не так часто вмешательство друзей заставляет вполне независимого молодого человека перестать думать о девушке, в которую он был влюблен по уши.";"f3fb9609c440de2fc83d19527e4ed80d:4065:19";" It does not often happen that the interference of friends will persuade a young man of independent fortune to think no more of a girl whom he was violently in love with only a few days before. ";"eng"
" нелбюлв« еинежарыВ — ";"оп";"— Выражение «влюблен";"по";" ";"уши» настолько избито, обманчиво и неопределенно";"Jane Austen. Pride and Prejudice (1813)";"Jane Austen";"1775";"Pride and Prejudice";"1813";"художественная";"";"";"";"";"";"омонимия не снята";"Pride and Prejudice";"Джейн Остин";"Гордость и предубеждение";"";"1967";"11612";"229406";"5806";"122012";"rus";"rus";"Великобритания";"";"— Выражение «влюблен по уши» настолько избито, обманчиво и неопределенно, что почти ничего не означает.";"f3fb9609c440de2fc83d19527e4ed80d:4067:2";" ""But that expression of' violently in love'is so hackneyed, so doubtful, so indefinite, that it gives me very little idea. ";"eng"
" ― и ,ашютаК ,меатлоб ,меатлоб окьлот ым";"оп";"мы только болтаем, болтаем, Катюша, и ―";"по";" ";"уши в болоте.";"А. Н. Толстой. Сестры (1922)";"А. Н. Толстой";"1883";"Сестры";"1922";"художественная";"";"";"";"";"";"омонимия не снята";"Сестры";"Alexey Tolstoy";"The Sisters";"";"";"13690";"189958";"6845";"78647";"rus";"eng";"Великобритания";"";"Ведь мы только болтаем, болтаем, Катюша, и ― по уши в болоте.";"ec3d2652f879981a75eb5d0716550068:2864:7";" We do nothing but talk, talk, talk, Katyusha, and all the time we're up to our necks in a quagmire. ";"eng"
