"Reversed left context";"Reversed center";"Left context";"Center";"Punct";"Right context";"Title";"Author";"Birthday";"Header";"Created";"Sphere";"Type";"Topic";"Publication";"Publ_year";"Medium";"Ambiguity";"Header";"Author_trans";"Header_trans";"Translator";"Date_trans";"Sentences";"Words";"Orig_sentences";"Orig_words";"Lang";"Lang_trans";"Lang_variant";"Dialect";"Full context";"Example source";"Para context 1";"Lang 1"
" олыб отэ и ,ебес химас о";"онся";"о самих себе, и это было";"ясно";" ";"как день.";"Simon Sinek. Leaders Eat Last: Why Some Teams Pull Together and Others Don’t (2014)";"Simon Sinek";"1973";"Leaders Eat Last: Why Some Teams Pull Together and Others Don’t";"2014";"учебно-научная";"";"";"";"";"";"омонимия не снята";"Leaders Eat Last: Why Some Teams Pull Together and Others Don’t";"Саймон Синек";"Лидеры едят последними. Как создать команду мечты";"";"2015";"8682";"148970";"4341";"81059";"rus";"rus";"Великобритания, США";"";"В отличие от лидеров компании Ralph Lauren руководство Банка Америки приняло решение попытаться исказить информацию, чтобы создать видимость заботы о своих клиентах, когда они больше заботились о самих себе, и это было ясно как день.";"3b7d6ca70751178fd968ed7391ffd2a4:6491:32";" Unlike the leaders of Ralph Lauren, the leaders of Bank of America chose to spin information to give the appearance of concern for their customers, when as plain as day, they were acting out of more concern for themselves. ";"eng"
" ";"онсЯ";"";"Ясно";" ";"как день, в кого этот пасквиль";"Владимир Сорокин. День опричника (2006)";"Владимир Сорокин";"1955";"День опричника";"2006";"художественная";"";"";"";"";"";"омонимия не снята";"День опричника";"Vladimir Sorokin";"Day of the Oprichnik";"";"2011";"8772";"78325";"4386";"32419";"rus";"eng";"США";"";"Ясно как день, в кого этот пасквиль метит.";"83a6c7e8f62ebb2c452cfda384caef73:1726:0";" The target of this pasquinade is as clear as day. ";"eng"
" ,аханамьла хинделсоп авд умешватичорп ,укеволеч умоджаК";"онся";"Каждому человеку, прочитавшему два последних альманаха,";"ясно";" ";"как день, ― издевался Бедный Ричард, ― что";"Walter Isaacson. Benjamin Franklin: An American Life (2003)";"Walter Isaacson";"1952";"Benjamin Franklin: An American Life";"2003";"учебно-научная";"";"наука и технологии, история";"";"";"";"омонимия не снята";"Benjamin Franklin: An American Life";"Уолтер Айзексон";"Бенджамин Франклин. Биография";"";"2014";"16174";"343808";"8087";"182129";"rus";"rus";"США";"";"""Каждому человеку, прочитавшему два последних альманаха, ясно как день, ― издевался Бедный Ричард, ― что ни один живой человек не станет и не сможет писать такие вещи"".";"81b6e1b6e410f8b1242cb9655e0bac1e:3053:6";"' Tis plain to everyone that reads his last two almanacks, ""Poor Richard jibed, ""no man living would or could write such stuff. """;"eng"
" ";"онсЯ";"";"Ясно";" ";"как день, что наши соседи-масаи";"Robert Sapolsky. A Primate’s Memoir (2001)";"Robert Sapolsky";"1957";"A Primate’s Memoir";"2001";"учебно-научная, публицистика";"";"";"";"";"";"омонимия не снята";"A Primate’s Memoir";"Роберт Сапольски";"Записки примата: Необычайная жизнь учёного среди павианов";"";"2018";"13280";"230051";"6640";"126204";"rus";"rus";"США";"";"Ясно как день, что наши соседи-масаи в любой момент могут нас обступить, потрясая копьями, и назначить добровольцами по доставке их на линию фронта.";"3c38f8c8fac54291f66017e902a902a3:10655:0";" It seemed perfectly logical that our Masai neighbors would, any moment, confront us excitedly with their spears and volunteer us to drop them off at the battlefront. ";"eng"
" олыб отЭ ";"онся";"Это было";"ясно";" ";"как день и очень нервировало.";"Robert Sapolsky. A Primate’s Memoir (2001)";"Robert Sapolsky";"1957";"A Primate’s Memoir";"2001";"учебно-научная, публицистика";"";"";"";"";"";"омонимия не снята";"A Primate’s Memoir";"Роберт Сапольски";"Записки примата: Необычайная жизнь учёного среди павианов";"";"2018";"13280";"230051";"6640";"126204";"rus";"rus";"США";"";"Ее не интересовали ни ответы, ни сами вопросы, она собиралась с духом для чего-то другого.  Это было ясно как день и очень нервировало.  Может, по ее сигналу сюда ворвется орда в бурнусах и, выхватив ятаганы, изрубит нас на куски?";"3c38f8c8fac54291f66017e902a902a3:11381:2";" She was not interested in our answers or her questions; it was something else, she was working up the nerve.  The transparency of this unsettled us.  Was she awaiting the signal from the berobed men to pour in with their scimitars and hack us to bits? ";"eng"
" отэ хыротокен ялД ";"онся";"Для некоторых это";"ясно";", ";"как день, и изумительно образно, но";"Richard Dawkins. The Extended Phenotype: The Long Reach of the Gene (1999)";"Richard Dawkins";"1941";"The Extended Phenotype: The Long Reach of the Gene";"1999";"учебно-научная";"";"";"";"";"";"омонимия не снята";"The Extended Phenotype: The Long Reach of the Gene";"Ричард Докинз";"Расширенный фенотип: длинная рука гена";"";"2010";"10440";"239239";"5220";"128331";"rus";"rus";"Великобритания";"";"Для некоторых это ясно, как день, и изумительно образно, но для многих, очевидно, здесь лежит камень преткновения.";"d7393a6ccd2ce685588af3419d7fedbc:7045:3";" To the few this is as clear as daylight, and beautifully suggestive, but to many it is evidently a stumbling block. ";"eng"
" .имакису имыньлетидебуен оньловод с ,екаждип монажок";"онсЯ";"кожаном пиджаке, с довольно неубедительными усиками.";"Ясно";" ";"как день, что они уже спят";"Helen Fielding. Bridget Jones’s Diary (1996)";"Helen Fielding";"1958";"Bridget Jones’s Diary";"1996";"художественная";"";"";"";"";"";"омонимия не снята";"Bridget Jones’s Diary";"Хелен Филдинг";"Дневник Бриджит Джонс";"";"2000";"9052";"131643";"4526";"68350";"rus";"rus";"Великобритания";"";"И вдруг наткнулась на ужасную фотографию Дарси и Элизабет в ""Стандарте"": современно одеты, лежат на лугу в обнимку. У нее пышная светлая прическа, одета в льняной брючный костюм. Он в полосатом пуловере и кожаном пиджаке, с довольно неубедительными усиками. Ясно как день, что они уже спят вместе. Это так отвратительно. Чувствую беспокойство и потерю ориентации, поскольку мистер Дарси ни за что не сделал бы такую глупость и фривольную вещь, как стать актером, и при этом мистер Дарси все-таки актер. Хм-м-м. Я совсем сбита с толку.";"00b27b94920424593a5272dca2201b01:7263:39";" When I stumbled upon a photograph in the Standard of Darcy and Elizabeth, hideous, dressed as modem-day luvvies, draped all over each other in a meadow: she with blond Sloane hair, and linen trouser suit, he in striped polo neck and leather jacket with a rather unconvincing moustache. Apparently they are already sleeping together. That is absolutely disgusting. Feel disorientated and worried, for surely Mr. Darcy would never do anything so vain and frivolous as to be an actor and yet Mr. Darcy is an actor. Hmmm. All v. confusing. ";"eng"
" олыб уме есв еджерп и ,есв";"онся";"все, и прежде все ему было";"ясно";" ";"как день.";"Ф. М. Достоевский. Неточка Незванова (1849)";"Ф. М. Достоевский";"1821";"Неточка Незванова";"1849";"художественная";"";"";"";"";"";"омонимия не снята";"Неточка Незванова";"Fedor Dostoevsky";"Netochka Nezvanova";"";"1985";"7056";"121472";"3528";"54801";"rus";"eng";"Великобритания";"";"Ему все известно; он нас видит; он понимает все, и прежде все ему было ясно как день.";"a26354401427c45b28a02c06d136f559:5468:14";" He knows everything; he sees us and understands all. It was crystal clear to him from the start. ";"eng"
" отэ ― иманагро имынтселбод имишан с ьтачиндуртос";"онся";"сотрудничать с нашими доблестными органами ― это";"ясно";", ";"как день.";"Владимир Буковский. «И возвращается ветер…» (1978)";"Владимир Буковский";"1942";"«И возвращается ветер…»";"1978";"публицистика";"";"";"";"";"";"омонимия не снята";"«И возвращается ветер…»";"Vladimir Bukovsky";"To build the castle. My life as a dissenter";"";"1979";"16614";"269869";"8307";"118447";"rus";"eng";"Великобритания";"";"Советский же человек обязан сотрудничать с нашими доблестными органами ― это ясно, как день.";"848ab4fe8251c23892099a6a4b79f2fa:8618:10";" And Soviet man is obliged to collaborate with our glorious security organs — that's clear as daylight. ";"eng"
" ― ,дофаЗ лажлодорп ― ,оно тов И ― ";"онся";"― И вот оно, ― продолжал Зафод, ―";"ясно";", ";"как день.";"Douglas Adams. The Hitchhiker’s Guide to the Galaxy (1978-1979)";"Douglas Adams";"1952";"The Hitchhiker’s Guide to the Galaxy";"1978-1979";"художественная";"";"";"";"";"";"омонимия не снята";"The Hitchhiker’s Guide to the Galaxy";"Дуглас Адамс";"Путеводитель хитч-хайкера по Галактике";"";"1995-1997";"5806";"86000";"2903";"47259";"rus";"rus";"Великобритания";"";"― И вот оно, ― продолжал Зафод, ― ясно, как день.";"196c00195c1de5423601f6709450f4d9:3923:5";" ""And there it was, ""said Zaphod, ""clear as day. ";"eng"
" есв янем ялД ";"онся";"Для меня все";"ясно";", ";"как день.";"Владимир Набоков. Соглядатай (1930)";"Владимир Набоков";"1899";"Соглядатай";"1930";"художественная";"";"";"";"";"";"омонимия не снята";"Соглядатай";"Vladimir Nabokov";"The Eye";"";"1965";"2074";"37136";"1037";"15808";"rus";"eng";"Великобритания, США";"";"Я не стал приводить те доводы, которые бы, конечно, убедили его.  Для меня все ясно, как день.  Вместо того чтобы клеймить Смурова унизительной кличкой вора, я искренно его сожалею, как это ни кажется парадоксально.";"54c25ecea94b6b284d10abf0ad4975b9:1614:3";" I did not set forth certain arguments that would undoubtedly have convinced him.  To me everything is clear as day.  Instead of branding Smurov with the humiliating designation of' thief', I am sincerely sorry for him, paradoxical as it may seem. ";"eng"
" – ";"онсЯ";"–";"Ясно";" ";"как день, что нас дочиста обокрали";"В. А. Обручев. Плутония (1915-1924)";"В. А. Обручев";"1863";"Плутония";"1915-1924";"художественная";"";"";"";"";"";"омонимия не снята";"Плутония";"Vladimir Obruchev";"Plutonia";"";"1957";"10222";"186341";"5111";"80357";"rus";"eng";"Великобритания";"";"– Ясно как день, что нас дочиста обокрали! – воскликнул Макшеев.";"5d71cd04ca681137622431852e512a28:5234:0";" “It's as clear as day: we've been cleaned out,” exclaimed Maksheyev. ";"eng"
" ";"онсЯ";"";"Ясно";" ";"как день, что гимназии ты не";"Петр Успенский. Странная жизнь Ивана Осокина (1915)";"Петр Успенский";"1878";"Странная жизнь Ивана Осокина";"1915";"художественная";"";"";"";"";"";"омонимия не снята";"Странная жизнь Ивана Осокина";"P. D. Ouspensky";"Strange life of Ivan Osokin";"";"1947";"6498";"73651";"3249";"31583";"rus";"eng";"Великобритания";"";"Ясно как день, что гимназии ты не кончишь.";"74d077deda09703777c412b78d3d9a2c:1566:0";" It's as clear as day light that you'll never finish school. ";"eng"
" – онтяноп еж есВ ";"онся";"Все же понятно –";"ясно";", ";"как день.";"Agatha Christie. Ten Little Niggers / And Then There Were None (1939)";"Agatha Christie";"1890";"Ten Little Niggers / And Then There Were None";"1939";"художественная";"";"";"";"";"";"омонимия не снята";"Ten Little Niggers / And Then There Were None";"Агата Кристи";"Десять негритят / И никого не стало";"";"2015";"10838";"98249";"5419";"53955";"rus";"rus";"Великобритания";"";"Главное – не раскисать.  Все же понятно – ясно, как день.  Главное, чтобы никто не заподозрил.";"0da3497f344973d8c0a582bbbf11400d:7789:3";" If only I keep my head…  It's all perfectly clear ― all worked out.  But nobody must suspect. ";"eng"
" еж отЭ – .нротйелК ссим алазакс йоговерт";"онся";"тревогой сказала мисс Клейторн. – Это же";"ясно";", ";"как день.";"Agatha Christie. Ten Little Niggers / And Then There Were None (1939)";"Agatha Christie";"1890";"Ten Little Niggers / And Then There Were None";"1939";"художественная";"";"";"";"";"";"омонимия не снята";"Ten Little Niggers / And Then There Were None";"Агата Кристи";"Десять негритят / И никого не стало";"";"2015";"10838";"98249";"5419";"53955";"rus";"rus";"Великобритания";"";"– Если вы ночью его не нашли, то и сейчас не найдете, – с тревогой сказала мисс Клейторн. – Это же ясно, как день.";"0da3497f344973d8c0a582bbbf11400d:9403:18";" Vera said urgently: ""If you didn't find him last night, you won't find him now… That's common sense. """;"eng"
" енм ьрепет ― ,яаватсв ,я лазакс ― ,оньловоД";"онся";"Довольно, ― сказал я, вставая, ― теперь мне";"ясно";", ";"как день, что и мисс Полине";"Ф. М. Достоевский. Игрок (1866)";"Ф. М. Достоевский";"1821";"Игрок";"1866";"художественная";"";"";"";"";"";"омонимия не снята";"Игрок";"Fedor Dostoevsky";"The Gambler";"";"1935";"6070";"105773";"3035";"44723";"rus";"eng";"Великобритания";"";"― Довольно, ― сказал я, вставая, ― теперь мне ясно, как день, что и мисс Полине всё известно о mademoiselle Blanche, но что она не может расстаться со своим французом, а потому и решается гулять с mademoiselle Blanche.";"8a55ff685fab6d17e21f02da31670ba5:2134:6";" ""Enough, ""I said, rising. ""To me it is as clear as day that Mlle. Polina knows all about this Mlle. Blanche, but cannot bring herself to part with her Frenchman; wherefore, she consents also to be seen in public with Mlle. Blanche. ";"eng"
" отЭ ";"онся";"Это";"ясно";", ";"как день.";"Ernest Hemingway. Farewell to Arms (1929)";"Ernest Hemingway";"1899";"Farewell to Arms";"1929";"художественная";"";"";"";"";"";"омонимия не снята";"Farewell to Arms";"Эрнест Хемингуэй";"Прощай, оружие!";"";"1936";"20378";"163413";"10189";"89622";"rus";"rus";"США";"";"По дороге домой Ринальди сказал: ""Вы понравились мисс Баркли больше, чем я.  Это ясно, как день.  Но та шотландка тоже очень мила.";"09eb6eebb5e2855c21dfc22432e21ae5:947:1";" Walking home Rinaldi said, ""Miss Barkley prefers you to me.  That is very clear.  But the little Scotch one is very nice. ";"eng"
" отэ ;нелбюлв ,ястеемузаР ";"онся";"Разумеется, влюблен; это";"ясно";" ";"как день.";"И. С. Тургенев. Отцы и дети (1862)";"И. С. Тургенев";"1818";"Отцы и дети";"1862";"художественная";"";"";"";"";"";"омонимия не снята";"Отцы и дети";"Ivan Turgenev";"Fathers And Children";"";"1917";"9082";"126257";"4541";"54711";"rus";"eng";"Великобритания";"";"Ба! да не влюблен ли он сам?  Разумеется, влюблен; это ясно как день.  Какой переплет, подумаешь!..";"36ae621380e9001e907c46936cab621b:6670:3";" Bah! isn't he perhaps in love with her himself?  To be sure, he's in love; it's as clear as day.  What a complication! ";"eng"
" ужакод йороток в ,укитирк юунрутаретил юушйеньлетидебу";"онся";"убедительнейшую литературную критику, в которой докажу";"ясно";" ";"как день, что каждая страница их";"Ф. М. Достоевский. Идиот (1868-1869)";"Ф. М. Достоевский";"1821";"Идиот";"1868-1869";"художественная";"";"";"";"";"";"омонимия не снята";"Идиот";"Fedor Dostoevsky";"The Idiot";"";"1915";"23994";"441819";"11997";"200886";"rus";"eng";"Великобритания";"";"Дайте мне их книги, дайте мне их учения, их мемуары, и я, не будучи литературным критиком, берусь написать вам убедительнейшую литературную критику, в которой докажу ясно как день, что каждая страница их книг, брошюр, мемуаров написана прежде всего прежним русским помещиком.";"02acae359836f47f703b337b87151cb4:12822:25";" Give me their books, give me their studies, their memoirs, and though I am not a literary critic, yet I will prove as clear as day that every chapter and every word of their writings has been the work of a former landed proprietor of the old school. ";"eng"
" .онся ,умеом-оп И — ";"онсЯ";"— И по-моему, ясно.";"Ясно";" ";"как день. Любит.";"Ф. М. Достоевский. Идиот (1868-1869)";"Ф. М. Достоевский";"1821";"Идиот";"1868-1869";"художественная";"";"";"";"";"";"омонимия не снята";"Идиот";"Fedor Dostoevsky";"The Idiot";"";"1915";"23994";"441819";"11997";"200886";"rus";"eng";"Великобритания";"";"— И по-моему, ясно. Ясно как день. Любит.";"02acae359836f47f703b337b87151cb4:20294:3";" ""I think so too, as clear as day; she loves him. """;"eng"
" ёсв и ,ьтсе и ым от";"онся";"то мы и есть, и всё";"ясно";" ";"как день.";"Ф. М. Достоевский. Преступление и наказание (1866)";"Ф. М. Достоевский";"1821";"Преступление и наказание";"1866";"художественная";"";"";"";"";"";"омонимия не снята";"Преступление и наказание";"Fedor Dostoevsky";"Crime and Punishment";"";"1914";"25564";"369816";"12782";"168521";"rus";"eng";"Великобритания";"";"Таковы-то мы и есть, и всё ясно как день.";"928f8dab693260693ecabf487aa70af5:1718:7";" That's just like us, it's as clear as daylight. ";"eng"
" ,цясем тотэ в онешер отч ,ёсв";"онся";"всё, что решено в этот месяц,";"ясно";" ";"как день, справедливо как арифметика.";"Ф. М. Достоевский. Преступление и наказание (1866)";"Ф. М. Достоевский";"1821";"Преступление и наказание";"1866";"художественная";"";"";"";"";"";"омонимия не снята";"Преступление и наказание";"Fedor Dostoevsky";"Crime and Punishment";"";"1914";"25564";"369816";"12782";"168521";"rus";"eng";"Великобритания";"";"Пусть, пусть даже нет никаких сомнений во всех этих расчетах, будь это всё, что решено в этот месяц, ясно как день, справедливо как арифметика.";"928f8dab693260693ecabf487aa70af5:2516:18";" Granted, granted that there is no flaw in all that reasoning, that all that I have concluded this last month is clear as day, true as arithmetic… ";"eng"
" ьсолазако оге уровогзар оп и авотаШ";"онся";"Шатова и по разговору его оказалось";"ясно";" ";"как день, что этот человек «в";"Ф. М. Достоевский. Бесы (1872)";"Ф. М. Достоевский";"1821";"Бесы";"1872";"художественная";"";"";"";"";"";"омонимия не снята";"Бесы";"Fedor Dostoevsky";"The Possessed, or The Devils";"";"1913";"29104";"455640";"14552";"199311";"rus";"eng";"Великобритания";"";"По виду Шатова и по разговору его оказалось ясно как день, что этот человек «в отцы собирается и тряпка последней руки».";"9e7e7e2d8d58ee27b69a10516c4acde9:25296:8";" Shatov's appearance and conversation made it as clear as daylight that this man ""was going in for being a father and was a ninny. ";"eng"
" олыб ёсв оН ";"онся";"Но всё было";"ясно";" ";"как день: этот офицер — он знал";"Ф. М. Достоевский. Братья Карамазовы (ч. 3-4) (1878)";"Ф. М. Достоевский";"1821";"Братья Карамазовы (ч. 3-4)";"1878";"художественная";"";"";"";"";"";"омонимия не снята";"Братья Карамазовы (ч. 3-4)";"Fedor Dostoevsky";"The Brothers Karamazov (parts 3-4)";"";"1912";"23208";"374289";"11604";"169158";"rus";"eng";"Великобритания";"";"Но всё было ясно как день: этот офицер — он знал про него, знал ведь отлично всё, знал от самой же Грушеньки, знал, что месяц назад он письмо прислал.";"01066fd433366c41dcff4c8cece1c4b3:3316:3";" Yet everything was clear as day: that officer, he knew about him, he knew everything perfectly, he had known it from Grushenka herself, had known that a letter had come from him a month before. ";"eng"
" отэ — итсеворп хи тежом йикясв ,ябес";"онся";"себя, всякий может их провести — это";"ясно";" ";"как день; она просто не понимает";"John Galsworthy. The Man of Property (1906)";"John Galsworthy";"1867";"The Man of Property";"1906";"художественная";"";"";"";"";"";"омонимия не снята";"The Man of Property";"Джон Голсуорси";"Собственник";"";"1946";"9926";"169988";"4963";"92898";"rus";"rus";"Великобритания";"";"Однако миссис Мак-Эндер говорила, что она не видит в этой женщине ничего особенного; в ней нет «изюминки», такие не сумеют постоять за себя, всякий может их провести — это ясно как день; она просто не понимает, что в ней находят мужчины!";"e58e30a9659560e9d58794f56c057081:7195:29";" She said, however, that she could see nothing in the woman — there was no‘ go'about her — she would never be able to stand up for herself — anyone could take advantage of her, that was plain — she could not see in fact what men found to admire! ";"eng"
" олыб уме ьрепеТ ";"онся";"Теперь ему было";"ясно";", ";"как день, что главная причина народной";"Л. Н. Толстой. Воскресение (ч. 2-3) (1899)";"Л. Н. Толстой";"1828";"Воскресение (ч. 2-3)";"1899";"художественная";"";"";"";"";"";"омонимия не снята";"Воскресение (ч. 2-3)";"Leo Tolstoy";"The Awakening (parts 2-3)";"";"1900";"9236";"166798";"4618";"72587";"rus";"eng";"";"";"Теперь ему было ясно, как день, что главная причина народной нужды, сознаваемая и всегда выставляемая самим народом, состояла в том, что у народа была отнята землевладельцами та земля, с которой одной он мог кормиться.";"6a8cea35efb51bd39562d69abc1882c4:792:3";" Now it seemed as clear as daylight that the chief cause of the people's great want was one that they themselves knew and always pointed out, i. e., that the land which alone could feed them had been taken from them by the landlords. ";"eng"
" есВ"" ";"онся";"""Все";"ясно";", ";"как день"", воскликнул сквайр.";"Robert Louis Stevenson. Treasure Island (1883)";"Robert Louis Stevenson";"1850";"Treasure Island";"1883";"художественная";"";"";"";"";"";"омонимия не снята";"Treasure Island";"Роберт Луис Стивенсон";"Остров сокровищ";"";"1935";"7560";"122668";"3780";"69090";"rus";"rus";"Великобритания";"";"""Я ничего не могу понять"", сказал доктор Ливси.  ""Все ясно, как день"", воскликнул сквайр.  ""Перед нами приходная книга этого гнусного пса.";"e18409c90e9a0bee3611dcb62e0e2873:1171:1";" ""I can't make head or tail of this, ""said Dr Livesey. "" The thing is as clear as noonday, ""cried the squire. "" This is the black-hearted hound's account-book. ";"eng"
" олыб есВ ";"онся";"Все было";"ясно";", ";"как день.";"Robert Louis Stevenson. Treasure Island (1883)";"Robert Louis Stevenson";"1850";"Treasure Island";"1883";"художественная";"";"";"";"";"";"омонимия не снята";"Treasure Island";"Роберт Луис Стивенсон";"Остров сокровищ";"";"1935";"7560";"122668";"3780";"69090";"rus";"rus";"Великобритания";"";"Ведь останься он на палубе, он не мог бы притвориться ничего не понимающим.  Все было ясно, как день.  Капитаном был Сильвер, и у него была большая команда мятежников.";"e18409c90e9a0bee3611dcb62e0e2873:2837:2";" Had he been on deck, he could no longer so much as have pretended not to understand the situation.  It was as plain as day.  Silver was the captain, and a mighty rebellious crew he had of it. ";"eng"
" ― алитсорп ен оге анО ";"онся";"Она его не простила ―";"ясно";", ";"как день!";"Thomas Hardy. Far from the Madding Crowd (1874)";"Thomas Hardy";"1840";"Far from the Madding Crowd";"1874";"художественная";"";"";"";"";"";"омонимия не снята";"Far from the Madding Crowd";"Томас Гарди";"Вдали от обезумевшей толпы";"";"1970";"17882";"257619";"8941";"137583";"rus";"rus";"Великобритания";"";"Она его не простила ― ясно, как день!";"e235f4b270c34dc6f661c547dc123d5d:9587:4";" He as unforgiven ― that was the issue of it all. ";"eng"
" енм оН ";"онся";"Но мне";"ясно";" ";"как день, что вы ничуть не";"Thomas Hardy. Far from the Madding Crowd (1874)";"Thomas Hardy";"1840";"Far from the Madding Crowd";"1874";"художественная";"";"";"";"";"";"омонимия не снята";"Far from the Madding Crowd";"Томас Гарди";"Вдали от обезумевшей толпы";"";"1970";"17882";"257619";"8941";"137583";"rus";"rus";"Великобритания";"";"Но мне ясно как день, что вы ничуть не уроните своего женского достоинства, если из чувства жалости, или, как вы говорите, из желания искупить свою вину, заключите со мной соглашение на много лет вперед, договор, который все уладит и осчастливит меня, хотя бы и очень нескоро.";"e235f4b270c34dc6f661c547dc123d5d:15221:2";" But I can't help seeing that if you choose from a feeling of pity, and, as you say, a wish to make amends, to make a bargain with me for a far-ahead time ― an agreement which will set all things right and make me happy, late though it may be ― there is no fault to be found with you as a woman. ";"eng"
" ― ";"онсЯ";"―";"Ясно";" ";"как день, хозяин сбит с толку";"Thomas Hardy. Far from the Madding Crowd (1874)";"Thomas Hardy";"1840";"Far from the Madding Crowd";"1874";"художественная";"";"";"";"";"";"омонимия не снята";"Far from the Madding Crowd";"Томас Гарди";"Вдали от обезумевшей толпы";"";"1970";"17882";"257619";"8941";"137583";"rus";"rus";"Великобритания";"";"― Ясно как день, хозяин сбит с толку, да и ей-то невдомек, и надобно сейчас же им сказать.";"e235f4b270c34dc6f661c547dc123d5d:16217:0";" ""We know very well that master's on a wrong tack, and that she's quite in the dark, and we should let' em know at once. ";"eng"
" ""еынневтсбос оге илыб ысаЧ"" ";"онся";"""Часы были его собственные""";"ясно";", ";"как день.";"Mary Mapes Dodge. Hans Brinker or the Silver Skates (1865)";"Mary Mapes Dodge";"1831";"Hans Brinker or the Silver Skates";"1865";"художественная";"";"";"";"";"";"омонимия не снята";"Hans Brinker or the Silver Skates";"Мэри Мейпс Додж";"Серебряные коньки";"";"1941";"11526";"150751";"5763";"80734";"rus";"rus";"США";"";"""Часы были его собственные"" ясно, как день.";"e7118cb2a258d86e243d71189fb37afd:9475:4";" The watch was his own, clear enough. ";"eng"
" отэ ьдев аД ― ";"онся";"― Да ведь это";"ясно";", ";"как день, ― сказал мистер Рокер.";"Charles Dickens. The Posthumous Papers of the Pickwick Club (1836-1837)";"Charles Dickens";"1812";"The Posthumous Papers of the Pickwick Club";"1836-1837";"художественная";"";"";"";"";"";"омонимия не снята";"The Posthumous Papers of the Pickwick Club";"Чарльз Диккенс";"Посмертные записки Пиквикского клуба";"";"1933";"31534";"516076";"15767";"287005";"rus";"rus";"Великобритания";"";"― Да ведь это ясно, как день, ― сказал мистер Рокер.";"44c1add02382c6859cb2b4883cdab3f3:22225:3";"' Why,' said Mr. Roker,' it's as plain as Salisbury. ";"eng"
