"Reversed left context";"Reversed center";"Left context";"Center";"Punct";"Right context";"Title";"Author";"Birthday";"Header";"Created";"Sphere";"Type";"Topic";"Publication";"Publ_year";"Medium";"Ambiguity";"Header";"Author_trans";"Header_trans";"Translator";"Date_trans";"Sentences";"Words";"Orig_sentences";"Orig_words";"Lang";"Lang_trans";"Lang_variant";"Dialect";"Full context";"Example source";"Para context 1";"Lang 1"
" умам юом ыб илангов еыроток ,ищев";"в";"вещи, которые вогнали бы мою маму";"в";" ";"краску"".";"Walter Isaacson. The Innovators. How Group of Hackers, Geniuses and Geeks Created the Digital Revolution (2014)";"Walter Isaacson";"1952";"The Innovators. How Group of Hackers, Geniuses and Geeks Created the Digital Revolution";"2014";"учебно-научная, публицистика";"";"наука и технологии, информатика";"";"";"";"омонимия не снята";"The Innovators. How Group of Hackers, Geniuses and Geeks Created the Digital Revolution";"Уолтер Айзексон";"Инноваторы. Как несколько гениев, хакеров и гиков совершили цифровую революцию";"";"2015";"15914";"322417";"7957";"170459";"rus";"rus";"";"";"""Я всегда стремился провоцировать людей, и откровенные фотографии были частью моего плана. Я уже давно делал вещи, которые вогнали бы мою маму в краску"".";"dc448dbc5b8f0d6bfc6fdd0195f720f8:13753:22";" ""I always tried to provoke, and nudity was part of the provocation, ""he explained, ""so I have a long tradition of doing things that would make my mom blush. """;"eng"
" олисорб унирбаС яинещумс и авенг тО";"в";"От гнева и смущения Сабрину бросило";"в";" ";"краску.";"Michael Buckley. The Sisters Grimm: The Unusual Suspects (2005)";"Michael Buckley";"1969";"The Sisters Grimm: The Unusual Suspects";"2005";"художественная";"";"";"";"";"";"омонимия не снята";"The Sisters Grimm: The Unusual Suspects";"Майкл Бакли";"Сестры Гримм: Тайна Алой Руки";"";"2007";"9422";"108278";"4711";"58639";"rus";"rus";"США";"";"Оглянувшись, она заметила, что даже самые заспанные одноклассники стали прислушиваться к их разговору.  От гнева и смущения Сабрину бросило в краску.  — Убедительная отговорка… Но только я всё равно глаз с тебя не спущу, деточка.";"1e21edc7f21a9f6ee7325f5525fa33e3:4351:6";" She looked around the room and noticed that even some of the drowsy kids were listening to their conversation.  She flushed with anger and embarrassment.  ""A likely excuse, but I'm watching you, child. ";"eng"
" оласорб онвар есв оге он ,уткепсорп";"в";"проспекту, но его все равно бросало";"в";" ";"краску, когда зрители хихикали и показывали";"Lemony Snicket. The Carnivorous Carnival (2002)";"Lemony Snicket";"1970";"The Carnivorous Carnival";"2002";"художественная";"";"";"";"";"";"омонимия не снята";"The Carnivorous Carnival";"Лемони Сникет";"Кровожадный карнавал";"";"2005";"4956";"79225";"2478";"44084";"rus";"rus";"США";"";"Клаус не забыл, как оскорбила его Эсме Скволор в доме 667 по Мрачному проспекту, но его все равно бросало в краску, когда зрители хихикали и показывали на него пальцем каждый раз, как он ронял кукурузный початок.";"e5441b6e2482858601d51d38dceb629e:1481:19";" Klaus remembered when Esme Squalor had insulted him at 667 Dark Avenue, but he still blushed when the audience pointed and giggled every time the ear of corn slipped out of his hands. ";"eng"
" имацьлап ьсалавипв анО ";"в";"Она впивалась пальцами";"в";" ";"краску и штукатурку ближайшей стены, пока";"Michael Connelly. City Of Bones (2002)";"Michael Connelly";"1956";"City Of Bones";"2002";"художественная";"";"";"";"";"";"омонимия не снята";"City Of Bones";"Майкл Коннели";"Город костей";"";"2006";"19928";"179121";"9964";"102852";"rus";"rus";"США";"";"Она впивалась пальцами в краску и штукатурку ближайшей стены, пока не обломала почти все ногти.";"3143a5bab28226b1f70031064021b69a:7:3";" She had dug her fingers into the paint and plaster of the nearby wall until most of her fingernails had broken off. ";"eng"
" янраП ";"в";"Парня";"в";" ";"краску бросило.";"Stephen Chbosky. The Perks of Being a Wallflower (1999)";"Stephen Chbosky";"1970";"The Perks of Being a Wallflower";"1999";"художественная";"";"";"";"";"";"омонимия не снята";"The Perks of Being a Wallflower";"Стивен Чбоски";"Хорошо быть тихоней";"";"2013";"11182";"114915";"5591";"63141";"rus";"rus";"США";"";"Смотри.  Парня в краску бросило.  Уставился на меня.";"260e3ece542707bb2e93321616ef7e32:469:1";" You see. "" And this guy got really red-faced.  And he looked at me. ";"eng"
" ябет ьтяногв ьсюарибос ен есвов Я";"в";"Я вовсе не собираюсь вгонять тебя";"в";" ";"краску.";"Stephen Chbosky. The Perks of Being a Wallflower (1999)";"Stephen Chbosky";"1970";"The Perks of Being a Wallflower";"1999";"художественная";"";"";"";"";"";"омонимия не снята";"The Perks of Being a Wallflower";"Стивен Чбоски";"Хорошо быть тихоней";"";"2013";"11182";"114915";"5591";"63141";"rus";"rus";"США";"";"Я вовсе не собираюсь вгонять тебя в краску.";"260e3ece542707bb2e93321616ef7e32:9321:6";" I'm not trying to make you feel uncomfortable. ";"eng"
" тудапв ен ынаивап тов а ,воноскежД";"в";"Джексонов, а вот павианы не впадут";"в";" ";"краску, толкаясь локтями, чтобы лучше рассмотреть";"Robert M. Sapolsky. Trouble With Testosterone (1997)";"Robert M. Sapolsky";"1957";"Trouble With Testosterone";"1997";"учебно-научная";"";"наука и технологии, психология";"";"";"";"омонимия не снята";"Trouble With Testosterone";"Роберт М. Сапольски";"Игры тестостерона и другие вопросы биологии поведения";"";"2020";"6446";"128347";"3223";"72457";"rus";"rus";"США";"";"И действительно, мы можем покраснеть, когда станет понятно, что мы довольно много знаем о личной жизни Пресли ― Джексонов, а вот павианы не впадут в краску, толкаясь локтями, чтобы лучше рассмотреть свой аналог Мадонны в шоу Дэвида Леттермана.";"d91bf5041b812e45db4d20c8755f8e5b:609:23";" We may indeed blush when we reveal that we're unduly informed about the details of the Presley-Jacksons, whereas the baboons would never blush as they elbow for a better view of their equivalent of Madonna tussling with David Letterman. ";"eng"
" ястюащарверп еьталп и ьтолп и оге";"в";"его и плоть и платье превращаются";"в";" ";"краску, врастают в лак, сохнут на";"Владимир Набоков. Венецианка (1924)";"Владимир Набоков";"1899";"Венецианка";"1924";"художественная";"";"";"";"";"";"омонимия не снята";"Венецианка";"Vladimir Nabokov";"La Veneziana";"";"1995";"1026";"19252";"513";"8370";"rus";"eng";"Великобритания, США";"";"Он увяз, как муха в меду, дернулся и застыл, и чувствовал, как кровь его и плоть и платье превращаются в краску, врастают в лак, сохнут на полотне, Он стал частью картины, он был написан в нелепой позе рядом с Венецианкой, ― и прямо перед ним, еще явственнее, чем прежде, распахивалась зала, полная земным, живым воздухом, которым отныне он дышать не мог.";"805bca356ebd73dc6218b749ac65659e:826:19";" He was mired like a fly in honey, he gave a jerk and got stuck, feeling his blood and flesh and clothing turning into paint, growing into the varnish, drying on the canvas. He had become part of the painting, depicted in a ridiculous pose next to the Veneziana, and, directly in front of him, even more distinct than before, stretched the hall, rilled with ";"eng"
" ьтяногв ен ыбад( йыннасипан ,”яитачаз виторп";"в";"против зачатия”, написанный (дабы не вгонять";"в";" ";"краску эстотцев и соединенно-штатовцев наставлениями";"Vladimir Nabokov. Ada, or Ardor (1968)";"Vladimir Nabokov";"1899";"Ada, or Ardor";"1968";"художественная";"";"";"";"";"";"омонимия не снята";"Ada, or Ardor";"Владимир Набоков";"Ада, или Радости страсти";"";"1996";"15402";"336152";"7701";"178506";"rus";"rus";"Великобритания, США";"";"И уж совсем потешными оказались “рекомендации” канадийской ученой дамы, мадам де Рин-Фичини, трудившейся на ниве общественного призрения и опубликовавшей трактат “О приемах против зачатия”, написанный (дабы не вгонять в краску эстотцев и соединенно-штатовцев наставлениями, которые она предлагала видавшим виды коллегам, подвизавшимся в той же области) на капескейнском диалекте: “Единоверна метода, – писала она, – пур обадур натура, есть пур уна силовек де контина-контина-контина до пора ле плезир невтерпа; унд тут, а ль ультима инстанта, свитчера а ль альтра протыра [отверстие]; чегорадио уна фемина ардора андор пондероза довлеет вертурна мгновенна, принимата ля удобнованто пер позитио раковато”, – последний термин туманно объяснялся в дополнении к словарю, как “поза, широко распространенная в сельских общинах среди всех слоев населения, начиная от мелкопоместного дворянства и кончая последней крестьянской скотиной, на всем протяжении Соединенных Америк, от Патагонии до Антикости”. Ergo[3], заключил Ван, от миссионера остался один только дым.";"e9229fa20eafdc0cca78d0f9aa4b1272:2919:29";" Still more amusing was the' message'of a Canadian social worker, Mme de Réan-Fichini, who published her treatise, On Contraceptive Devices, in Kapuskan patois (to spare the blushes of Estotians and United Statians; while instructing hardier fellow-workers in her special field).' Sole sura metoda,' she wrote,' por decevor natura, est por un strong-guy de contino-contino-contino jusque le plesir brimz; et lors, a lultima instanta, svitchera a l'altra gropa [groove]; ma perquoi una femme ardora andor ponderosa ne se retorna kvik enof, la transita e facilitata per positio torovago'; and that term an appended glossary explained in blunt English as' the posture generally adopted in rural communities by all classes, beginning by the country gentry and ending with the lowliest farm animals throughout the United Americas from Patagony to Gasp.' Ergo, concluded Van, our missionary goes up in smoke. ";"eng"
" алЭ ьтангов оньлетачноко ыботч ,ончотатсод олыб";"в";"было достаточно, чтобы окончательно вогнать Эла";"в";" ";"краску.";"John Steinbeck. The Grapes of Wrath (1939)";"John Steinbeck";"1902";"The Grapes of Wrath";"1939";"художественная";"";"";"";"";"";"омонимия не снята";"The Grapes of Wrath";"Джон Стейнбек";"Гроздья гнева";"";"1940";"31674";"330719";"15837";"184204";"rus";"rus";"США";"";"― Я тоже кое-что смыслю. Мне приходилось водить грузовик в Мак-Алестере. Эл правильно сделал. Все как надо. ― Этой похвалы было достаточно, чтобы окончательно вогнать Эла в краску.";"a9f50bec74c8296767523e6580db566a:5993:25";" ""I know some. Worked some in McAlester. Al's right. He done good. ""And now Al was rosy with the compliment. ";"eng"
" укчолиМ ьтангов и имин дереп ясьтивяоп";"в";"появиться перед ними и вогнать Милочку";"в";" ";"краску, как она того заслуживает?";"Margaret Mitchell. Gone with the Wind, Part 1 (1936)";"Margaret Mitchell";"1900";"Gone with the Wind, Part 1";"1936";"художественная";"";"";"";"";"";"омонимия не снята";"Gone with the Wind, Part 1";"Маргарет Митчелл";"Унесённые ветром, ч. 1";"";"1982";"25706";"403929";"12853";"209514";"rus";"rus";"США";"";"Или внезапно появиться перед ними и вогнать Милочку в краску, как она того заслуживает?";"b1a6e9a3c23689e80357c5e30e2d9a2f:5323:8";" Or make herself known and embarrass Honey as she deserved? ";"eng"
" хин то оладик еЕ ";"в";"Ее кидало от них";"в";" ";"краску.";"Virginia Woolf. Orlando: A Biography (1928)";"Virginia Woolf";"1882";"Orlando: A Biography";"1928";"художественная";"";"";"";"";"";"омонимия не снята";"Orlando: A Biography";"Вирджиния Вулф";"Орландо";"";"1997";"6694";"139900";"3347";"79149";"rus";"rus";"Великобритания";"";"Они вихлялись и строили глазки, как грезы горничной.  Ее кидало от них в краску.  Делать нечего, оставалось купить это уродство и носить, как все.";"ce7a4866368b172478a8bbb898aa69fc:4713:4";" They were languishing and ogling like a housemaid's fancies.  They made her blush.  There was nothing for it but to buy one of those ugly bands and wear it like the rest. ";"eng"
" огесв янем кат ,яслапоп азалг ан";"в";"на глаза попался, так меня всего";"в";" ";"краску вогнало: стою, глаз не подыму";"Thomas Hardy. Far from the Madding Crowd (1874)";"Thomas Hardy";"1840";"Far from the Madding Crowd";"1874";"художественная";"";"";"";"";"";"омонимия не снята";"Far from the Madding Crowd";"Томас Гарди";"Вдали от обезумевшей толпы";"";"1970";"17882";"257619";"8941";"137583";"rus";"rus";"Великобритания";"";"― А вот как-то я ей на глаза попался, так меня всего в краску вогнало: стою, глаз не подыму и краснею.";"e235f4b270c34dc6f661c547dc123d5d:1943:11";" ""And when I seed her,' twas nothing but blushes with me!» ";"eng"
" ьтяпо янем ,какин ,еырбод идюл ,янем";"в";"меня, люди добрые, никак, меня опять";"в";" ";"краску вогнало?";"Thomas Hardy. Far from the Madding Crowd (1874)";"Thomas Hardy";"1840";"Far from the Madding Crowd";"1874";"художественная";"";"";"";"";"";"омонимия не снята";"Far from the Madding Crowd";"Томас Гарди";"Вдали от обезумевшей толпы";"";"1970";"17882";"257619";"8941";"137583";"rus";"rus";"Великобритания";"";"А ну-ка, гляньте на меня, люди добрые, никак, меня опять в краску вогнало?";"e235f4b270c34dc6f661c547dc123d5d:6067:10";"… Just eye my features, and see if the tell-tale blood overheats me much, neighbours?» ";"eng"
" ннЭ олисорб еороток ,овтсвуч еж от";"в";"то же чувство, которое бросило Энн";"в";" ";"краску и заставило потупиться.";"Jane Austen. Persuasion (1816)";"Jane Austen";"1775";"Persuasion";"1816";"художественная";"";"";"";"";"";"омонимия не снята";"Persuasion";"Джейн Остин";"Доводы рассудка";"";"1988";"7248";"148714";"3624";"83484";"rus";"rus";"Великобритания";"";"Он словно что-то вдруг вспомнил, и его охватило то же чувство, которое бросило Энн в краску и заставило потупиться.";"57e0a4f8a5b091398b989aafaba9d708:4869:14";" A sudden recollection seemed to occur, and to give him some taste of that emotion which was reddening Anne's cheeks and fixing her eyes on the ground. ";"eng"
" оласорб олед и от еЕ ";"в";"Ее то и дело бросало";"в";" ";"краску. Краснела и Джейн. Но у";"Jane Austen. Pride and Prejudice (1813)";"Jane Austen";"1775";"Pride and Prejudice";"1813";"художественная";"";"";"";"";"";"омонимия не снята";"Pride and Prejudice";"Джейн Остин";"Гордость и предубеждение";"";"1967";"11612";"229406";"5806";"122012";"rus";"rus";"Великобритания";"";"Ее то и дело бросало в краску. Краснела и Джейн. Но у тех двоих, кто заставлял их краснеть, цвет лица совершенно не менялся.";"f3fb9609c440de2fc83d19527e4ed80d:8969:5";" She blushed, and Jane blushed; but the cheeks of the two who caused their confusion suffered no variation of colour. ";"eng"
