"Reversed left context";"Reversed center";"Left context";"Center";"Punct";"Right context";"Title";"Author";"Birthday";"Header";"Created";"Sphere";"Type";"Topic";"Publication";"Publ_year";"Medium";"Ambiguity";"Header";"Author_trans";"Header_trans";"Translator";"Date_trans";"Sentences";"Words";"Orig_sentences";"Orig_words";"Lang";"Lang_trans";"Lang_variant";"Dialect";"Full context";"Example source";"Para context 1";"Lang 1"
" юицилоп лидов ,еготи в ьсолазако как";"аз";"как оказалось в итоге, водил полицию";"за";" ";"нос, тогда как подлинного преступника ни";"Angela Gallop. When the Dogs Don't Bark (2019)";"Angela Gallop";"1950";"When the Dogs Don't Bark";"2019";"учебно-научная";"";"наука и технологии, криминалистика";"";"";"";"омонимия не снята";"When the Dogs Don't Bark";"Анджела Галлоп";"Когда собаки не лают. Путь криминалиста от смелых предположений до неопровержимых доказательств";"";"2019";"7482";"183315";"3741";"101160";"rus";"rus";"США";"";"На самом деле в течение этих трех лет полиция неоднократно допрашивала настоящего убийцу, однако он не подходил под описание разыскиваемого человека ― мужчины с сандерлендским акцентом. Акцент был у человека, отправлявшего аудиозаписи, который, как оказалось в итоге, водил полицию за нос, тогда как подлинного преступника ни в чем не заподозрили.";"44fdfd9dec52ae57653e4ebbf52a6df2:291:38";" In fact, the police interviewed the real killer on several occasions during those three years. But because he didn't match the profile of the man they were looking for ― someone with a Sunderland accent like the man on the tapes, who turned out to be a hoaxer ― he was discounted as a suspect. ";"eng"
" огешвидов ,акеволеч лилсичыв еготи в ,аришкроЙ";"аз";"Йоркшира, в итоге вычислил человека, водившего";"за";" ";"нос полицию своими письмами и аудиозаписями";"Angela Gallop. When the Dogs Don't Bark (2019)";"Angela Gallop";"1950";"When the Dogs Don't Bark";"2019";"учебно-научная";"";"наука и технологии, криминалистика";"";"";"";"омонимия не снята";"When the Dogs Don't Bark";"Анджела Галлоп";"Когда собаки не лают. Путь криминалиста от смелых предположений до неопровержимых доказательств";"";"2019";"7482";"183315";"3741";"101160";"rus";"rus";"США";"";"И именно Крис, ставший к тому времени руководителем уголовного розыска Западного Йоркшира, в итоге вычислил человека, водившего за нос полицию своими письмами и аудиозаписями. Им оказался Джон Хамбл, он же Версайдский Джек.";"44fdfd9dec52ae57653e4ebbf52a6df2:401:17";" In fact, it was Chris ― who was by that time Head of West Yorkshire CID ― who eventually uncovered the true identity of the hoaxer, John Humble, aka' Wearside Jack'. ";"eng"
" оге литавхс ,умен к яслизилбирп юунтолпв";"аз";"вплотную приблизился к нему, схватил его";"за";" ";"нос и со всей силы крутанул.";"Henry Marsh. Admissions: A Life in Brain Surgery (2017)";"Henry Marsh";"1950";"Admissions: A Life in Brain Surgery";"2017";"учебно-научная, публицистика";"";"наука и технологии, философия";"";"";"";"омонимия не снята";"Admissions: A Life in Brain Surgery";"Генри Марш";"Призвание. О выборе, долге и нейрохирургии";"";"2017";"8520";"155003";"4260";"83634";"rus";"rus";"Великобритания";"";"Задыхаясь от ярости, я вплотную приблизился к нему, схватил его за нос и со всей силы крутанул.";"29dc981bb4d5249a19546f0c0fbdc3f9:1623:10";" Overcome with rage and almost completely out of control, I pushed my face in front of his, took his nose between my thumb and index finger and tweaked it angrily. ";"eng"
" ясхишвипецу ,восортам зи умондо ладереп акилаМ";"аз";"Малика передал одному из матросов, уцепившихся";"за";" ";"нос лодки, просьбу открыть чемодан и";"Jared Diamond. The World Until Yesterday (2012)";"Jared Diamond";"1937";"The World Until Yesterday";"2012";"учебно-научная";"";"";"";"";"";"омонимия не снята";"The World Until Yesterday";"Джаред Даймонд";"Мир позавчера. Чему нас могут научить люди, до сих пор живущие в каменном веке";"";"2013";"13002";"334959";"6501";"180376";"rus";"rus";"США";"";"Я через Малика передал одному из матросов, уцепившихся за нос лодки, просьбу открыть чемодан и вытащить матрасы и подушки.";"1877783c54029c5c05c6b204e23f5352:6751:8";" I asked Malik to ask one of the men perched on the canoe's prow to open the suitcase and extract the mattresses and pillows. ";"eng"
" янем театавх но ,ьсяемС ";"аз";"Смеясь, он хватает меня";"за";" ";"нос.";"Lauren Oliver. Before I fall (2010)";"Lauren Oliver";"1982";"Before I fall";"2010";"художественная";"";"";"";"";"";"омонимия не снята";"Before I fall";"Лорен Оливер";"Прежде чем я упаду";"";"2017";"17506";"210817";"8753";"120458";"rus";"rus";"США";"";"Наверное, я заболела или… или еще что-нибудь.  Смеясь, он хватает меня за нос.  — Ну нет.";"9bb065fd6edd02c58f47e9712e4e06d6:3361:4";" I think I might be sick or'or something else.'  He laughs and pinches my nose with two fingers. ' Oh, no. ";"eng"
" ,ьсиляровтирп ,иларв ,тен кат – ,лашулс хи";"аз";"их слушал, – так нет, врали, притворялись,";"за";" ";"нос водили, рыло от него воротили";"Татьяна Толстая. Кысь (2000)";"Татьяна Толстая";"1951";"Кысь";"2000";"художественная";"";"";"";"";"";"омонимия не снята";"Кысь";"Tatyana Tolstaya";"The Slynx";"";"2007";"14176";"144350";"7088";"60453";"rus";"eng";"США";"";"Вот ведь: приходил, просил, меняться предлагал, подарок ценнейший принес, – не пожалел; сидел с ними, с Прежними, полдня, чепуху их слушал, – так нет, врали, притворялись, за нос водили, рыло от него воротили, руками отрицание делали: нету, мол, у нас книг! Нету! Не взыщи!";"9c26cca2adf4295a30c6fa7a34bb962a:11816:24";" Here he'd come, asking nicely, offering to trade. He'd brought a valuable present. He didn't begrudge anything; he sat with the Oldeners for half a day, listened to their nonsense ― but no, they had to go and lie, had to pretend, and pull the wool over his eyes, look away, brush him off, deny everything. No, no, not us, we don't have any books, don't even bother to look for any! ";"eng"
" янрап ьтисуку оньлоб яслиртиху и летелзв";"аз";"взлетел и ухитрился больно укусить парня";"за";" ";"нос. Тот завопил от боли, а";"Michael Crichton. NEXT (2006)";"Michael Crichton";"1942";"NEXT";"2006";"художественная";"";"";"";"";"";"омонимия не снята";"NEXT";"Майкл Крайтон";"NEXT";"";"2007";"21110";"215480";"10555";"109512";"rus";"rus";"США";"";"Увидев попугая, мальчишка растопырил руки и бросился на него, однако Жерар увернулся, взлетел и ухитрился больно укусить парня за нос. Тот завопил от боли, а Жерар перелетел на несколько метров дальше и снова принялся клевать куриный корм.";"9bebd6418c70982072881b587bbcbc96:18695:18";" Meanwhile the kid dived for him, hands outstretched. Gerard flew into the air, pecked the kid hard on the nose — the kid screamed — and then dropped down a short distance away, to eat again. ";"eng"
" оготадороб илитавху ыцьлап еыньлис огЕ ";"аз";"Его сильные пальцы ухватили бородатого";"за";" ";"нос. Тот завопил и дернул головой.";"Michael Crichton. NEXT (2006)";"Michael Crichton";"1942";"NEXT";"2006";"художественная";"";"";"";"";"";"омонимия не снята";"NEXT";"Майкл Крайтон";"NEXT";"";"2007";"21110";"215480";"10555";"109512";"rus";"rus";"США";"";"Его сильные пальцы ухватили бородатого за нос. Тот завопил и дернул головой.";"9bebd6418c70982072881b587bbcbc96:18959:5";" His strong fingers grabbed the bearded man by the nose, and the man yelled and jerked his head. ";"eng"
" еищюасук ,икжурк ,ырки йеьбаж зи олым";"аз";"мыло из жабьей икры, кружки, кусающие";"за";" ";"нос.";"J. K. Rowling. Harry Potter and the Prisoner of Azkaban (1999)";"J. K. Rowling";"1965";"Harry Potter and the Prisoner of Azkaban";"1999";"художественная";"";"";"";"";"";"омонимия не снята";"Harry Potter and the Prisoner of Azkaban";"Дж. К. Роулинг";"Гарри Поттер и узник Азкабана";"";"2002";"16396";"194597";"8198";"108830";"rus";"rus";"Великобритания";"";"Вышли из лавки с похудевшими кошельками, зато карманы оттопыривали бомбы, заряженные навозом, икотные конфеты, мыло из жабьей икры, кружки, кусающие за нос.";"89bcf033d380f4be17459dd58609ff8f:10027:20";" They left Zonko's with their money bags considerably lighter than they had been on entering, but their pockets bulging with Dungbombs, Hiccough Sweets, Frog Spawn Soap and a Nose-Biting Teacup apiece. ";"eng"
" ьтитавхс и йобот доп ьтунзьлоксорп онтемазен";"аз";"незаметно проскользнуть под тобой и схватить";"за";" ";"нос с криком: «ну и шнобель»!";"J. K. Rowling. Harry Potter and the Sorcerer’s Stone (1997)";"J. K. Rowling";"1965";"Harry Potter and the Sorcerer’s Stone";"1997";"художественная";"";"";"";"";"";"омонимия не снята";"Harry Potter and the Sorcerer’s Stone";"Дж. К. Роулинг";"Гарри Поттер и Волшебный камень";"";"2001";"12950";"147101";"6475";"78303";"rus";"rus";"Великобритания";"";"Он мог нахлобучить тебе на голову корзинку для мусора, вытащить ковер из-под ног, забросать мелом или незаметно проскользнуть под тобой и схватить за нос с криком: «ну и шнобель»!";"12b754d39037221c39040f54b069cffc:5385:22";" He would drop wastepaper baskets on your head, pull rugs from under your feet, pelt you with bits of chalk, or sneak up behind you, invisible, grab your nose, and screech, ""GOT YOUR CONK»! ";"eng"
" ябет ьтидов ьсюарибос ен я и";"аз";"и я не собираюсь водить тебя";"за";" ";"нос.";"Michael Crichton. Disclosure (1994)";"Michael Crichton";"1942";"Disclosure";"1994";"художественная";"";"";"";"";"";"омонимия не снята";"Disclosure";"Майкл Крайтон";"Разоблачение";"";"2004";"22282";"216557";"11141";"113778";"rus";"rus";"США";"";"— Мы, Том, отлично знаем друг друга, и я не собираюсь водить тебя за нос.";"bd13fa2f2f5499e50b9b34aab730a63e:14609:12";" “Anyway, Tom, we know each other, so I'm not going to bullshit you. ";"eng"
" тядов хи отч ,иляноп йитерт ан";"аз";"на третий поняли, что их водят";"за";" ";"нос.";"Анатолий Рыбаков. Дети Арбата (1966-1983)";"Анатолий Рыбаков";"1911";"Дети Арбата";"1966-1983";"художественная";"";"";"";"";"";"омонимия не снята";"Дети Арбата";"Anatoly Rybakov";"Children of the Arbat";"";"1989";"30920";"396402";"15460";"162911";"rus";"eng";"Великобритания";"";"В первый день, сытно поев, они потешались над Рязановым, не сумевшим обеспечить им машину, на второй день возмутились, на третий поняли, что их водят за нос.";"4b2ac83dc5cc44d4f433357c114f6b48:10142:24";" On the first day, with their stomachs full, they made jokes about the fact that Ryazanov hadn't even been able to supply them with transportation. On the second day, they started cursing him, and by the third day they realized they'd been led up the garden path. ";"eng"
" янем илидовоп ,титавх ― ";"аз";"― хватит, поводили меня";"за";" ";"нос, через всю мою жизнь волокли";"А. Н. Стругацкий, Б. Н. Стругацкий. Пикник на обочине (1971)";"А. Н. Стругацкий, Б. Н. Стругацкий";"1925, 1933";"Пикник на обочине";"1971";"художественная";"";"";"";"";"";"омонимия не снята";"Пикник на обочине";"Arkady Strugatsky, Boris Strugatsky";"Roadside Picnic";"";"1977";"6254";"103306";"3127";"46331";"rus";"eng";"США";"";"― хватит, поводили меня за нос, через всю мою жизнь волокли меня за нос, я все, дурак, хвастался, что, мол, как хочу, так и сделаю, а вы только поддакивали, а сами, гады, перемигивались и волокли меня за нос, тянули, тащили, через тюрьмы, через кабаки… Хватит! Он отстегнул ремни рюкзака и принял из рук Артура флягу.";"74afd4586b39eb278292543c733e16f8:5994:3";" ― I've had enough, you've led me by the nose long enough. All my life you've led me by the nose, and I thought and bragged that I was living the way I wanted to, fool, and all the time you were egging me on and winking among yourselves, and leading me by the nose, dragging me, hauling me through jails and bars. I've had it! He unsnapped the straps of the pack and took the flask from Arthur. ";"eng"
" янем илколов ьнзиж юом юсв зереч";"аз";"через всю мою жизнь волокли меня";"за";" ";"нос, я все, дурак, хвастался, что";"А. Н. Стругацкий, Б. Н. Стругацкий. Пикник на обочине (1971)";"А. Н. Стругацкий, Б. Н. Стругацкий";"1925, 1933";"Пикник на обочине";"1971";"художественная";"";"";"";"";"";"омонимия не снята";"Пикник на обочине";"Arkady Strugatsky, Boris Strugatsky";"Roadside Picnic";"";"1977";"6254";"103306";"3127";"46331";"rus";"eng";"США";"";"― хватит, поводили меня за нос, через всю мою жизнь волокли меня за нос, я все, дурак, хвастался, что, мол, как хочу, так и сделаю, а вы только поддакивали, а сами, гады, перемигивались и волокли меня за нос, тянули, тащили, через тюрьмы, через кабаки… Хватит! Он отстегнул ремни рюкзака и принял из рук Артура флягу.";"74afd4586b39eb278292543c733e16f8:5994:11";" ― I've had enough, you've led me by the nose long enough. All my life you've led me by the nose, and I thought and bragged that I was living the way I wanted to, fool, and all the time you were egging me on and winking among yourselves, and leading me by the nose, dragging me, hauling me through jails and bars. I've had it! He unsnapped the straps of the pack and took the flask from Arthur. ";"eng"
" янем илколов и ьсилавигимереп ,ыдаг ,имас";"аз";"сами, гады, перемигивались и волокли меня";"за";" ";"нос, тянули, тащили, через тюрьмы, через";"А. Н. Стругацкий, Б. Н. Стругацкий. Пикник на обочине (1971)";"А. Н. Стругацкий, Б. Н. Стругацкий";"1925, 1933";"Пикник на обочине";"1971";"художественная";"";"";"";"";"";"омонимия не снята";"Пикник на обочине";"Arkady Strugatsky, Boris Strugatsky";"Roadside Picnic";"";"1977";"6254";"103306";"3127";"46331";"rus";"eng";"США";"";"― хватит, поводили меня за нос, через всю мою жизнь волокли меня за нос, я все, дурак, хвастался, что, мол, как хочу, так и сделаю, а вы только поддакивали, а сами, гады, перемигивались и волокли меня за нос, тянули, тащили, через тюрьмы, через кабаки… Хватит! Он отстегнул ремни рюкзака и принял из рук Артура флягу.";"74afd4586b39eb278292543c733e16f8:5994:35";" ― I've had enough, you've led me by the nose long enough. All my life you've led me by the nose, and I thought and bragged that I was living the way I wanted to, fool, and all the time you were egging me on and winking among yourselves, and leading me by the nose, dragging me, hauling me through jails and bars. I've had it! He unsnapped the straps of the pack and took the flask from Arthur. ";"eng"
" ьлбарок умьзов ,ястибоданоп адгок ,я А";"аз";"А я, когда понадобится, возьму корабль";"за";" ";"нос и спрячу его на дно";"А. Н. Афанасьев. Семь Семионов (1855-1871)";"А. Н. Афанасьев";"1826";"Семь Семионов";"1855-1871";"художественная";"";"";"";"";"";"омонимия не снята";"Семь Семионов";"A. N. Afanasiev";"The Seven Semyons";"";"1976";"148";"2680";"74";"1087";"rus";"eng";"США";"";"» Пятый: «А я, когда понадобится, возьму корабль за нос и спрячу его на дно моря».";"11768950aad266df6f8d9044796c62e6:34:7";"” The fifth said: “And I, if need be, will take the ship by its prow and hide it on the bottom of the sea. ";"eng"
" оге лунред ,ьлбарок литавхс утел месв";"аз";"всем лету схватил корабль, дернул его";"за";" ";"нос — корабль потонул на дно моря.";"А. Н. Афанасьев. Семь Семионов (1855-1871)";"А. Н. Афанасьев";"1826";"Семь Семионов";"1855-1871";"художественная";"";"";"";"";"";"омонимия не снята";"Семь Семионов";"A. N. Afanasiev";"The Seven Semyons";"";"1976";"148";"2680";"74";"1087";"rus";"eng";"США";"";"Пятый на всем лету схватил корабль, дернул его за нос — корабль потонул на дно моря.";"11768950aad266df6f8d9044796c62e6:70:8";" The fifth seized the ship in full flight, pulled it by the prow, and it went to the bottom of the sea. ";"eng"
" ьлбарок литавхс тарб йытяп — ьлбарок ан";"аз";"на корабль — пятый брат схватил корабль";"за";" ";"нос, и корабль пал на дно";"А. Н. Афанасьев. Семь Семионов (1855-1871)";"А. Н. Афанасьев";"1826";"Семь Семионов";"1855-1871";"художественная";"";"";"";"";"";"омонимия не снята";"Семь Семионов";"A. N. Afanasiev";"The Seven Semyons";"";"1976";"148";"2680";"74";"1087";"rus";"eng";"США";"";"Все было изготовлено для ее встречи; семь Симеонов явились прислуживать, и только она вступила на корабль — пятый брат схватил корабль за нос, и корабль пал на дно моря; вода плесканулась, закружилась, потом волны опять загуляли по-старому, как ничего не бывало; только на берегу кричали, плакали нянюшки, мамушки, только царь-отец, рассылал погоню во все концы.";"11768950aad266df6f8d9044796c62e6:124:20";" Everything had been prepared for her reception; the other Semyons were there to help, and as soon as she was aboard ship, the fifth brother seized the ship by the prow and brought it down to the bottom of the sea. The water seethed and swirled, and then the waves rolled as before, as though nothing had happened; only on shore the nurses and governesses and maids-in-waiting wailed and wept, and the king, Elena's father, sent men in pursuit of the princess. ";"eng"
" алидов хыроток ,йедюл хыдолом ьтакелвзар алкывирп";"аз";"привыкла развлекать молодых людей, которых водила";"за";" ";"нос капризная Арманда, но в новом";"Vladimir Nabokov. Transparent things (1972)";"Vladimir Nabokov";"1899";"Transparent things";"1972";"художественная";"";"";"";"";"";"омонимия не снята";"Transparent things";"Владимир Набоков";"Просвечивающие предметы";"";"1991";"2338";"51506";"1169";"28054";"rus";"rus";"Великобритания, США";"";"Она давно уже привыкла развлекать молодых людей, которых водила за нос капризная Арманда, но в новом красавце, одетом как коммивояжер, было что-то такое (твой гений, Персон!), что мадам Шамар раздражило и озадачило.";"1f3de68ac5628b17f66eb35652384f8c:781:9";" She had long grown accustomed to entertaining this or that young man whom capricious Armande had stood up; but the new beau was dressed like a salesman, and had something about him (your genius, Person!) that puzzled and annoyed Madame Chamar. ";"eng"
" янем етеамуд ыв илсе ,юровог Я";"аз";"Я говорю, если вы думаете меня";"за";" ";"нос водить всякими такими штучками, в";"John Fowles. The Collector (1963)";"John Fowles";"1926";"The Collector";"1963";"художественная";"";"";"";"";"";"омонимия не снята";"The Collector";"Джон Фаулз";"Коллекционер";"";"1991";"14096";"144108";"7048";"74076";"rus";"rus";"Великобритания";"";"Я говорю, если вы думаете меня за нос водить всякими такими штучками, в постельке отлежаться, ничего у вас не получится.";"4b0282fa14a9dd0e87a0fde07a36a72f:3849:6";" I said, if you think you take me in with all this lying in bed lark you're mistaken. ";"eng"
" иднэК лунпищу и яслунятоп ,но лазакс";"аз";"сказал он, потянулся и ущипнул Кэнди";"за";" ";"нос, — а знала куда больше любой";"Ken Kesey. One Flew over the Cuckoo’s Nest (1962)";"Ken Kesey";"1935";"One Flew over the Cuckoo’s Nest";"1962";"художественная";"";"";"";"";"";"омонимия не снята";"One Flew over the Cuckoo’s Nest";"Кен Кизи";"Пролетая над гнездом кукушки";"";"2004";"10012";"211901";"5006";"115013";"rus";"rus";"США";"";"Господи Иисусе, девяти лет от роду, — сказал он, потянулся и ущипнул Кэнди за нос, — а знала куда больше любой проститутки. Она засмеялась и укусила его за руку; он стал разглядывать след от зубов. — Она отправилась домой в трусах, а я дождался темноты, рассчитывая потихоньку выбросить это чертово платье, чтобы никто не заметил, — но вы видели, какой ветер?";"d3e00ad60d52f4c322a7e5b864fbe112:7829:12";" Jesus, nine years old,” he said, reached over and pinched Candy's nose, “and knew a lot more than a good many pros.” She bit his hand, laughing, and he studied the mark. “So, anyhow, after she went home in her pants I waited till dark when I had the chance to throw that damned dress out in the night — but you feel that wind? ";"eng"
" ябес лагредоП ";"аз";"Подергал себя";"за";" ";"нос.";"Harper Lee. To Kill a Mockingbird (1960)";"Harper Lee";"1926";"To Kill a Mockingbird";"1960";"художественная";"";"";"";"";"";"омонимия не снята";"To Kill a Mockingbird";"Харпер Ли";"Убить пересмешника";"";"2013";"15654";"190089";"7827";"101449";"rus";"rus";"США";"";"Мистер Тейт усиленно старался провертеть каблуком дырку в полу.  Подергал себя за нос.  – Может, мне и не велика цена, мистер Финч, но я пока что шериф округа Мейкомб, и Боб Юэл упал и напоролся на свой нож.";"923f6c746295e734657f1ced727527e9:15319:2";" Mr. Tate was trying to dig a hole in the floor with the toe of his boot.  He pulled his nose, then he massaged his left arm.  “I may not be much, Mr. Finch, but I'm still sheriff of Maycomb County and Bob Ewell fell on his knife. ";"eng"
" укдол лажред окперк кинчодоЛ ";"аз";"Лодочник крепко держал лодку";"за";" ";"нос.";"Анатолий Рыбаков. Бронзовая птица (1956)";"Анатолий Рыбаков";"1911";"Бронзовая птица";"1956";"художественная";"";"";"";"";"";"омонимия не снята";"Бронзовая птица";"Anatoly Rybakov";"The Bronze Bird";"";"1956";"6650";"66817";"3325";"28302";"rus";"eng";"СССР/Россия";"";"Минуту продолжалось молчание.  Лодочник крепко держал лодку за нос.  Потом опять сказал: — Знакомая лодка.";"b217418b16a6d917548ed9ef51a8745d:2890:4";" Nobody said anything for a full minute.  The boatman held the boys'boat fast by its bow.  ""I seem to know this boat, ""he said. ";"eng"
" илажред и ыдов зи илищатыв оге";"аз";"его вытащили из воды и держали";"за";" ";"нос двое матросов.";"William Golding. Lord of the Flies (1954)";"William Golding";"1911";"Lord of the Flies";"1954";"художественная";"";"";"";"";"";"омонимия не снята";"Lord of the Flies";"Уильям Голдинг";"Повелитель мух";"";"1985";"11860";"107165";"5930";"60665";"rus";"rus";"Великобритания";"";"За ним, на берегу был катер, его вытащили из воды и держали за нос двое матросов.";"0975fdf44abcfb183c1e7d0026c2e318:11733:12";" On the beach behind him was a cutter, her bows hauled up and held by two ratings. ";"eng"
" оге ыв как ,доГ ";"аз";"Год, как вы его";"за";" ";"нос водите.";"Анатолий Рыбаков. Кортик (1948)";"Анатолий Рыбаков";"1911";"Кортик";"1948";"художественная";"";"";"";"";"";"омонимия не снята";"Кортик";"Anatoly Rybakov";"The Dirk";"";"1954";"13092";"119573";"6546";"49877";"rus";"eng";"СССР/Россия";"";"Год, как вы его за нос водите.";"ee502a79f100bf8ca04b60ee4f7a3722:9152:4";" You've been leading him up the garden a whole year. """;"eng"
" ьшидов янем ыт отч ,юанзу окьлот";"аз";"только узнаю, что ты меня водишь";"за";" ";"нос, я никогда больше не буду";"Clive Staples Lewis. The Chronicles of Narnia. The Silver Chair (1953)";"Clive Staples Lewis";"1898";"The Chronicles of Narnia. The Silver Chair";"1953";"художественная";"";"";"";"";"";"омонимия не снята";"The Chronicles of Narnia. The Silver Chair";"Клайв Стейплз Льюис";"Хроники Нарнии. Серебряное кресло";"";"1991";"6592";"88583";"3296";"51859";"rus";"rus";"Великобритания";"";"— Если я только узнаю, что ты меня водишь за нос, я никогда больше не буду с тобой разговаривать.";"0b66faacea0a807b5d0c97365c49aa3c:165:8";" “If I find you've been pulling my leg I'll never speak to you again; never, never, never. ";"eng"
" от-огок мидов отч ,мировог ,доран йогурд";"аз";"другой народ, говорим, что водим кого-то";"за";" ";"нос или кого-то с ним оставляем.";"Vladimir Nabokov. Nikolai Gogol (1944)";"Vladimir Nabokov";"1899";"Nikolai Gogol";"1944";"публицистика";"";"";"";"";"";"омонимия не снята";"Nikolai Gogol";"Владимир Набоков";"Николай Гоголь";"";"1993";"2658";"74871";"1329";"43316";"rus";"rus";"Великобритания, США";"";"Мы чаще, чем любой другой народ, говорим, что водим кого-то за нос или кого-то с ним оставляем.";"1ae4bb7ea951c219d52d6f84d2eefb83:105:10";" We speak of leading somebody by it or leaving somebody with it more than other nations do. ";"eng"
" алидов ,ьтялому и ее ьтавишарпу хи";"аз";"их упрашивать ее и умолять, водила";"за";" ";"нос, не говоря ни «да», ни";"Margaret Mitchell. Gone with the Wind, Part 1 (1936)";"Margaret Mitchell";"1900";"Gone with the Wind, Part 1";"1936";"художественная";"";"";"";"";"";"омонимия не снята";"Gone with the Wind, Part 1";"Маргарет Митчелл";"Унесённые ветром, ч. 1";"";"1982";"25706";"403929";"12853";"209514";"rus";"rus";"США";"";"Обычно Скарлетт все же заставляла их упрашивать ее и умолять, водила за нос, не говоря ни «да», ни «нет», высмеивала их, если они начинали дуться, и напускала на себя ледяную холодность, если они пробовали рассердиться.";"b1a6e9a3c23689e80357c5e30e2d9a2f:337:11";" Usually she made them beg and plead, while she put them off, refusing to give a Yes or No answer, laughing if they sulked, growing cool if they became angry. ";"eng"
" ее етидов овородз ыв и ,мещядохсиорп";"аз";"происходящем, и вы здорово водите ее";"за";" ";"нос.";"Margaret Mitchell. Gone with the Wind, Part 1 (1936)";"Margaret Mitchell";"1900";"Gone with the Wind, Part 1";"1936";"художественная";"";"";"";"";"";"омонимия не снята";"Gone with the Wind, Part 1";"Маргарет Митчелл";"Унесённые ветром, ч. 1";"";"1982";"25706";"403929";"12853";"209514";"rus";"rus";"США";"";"А миссис Уилкс находится в полном неведении о происходящем, и вы здорово водите ее за нос.";"b1a6e9a3c23689e80357c5e30e2d9a2f:14253:14";" And that Mrs. Wilkes knows nothing and that, between the two of you, you've done her a pretty trick. ";"eng"
" оге тидовоп ошорох анО ";"аз";"Она хорошо поводит его";"за";" ";"нос! Она постарается вознаградить себя даже";"Margaret Mitchell. Gone with the Wind, Part 1 (1936)";"Margaret Mitchell";"1900";"Gone with the Wind, Part 1";"1936";"художественная";"";"";"";"";"";"омонимия не снята";"Gone with the Wind, Part 1";"Маргарет Митчелл";"Унесённые ветром, ч. 1";"";"1982";"25706";"403929";"12853";"209514";"rus";"rus";"США";"";"Она хорошо поводит его за нос! Она постарается вознаградить себя даже за то невыносимое унижение, которое ей пришлось испытать по его милости в тот памятный день, когда она дала пощечину Эшли.";"b1a6e9a3c23689e80357c5e30e2d9a2f:15733:4";" She would lead him a chase that would make up for even that awful humiliation of the day he witnessed her slapping Ashley. ";"eng"
" оге ьтязв ,умен к итйодоп илеже";"аз";"ежели подойти к нему, взять его";"за";" ";"нос и сказать: «А ну-ка, любезный";"Л. Н. Толстой. Отрочество (1854)";"Л. Н. Толстой";"1828";"Отрочество";"1854";"художественная";"";"";"";"";"";"омонимия не снята";"Отрочество";"Leo Tolstoy";"Boyhood";"";"1910-1935";"2284";"51550";"1142";"22789";"rus";"eng";"Великобритания";"";"Под влиянием этого же временного отсутствия мысли — рассеянности почти — крестьянский парень лет семнадцати, осматривая лезвие только что отточенного топора подле лавки, на которой лицом вниз спит его старик отец, вдруг размахивается топором и с тупым любопытством смотрит, как сочится под лавку кровь из разрубленной шеи; под влиянием этого же отсутствия мысли и инстинктивного любопытства человек находит какое-то наслаждение остановиться на самом краю обрыва и думать: а что, если туда броситься? или приставить ко лбу заряженный пистолет и думать: а что, ежели пожать гашетку? или смотреть на какое-нибудь очень важное лицо, к которому все общество чувствует подобострастное уважение, и думать: а что, ежели подойти к нему, взять его за нос и сказать: «А ну-ка, любезный, пойдем»?";"463e39928b8e2ca6185226538deaac94:1254:107";" It would be under the same influence of momentary absence of thought ― almost absence of mind ― that a peasant boy of seventeen might catch sight of the edge of a newly-sharpened axe reposing near the bench on which his aged father was lying asleep, face downwards, and suddenly raise the implement in order to observe with unconscious curiosity how the blood would come spurting out upon the floor if he made a wound in the sleeper's neck. It is under the same influence ― the same absence of thought, the same instinctive curiosity ― that a man finds delight in standing on the brink of an abyss and thinking to himself, ""How if I were to throw myself down? ""or in holding to his brow a loaded pistol and wondering, ""What if I were to pull the trigger? ""or in feeling, when he catches sight of some universally respected personage, that he would like to go up to him, pull his nose hard, and say, ""How do you do, old boy? """;"eng"
" и лязв вокичиЧ ,оге ьтедибо яалеж";"аз";"желая обидеть его, Чичиков взял и";"за";" ";"нос, сказавши:";"Н. В. Гоголь. Мертвые души (1835-1852)";"Н. В. Гоголь";"1809";"Мертвые души";"1835-1852";"художественная";"";"";"";"";"";"омонимия не снята";"Мертвые души";"Nikolay Gogol";"Dead Souls";"";"1931";"9082";"160470";"4541";"73436";"rus";"eng";"Великобритания";"";"Не желая обидеть его, Чичиков взял и за нос, сказавши:";"dfcae36f84cdc44b70de0cc56b339c1e:2530:7";" Not wishing to offend his interlocutor, Chichikov felt the puppy's nose, saying: ";"eng"
" илидов и ятох огороток ,кеволеч адор";"аз";"рода человек, которого хотя и водили";"за";" ";"нос (впрочем, без его ведома), но";"Н. В. Гоголь. Мертвые души (1835-1852)";"Н. В. Гоголь";"1809";"Мертвые души";"1835-1852";"художественная";"";"";"";"";"";"омонимия не снята";"Мертвые души";"Nikolay Gogol";"Dead Souls";"";"1931";"9082";"160470";"4541";"73436";"rus";"eng";"Великобритания";"";"Генерал был такого рода человек, которого хотя и водили за нос (впрочем, без его ведома), но зато уже, если в голову ему западала какая-нибудь мысль, то она там была все равно что железный гвоздь: ничем нельзя было ее оттуда вытеребить.";"dfcae36f84cdc44b70de0cc56b339c1e:8584:9";" It seemed that the General was the kind of man who, though easily led by the nose (provided it was done without his knowledge) no sooner got an idea into his head than it stuck there like a nail, and could not possibly be extracted. ";"eng"
" ябес лагортоп и латсв ,ончулопогалб узинод";"аз";"донизу благополучно, встал и потрогал себя";"за";" ";"нос: целы ли очки?";"А. П. Чехов. Человек в футляре (1898)";"А. П. Чехов";"1860";"Человек в футляре";"1898";"художественная";"";"";"";"";"";"омонимия не снята";"Человек в футляре";"Anton Chekhov";"The Man in a Case";"";"1900-1930";"562";"9281";"281";"3996";"rus";"eng";"Великобритания";"";"Лестница была высокая, крутая, но он докатился донизу благополучно, встал и потрогал себя за нос: целы ли очки?";"74088842cd222b4623b7e20e3a85ea8b:452:13";" The staircase was high and steep, but he rolled to the bottom unhurt, got up, and touched his nose to see whether his spectacles were all right. ";"eng"
" ьтидов онжом янем отч ,теажарбооВ ?теаминирп";"аз";"принимает? Воображает, что меня можно водить";"за";" ";"нос?";"Theodore Dreiser. An American Tragedy, book I-II (1925)";"Theodore Dreiser";"1871";"An American Tragedy, book I-II";"1925";"художественная";"";"";"";"";"";"омонимия не снята";"An American Tragedy, book I-II";"Теодор Драйзер";"Американская трагедия (ч. 1-2)";"";"1948";"21686";"393334";"10843";"221028";"rus";"rus";"США";"";"За кого она меня принимает? Воображает, что меня можно водить за нос?";"a5d9d89e2d4fa8e460980e91adfbb50b:5557:10";" What does she think I am that she can put that stuff over on me, anyhow? ";"eng"
" оге алидовоп окжонмен ыб я ,йынвалс";"аз";"славный, я бы немножко поводила его";"за";" ";"нос, а пока что подержала бы";"Theodore Dreiser. An American Tragedy, book I-II (1925)";"Theodore Dreiser";"1871";"An American Tragedy, book I-II";"1925";"художественная";"";"";"";"";"";"омонимия не снята";"An American Tragedy, book I-II";"Теодор Драйзер";"Американская трагедия (ч. 1-2)";"";"1948";"21686";"393334";"10843";"221028";"rus";"rus";"США";"";"― Если он очень славный, я бы немножко поводила его за нос, а пока что подержала бы сумочку у себя.";"a5d9d89e2d4fa8e460980e91adfbb50b:10757:9";" If he's very attractive, I think I'd string him along for a while, anyhow, and keep the bag as long as I could. ";"eng"
" йенретяп юесв ьтам юовс литавхс гурдв";"аз";"вдруг схватил свою мать всею пятерней";"за";" ";"нос и за губы.";"И. С. Тургенев. Отцы и дети (1862)";"И. С. Тургенев";"1818";"Отцы и дети";"1862";"художественная";"";"";"";"";"";"омонимия не снята";"Отцы и дети";"Ivan Turgenev";"Fathers And Children";"";"1917";"9082";"126257";"4541";"54711";"rus";"eng";"Великобритания";"";"― Ребенок опять засмеялся, уставился на сундук и вдруг схватил свою мать всею пятерней за нос и за губы.";"36ae621380e9001e907c46936cab621b:1356:13";"' The baby chuckled again, stared at the chest, and suddenly caught hold of his mother's nose and mouth with all his five little fingers. ";"eng"
" ,алатохох ,мокаруд дан как ,мин дан";"аз";"над ним, как над дураком, хохотала,";"за";" ";"нос водила, когда еще он ей";"Ф. М. Достоевский. Идиот (1868-1869)";"Ф. М. Достоевский";"1821";"Идиот";"1868-1869";"художественная";"";"";"";"";"";"омонимия не снята";"Идиот";"Fedor Dostoevsky";"The Idiot";"";"1915";"23994";"441819";"11997";"200886";"rus";"eng";"Великобритания";"";"Это над ним эта тварь эту шутку выкинула, в память прежних связей, чтобы в дураки его выставить, точно так, как прежде над ним, как над дураком, хохотала, за нос водила, когда еще он ей жемчуги возил…";"02acae359836f47f703b337b87151cb4:12702:27";" That woman is doing it all for him, I know she is, to show she can make a fool of him now just as she did when he used to give her pearls. ";"eng"
" тудеворп ен янем ,с-теН« :ьтавиравогирп";"аз";"приговаривать: «Нет-с, меня не проведут";"за";" ";"нос!».";"Ф. М. Достоевский. Бесы (1872)";"Ф. М. Достоевский";"1821";"Бесы";"1872";"художественная";"";"";"";"";"";"омонимия не снята";"Бесы";"Fedor Dostoevsky";"The Possessed, or The Devils";"";"1913";"29104";"455640";"14552";"199311";"rus";"eng";"Великобритания";"";"Один из почтеннейших старшин нашего клуба, Павел Павлович Гаганов, человек пожилой и даже заслуженный, взял невинную привычку ко всякому слову с азартом приговаривать: «Нет-с, меня не проведут за нос!».";"9e7e7e2d8d58ee27b69a10516c4acde9:1294:28";" One of the most respected of our club members, on our committee of management, Pyotr Pavlovitch Gaganov, an elderly man of high rank in the service, had formed the innocent habit of declaring vehemently on all sorts of occasions: ""No, you can't lead me by the nose! """;"eng"
" оге литавху окперк он ,оннадижоен ,учиволваП";"аз";"Павловичу, неожиданно, но крепко ухватил его";"за";" ";"нос двумя пальцами и успел протянуть";"Ф. М. Достоевский. Бесы (1872)";"Ф. М. Достоевский";"1821";"Бесы";"1872";"художественная";"";"";"";"";"";"омонимия не снята";"Бесы";"Fedor Dostoevsky";"The Possessed, or The Devils";"";"1913";"29104";"455640";"14552";"199311";"rus";"eng";"Великобритания";"";"Но однажды в клубе, когда он, по какому-то горячему поводу, проговорил этот афоризм собравшейся около него кучке клубных посетителей (и всё людей не последних), Николай Всеволодович, стоявший в стороне один и к которому никто и не обращался, вдруг подошел к Павлу Павловичу, неожиданно, но крепко ухватил его за нос двумя пальцами и успел протянуть за собою по зале два-три шага.";"9e7e7e2d8d58ee27b69a10516c4acde9:1298:47";" But one day at the club, when he brought out this phrase in connection with some heated discussion in the midst of a little group of members (all persons of some consequence) Nikolay Vsyevolodovitch, who was standing on one side, alone and unnoticed, suddenly went up to Pyotr Pavlovitch, took him unexpectedly and firmly with two fingers by the nose, and succeeded in leading him two or three steps across the room. ";"eng"
" илищаторп икат-есв акеволеч отч ,ценокан вункемс";"аз";"смекнув наконец, что человека все-таки протащили";"за";" ";"нос и что, стало быть, очень";"Ф. М. Достоевский. Бесы (1872)";"Ф. М. Достоевский";"1821";"Бесы";"1872";"художественная";"";"";"";"";"";"омонимия не снята";"Бесы";"Fedor Dostoevsky";"The Possessed, or The Devils";"";"1913";"29104";"455640";"14552";"199311";"rus";"eng";"Великобритания";"";"Проектировали даже в честь его по подписке обед, и только по усиленной его же просьбе оставили эту мысль, — может быть, смекнув наконец, что человека все-таки протащили за нос и что, стало быть, очень-то уж торжествовать нечего.";"9e7e7e2d8d58ee27b69a10516c4acde9:1338:26";" It was even proposed to give a subscription dinner in his honour, and they only gave up the idea at his earnest request — reflecting possibly at last that the man had, after all, been pulled by the nose and that that was really nothing to congratulate him upon. ";"eng"
" тядов« оге и ястюемс есв мин";"аз";"ним все смеются и его «водят";"за";" ";"нос».";"Ф. М. Достоевский. Бесы (1872)";"Ф. М. Достоевский";"1821";"Бесы";"1872";"художественная";"";"";"";"";"";"омонимия не снята";"Бесы";"Fedor Dostoevsky";"The Possessed, or The Devils";"";"1913";"29104";"455640";"14552";"199311";"rus";"eng";"Великобритания";"";"Он начал с того, что над ним все смеются и его «водят за нос».";"9e7e7e2d8d58ee27b69a10516c4acde9:18384:12";" He began by saying that he was a laughing-stock to every one and ""was being led by the nose. """;"eng"
"„ ьтсуп — ,укбылу ее витавхдоп ,еж сачтот";"аз";"тотчас же, подхватив ее улыбку, — пусть „";"за";" ";"нос“, но ведь это правда!..».";"Ф. М. Достоевский. Бесы (1872)";"Ф. М. Достоевский";"1821";"Бесы";"1872";"художественная";"";"";"";"";"";"омонимия не снята";"Бесы";"Fedor Dostoevsky";"The Possessed, or The Devils";"";"1913";"29104";"455640";"14552";"199311";"rus";"eng";"Великобритания";"";"«Наплевать на выражение! — привзвизгнул он тотчас же, подхватив ее улыбку, — пусть „за нос“, но ведь это правда!..».";"9e7e7e2d8d58ee27b69a10516c4acde9:18386:11";" ""Curse the expression, ""he squealed, at once catching her smile, ""let it stand, it's true…. ";"eng"
" сав тидов рэуахнеллоМ ";"аз";"Молленхауэр водит вас";"за";" ";"нос.";"Theodore Dreiser. The Financier (1912)";"Theodore Dreiser";"1871";"The Financier";"1912";"художественная";"";"";"";"";"";"омонимия не снята";"The Financier";"Теодор Драйзер";"Финансист";"";"1944";"23456";"363269";"11728";"196713";"rus";"rus";"США";"";"норовят присвоить ваши ценности.  Молленхауэр водит вас за нос.  Он знает, что я не в состоянии сейчас удовлетворить ваше требование, то есть вернуть вам пятьсот тысяч долларов.";"2e33158397b70dd397e746e464f37657:10965:3";" They're simply trying to get your stocks away from you.  Mollenhauer is leading you on.  He knows I can't do what you want — give you back the five hundred thousand dollars. ";"eng"
" агурд гурд ьтидов и ьтитниф ман";"аз";"нам финтить и водить друг друга";"за";" ";"нос.";"Jack London. The Burning Daylight (1910)";"Jack London";"1876";"The Burning Daylight";"1910";"художественная";"";"";"";"";"";"омонимия не снята";"The Burning Daylight";"Джек Лондон";"Время-не-ждет";"";"1956";"14758";"209384";"7379";"114448";"rus";"rus";"США";"";"Довольно уж нам финтить и водить друг друга за нос.";"11d7865e51a07f08a30dd98fb7d68095:13027:8";" No more philandering and frills and long-distance sparring between you and me. ";"eng"
" илатавх ,енисыл оп оге илаполх ,унипс";"аз";"спину, хлопали его по лысине, хватали";"за";" ";"нос.";"Максим Горький. Бывшие люди (1897)";"Максим Горький";"1868";"Бывшие люди";"1897";"художественная";"";"";"";"";"";"омонимия не снята";"Бывшие люди";"Maxim Gorky";"Creatures that once were men";"";"1905";"3022";"39958";"1511";"17107";"rus";"eng";"";"";"Вертясь около него, как вьюны, они толкали его, вскакивали к нему на спину, хлопали его по лысине, хватали за нос.";"c0f8d10eee8b8bef6fc7b53cfedd55f8:286:18";" Playing around him, like little wild animals, they pushed him, jumped upon his back, beat him upon his bald head, and caught hold of his nose. ";"eng"
" укдол йишвичолов ,ссилроК ";"аз";"Корлисс, волочивший лодку";"за";" ";"нос, перешагнул через него.";"Jack London. A Daughter of the Snows (1902)";"Jack London";"1876";"A Daughter of the Snows";"1902";"художественная";"";"";"";"";"";"омонимия не снята";"A Daughter of the Snows";"Джек Лондон";"Дочь снегов";"";"1927";"12982";"158103";"6491";"87010";"rus";"rus";"США";"";"Корлисс, волочивший лодку за нос, перешагнул через него.";"00fcb7cba2600469b8b8b3203cff0f4d:10473:3";" Corliss, hauling on the bow of the canoe, trampled over him. ";"eng"
" хи лидов оглод кат я отч";"аз";"что я так долго водил их";"за";" ";"нос.";"L. Frank Baum. The Wonderful Wizard of Oz (1900)";"L. Frank Baum";"1856";"The Wonderful Wizard of Oz";"1900";"художественная";"";"";"";"";"";"омонимия не снята";"The Wonderful Wizard of Oz";"Л. Фрэнк Баум";"Удивительный волшебник из страны Оз";"";"1992";"4356";"68107";"2178";"39272";"rus";"rus";"США";"";"Если я выйду из дворца, горожане живо обнаружат, что я никакой не волшебник и не мудрец. А тогда они страшно рассердятся на меня за то, что я так долго водил их за нос.";"7041111ad731d9fdfbd33a38bc0ea57d:3481:31";" If I should go out of this Palace my people would soon discover I am not a Wizard, and then they would be vexed with me for having deceived them. ";"eng"
" ядов ,ямерв ьтаргиыв яславереман нуарБ ";"аз";"Браун намеревался выиграть время, водя";"за";" ";"нос дипломата Кассима.";"Joseph Conrad. Lord Jim (1900)";"Joseph Conrad";"1857";"Lord Jim";"1900";"художественная";"";"";"";"";"";"омонимия не снята";"Lord Jim";"Джозеф Конрад";"Лорд Джим";"";"1926";"11082";"233987";"5541";"130853";"rus";"rus";"Великобритания";"";"Браун намеревался выиграть время, водя за нос дипломата Кассима.";"5cdc1856ccf3bbceb78214c36ee60e39:9643:5";"' Brown's object was to gain time by fooling with Kassim's diplomacy. ";"eng"
" ьтидов онжом янем ,аруд я ,ьшеамуд";"аз";"думаешь, я дура, меня можно водить";"за";" ";"нос?";"Theodore Dreiser. Sister Carrie (1900)";"Theodore Dreiser";"1871";"Sister Carrie";"1900";"художественная";"";"";"";"";"";"омонимия не снята";"Sister Carrie";"Теодор Драйзер";"Сестра Керри";"";"1927";"16624";"207821";"8312";"110830";"rus";"rus";"США";"";"Что же, ты думаешь, я дура, меня можно водить за нос?";"2c7442eeefbdfb995db3f3e251340205:9597:9";" Do you think I'm a fool to be duped by you? ";"eng"
" ьтидов мад ен я ябес он";"аз";"но себя я не дам водить";"за";" ";"нос!";"Theodore Dreiser. Sister Carrie (1900)";"Theodore Dreiser";"1871";"Sister Carrie";"1900";"художественная";"";"";"";"";"";"омонимия не снята";"Sister Carrie";"Теодор Драйзер";"Сестра Керри";"";"1927";"16624";"207821";"8312";"110830";"rus";"rus";"США";"";"Ты можешь сколько угодно играть им, но себя я не дам водить за нос!";"2c7442eeefbdfb995db3f3e251340205:10299:12";" ""You may trifle around with him if you want to, but you can't lead me. ";"eng"
" янем лунятоп но ― ,имацьлап мыньлетазаку и";"аз";"и указательным пальцами, ― он потянул меня";"за";" ";"нос.";"H. G. Wells. The Invisible Man (1897)";"H. G. Wells";"1866";"The Invisible Man";"1897";"художественная";"";"";"";"";"";"омонимия не снята";"The Invisible Man";"Герберт Уэллс";"Человек-невидимка";"";"1935";"4714";"89000";"2357";"49123";"rus";"rus";"Великобритания";"";"― Чем-то ― мне показалось, большим и указательным пальцами, ― он потянул меня за нос.";"41e84adc84383a924c0724888c75ada2:613:10";" ""Something ― exactly like a finger and thumb it felt ― nipped my nose. """;"eng"
" янем ьтидов йамудзв ен и ,ухупеч";"аз";"чепуху, и не вздумай водить меня";"за";" ";"нос, слышишь?";"Mark Twain. Tom Sawyer, Detective (1896)";"Mark Twain";"1835";"Tom Sawyer, Detective";"1896";"художественная";"";"";"";"";"";"омонимия не снята";"Tom Sawyer, Detective";"Марк Твен";"Том Сойер — сыщик";"";"1960";"2416";"43734";"1208";"23706";"rus";"rus";"США";"";"А теперь объясни мне про собаку, и про чернику, и про фонарь, и про всю эту чепуху, и не вздумай водить меня за нос, слышишь?";"86242979402185e5dc647a8527a56ed2:1173:22";" Tom he looked considerable hurt, and says, very dignified: It is a pity if Huck is to be talked to that way, ust for making a little bit of a mistake that anybody could make. ";"eng"
" йитерт ,коб аз йогурд ,очелп аз";"аз";"за плечо, другой за бок, третий";"за";" ";"нос.";"И. С. Тургенев. Конец Чертопханова (1872)";"И. С. Тургенев";"1818";"Конец Чертопханова";"1872";"художественная";"";"";"";"";"";"омонимия не снята";"Конец Чертопханова";"Ivan Turgenev";"The End of Tchertophanov";"";"1895";"1228";"18482";"614";"7815";"rus";"eng";"Великобритания";"";"Иной мужик держался за плечо, другой за бок, третий за нос.";"d51b4b2b937c7517df95973caa6f06f9:348:9";" One peasant was rubbing his shoulder, another his side, a third his nose. ";"eng"
" аротанребуг иинребуг йо …В ― ";"аз";"― В… ой губернии губернатора";"за";" ";"нос водил, ― заметил Шубин.";"И. С. Тургенев. Накануне (1859)";"И. С. Тургенев";"1818";"Накануне";"1859";"художественная";"";"";"";"";"";"омонимия не снята";"Накануне";"Ivan Turgenev";"On the Eve";"";"1895";"7338";"100416";"3669";"43752";"rus";"eng";"Великобритания";"";"― В… ой губернии губернатора за нос водил, ― заметил Шубин.";"9bce0cecf6c6c58100293ec117ab5d4d:5820:4";"' Led the governor in one of them by the nose,' remarked Shubin. ";"eng"
" ябес ьтидов лиловзоп тут я акоп";"аз";"пока я тут позволил водить себя";"за";" ";"нос?";"Arthur Conan Doyle. The Stock-Broker’s Clerk (1893)";"Arthur Conan Doyle";"1859";"The Stock-Broker’s Clerk";"1893";"художественная";"";"";"";"";"";"омонимия не снята";"The Stock-Broker’s Clerk";"Артур Конан Дойл";"Приключение клерка";"";"1959";"886";"12178";"443";"6817";"rus";"rus";"Великобритания";"";"― Боже мой! ― вскричал он. ― И чем же занимался мой двойник в конторе Мейсонов, пока я тут позволил водить себя за нос?";"746e8e7a4358fe842d8e2913b45fc2c3:797:19";" ""Good Lord! ""he cried, ""while I have been fooled in this way, what has this other Hall Pycroft been doing at Mawson's? ";"eng"
" илидов"" ,тировог ано как ,ее ыботч";"аз";"чтобы ее, как она говорит, ""водили";"за";" ";"нос"".";"Jerome K. Jerome. Three Men in a Boat (To Say Nothing Of The Dog) (1889)";"Jerome K. Jerome";"1859";"Three Men in a Boat (To Say Nothing Of The Dog)";"1889";"художественная";"";"";"";"";"";"омонимия не снята";"Three Men in a Boat (To Say Nothing Of The Dog)";"Джером К. Джером";"Трое в лодке, не считая собаки";"";"1958";"6478";"121423";"3239";"66090";"rus";"rus";"Великобритания";"";"Она решительно, я бы даже сказал красноречиво, возражает против того, чтобы ее, как она говорит, ""водили за нос"".";"20485619ebdfa1f237874a4c84c417bc:973:16";" She has a strong, I may say an eloquent, objection to being what she terms` put upon. ";"eng"
" тядов"" ее отч ,от как тинецсар";"аз";"расценит как то, что ее ""водят";"за";" ";"нос""+; а я не могу позволить";"Jerome K. Jerome. Three Men in a Boat (To Say Nothing Of The Dog) (1889)";"Jerome K. Jerome";"1859";"Three Men in a Boat (To Say Nothing Of The Dog)";"1889";"художественная";"";"";"";"";"";"омонимия не снята";"Three Men in a Boat (To Say Nothing Of The Dog)";"Джером К. Джером";"Трое в лодке, не считая собаки";"";"1958";"6478";"121423";"3239";"66090";"rus";"rus";"Великобритания";"";"Мне подсказывает интуиция, что присутствие в ее доме сыра, принадлежащего вашему мужу, она расценит как то, что ее ""водят за нос""+; а я не могу позволить, чтобы обо мне говорили, будто я вожу за нос вдов и сирот.";"20485619ebdfa1f237874a4c84c417bc:975:19";" The presence of your husband's cheeses in her house she would, I instinctively feel, regard as a` put upon'; and it shall never be said that I put upon the widow and the orphan. ";"eng"
" ужов я отдуб ,илировог енм обо";"аз";"обо мне говорили, будто я вожу";"за";" ";"нос вдов и сирот.";"Jerome K. Jerome. Three Men in a Boat (To Say Nothing Of The Dog) (1889)";"Jerome K. Jerome";"1859";"Three Men in a Boat (To Say Nothing Of The Dog)";"1889";"художественная";"";"";"";"";"";"омонимия не снята";"Three Men in a Boat (To Say Nothing Of The Dog)";"Джером К. Джером";"Трое в лодке, не считая собаки";"";"1958";"6478";"121423";"3239";"66090";"rus";"rus";"Великобритания";"";"Мне подсказывает интуиция, что присутствие в ее доме сыра, принадлежащего вашему мужу, она расценит как то, что ее ""водят за нос""+; а я не могу позволить, чтобы обо мне говорили, будто я вожу за нос вдов и сирот.";"20485619ebdfa1f237874a4c84c417bc:975:33";" The presence of your husband's cheeses in her house she would, I instinctively feel, regard as a` put upon'; and it shall never be said that I put upon the widow and the orphan. ";"eng"
" янем ьтидов ебет юловзоп ен я";"аз";"я не позволю тебе водить меня";"за";" ";"нос""!";"Robert Louis Stevenson. Treasure Island (1883)";"Robert Louis Stevenson";"1850";"Treasure Island";"1883";"художественная";"";"";"";"";"";"омонимия не снята";"Treasure Island";"Роберт Луис Стивенсон";"Остров сокровищ";"";"1935";"7560";"122668";"3780";"69090";"rus";"rus";"Великобритания";"";"""И, клянусь виселицей, Джон Сильвер, я не позволю тебе водить меня за нос""!";"e18409c90e9a0bee3611dcb62e0e2873:5935:11";" ""I'll be hanged if I'll be hazed by you, John Silver. ";"eng"
" ыб лунред я ,мореммелС я ьдуб";"аз";"будь я Слеммером, я дернул бы";"за";" ";"нос вас, сэр, и всех ваших";"Charles Dickens. The Posthumous Papers of the Pickwick Club (1836-1837)";"Charles Dickens";"1812";"The Posthumous Papers of the Pickwick Club";"1836-1837";"художественная";"";"";"";"";"";"омонимия не снята";"The Posthumous Papers of the Pickwick Club";"Чарльз Диккенс";"Посмертные записки Пиквикского клуба";"";"1933";"31534";"516076";"15767";"287005";"rus";"rus";"Великобритания";"";"― А мне разрешите сказать, сэр, ― произнес вспыльчивый доктор Пейн, ― что, будь я Теплтоном или будь я Слеммером, я дернул бы за нос вас, сэр, и всех ваших друзей.";"44c1add02382c6859cb2b4883cdab3f3:1497:20";"' And allow me to say, Sir,' said the irascible Doctor Payne,' that if I had been Tappleton, or if I had been Slammer, I would have pulled your nose, Sir, and the nose of every man in this company. ";"eng"
" ьтунред еиналеж еоннемалп ливяъзи ашоню йынтогниц";"аз";"цинготный юноша изъявил пламенное желание дернуть";"за";" ";"нос джентльмена с эмблемами надежды, в";"Charles Dickens. The Posthumous Papers of the Pickwick Club (1836-1837)";"Charles Dickens";"1812";"The Posthumous Papers of the Pickwick Club";"1836-1837";"художественная";"";"";"";"";"";"омонимия не снята";"The Posthumous Papers of the Pickwick Club";"Чарльз Диккенс";"Посмертные записки Пиквикского клуба";"";"1933";"31534";"516076";"15767";"287005";"rus";"rus";"Великобритания";"";"Столик, покрытый зеленой байкой, был выдвинут, первая порция пунша в белом кувшине подана, и последующие три часа посвящены игре в vingt-et-un по шесть пенсов за дюжину фишек, прерванной только один раз легким спором меду цинготным юношей и джентльменом с розовыми якорями, когда цинготный юноша изъявил пламенное желание дернуть за нос джентльмена с эмблемами надежды, в ответ на что этот последний выразил решительное нежелание принимать какие бы то ни было ""угощения"" безвозмездно как от вспыльчивого молодого джентльмена с цинготной физиономией, так и от любого индивида, украшенного головой.";"44c1add02382c6859cb2b4883cdab3f3:16461:50";" The little table with the green baize cover was wheeled out; the first instalment of punch was brought in, in a white jug; and the succeeding three hours were devoted to VINGT-ET-UN at sixpence a dozen, which was only once interrupted by a slight dispute between the scorbutic youth and the gentleman with the pink anchors; in the course of which, the scorbutic youth intimated a burning desire to pull the nose of the gentleman with the emblems of hope; in reply to which, that individual expressed his decided unwillingness to accept of any' sauce'on gratuitous terms, either from the irascible young gentleman with the scorbutic countenance, or any other person who was ornamented with a head. ";"eng"
" оге ьтунред и асниггитС оготунямопу ьтитолокоп";"аз";"поколотить упомянутого Стиггинса и дернуть его";"за";" ";"нос, каковая пантомима, казалось, принесла ему";"Charles Dickens. The Posthumous Papers of the Pickwick Club (1836-1837)";"Charles Dickens";"1812";"The Posthumous Papers of the Pickwick Club";"1836-1837";"художественная";"";"";"";"";"";"омонимия не снята";"The Posthumous Papers of the Pickwick Club";"Чарльз Диккенс";"Посмертные записки Пиквикского клуба";"";"1933";"31534";"516076";"15767";"287005";"rus";"rus";"Великобритания";"";"Отнюдь не умудренный этой уместной отповедью, мистер Уэллер тотчас же расплылся в широкую улыбку, а так как это возмутительное поведение заставило и леди и мистера Стиггинса смежить веки и в смятении раскачиваться, сидя на стульях, то он позволил себе еще несколько мимических жестов, выражающих желание поколотить упомянутого Стиггинса и дернуть его за нос, каковая пантомима, казалось, принесла ему великое облегчение.";"44c1add02382c6859cb2b4883cdab3f3:24413:51";" So far from being edified by this very proper reply, the elder Mr. Weller at once relapsed into a broad grin; and this inexorable conduct causing the lady and Mr. Stiggins to close their eyes, and rock themselves to and fro on their chairs, in a troubled manner, he furthermore indulged in several acts of pantomime, indicative of a desire to pummel and wring the nose of the aforesaid Stiggins, the performance of which, appeared to afford him great mental relief. ";"eng"
" юьтсрог йесв ябес вязв ,и логу";"аз";"угол и, взяв себя всей горстью";"за";" ";"нос, проговорил точно с величайшим изумлением";"А. Н. Толстой. Сестры (1922)";"А. Н. Толстой";"1883";"Сестры";"1922";"художественная";"";"";"";"";"";"омонимия не снята";"Сестры";"Alexey Tolstoy";"The Sisters";"";"";"13690";"189958";"6845";"78647";"rus";"eng";"Великобритания";"";"Там примерился, поставил его в угол и, взяв себя всей горстью за нос, проговорил точно с величайшим изумлением: ― Чепуха.";"ec3d2652f879981a75eb5d0716550068:1264:11";" There, he set it carefully in a corner, and, clapping his hand to his nose, exclaimed, as if suddenly struck by something: ""Nonsense! ";"eng"
