"Reversed left context";"Reversed center";"Left context";"Center";"Punct";"Right context";"Title";"Author";"Birthday";"Header";"Created";"Sphere";"Type";"Topic";"Publication";"Publ_year";"Medium";"Ambiguity";"Header";"Author_trans";"Header_trans";"Translator";"Date_trans";"Sentences";"Words";"Orig_sentences";"Orig_words";"Lang";"Lang_trans";"Lang_variant";"Dialect";"Full context";"Example source";"Para context 1";"Lang 1"
" мымас мет и етшепадуБ в ьтапутсыв";"итйов";"выступать в Будапеште и тем самым";"войти";" ";"в историю как первая западная рок-группа";"Jim Hutton. Mercury and Me (2013)";"Jim Hutton";"1949";"Mercury and Me";"2013";"публицистика";"мемуары";"искусство и культура";"";"";"";"омонимия не снята";"Mercury and Me";"Джим Хаттон";"Меркьюри и я";"";"2019";"9842";"135558";"4921";"75220";"rus";"rus";"США";"";"В воскресенье 27 июля Queen должны были выступать в Будапеште и тем самым войти в историю как первая западная рок-группа, давшая концерт за железным занавесом.";"418e3813ee181bc0782a6f1a5bef0f1d:2341:13";" Queen were playing Budapest on Sunday, 27 July, making history as the first major Western rock band to perform in an open-air stadium behind the Iron Curtain. ";"eng"
" ,имялетинец имытагоб имымас с ьтаворирукнок ыботч";"итйов";"чтобы конкурировать с самыми богатыми ценителями,";"войти";" ";"в историю не столько благодаря собственным";"Philip Hook. Breakfast at Sothebys An A-Z of the Art World (2013)";"Philip Hook";"1951";"Breakfast at Sothebys An A-Z of the Art World";"2013";"учебно-научная";"";"";"";"";"";"омонимия не снята";"Breakfast at Sothebys An A-Z of the Art World";"Филип Хук";"Завтрак у Sotheby’s. Мир искусства от А до Я";"";"2014";"7914";"152823";"3957";"80281";"rus";"rus";"Великобритания";"";"А в наши дни не суждено ли Дэмиену Хёрсту, одному из немногих художников, обладающих достаточными средствами, чтобы конкурировать с самыми богатыми ценителями, войти в историю не столько благодаря собственным творческим достижениям, сколько собранной коллекции предметов искусства?";"907ddabaeb78f2e27d397e97656182a0:6311:22";" And in the present day, could it be that Damian Hirst (one of those rare artists with the financial power to compete at high levels) will achieve longer fame through his art collection than his art? ";"eng"
" яслирдуму он ,юьтсонневтсдерсоп ,мялетилсым микат месв";"итйов";"всем таким мыслителям, посредственностью, но умудрился";"войти";" ";"в историю как интеллектуал лишь благодаря";"Nassim Nicholas Taleb. Antifragile: Things That Gain From Disorder (2012)";"Nassim Nicholas Taleb";"1960";"Antifragile: Things That Gain From Disorder";"2012";"учебно-научная, публицистика";"";"наука и технологии, философия";"";"";"";"омонимия не снята";"Antifragile: Things That Gain From Disorder";"Нассим Николас Талеб";"Антихрупкость. Как извлечь выгоду из хаоса";"";"2022";"16592";"336787";"8296";"180355";"rus";"rus";"США";"";"Жан Фрерон, которого считают очень завистливым мыслителем, был, подобно всем таким мыслителям, посредственностью, но умудрился войти в историю как интеллектуал лишь благодаря тому, что раздражал блистательного Вольтера, причем настолько, что тот писал о нем сатирические поэмы.";"17154569778daa68a2de3fadfcd05453:1523:15";" Jean Fréron, said to be a very envious thinker, with the mediocrity of envious thinkers, managed to play a role in intellectual history solely by irritating the otherwise brilliant Voltaire to the point of bringing him to write satirical poems against him. ";"eng"
" ,умеом-оп ,ынжлод ,еыннасипо ен огес од";"итйов";"до сего не описанные, должны, по-моему,";"войти";" ";"в историю войны принципиальной вехой.";"Анатолий Кузнецов. Бабий Яр (1965-1970)";"Анатолий Кузнецов";"1929";"Бабий Яр";"1965-1970";"художественная";"";"";"";"";"";"омонимия не снята";"Бабий Яр";"Anatoly Kuznetsov";"Babi Yar";"";"1970";"15164";"239938";"7582";"92495";"rus";"eng";"Великобритания";"";"Взрыв и пожар Крещатика, нигде и никем до сего не описанные, должны, по-моему, войти в историю войны принципиальной вехой.";"86fdb395a48cd1424071e803fff507ae:2114:13";" The blowing up of the Kreshchatik and its destruction by fire, which no one has ever described before, ought in my opinion to be recorded as one of the principal turning-points in the history of the war. ";"eng"
" хищюувтснежлод хитэ елсоП ";"итйов";"После этих долженствующих";"войти";" ";"в историю слов генерал поднялся и";"А. Н. Толстой. Сестры (1922)";"А. Н. Толстой";"1883";"Сестры";"1922";"художественная";"";"";"";"";"";"омонимия не снята";"Сестры";"Alexey Tolstoy";"The Sisters";"";"";"13690";"189958";"6845";"78647";"rus";"eng";"Великобритания";"";"После этих долженствующих войти в историю слов генерал поднялся и, вертя за спиной в коротких пальцах золотое пенсне, стал глядеть в окно, за которым на лугу в нежно-голубом утреннем тумане стояла мокрая береза.";"ec3d2652f879981a75eb5d0716550068:7950:3";" Having uttered words so worthy of perpetuation, the General rose, dangling the gold-rimmed pince-nez behind his back between his stubby fingers, and looked out of the window, through which, in the tender blue of the morning mist, could be seen a dripping birch tree rising from the meadow. ";"eng"
