"Reversed left context";"Reversed center";"Left context";"Center";"Punct";"Right context";"Title";"Author";"Birthday";"Header";"Created";"Sphere";"Type";"Topic";"Publication";"Publ_year";"Medium";"Ambiguity";"Header";"Author_trans";"Header_trans";"Translator";"Date_trans";"Sentences";"Words";"Orig_sentences";"Orig_words";"Lang";"Lang_trans";"Lang_variant";"Dialect";"Full context";"Example source";"Para context 1";"Lang 1"
" ебес тяватс оннереман ,ымелборп тюавымудирп еыроток";"иклап";"которые придумывают проблемы, намеренно ставят себе";"палки";" ";"в колеса, чтобы защититься от собственных";"Rich Karlgaard. Late Bloomers: The Power of Patience in a World Obsessed with Early Achievement (2019)";"Rich Karlgaard";"";"Late Bloomers: The Power of Patience in a World Obsessed with Early Achievement";"2019";"публицистика";"";"наука и технологии, психология";"";"";"";"омонимия не снята";"Late Bloomers: The Power of Patience in a World Obsessed with Early Achievement";"Рич Карлгаард";"Поздний расцвет. Как взрослым добиться успеха в мире, одержимом ранним развитием";"";"2020";"8214";"143662";"4107";"76929";"rus";"rus";"США";"";"Нет, люди, которые придумывают проблемы, намеренно ставят себе палки в колеса, чтобы защититься от собственных недостатков.";"bc7f1462cd2fb380722a7a5d6cd0fd42:5933:8";" Instead, people who self-handicap purposely shoot themselves in the foot in order to protect themselves from having to confront their possible shortcomings. ";"eng"
" тяватс мятед адгоК ";"иклап";"Когда детям ставят";"палки";" ";"в колеса, они все равно рано";"Davies Hunter. The Beatles (2009)";"Davies Hunter";"1936";"The Beatles";"2009";"публицистика";"";"частная жизнь, искусство и культура";"";"";"";"омонимия не снята";"The Beatles";"Дэвис Хантер";"Битлз. Авторизованная биография";"";"2017";"19102";"256628";"9551";"135825";"rus";"rus";"США";"";"Когда детям ставят палки в колеса, они все равно рано или поздно своего добиваются, так уж лучше не мешать им.";"709f915a7285306ee9b879f3b13bd5b0:2471:3";" If you tell kids not to, they're going to do it in the end anyway, so they might as well get it over with. ";"eng"
" тяватс ончев енМ ";"иклап";"Мне вечно ставят";"палки";" ";"в колеса.";"Michael Connelly. City Of Bones (2002)";"Michael Connelly";"1956";"City Of Bones";"2002";"художественная";"";"";"";"";"";"омонимия не снята";"City Of Bones";"Майкл Коннели";"Город костей";"";"2006";"19928";"179121";"9964";"102852";"rus";"rus";"США";"";"Причем это типично.  Мне вечно ставят палки в колеса.  ― Значит, в следующий раз нужно быть осторожнее.";"3143a5bab28226b1f70031064021b69a:5169:3";" And that's what's typical.  There is always something thrown in the way. """" Then you should be more careful next time. """;"eng"
" енм тиватс нО ";"иклап";"Он ставит мне";"палки";" ";"в колеса.";"Michael Connelly. City Of Bones (2002)";"Michael Connelly";"1956";"City Of Bones";"2002";"художественная";"";"";"";"";"";"омонимия не снята";"City Of Bones";"Майкл Коннели";"Город костей";"";"2006";"19928";"179121";"9964";"102852";"rus";"rus";"США";"";"Не знаю, получает ли Торнтон за свои услуги, но это не важно.  Он ставит мне палки в колеса.  ― Ничего, Гарри, я сказала, что этим займусь.";"3143a5bab28226b1f70031064021b69a:6205:3";" I don't know what he's getting in return but it doesn't matter.  He's fucking with my case. """" All right, Harry, I said I would handle it. ";"eng"
" теялватсв ьлетаминирпдерП ";"иклап";"Предприниматель вставляет";"палки";" ";"в колеса, изобретая еще одну ""великую";"Michael Gerber. The E-Myth Revisited (1986)";"Michael Gerber";"1936";"The E-Myth Revisited";"1986";"учебно-научная, публицистика";"";"бизнес, коммерция, экономика, финансы";"";"";"";"омонимия не снята";"The E-Myth Revisited";"Майкл Гербер";"Малый бизнес: от иллюзий к успеху";"";"2018";"922";"14525";"461";"7824";"rus";"rus";"США";"";"Предприниматель вставляет палки в колеса, изобретая еще одну ""великую, новую идею"".";"4eccac5b055a2532fed86d3e4d331620:805:2";" The Entrepreneur is always throwing a monkey wrench into his day with the creation of yet another ""great new idea. """;"eng"
" йе етеус ыв ,могарв с ястеажарс";"иклап";"сражается с врагом, вы суете ей";"палки";" ";"в колеса.";"Варлам Шаламов. Ягоды (1959)";"Варлам Шаламов";"1907";"Ягоды";"1959";"художественная";"";"";"";"";"";"омонимия не снята";"Ягоды";"Varlam Shalamov";"Berries";"";"1980";"118";"1755";"59";"732";"rus";"eng";"США";"";"В час, когда наша родина сражается с врагом, вы суете ей палки в колеса.";"d098396100ff8cf360293ee868c5d6cd:14:11";" At a time like this, when our country is fighting the enemy, you're jamming sticks in her spokes.' ";"eng"
" тяватс укинтохо еняьтсерк ,еровд ан адатс";"иклап";"стада на дворе, крестьяне охотнику ставят";"палки";" ";"в колеса, а когда волка убить";"М. М. Пришвин. Солнцеворот (1926)";"М. М. Пришвин";"1873";"Солнцеворот";"1926";"художественная";"";"";"";"";"";"омонимия не снята";"Солнцеворот";"Mikhail Prishvin";"Turn of the sun";"";"1958";"210";"4425";"105";"1914";"rus";"eng";"СССР/Россия";"";"Так постоянно бывает в борьбе с серыми помещиками, что зимой, когда стада на дворе, крестьяне охотнику ставят палки в колеса, а когда волка убить невозможно, летом, и он ежедневно режет скотину, все вопят о помощи.";"676e5a4cf5cf28d7280ff15ac53b3a7a:88:17";" That is what always happens in the struggle against the grey enemies. In winter when the cattle is safe in their pens, the peasants put spokes in the hunters'wheel, but in summer when the wolves make daily raids on the herds and no hunter can do anything about it, they all yell for help. ";"eng"
" тяватс укеволеч адгок ,оньлетитумзоВ ";"иклап";"Возмутительно, когда человеку ставят";"палки";" ";"в колеса.";"John Galsworthy. To Let (1921)";"John Galsworthy";"1867";"To Let";"1921";"художественная";"";"";"";"";"";"омонимия не снята";"To Let";"Джон Голсуорси";"Сдается внаем";"";"1946";"13226";"167590";"6613";"89255";"rus";"rus";"Великобритания";"";"Возмутительно, когда человеку ставят палки в колеса.";"9e56d585c22911eb3b02689320d18f4c:5297:4";" It's horrid not to have one's own way. """;"eng"
" ливатс я ыботч ,олед ил еоннахылС";"иклап";"Слыханное ли дело, чтобы я ставил";"палки";" ";"в колеса джентльменам в таком положении";"Robert Louis Stevenson. Kidnapped (1886)";"Robert Louis Stevenson";"1850";"Kidnapped";"1886";"художественная";"";"";"";"";"";"омонимия не снята";"Kidnapped";"Роберт Луис Стивенсон";"Похищенный";"";"1967";"7020";"146548";"3510";"80444";"rus";"rus";"Великобритания";"";"Слыханное ли дело, чтобы я ставил палки в колеса джентльменам в таком положении, как ваше! Куда бы это годилось! — уже во весь голос гаркнул Клуни, весь побагровел и принялся выкладывать золотые из карманов.";"b1442d947f941d6612bea226225d7e39:5149:6";" It's not to be supposed that I would be any hindrance to gentlemen in your situation; that would be a singular thing! ""cries he, and began to pull gold out of his pocket with a mighty red face. ";"eng"
" енм ыт ыботч ,юлпретоп ен оготэ";"иклап";"этого не потерплю, чтобы ты мне";"палки";" ";"в колеса совала.";"Charles Dickens. The Tale of two Cities (1859)";"Charles Dickens";"1812";"The Tale of two Cities";"1859";"художественная";"";"";"";"";"";"омонимия не снята";"The Tale of two Cities";"Чарльз Диккенс";"Повесть о двух городах";"";"1950-1960";"15180";"261740";"7590";"135772";"rus";"rus";"Великобритания";"";"А ты смотри у меня, ― обратился он к жене, ― я больше этого не потерплю, чтобы ты мне палки в колеса совала.";"45dc0f44a28f331677ad6ee35a429c4b:1979:17";" For, I tell you, ""here he addressed his wife once more, ""I won't be gone agin, in this manner. ";"eng"
" ьтавос ебес тиловзоп ано евзаР ";"иклап";"Разве она позволит себе совать";"палки";" ";"в колеса мужу и сынишке!";"Charles Dickens. The Tale of two Cities (1859)";"Charles Dickens";"1812";"The Tale of two Cities";"1859";"художественная";"";"";"";"";"";"омонимия не снята";"The Tale of two Cities";"Чарльз Диккенс";"Повесть о двух городах";"";"1950-1960";"15180";"261740";"7590";"135772";"rus";"rus";"Великобритания";"";"Разве она позволит себе совать палки в колеса мужу и сынишке!";"45dc0f44a28f331677ad6ee35a429c4b:1987:5";" You wouldn't put yourself in opposition to the interests of your husband and child, would you? ";"eng"
