"Reversed left context";"Reversed center";"Left context";"Center";"Punct";"Right context";"Title";"Author";"Birthday";"Header";"Created";"Sphere";"Type";"Topic";"Publication";"Publ_year";"Medium";"Ambiguity";"Header";"Author_trans";"Header_trans";"Translator";"Date_trans";"Sentences";"Words";"Orig_sentences";"Orig_words";"Lang";"Lang_trans";"Lang_variant";"Dialect";"Full context";"Example source";"Para context 1";"Lang 1"
" ястеаминирпсов адгесв итчоп итсоньлауткнуп еивтстустО ";"в";"Отсутствие пунктуальности почти всегда воспринимается";"в";" ";"штыки, хотя иногда это несправедливо.";"Laura Clarke. Why some people are always running late [www.bbc.com] (2017)";"Laura Clarke";"";"Why some people are always running late [www.bbc.com]";"2017";"публицистика";"";"";"";"";"";"омонимия не снята";"Why some people are always running late [www.bbc.com]";"";"Почему кое-кто все время опаздывает, и что можно с этим поделать";"";"";"38";"862";"19";"445";"rus";"rus";"США";"";"Отсутствие пунктуальности почти всегда воспринимается в штыки, хотя иногда это несправедливо.";"4e1f3af594bc2da3687ab8df3b389795:1:5";"Perceptions of unpunctual people are almost always negative — even if misguided. ";"eng"
" сан литертсв ядолоВ А …илахеирП ";"в";"Приехали… А Володя встретил нас";"в";" ";"штыки: «Зачем это шоу?».";"Светлана Алексиевич. Время секонд хэнд (2013)";"Светлана Алексиевич";"1948";"Время секонд хэнд";"2013";"художественная, публицистика";"";"";"";"";"";"омонимия не снята";"Время секонд хэнд";"Svetlana Alexievich";"Secondhand Time";"";"2016";"25158";"324997";"12579";"131168";"rus";"eng";"США";"";"Приехали… А Володя встретил нас в штыки: «Зачем это шоу?».";"52c856c99bb936c84da0bfb0ca2f4218:23794:5";" But we made it there… At first, Volodya was very hostile with us: “Why are you turning this into a spectacle?” ";"eng"
" юеди утэ лянирп намллотС .илорап итсевв";"в";"ввести пароли. Столлман принял эту идею";"в";" ";"штыки и призывал коллег игнорировать нововведение";"Walter Isaacson. The Innovators. How Group of Hackers, Geniuses and Geeks Created the Digital Revolution (2014)";"Walter Isaacson";"1952";"The Innovators. How Group of Hackers, Geniuses and Geeks Created the Digital Revolution";"2014";"учебно-научная, публицистика";"";"наука и технологии, информатика";"";"";"";"омонимия не снята";"The Innovators. How Group of Hackers, Geniuses and Geeks Created the Digital Revolution";"Уолтер Айзексон";"Инноваторы. Как несколько гениев, хакеров и гиков совершили цифровую революцию";"";"2015";"15914";"322417";"7957";"170459";"rus";"rus";"";"";"В какой-то момент в МТИ решили запустить базу данных пользователей и ввести пароли. Столлман принял эту идею в штыки и призывал коллег игнорировать нововведение: ""Мне это казалось противным, поэтому я не стал заполнять форму, и в мою учетную запись можно было войти без пароля, просто нажав клавишу Enter.";"dc448dbc5b8f0d6bfc6fdd0195f720f8:12073:17";" When MIT instituted a database of users and a system of strong passwords, Stallman resisted, and he rallied his colleagues to do so as well: ""I thought that was disgusting, so I didn't fill out the form and I created a null-set password. """;"eng"
" нечертсв лыб и мзиноицкелес йовоппург йытыркирпен";"в";"неприкрытый групповой селекционизм и был встречен";"в";" ";"штыки Тинбергеном и большинством его учеников";"Richard Dawkins. The Extended Phenotype: The Long Reach of the Gene (1999)";"Richard Dawkins";"1941";"The Extended Phenotype: The Long Reach of the Gene";"1999";"учебно-научная";"";"";"";"";"";"омонимия не снята";"The Extended Phenotype: The Long Reach of the Gene";"Ричард Докинз";"Расширенный фенотип: длинная рука гена";"";"2010";"10440";"239239";"5220";"128331";"rus";"rus";"Великобритания";"";"Пусть в начале 1960-х неприкрытый групповой селекционизм и был встречен в штыки Тинбергеном и большинством его учеников, но я все же думаю, что почти каждый из нас рассуждал о сигнализации у животных, исходя из смутных представлений о «взаимной выгоде»: если сигналы существуют и не совсем «для пользы вида» (как это было в нетипичной цитате из Тинбергена), то, значит, «для взаимной выгоды отправителя и получателя сигнала».";"d7393a6ccd2ce685588af3419d7fedbc:2167:11";" Even if outright group-selectionism was strongly opposed by Tinbergen and most of his pupils in the early 1960s, I still think that nearly all of us thought of animal signals in terms of a vague notion of' mutual benefit': if signals were not actually' for the good of the species' (as in the unrepresentative quotation from Tinbergen), they were' for the mutual benefit of both signaller and receiver'. ";"eng"
" ";"В";"";"В";" ";"штыки бы, наверное, принял.";"А. Н. Стругацкий, Б. Н. Стругацкий. Понедельник начинается в субботу (1965)";"А. Н. Стругацкий, Б. Н. Стругацкий";"1925, 1933";"Понедельник начинается в субботу";"1965";"художественная";"";"";"";"";"";"омонимия не снята";"Понедельник начинается в субботу";"Arkady Strugatsky, Boris Strugatsky";"Monday Begins on Saturday";"";"1977";"13298";"133760";"6649";"58402";"rus";"eng";"США";"";"Вот, например, как бы мэтр Монтескьё принял сообщение об оживлении мертвеца через сорок пять минут после зарегистрированной остановки сердца?  В штыки бы, наверное, принял.  Так сказать, в багинеты.";"16b676ab917826be619990953228ccec:2224:0";" Say, for instance, the way Maitre Montesquieu would take the message about the resuscitation of a dead man forty-five minutes after his heart stopped beating.  With a bayonet counterattack, that's how he would take it.  Toss it on pikes, so to speak. ";"eng"
" аката ,""!ару"" еолпирх еонняачто ,йедюл ясхищялав";"в";"валящихся людей, отчаянное хриплое ""ура!"", атака";"в";" ";"штыки, резня.";"В. М. Гаршин. Из воспоминаний рядового Иванова (1882)";"В. М. Гаршин";"1855";"Из воспоминаний рядового Иванова";"1882";"художественная";"";"";"";"";"";"омонимия не снята";"Из воспоминаний рядового Иванова";"Vsevolod Garshin";"The Reminiscences of Private Ivanov";"";"1959";"2382";"31214";"1191";"13347";"rus";"eng";"США";"";"Чудились крики и стоны, представлялись тысячи валящихся людей, отчаянное хриплое ""ура!"", атака в штыки, резня.";"9a70e7826e2377bb8c1c0f63888eaf30:1718:12";" I fancied I could hear screams and groans, I pictured thousands of men lying prostrate, heard wild hoarse cheers, the rush of a bayonet attack, a carnage. ";"eng"
" иманоротс имыннавосеретниаз ямерт имесв анечертсв алыб";"в";"была встречена всеми тремя заинтересованными сторонами";"в";" ";"штыки, — а именно: Уошем, Мистером Батлером";"Margaret Mitchell. Gone with the Wind, Part 2 (1936)";"Margaret Mitchell";"1900";"Gone with the Wind, Part 2";"1936";"художественная";"";"";"";"";"";"омонимия не снята";"Gone with the Wind, Part 2";"Маргарет Митчелл";"Унесённые ветром, ч. 2";"";"1982";"29314";"414569";"14657";"216232";"rus";"rus";"США";"";"Эта затея была встречена всеми тремя заинтересованными сторонами в штыки, — а именно: Уошем, Мистером Батлером и Бонни.";"3ddd25fe52e8f0ab80e3eac915d26b53:26497:8";" This arrangement met with the disapproval of the three parties concerned, Wash, Mr. Butler and Bonnie. ";"eng"
" лачертсв ,узакирп от-умокак ьсяунивоп онволс ,но";"в";"он, словно повинуясь какому-то приказу, встречал";"в";" ";"штыки. А о мире, лежащем за";"James Joyce. A Portrait of the Artist as a Young Man (1917)";"James Joyce";"1862";"A Portrait of the Artist as a Young Man";"1917";"художественная";"";"";"";"";"";"омонимия не снята";"A Portrait of the Artist as a Young Man";"Джеймс Джойс";"Портрет художника в юности";"";"1976";"10522";"152230";"5261";"85049";"rus";"rus";"Великобритания, Ирландия";"";"Любую мысль или чувство, если они приходили из Англии или оказывались достоянием английской культуры, он, словно повинуясь какому-то приказу, встречал в штыки. А о мире, лежащем за пределами Англии, знал только то, что во Франции существует Иностранный легион, в который он, по его словам, собирался вступить.";"8619b3d1df5145c36f75afb69d16f6b4:7085:20";" Whatsoever of thought or of feeling came to him from England or by way of English culture his mind stood armed against in obedience to a password; and of the world that lay beyond England he knew only the foreign legion of France in which he spoke of serving. ";"eng"
" ясьтисорб яслатып клоп йикснагидраК ";"в";"Кардиганский полк пытался броситься";"в";" ";"штыки ― его мигом уничтожили.";"H. G. Wells. The War of the Worlds (1898)";"H. G. Wells";"1866";"The War of the Worlds";"1898";"художественная";"";"";"";"";"";"омонимия не снята";"The War of the Worlds";"Герберт Уэллс";"Война миров";"";"1935";"5360";"105076";"2680";"60525";"rus";"rus";"Великобритания";"";"Кардиганский полк пытался броситься в штыки ― его мигом уничтожили.";"914b5ab5fb46d25cc97f20da72181acb:1487:4";" The Cardigan men had tried a rush, in skirmishing order, at the pit, simply to be swept out of existence. ";"eng"
" олыб илшоп ― ,аватсос униволоп еварпереп ирп";"в";"при переправе половину состава, ― пошли было";"в";" ";"штыки, но захлебнулись и легли под";"А. Н. Толстой. Сестры (1922)";"А. Н. Толстой";"1883";"Сестры";"1922";"художественная";"";"";"";"";"";"омонимия не снята";"Сестры";"Alexey Tolstoy";"The Sisters";"";"";"13690";"189958";"6845";"78647";"rus";"eng";"Великобритания";"";"Передние части кундравинцев, ― как оказалось впоследствии, потерявших при переправе половину состава, ― пошли было в штыки, но захлебнулись и легли под проволоку.";"ec3d2652f879981a75eb5d0716550068:8032:13";" The advance units of the Kundravin Regiment, which had, as subsequently appeared, lost half their men at the crossing, attempted to make a bayonet attack, but the attack bogged down, and the men crouched beneath the barbed-wire entanglements. ";"eng"
