"Reversed left context";"Reversed center";"Left context";"Center";"Punct";"Right context";"Title";"Author";"Birthday";"Header";"Created";"Sphere";"Type";"Topic";"Publication";"Publ_year";"Medium";"Ambiguity";"Header";"Author_trans";"Header_trans";"Translator";"Date_trans";"Sentences";"Words";"Orig_sentences";"Orig_words";"Lang";"Lang_trans";"Lang_variant";"Dialect";"Full context";"Example source";"Para context 1";"Lang 1"
" ьтатсв авотог я ьрепеТ ";"в";"Теперь я готова встать";"в";" ";"строй и объединить силы с остальными";"Elizabeth White. An honest look at the personal finance crisis (2017)";"Elizabeth White";"";"An honest look at the personal finance crisis";"2017";"учебно-научная, публицистика, устная публичная речь";"";"";"";"";"";"омонимия не снята";"An honest look at the personal finance crisis";"Элизабет Уайт";"Честный взгляд на персональный финансовый кризис";"";"";"396";"4928";"198";"2604";"rus";"rus";"";"";"Теперь я готова встать в строй и объединить силы с остальными, чтобы бороться с этой проблемой. И я прошу вас присоединиться ко мне в этой борьбе.";"22b6a9323e01ffe4251c5b1ba4ee9687:387:4";" I'm ready now to link shields with others, to fight this fight, and I'm inviting you to join me. ";"eng"
" анедевв тедуб адог 6102 елерпа в";"в";"в апреле 2016 года будет введена";"в";" ";"строй третья очередь Панамского канала, которая";"Peter Coy. Economy 2016: Here’s What You Need to Know [www.bloomberg.com] (2015)";"Peter Coy";"";"Economy 2016: Here’s What You Need to Know [www.bloomberg.com]";"2015";"публицистика";"";"";"";"";"";"омонимия не снята";"Economy 2016: Here’s What You Need to Know [www.bloomberg.com]";"";"Экономика-2016: что нам надо знать";"";"";"172";"3739";"86";"1898";"rus";"rus";"США";"";"Где-то в апреле 2016 года будет введена в строй третья очередь Панамского канала, которая сможет пропускать суда водоизмещением в 2, 6 раза больше тех, что сегодня имеют возможность проходить по этой водной артерии.";"2e39e83522244e8a32046a19cabb0f01:7:7";" Sometime around April 2016, a third set of locks on the Panama Canal will begin handling ships as much as 2.6 times the size of the biggest ones now able to ply the waterway. ";"eng"
" яслунрев и йокур еьнащорп ан лунхам";"в";"махнул на прощанье рукой и вернулся";"в";" ";"строй.";"Михаил Елизаров. Библиотекарь (2007)";"Михаил Елизаров";"1973";"Библиотекарь";"2007";"художественная";"";"";"";"";"";"омонимия не снята";"Библиотекарь";"Mikhail Elizarov";"The Librarian";"";"2015";"12806";"167519";"6403";"68297";"rus";"eng";"Великобритания";"";"Оглоблин махнул на прощанье рукой и вернулся в строй.";"6cb1f460471f2b708b6e9d91c2d619f3:7810:7";" Ogloblin waved his hand in farewell and rejoined the ranks. ";"eng"
" ьтатсв хи яялватсаз ,йедюл хиовс ан";"в";"на своих людей, заставляя их встать";"в";" ";"строй, и как только воины повиновались";"Sebastian de Castell. Traitor’s Blade (2014)";"Sebastian de Castell";"";"Traitor’s Blade";"2014";"художественная";"";"";"";"";"";"омонимия не снята";"Traitor’s Blade";"Себастьян де Кастелл";"Клинок предателя";"";"2020";"17354";"213743";"8677";"119777";"rus";"rus";"Канада";"";"Капитаны кричали на своих людей, заставляя их встать в строй, и как только воины повиновались, Шивалль уговорил герцога отойти в тыл.";"c4b49e6c550c324699c84d1b213b2e1c:16393:8";" The captains were screaming at their men to get into formation and, as they did, Shiballe urged the Duke to get to the back lines. ";"eng"
" яслунрев стйеГ ";"в";"Гейтс вернулся";"в";" ";"строй и настоял, чтобы отношения между";"Walter Isaacson. The Innovators. How Group of Hackers, Geniuses and Geeks Created the Digital Revolution (2014)";"Walter Isaacson";"1952";"The Innovators. How Group of Hackers, Geniuses and Geeks Created the Digital Revolution";"2014";"учебно-научная, публицистика";"";"наука и технологии, информатика";"";"";"";"омонимия не снята";"The Innovators. How Group of Hackers, Geniuses and Geeks Created the Digital Revolution";"Уолтер Айзексон";"Инноваторы. Как несколько гениев, хакеров и гиков совершили цифровую революцию";"";"2015";"15914";"322417";"7957";"170459";"rus";"rus";"";"";"Гейтс вернулся в строй и настоял, чтобы отношения между участниками ""Клуба программистов Лейксайда"" были оформлены официально. Тогда все подписали договор, который помог составить отец Гейтса.";"dc448dbc5b8f0d6bfc6fdd0195f720f8:10397:2";" At this point, Gates insisted on turning the Lakeside Program ming Group into a legal partnership, using an agreement drawn up with his father's help. ";"eng"
" йишвипутсв енын ,согахол ьлетяирп йыратс ее";"в";"ее старый приятель лохагос, ныне вступивший";"в";" ";"строй во главе своей сотни, именно";"Иван Ефремов. Таис Афинская (1972)";"Иван Ефремов";"1908";"Таис Афинская";"1972";"художественная";"";"";"";"";"";"омонимия не снята";"Таис Афинская";"Ivan Yefremov";"Thais of Athens";"";"2011";"21868";"322590";"10934";"137020";"rus";"eng";"СССР/Россия";"";"Она ничего бы не сумела, если б не Леонтиск и ее старый приятель лохагос, ныне вступивший в строй во главе своей сотни, именно той, с которой предстояло ехать Таис.";"95af57aed4d8ddd1ac985449f4f20871:12446:16";" She would have failed had it not been for Leontiscus and her old friend the lokhagos, who rejoined the ranks of the same detachment with which Thais was planning to travel. ";"eng"
" яинедевв оД ";"в";"До введения";"в";" ";"строй автоматической системы управления движением (декабрь";"Московский государственный университет. «Отчет № 1 о влиянии игр» в рамках программы «Исследование влияния Олимпийских игр» [ABBYY LingvoPRO] (2009-2010)";"Московский государственный университет";"";"«Отчет № 1 о влиянии игр» в рамках программы «Исследование влияния Олимпийских игр» [ABBYY LingvoPRO]";"2009-2010";"официально-деловая";"";"";"";"";"";"омонимия не снята";"«Отчет № 1 о влиянии игр» в рамках программы «Исследование влияния Олимпийских игр» [ABBYY LingvoPRO]";"Moscow State University";"«Report № 1 on Games Impact» in the framework of the programme «Olympic games impact — OGI»";"";"2009-2010";"9592";"168885";"4796";"77790";"rus";"eng";"";"";"До введения в строй автоматической системы управления движением (декабрь 2012 г.), данные получаются в ходе полевых замеров (натурных обследований).";"4e16cece5b7788262586b1b213530499:8222:2";" Until the automatic system of traffic control is put into operation in December 2012, the data is collected through on-the-spot measurements. ";"eng"
" огоннедевв и кат ,адноф оголиж огещюувтсйед";"в";"действующего жилого фонда, так и введенного";"в";" ";"строй жилья в отчетном году.";"Московский государственный университет. «Отчет № 1 о влиянии игр» в рамках программы «Исследование влияния Олимпийских игр» [ABBYY LingvoPRO] (2009-2010)";"Московский государственный университет";"";"«Отчет № 1 о влиянии игр» в рамках программы «Исследование влияния Олимпийских игр» [ABBYY LingvoPRO]";"2009-2010";"официально-деловая";"";"";"";"";"";"омонимия не снята";"«Отчет № 1 о влиянии игр» в рамках программы «Исследование влияния Олимпийских игр» [ABBYY LingvoPRO]";"Moscow State University";"«Report № 1 on Games Impact» in the framework of the programme «Olympic games impact — OGI»";"";"2009-2010";"9592";"168885";"4796";"77790";"rus";"eng";"";"";"Площадь доступных жилых помещений как действующего жилого фонда, так и введенного в строй жилья в отчетном году.";"4e16cece5b7788262586b1b213530499:9374:11";" Total floor space of affordable housing both current and newly established within the current year. ";"eng"
" огоннедевв ьдащолП ";"в";"Площадь введенного";"в";" ";"строй жилья, предназначенного для очередников на";"Московский государственный университет. «Отчет № 1 о влиянии игр» в рамках программы «Исследование влияния Олимпийских игр» [ABBYY LingvoPRO] (2009-2010)";"Московский государственный университет";"";"«Отчет № 1 о влиянии игр» в рамках программы «Исследование влияния Олимпийских игр» [ABBYY LingvoPRO]";"2009-2010";"официально-деловая";"";"";"";"";"";"омонимия не снята";"«Отчет № 1 о влиянии игр» в рамках программы «Исследование влияния Олимпийских игр» [ABBYY LingvoPRO]";"Moscow State University";"«Report № 1 on Games Impact» in the framework of the programme «Olympic games impact — OGI»";"";"2009-2010";"9592";"168885";"4796";"77790";"rus";"eng";"";"";"Площадь введенного в строй жилья, предназначенного для очередников на условиях социального найма.";"4e16cece5b7788262586b1b213530499:9376:2";" Area of the newly established housing, intended for those on waiting list for social rent housing. ";"eng"
" илатсв ,етрак йоратс ан ,ьседЗ ";"в";"Здесь, на старой карте, встали";"в";" ";"строй.";"Сергей Лукьяненко. Дневной дозор (1999)";"Сергей Лукьяненко";"1968";"Дневной дозор";"1999";"художественная";"";"";"";"";"";"омонимия не снята";"Дневной дозор";"Sergei Lukyanenko";"Day Watch";"";"2007";"21262";"243758";"10631";"100112";"rus";"eng";"Великобритания";"";"Здесь, на старой карте, встали в строй.";"32c324f51e3f248aa3d2538a1bcfcc64:3838:5";" Are lined up here on the old map. ";"eng"
" адовв елсоп дерепв ястеврыв ано как";"в";"как она вырвется вперед после ввода";"в";" ";"строй всех энергетических предприятий и магистральных";"John Perkins. Confessions of an Economic Hit Man (2004)";"John Perkins";"1945";"Confessions of an Economic Hit Man";"2004";"публицистика";"мемуары";"бизнес, коммерция, экономика, финансы";"";"";"";"омонимия не снята";"Confessions of an Economic Hit Man";"Джон Перкинс";"Исповедь экономического убийцы";"";"2014";"11796";"194405";"5898";"105675";"rus";"rus";"США";"";"― Скажем так: тебе нужно составить исключительно оптимистичный прогноз развития экономики, продемонстрировать, как она вырвется вперед после ввода в строй всех энергетических предприятий и магистральных линий электропередачи.";"ad62254e86326fab8967495c7d85651f:1197:17";" ""Let's just say you need to come up with a very optimistic forecast of the economy, how it will mushroom after all the new power plants and distribution lines are built. ";"eng"
" адовв елсоп тел 21 хывреп еинечет";"в";"течение первых 12 лет после ввода";"в";" ";"строй новой системы, затем понижение до";"John Perkins. Confessions of an Economic Hit Man (2004)";"John Perkins";"1945";"Confessions of an Economic Hit Man";"2004";"публицистика";"мемуары";"бизнес, коммерция, экономика, финансы";"";"";"";"омонимия не снята";"Confessions of an Economic Hit Man";"Джон Перкинс";"Исповедь экономического убийцы";"";"2014";"11796";"194405";"5898";"105675";"rus";"rus";"США";"";"У меня получился именно тот отчет, который хотело увидеть мое руководство: рост потребности в электроэнергии 19 процентов в год в течение первых 12 лет после ввода в строй новой системы, затем понижение до 17 процентов в течение последующих восьми лет, а потом 15 процентов до окончания 25-летнего срока.";"ad62254e86326fab8967495c7d85651f:2511:26";" I came up with the type of study my bosses wanted to see: a growth in electric demand averaging 19 percent per annum for twelve years after the new system was completed, tapering down to 17 percent for eight more years, and then holding at 15 percent for the remainder of the twenty-five-year projection. ";"eng"
" латсв ирраГ ,моцнивс ястюавилан игон как";"в";"как ноги наливаются свинцом, Гарри встал";"в";" ";"строй следом за мальчиком с волосами";"J. K. Rowling. Harry Potter and the Sorcerer’s Stone (1997)";"J. K. Rowling";"1965";"Harry Potter and the Sorcerer’s Stone";"1997";"художественная";"";"";"";"";"";"омонимия не снята";"Harry Potter and the Sorcerer’s Stone";"Дж. К. Роулинг";"Гарри Поттер и Волшебный камень";"";"2001";"12950";"147101";"6475";"78303";"rus";"rus";"Великобритания";"";"Чувствуя, как ноги наливаются свинцом, Гарри встал в строй следом за мальчиком с волосами песочного цвета, а Рон встал за Гарри, после чего неуверенными шагами они побрели из комнаты и, через двойные двери, вышли в Большой Зал.";"12b754d39037221c39040f54b069cffc:4807:7";" Feeling oddly as though his legs had turned to lead, Harry got into line behind a boy with sandy hair, with Ron behind him, and they walked out of the chamber, back across the hall, and through a pair of double doors into the Great Hall. ";"eng"
" иливатсоп саВ .яилсымодобовс типрет ен яимрА";"в";"Армия не терпит свободомыслия. Вас поставили";"в";" ";"строй, и отныне вы действуете только";"Светлана Алексиевич. Цинковые мальчики (1991)";"Светлана Алексиевич";"1948";"Цинковые мальчики";"1991";"художественная, публицистика";"";"";"";"";"";"омонимия не снята";"Цинковые мальчики";"Svetlana Alexievich";"Zinky Boys : Soviet Voices from the Afghanistan War";"";"1992";"9494";"130699";"4747";"55517";"rus";"eng";"США";"";"Армия не терпит свободомыслия. Вас поставили в строй, и отныне вы действуете только по команде. С утра до вечера.";"d70fad5334349fa355375c0e3af344e3:7736:6";" The army won't tolerate free-thinking; once you're in harness you live by command. From morning to night. ";"eng"
" хи лунрев итсач риднамоК .илшыв акеволеч";"в";"человека вышли. Командир части вернул их";"в";" ";"строй коленкой под зад, мол, проверяли";"Светлана Алексиевич. Цинковые мальчики (1991)";"Светлана Алексиевич";"1948";"Цинковые мальчики";"1991";"художественная, публицистика";"";"";"";"";"";"омонимия не снята";"Цинковые мальчики";"Svetlana Alexievich";"Zinky Boys : Soviet Voices from the Afghanistan War";"";"1992";"9494";"130699";"4747";"55517";"rus";"eng";"США";"";"Кто не желает — два шага вперёд. Три человека вышли. Командир части вернул их в строй коленкой под зад, мол, проверяли ваше боевое настроение.";"d70fad5334349fa355375c0e3af344e3:8306:13";" Anybody who doesn't wish to go ― two paces forward ― march! Three boys stepped out, but the CO kicked them back again.‘ I was just testing your battle-readiness,' he said. ";"eng"
" ьсюлвонатС ― ";"в";"― Становлюсь";"в";" ";"строй, ― сказал Мостовской.";"Василий Гроссман. Жизнь и судьба, ч. 1 (1960)";"Василий Гроссман";"1905";"Жизнь и судьба, ч. 1";"1960";"художественная";"";"";"";"";"";"омонимия не снята";"Жизнь и судьба, ч. 1";"Vasily Grossman";"Life and fate. Part 1";"";"1985";"12318";"194379";"6159";"83407";"rus";"eng";"Великобритания";"";"Наш разговор ― начало дела.  ― Становлюсь в строй, ― сказал Мостовской.  И покачивая головой, повторил: ― Свободная Европа…";"e45cc5deb0b32bdc355aea93546c9442:11746:1";" I mean business.' ' Well then,' said Mostovskoy,' you can count on me. ' He shook his head and repeated:' A free Europe… ";"eng"
" идИ – ";"в";"– Иди";"в";" ";"строй.";"Варлам Шаламов. Первый зуб (1964)";"Варлам Шаламов";"1907";"Первый зуб";"1964";"художественная";"";"";"";"";"";"омонимия не снята";"Первый зуб";"Varlam Shalamov";"My First Tooth";"";"1980";"292";"4236";"146";"1801";"rus";"eng";"США";"";"Щербаков с великим удивлением разглядывал меня.  – Иди в строй.  Я вернулся в строй.";"0422a4c5cc5a96acae76d09bc66686ef:132:1";"' Sherbakov looked me over in sheer amazement. ‘ Get back in line. ' I returned to the line. ";"eng"
" яслунрев Я ";"в";"Я вернулся";"в";" ";"строй.";"Варлам Шаламов. Первый зуб (1964)";"Варлам Шаламов";"1907";"Первый зуб";"1964";"художественная";"";"";"";"";"";"омонимия не снята";"Первый зуб";"Varlam Shalamov";"My First Tooth";"";"1980";"292";"4236";"146";"1801";"rus";"eng";"США";"";"– Иди в строй.  Я вернулся в строй.";"0422a4c5cc5a96acae76d09bc66686ef:134:2";"' Sherbakov looked me over in sheer amazement. ‘ Get back in line. ' I returned to the line. ";"eng"
" идИ – ";"в";"– Иди";"в";" ";"строй.";"Варлам Шаламов. Первый зуб (1964)";"Варлам Шаламов";"1907";"Первый зуб";"1964";"художественная";"";"";"";"";"";"омонимия не снята";"Первый зуб";"Varlam Shalamov";"My First Tooth";"";"1980";"292";"4236";"146";"1801";"rus";"eng";"США";"";"– Иди в строй.  Я вернулся в строй.";"0422a4c5cc5a96acae76d09bc66686ef:132:1";"‘ Get back in line. ' I returned to the line.  Sherbakov gave the command, and heading for the two huts as indicated by his fingers, the group melted away in the darkness. ";"eng"
" яслунрев Я ";"в";"Я вернулся";"в";" ";"строй.";"Варлам Шаламов. Первый зуб (1964)";"Варлам Шаламов";"1907";"Первый зуб";"1964";"художественная";"";"";"";"";"";"омонимия не снята";"Первый зуб";"Varlam Shalamov";"My First Tooth";"";"1980";"292";"4236";"146";"1801";"rus";"eng";"США";"";"– Иди в строй.  Я вернулся в строй.  Щербаков отдал команду, и этап, делясь на две избы, повинуясь движению щербаковского пальца, – стал таять в темноте.";"0422a4c5cc5a96acae76d09bc66686ef:134:2";"‘ Get back in line. ' I returned to the line.  Sherbakov gave the command, and heading for the two huts as indicated by his fingers, the group melted away in the darkness. ";"eng"
" етьнатсВ — ";"в";"— Встаньте";"в";" ";"строй, — приказал Гай, стараясь интонацией выразить";"А. Н. Стругацкий, Б. Н. Стругацкий. Обитаемый остров (1971)";"А. Н. Стругацкий, Б. Н. Стругацкий";"1925, 1933";"Обитаемый остров";"1971";"художественная";"";"";"";"";"";"омонимия не снята";"Обитаемый остров";"Arkady Strugatsky, Boris Strugatsky";"Prisoners of Power";"";"1977";"17098";"190818";"8549";"88020";"rus";"eng";"США";"";"— Встаньте в строй, — приказал Гай, стараясь интонацией выразить неодобрение, как это превосходно умел делать капрал Серембеш.";"6599e74e18391ebc6a3ec46d732cee53:2376:1";" “Stand at attention,” ordered Guy, trying to express disapproval by his tone of voice, as Corporal Serembesh was so skilled at doing. ";"eng"
" меинелпутсв ос ,икчакереп итсонвиснетни меинатсаран С";"в";"С нарастанием интенсивности перекачки, со вступлением";"в";" ";"строй очередной Насосной станции общий положительный";"Isaac Asimov. The Gods Themselves (1972)";"Isaac Asimov";"1919";"The Gods Themselves";"1972";"художественная";"";"";"";"";"";"омонимия не снята";"The Gods Themselves";"Айзек Азимов";"Сами боги";"";"1975";"14956";"167562";"7478";"88623";"rus";"rus";"США";"";"С нарастанием интенсивности перекачки, со вступлением в строй очередной Насосной станции общий положительный заряд Земли слегка увеличивался и магнитосфера на несколько миль расширялась.";"63531dcfe140d72be59f961e9de650d3:1437:6";" With each increase in Pumping intensity; with each additional Pumping Station constructed, the net positive charge on Earth increased slightly, and the magnetosphere expanded by a few miles. ";"eng"
" оге лунклотв киннархО ";"в";"Охранник втолкнул его";"в";" ";"строй.";"Kurt Vonnegut. Slaughterhouse-Five Or The Children’s Crusade (1969)";"Kurt Vonnegut";"1922";"Slaughterhouse-Five Or The Children’s Crusade";"1969";"художественная";"";"";"";"";"";"омонимия не снята";"Slaughterhouse-Five Or The Children’s Crusade";"Курт Воннегут";"Бойня номер пять, или Крестовый поход детей";"";"1978";"8160";"91437";"4080";"50141";"rus";"rus";"США";"";"― спросил он охранника.  Охранник втолкнул его в строй.  ― Са што тепя? ― спросил он по-английски. - Са што тепя? А са што всех труких?";"4821b2d2b47684fb2c1b6cd886190ea8:3527:3";"'' he asked the guard.  The guard shoved him back into ranks. '' Vy you? Vy anybody?'' he said. ";"eng"
" латс авонс йыроток ,ифремкаМ и инитраМ";"в";"Мартини и Макмерфи, который снова стал";"в";" ";"строй, как только его рука перестала";"Ken Kesey. One Flew over the Cuckoo’s Nest (1962)";"Ken Kesey";"1935";"One Flew over the Cuckoo’s Nest";"1962";"художественная";"";"";"";"";"";"омонимия не снята";"One Flew over the Cuckoo’s Nest";"Кен Кизи";"Пролетая над гнездом кукушки";"";"2004";"10012";"211901";"5006";"115013";"rus";"rus";"США";"";"По тому, как резко и нервно она рвала пластырь, можно было догадаться, что ее долготерпение когда-нибудь кончится. Мы ходили в спортзал и смотрели, как наша баскетбольная команда — Хардинг, Билли Биббит, Скэнлон, Фредериксон, Мартини и Макмерфи, который снова стал в строй, как только его рука перестала кровоточить, — играет с командой санитаров.";"d3e00ad60d52f4c322a7e5b864fbe112:6299:38";" By the way she jerked the adhesive tight as she could, showing her remote patience wasn't what it used to be. We got to go to the gym and watch our basketball team — Harding, Billy Bibbit, Scanlon, Fredrickson, Martini, and McMurphy whenever his hand would stop bleeding long enough for him to get in the game — play a team of aides. ";"eng"
" липутсв но окьлот ьрепеТ ";"в";"Теперь только он вступил";"в";" ";"строй чувств, который он себе сулил";"Владимир Набоков. Дар (1935-1937)";"Владимир Набоков";"1899";"Дар";"1935-1937";"художественная";"";"";"";"";"";"омонимия не снята";"Дар";"Vladimir Nabokov";"The Gift";"";"1962";"9226";"246573";"4613";"104003";"rus";"eng";"Великобритания, США";"";"Теперь только он вступил в строй чувств, который он себе сулил, когда прежде думал о том, как с ней выскользнет из плена, постепенно утвердившегося за время их встреч, постепенно ставшего привычным, хотя был основан на чем-то искусственном и, в сущности, недостойном того значения, которое оно приобрело: теперь казалось непонятным, почему в любой из этих четырехсот пятидесяти пяти дней они просто не съехали со щеголевской квартиры, чтобы поселиться вдвоем; но вместе с тем он подразумно знал, что эта внешняя помеха была только предлогом, только показным приемом судьбы, наспех поставившей первую попавшуюся под руку загородку, чтобы тем временем заняться важным, сложным делом, внутренней необходимостью которого была как раз задержка развития, зависевшая будто бы от житейской преграды.";"86553f6c0726587d583fb0202520b994:9106:4";" Only now had he entered into the order of feelings he used to promise himself, when formerly he imagined how they would slip together out of a thralldom that had gradually asserted itself in the course of their meetings, and grown habitual, even though it was based on something artificial, something unworthy, in fact, of the significance it had acquired: now it seemed incomprehensible why on any of those four hundred and fifty-five days she and he had not simply moved out of the Shchyogolev's apartment to dwell together; but at the same time he knew subrationally that this external obstacle was merely a pretext, merely an ostentatious device on the part of fate, which had hastily put up the first barrier to come to hand in order to engage meantime in the important, complicated business that secretly required the very delay in development which had seemed to depend on a natural obstruction. ";"eng"
" лунрев"" и линичоп савиР ,онешорб ыб";"в";"бы брошено, Ривас починил и ""вернул";"в";" ";"строй"".";"Д. Н. Медведев, М. Белахова. Это было под Ровно (1948)";"Д. Н. Медведев, М. Белахова";"1898";"Это было под Ровно";"1948";"художественная";"";"";"";"";"";"омонимия не снята";"Это было под Ровно";"Dmitry Medvedev";"Stout hearts";"";"1961";"10040";"129406";"5020";"56617";"rus";"eng";"СССР/Россия";"";"Много оружия, которое было бы брошено, Ривас починил и ""вернул в строй"".";"12ae9a5673a0e034f68f063f878952c1:1456:10";" Many weapons that would ordinarily have been thrown away were repaired and “returned to the ranks” by Rivas. ";"eng"
" но орокс еН ― ";"в";"― Не скоро он";"в";" ";"строй вернется, ― доложил мне Цессарский.";"Д. Н. Медведев, М. Белахова. Это было под Ровно (1948)";"Д. Н. Медведев, М. Белахова";"1898";"Это было под Ровно";"1948";"художественная";"";"";"";"";"";"омонимия не снята";"Это было под Ровно";"Dmitry Medvedev";"Stout hearts";"";"1961";"10040";"129406";"5020";"56617";"rus";"eng";"СССР/Россия";"";"― Не скоро он в строй вернется, ― доложил мне Цессарский.";"12ae9a5673a0e034f68f063f878952c1:5486:3";" “He won't return to the line soon,” Tsessarsky reported to me. ";"eng"
" ьсилунситв авонс ытсирох онрокоп ,олатсУ ";"в";"Устало, покорно хористы снова втиснулись";"в";" ";"строй и, покачиваясь, стояли на солнцепеке.";"William Golding. Lord of the Flies (1954)";"William Golding";"1911";"Lord of the Flies";"1954";"художественная";"";"";"";"";"";"омонимия не снята";"Lord of the Flies";"Уильям Голдинг";"Повелитель мух";"";"1985";"11860";"107165";"5930";"60665";"rus";"rus";"Великобритания";"";"Устало, покорно хористы снова втиснулись в строй и, покачиваясь, стояли на солнцепеке.";"0975fdf44abcfb183c1e7d0026c2e318:751:5";" Wearily obedient, the choir huddled into line and stood there swaying in the sun. ";"eng"
" ,илажебоп ынишратС ";"в";"Старшины побежали,";"в";" ";"строй.";"Николай Островский. Как закалялась сталь (ч. 1) (1930-1934)";"Николай Островский";"1904";"Как закалялась сталь (ч. 1)";"1930-1934";"художественная";"";"";"";"";"";"омонимия не снята";"Как закалялась сталь (ч. 1)";"Nikolai Ostrovsky";"How the Steel was Tempered (pt 1)";"";"1952";"6134";"108335";"3067";"44216";"rus";"eng";"СССР/Россия";"";"― По местам! ― гаркнул инспектор.  Старшины побежали, в строй.  Когда ""форд"" зачихал у церковного подъезда, оркестр заиграл ""Ще не вмерла Украина"".";"8c062f56bfcc25cd7988d7b83bc7e974:3630:2";" ""Fall in! ""barked the Inspector.  The officers ran to their places.  As the Ford chugged up to the church the band struck up The Ukraine Lives On. ";"eng"
" ясьтитарвзов ыб ьшил ,есв итсеныв вотог";"в";"готов вынести все, лишь бы возвратиться";"в";" ";"строй.";"Николай Островский. Как закалялась сталь (ч. 2) (1930-1934)";"Николай Островский";"1904";"Как закалялась сталь (ч. 2)";"1930-1934";"художественная";"";"";"";"";"";"омонимия не снята";"Как закалялась сталь (ч. 2)";"Nikolai Ostrovsky";"How the Steel was Tempered (pt 2)";"";"1952";"6612";"131631";"3306";"53770";"rus";"eng";"СССР/Россия";"";"Я оторвался от работы, нашел себе новую профессию ― ""больного"", выношу кучу страданий, и в результате всего этого ― потеря движений в колене правой ноги, несколько швов на теле и, наконец, последнее врачебное открытие: семь лет тому назад получен удар в позвоночник, а сейчас мне говорят, что этот удар может дорого обойтись. Я готов вынести все, лишь бы возвратиться в строй.";"de0612c035f8cb9a8e40eb6c517f33e4:5326:57";" ""I am no longer fit for work. I have acquired a new profession, that of' invalid'. I am enduring much pain, and the net result of all this is loss of movement in the joint of my right knee, several scars in various parts of my body, and now the latest medical discovery: seven years ago I injured my spine and now I am told that this injury may cost me dearly. But I am ready to endure anything so long as I can return to the ranks. ";"eng"
" еинещарвзов ан ыджедан тен адгок ,аморгзар";"в";"разгрома, когда нет надежды на возвращение";"в";" ";"строй?";"Николай Островский. Как закалялась сталь (ч. 2) (1930-1934)";"Николай Островский";"1904";"Как закалялась сталь (ч. 2)";"1930-1934";"художественная";"";"";"";"";"";"омонимия не снята";"Как закалялась сталь (ч. 2)";"Nikolai Ostrovsky";"How the Steel was Tempered (pt 2)";"";"1952";"6612";"131631";"3306";"53770";"rus";"eng";"СССР/Россия";"";"Как же должен он поступить с собой сейчас, после разгрома, когда нет надежды на возвращение в строй?";"de0612c035f8cb9a8e40eb6c517f33e4:5884:15";" What was he to do now that defeat had overtaken him and there was no longer any hope of returning to the ranks? ";"eng"
" етарвзов о атчем алыб отЭ ";"в";"Это была мечта о возврате";"в";" ";"строй через учебу и литературу.";"Николай Островский. Как закалялась сталь (ч. 2) (1930-1934)";"Николай Островский";"1904";"Как закалялась сталь (ч. 2)";"1930-1934";"художественная";"";"";"";"";"";"омонимия не снята";"Как закалялась сталь (ч. 2)";"Nikolai Ostrovsky";"How the Steel was Tempered (pt 2)";"";"1952";"6612";"131631";"3306";"53770";"rus";"eng";"СССР/Россия";"";"Это была мечта о возврате в строй через учебу и литературу.";"de0612c035f8cb9a8e40eb6c517f33e4:6054:5";" His dream of returning to the ranks through study and learning was on the way to being realised. ";"eng"
" ьсунрев отч ,юрев еще Я ";"в";"Я еще верю, что вернусь";"в";" ";"строй, что в штурмующих колоннах появится";"Николай Островский. Как закалялась сталь (ч. 2) (1930-1934)";"Николай Островский";"1904";"Как закалялась сталь (ч. 2)";"1930-1934";"художественная";"";"";"";"";"";"омонимия не снята";"Как закалялась сталь (ч. 2)";"Nikolai Ostrovsky";"How the Steel was Tempered (pt 2)";"";"1952";"6612";"131631";"3306";"53770";"rus";"eng";"СССР/Россия";"";"Я еще верю, что вернусь в строй, что в штурмующих колоннах появится и мой штык.";"de0612c035f8cb9a8e40eb6c517f33e4:6092:5";" ""I still believe that I shall return to the ranks, that in time my bayonet will take its place in the attacking columns. ";"eng"
" ясьтунрев и алункречаз атопелс ,етобар к";"в";"к работе, слепота зачеркнула и вернуться";"в";" ";"строй уже невозможно, ― нужно кончать"".";"Николай Островский. Как закалялась сталь (ч. 2) (1930-1934)";"Николай Островский";"1904";"Как закалялась сталь (ч. 2)";"1930-1934";"художественная";"";"";"";"";"";"омонимия не снята";"Как закалялась сталь (ч. 2)";"Nikolai Ostrovsky";"How the Steel was Tempered (pt 2)";"";"1952";"6612";"131631";"3306";"53770";"rus";"eng";"СССР/Россия";"";"Поперек дороги бесшумно выдвинулось страшное в своей непреодолимости препятствие и преградило путь. Не было границ отчаянию матери и Таи, а он с колодным спокойствием решил: ""Надо выждать. Если действительно нет больше возможности продвижения вперед, если все, что проделано для возврата к работе, слепота зачеркнула и вернуться в строй уже невозможно, ― нужно кончать"".";"de0612c035f8cb9a8e40eb6c517f33e4:6250:46";" A new obstacle had moved noiselessly onto his path barring his way. A terrifying, seemingly insurmountable obstacle. It plunged Taya and his mother into despair. But he, frigidly calm, resolved: ""I must wait and see what happens. If there is really no possibility of advancing, if everything I have done to return to the ranks has been swept away by this blindness I must put an end to it all. """;"eng"
" ясьтитарвзов атчем яовт отч ,одревт юрев";"в";"верю твердо, что твоя мечта возвратиться";"в";" ";"строй скоро исполнится. Не теряй надежды";"Николай Островский. Как закалялась сталь (ч. 2) (1930-1934)";"Николай Островский";"1904";"Как закалялась сталь (ч. 2)";"1930-1934";"художественная";"";"";"";"";"";"омонимия не снята";"Как закалялась сталь (ч. 2)";"Nikolai Ostrovsky";"How the Steel was Tempered (pt 2)";"";"1952";"6612";"131631";"3306";"53770";"rus";"eng";"СССР/Россия";"";"― Продолжай, друг, победа за нами. У тебя еще будут большие радости, товарищ Павел. Я верю твердо, что твоя мечта возвратиться в строй скоро исполнится. Не теряй надежды, сынишка.";"de0612c035f8cb9a8e40eb6c517f33e4:6530:20";" ""Carry on, my friend. I have no doubt that you will win. You have great happiness in store for you, Pavel. I firmly believe that your dream of returning to the ranks will soon materialise. Don't lose hope, my son. """;"eng"
" ясьтунрев ыботч ,ацьлок огонзележ зи ясьтаврыв";"в";"вырваться из железного кольца, чтобы вернуться";"в";" ";"строй, сделать свою жизнь полезной? """;"Николай Островский. Как закалялась сталь (ч. 2) (1930-1934)";"Николай Островский";"1904";"Как закалялась сталь (ч. 2)";"1930-1934";"художественная";"";"";"";"";"";"омонимия не снята";"Как закалялась сталь (ч. 2)";"Nikolai Ostrovsky";"How the Steel was Tempered (pt 2)";"";"1952";"6612";"131631";"3306";"53770";"rus";"eng";"СССР/Россия";"";"""Все ли сделал ты, чтобы вырваться из железного кольца, чтобы вернуться в строй, сделать свою жизнь полезной? """;"de0612c035f8cb9a8e40eb6c517f33e4:6592:11";" ""Have you done everything you can to break out of the steel bonds and return to the ranks, to make your life useful? """;"eng"
" яслащарвзов ― меижуро мывон с ежу ― ьтяпо";"в";"опять ― уже с новым оружием ― возвращался";"в";" ";"строй и к жизни.";"Николай Островский. Как закалялась сталь (ч. 2) (1930-1934)";"Николай Островский";"1904";"Как закалялась сталь (ч. 2)";"1930-1934";"художественная";"";"";"";"";"";"омонимия не снята";"Как закалялась сталь (ч. 2)";"Nikolai Ostrovsky";"How the Steel was Tempered (pt 2)";"";"1952";"6612";"131631";"3306";"53770";"rus";"eng";"СССР/Россия";"";"Разорвано железное кольцо, и он опять ― уже с новым оружием ― возвращался в строй и к жизни.";"de0612c035f8cb9a8e40eb6c517f33e4:6610:11";" The steel bonds have been burst, and now, armed with a new weapon, he had returned to the fighting ranks and to life. ";"eng"
" латс йыроток ,асггиБ яачюлкв ,ьтацданрытеч ьсолазако";"в";"оказалось четырнадцать, включая Биггса, который стал";"в";" ";"строй, гогоча и размахивая бутылкой.";"Ray Bradbury. The Martian Chronicles (1950)";"Ray Bradbury";"1920";"The Martian Chronicles";"1950";"художественная";"";"";"";"";"";"омонимия не снята";"The Martian Chronicles";"Рэй Брэдбери";"Марсианские хроники";"";"2010";"13314";"119074";"6657";"64969";"rus";"rus";"США";"";"Их оказалось четырнадцать, включая Биггса, который стал в строй, гогоча и размахивая бутылкой.";"202e74c664d79604db8b44e6ad7b0755:4257:7";" Fourteen of them wanted to go, including Biggs, who laughingly counted himself in, waving his bottle. ";"eng"
" ьсишвунрев ,утчем юовс вивтсещусо окьлот ,отч";"в";"что, только осуществив свою мечту, вернувшись";"в";" ";"строй, восстановив свою работоспособность, он вновь";"Борис Полевой. Повесть о настоящем человеке (1946)";"Борис Полевой";"1908";"Повесть о настоящем человеке";"1946";"художественная";"";"";"";"";"";"омонимия не снята";"Повесть о настоящем человеке";"Boris Polevoi";"A Story about a real man";"";"1950";"12740";"210874";"6370";"88696";"rus";"eng";"Великобритания";"";"Но он дал себе торжественное слово, что, только осуществив свою мечту, вернувшись в строй, восстановив свою работоспособность, он вновь заговорит с Олей о любви.";"680f1b3200a7177681680ab35c78de1e:5726:12";" But he solemnly pledged himself to speak to Olya about love again only when his dream came true, when he had recovered his fighting fitness and had returned to the ranks. ";"eng"
" ил ьсалунреВ ";"в";"Вернулась ли";"в";" ";"строй его левая нога?";"Vladimir Nabokov. Bend Sinister (1947)";"Vladimir Nabokov";"1899";"Bend Sinister";"1947";"художественная";"";"";"";"";"";"омонимия не снята";"Bend Sinister";"Владимир Набоков";"Под знаком незаконнорожденных";"";"1993";"7622";"121858";"3811";"67415";"rus";"rus";"Великобритания, США";"";"Вернулась ли в строй его левая нога?";"24cf411b504f8b3a4c2edc296534e8ca:287:2";" Has he recovered the use of his left leg?' ";"eng"
" ливатсоп и лидобовсо даитьлиМ ханифА В";"в";"В Афинах Мильтиад освободил и поставил";"в";" ";"строй рабов и вольноотпущенников и провел";"Will Durant. The Life of Greece: The Story of Civilization, Volume 2 (1939)";"Will Durant";"1885";"The Life of Greece: The Story of Civilization, Volume 2";"1939";"учебно-научная";"";"наука и технологии, история";"";"";"";"омонимия не снята";"The Life of Greece: The Story of Civilization, Volume 2";"Уилл Дюрант";"Жизнь Греции. История цивилизации. Том 2";"";"2001";"7634";"195420";"3817";"106880";"rus";"rus";"США";"";"В Афинах Мильтиад освободил и поставил в строй рабов и вольноотпущенников и провел афинское войско через горы на поле битвы.";"1468d98928e00b16a6fdd9f6e27f056d:3345:6";" At Athens Miltiades freed and enlisted slaves as well as freemen, and led them over the mountains to the battlefield. ";"eng"
" ьтиватсоп ыб илгомс ен автсрадусог ьтсонрев";"в";"верность государства не смогли бы поставить";"в";" ";"строй и одной десятой от Ксерксова";"Will Durant. The Life of Greece: The Story of Civilization, Volume 2 (1939)";"Will Durant";"1885";"The Life of Greece: The Story of Civilization, Volume 2";"1939";"учебно-научная";"";"наука и технологии, история";"";"";"";"омонимия не снята";"The Life of Greece: The Story of Civilization, Volume 2";"Уилл Дюрант";"Жизнь Греции. История цивилизации. Том 2";"";"2001";"7634";"195420";"3817";"106880";"rus";"rus";"США";"";"Сопротивление казалось безумием; сохранившие верность государства не смогли бы поставить в строй и одной десятой от Ксерксова войска.";"1468d98928e00b16a6fdd9f6e27f056d:3471:10";" Resistance seemed insane; the loyal states could not muster one tenth of Xerxes'force. ";"eng"
" овиж и ,атябер ,йокйязох йешав с";"в";"с вашей хозяйкой, ребята, и живо";"в";" ";"строй.";"Margaret Mitchell. Gone with the Wind, Part 1 (1936)";"Margaret Mitchell";"1900";"Gone with the Wind, Part 1";"1936";"художественная";"";"";"";"";"";"омонимия не снята";"Gone with the Wind, Part 1";"Маргарет Митчелл";"Унесённые ветром, ч. 1";"";"1982";"25706";"403929";"12853";"209514";"rus";"rus";"США";"";"Прощайтесь с вашей хозяйкой, ребята, и живо в строй.";"b1a6e9a3c23689e80357c5e30e2d9a2f:13999:7";" Say good-by to your mistress, boys, and let's get going. ";"eng"
" ,яадап ен авде ,ястявонатс ытадлос ,анс";"в";"сна, солдаты становятся, едва не падая,";"в";" ";"строй и узнают, что должны немедленно";"Gilbert K. Chesterton. The Innocence of Father Brown (1911)";"Gilbert K. Chesterton";"1874";"The Innocence of Father Brown";"1911";"художественная";"";"";"";"";"";"омонимия не снята";"The Innocence of Father Brown";"Гилберт К. Честертон";"Неведение отца Брауна";"";"1975";"3528";"55135";"1764";"31075";"rus";"rus";"Великобритания";"";"Не успев опомниться после сна, солдаты становятся, едва не падая, в строй и узнают, что должны немедленно переправиться через реку и начать атаку.";"d2d85264a6bcfd9b963f938b0c261ec8:2617:10";" With the dazed excitement of a dream, they found themselves falling ― literally falling ― into their ranks, and learned that an attack was to be led at once across the river. ";"eng"
" ястивонатс отч ,яащевзов ,ьборд яаннабараб ьсалисонод";"в";"доносилась барабанная дробь, возвещая, что становится";"в";" ";"строй какая-то часть гарнизона.";"Robert Louis Stevenson. Kidnapped (1886)";"Robert Louis Stevenson";"1850";"Kidnapped";"1886";"художественная";"";"";"";"";"";"омонимия не снята";"Kidnapped";"Роберт Луис Стивенсон";"Похищенный";"";"1967";"7020";"146548";"3510";"80444";"rus";"rus";"Великобритания";"";"Здесь мы и сделали привал, на самом виду у Стерлинговского замка, откуда то и дело доносилась барабанная дробь, возвещая, что становится в строй какая-то часть гарнизона.";"b1442d947f941d6612bea226225d7e39:5845:21";" Here it was we made our camp, within plain view of Stirling Castle, whence we could hear the drums beat as some part of the garrison paraded. ";"eng"
