"Reversed left context";"Reversed center";"Left context";"Center";"Punct";"Right context";"Title";"Author";"Birthday";"Header";"Created";"Sphere";"Type";"Topic";"Publication";"Publ_year";"Medium";"Ambiguity";"Header";"Author_trans";"Header_trans";"Translator";"Date_trans";"Sentences";"Words";"Orig_sentences";"Orig_words";"Lang";"Lang_trans";"Lang_variant";"Dialect";"Full context";"Example source";"Para context 1";"Lang 1"
" ьтибыв иинелмертс в и азюоС огокстевоС";"увчоп";"Советского Союза и в стремлении выбить";"почву";" ";"из-под ног левых политических сил.";"Leonid Bershidsky. Russia Missed It’s Chance To Be Like America [www.bloombergview.com] (2016)";"Leonid Bershidsky";"";"Russia Missed It’s Chance To Be Like America [www.bloombergview.com]";"2016";"публицистика";"";"";"";"";"";"омонимия не снята";"Russia Missed It’s Chance To Be Like America [www.bloombergview.com]";"";"Россия упустила шанс стать похожей на США";"";"";"106";"2634";"53";"1359";"rus";"rus";"";"";"Правительства европейских государств пошли на внедрение беспрецедентных мер социальной защиты именно под воздействием примера Советского Союза и в стремлении выбить почву из-под ног левых политических сил.";"8e2069820252e10f18f158605538282e:85:20";" The governments of European nations introduced unprecedented social support measures under the influence of the Soviet Union's example and in attempts to pull the rug out from under the feet of leftist forces. ";"eng"
" ыб либыв йиранецс йынбодоп :иириС еревес";"увчоп";"севере Сирии: подобный сценарий выбил бы";"почву";" ";"из-под ног Турции, интересы которой подпитываются";"Kanwal Sibal. Putin has warded off attempts to isolate Russia [www.dailymail.co.uk] (2015)";"Kanwal Sibal";"";"Putin has warded off attempts to isolate Russia [www.dailymail.co.uk]";"2015";"публицистика";"";"";"";"";"";"омонимия не снята";"Putin has warded off attempts to isolate Russia [www.dailymail.co.uk]";"";"Путин не дал изолировать Россию";"";"";"68";"1706";"34";"916";"rus";"rus";"Великобритания";"";"Это может объяснить, почему Турция приняла безрассудное решение сбить российский бомбардировщик на севере Сирии: подобный сценарий выбил бы почву из-под ног Турции, интересы которой подпитываются неоосманскими амбициями.";"09385f141b11e3eb3fc4d9e3ecee5d72:61:18";" It is this that would explain why Turkey took the rash decision to down the Russian bomber over northern Syria, as the developing scenario would have cut the ground from under Turkey's goals there, tainted with neo-Ottoman ambitions. ";"eng"
" илибыв сан У — ";"увчоп";"— У нас выбили";"почву";" ";"из-под ног, — отозвался Тириан.";"Clive Staples Lewis. The Chronicles of Narnia. The Last Battle (1956)";"Clive Staples Lewis";"1898";"The Chronicles of Narnia. The Last Battle";"1956";"художественная";"";"";"";"";"";"омонимия не снята";"The Chronicles of Narnia. The Last Battle";"Клайв Стейплз Льюис";"Хроники Нарнии. Последняя битва";"";"1991";"5468";"76992";"2734";"43954";"rus";"rus";"Великобритания";"";"— У нас выбили почву из-под ног, — отозвался Тириан.";"973320a117dbc676bfb9df6f6824c81b:3119:3";" “The ground is taken from under our feet,” said Tirian. ";"eng"
" афьлаР у олибыв онО ";"увчоп";"Оно выбило у Ральфа";"почву";" ";"из-под ног, когда он совсем расслабился";"William Golding. Lord of the Flies (1954)";"William Golding";"1911";"Lord of the Flies";"1954";"художественная";"";"";"";"";"";"омонимия не снята";"Lord of the Flies";"Уильям Голдинг";"Повелитель мух";"";"1985";"11860";"107165";"5930";"60665";"rus";"rus";"Великобритания";"";"Оно выбило у Ральфа почву из-под ног, когда он совсем расслабился в мыслях о шалаше, о теплых, ласковых водах лагуны.";"0975fdf44abcfb183c1e7d0026c2e318:6773:4";" It took Ralph at low water when his nerve was relaxed for the return to the shelter and the still, friendly waters of the lagoon. ";"eng"
" олибыв отч ,омизарбоовен окьлотсан олыб отэ";"увчоп";"это было настолько невообразимо, что выбило";"почву";" ";"из-под ног и создавало ощущение зыбкости.";"Margaret Mitchell. Gone with the Wind, Part 1 (1936)";"Margaret Mitchell";"1900";"Gone with the Wind, Part 1";"1936";"художественная";"";"";"";"";"";"омонимия не снята";"Gone with the Wind, Part 1";"Маргарет Митчелл";"Унесённые ветром, ч. 1";"";"1982";"25706";"403929";"12853";"209514";"rus";"rus";"США";"";"Все это было настолько невообразимо, что выбило почву из-под ног и создавало ощущение зыбкости.";"b1a6e9a3c23689e80357c5e30e2d9a2f:16105:7";" The very thought was incredible and it struck at the very foundations of the security of Scarlett's life. ";"eng"
" либыв ыдесеб торовоп йыннадижоен тотЭ ";"увчоп";"Этот неожиданный поворот беседы выбил";"почву";" ";"из-под ног Скарлетт, и она пробормотала";"Margaret Mitchell. Gone with the Wind, Part 2 (1936)";"Margaret Mitchell";"1900";"Gone with the Wind, Part 2";"1936";"художественная";"";"";"";"";"";"омонимия не снята";"Gone with the Wind, Part 2";"Маргарет Митчелл";"Унесённые ветром, ч. 2";"";"1982";"29314";"414569";"14657";"216232";"rus";"rus";"США";"";"Этот неожиданный поворот беседы выбил почву из-под ног Скарлетт, и она пробормотала: — Что… что… — А про себя взмолилась: «О господи!";"3ddd25fe52e8f0ab80e3eac915d26b53:13871:5";" His sudden shift so disconcerted her that she stammered: What ― what ― and inwardly groaned: Oh, Lord! ";"eng"
" сав у либыв« ..?тяровог отэ еж";"увчоп";"же это говорят?.. «выбил у вас";"почву";" ";"из-под ног» моей… м-м… моим";"Margaret Mitchell. Gone with the Wind, Part 2 (1936)";"Margaret Mitchell";"1900";"Gone with the Wind, Part 2";"1936";"художественная";"";"";"";"";"";"омонимия не снята";"Gone with the Wind, Part 2";"Маргарет Митчелл";"Унесённые ветром, ч. 2";"";"1982";"29314";"414569";"14657";"216232";"rus";"rus";"США";"";"— Вы так сказали не потому, что я… как же это говорят?.. «выбил у вас почву из-под ног» моей… м-м… моим пылом?";"3ddd25fe52e8f0ab80e3eac915d26b53:18083:14";" It's not just because I've ― what is the phrase?―' swept you off your feet'by my ― er ― ardor? ";"eng"
" яиненивбо у ыб илибыв и ,ондзоп";"увчоп";"поздно, и выбили бы у обвинения";"почву";" ";"из-под ног.";"Dorothy L Sayers. Strong Poison (1930)";"Dorothy L Sayers";"1893";"Strong Poison";"1930";"художественная";"";"";"";"";"";"омонимия не снята";"Strong Poison";"Дороти Сэйерс";"Смертельный яд";"";"2007";"11182";"137800";"5591";"78666";"rus";"rus";"Великобритания";"";"Если бы вы предоставили все нам, мы бы сообщили это на суде в последнюю минуту, когда что бы то ни было расследовать уже поздно, и выбили бы у обвинения почву из-под ног.";"8afd271a456189c18ea16ec50713b721:4705:29";" If you'd left it in our hands, we could have sprung the thing on them at the last moment, when it was too late to make enquiries, and then we should have knocked the bottom out of the prosecution. ";"eng"
" сав у тюабишыв инО ";"увчоп";"Они вышибают у вас";"почву";" ";"из-под ног.";"Theodore Dreiser. The Financier (1912)";"Theodore Dreiser";"1871";"The Financier";"1912";"художественная";"";"";"";"";"";"омонимия не снята";"The Financier";"Теодор Драйзер";"Финансист";"";"1944";"23456";"363269";"11728";"196713";"rus";"rus";"США";"";"Они вышибают у вас почву из-под ног.";"2e33158397b70dd397e746e464f37657:9339:4";" They're cutting the ground from under you. ";"eng"
" йетсалв хишан у ьтибыв ыботч ,ончотатсод";"увчоп";"достаточно, чтобы выбить у наших властей";"почву";" ";"из-под ног, парировать их хваленую догадливость.";"Edgar Poe. The Murders in the Rue Morgue (1841)";"Edgar Poe";"1809";"The Murders in the Rue Morgue";"1841";"художественная";"";"";"";"";"";"омонимия не снята";"The Murders in the Rue Morgue";"Эдгар По";"Убийство на улице Морг";"";"1960-1970";"1064";"24210";"532";"13877";"rus";"rus";"США";"";"Невообразимый хаос в спальне; труп, который кто-то ухитрился затолкать в дымоход, да еще вверх ногами; фантастические истязания старухи ― этих обстоятельств вместе с вышеупомянутыми, да и многими другими, которых я не стану здесь перечислять, оказалось достаточно, чтобы выбить у наших властей почву из-под ног, парировать их хваленую догадливость.";"730215dfe5c590fcd616965fcb25ce67:521:40";" The wild disorder of the room; the corpse thrust, with the head downward, up the chimney; the frightful mutilation of the body of the old lady; these considerations, with those just mentioned, and others which I need not mention, have sufficed to paralyze the powers, by putting completely at fault the boasted ACUMEN, of the government agents. ";"eng"
