"Reversed left context";"Reversed center";"Left context";"Center";"Punct";"Right context";"Title";"Author";"Birthday";"Header";"Created";"Sphere";"Type";"Topic";"Publication";"Publ_year";"Medium";"Ambiguity";"Header";"Author_trans";"Header_trans";"Translator";"Date_trans";"Sentences";"Words";"Orig_sentences";"Orig_words";"Lang";"Lang_trans";"Lang_variant";"Dialect";"Full context";"Example source";"Para context 1";"Lang 1"
" мытунусаз ,мочиприк аз еыннатярпс ,ичюлк еишвапорп";"в";"пропавшие ключи, спрятанные за кирпичом, засунутым";"в";" ";"трубу диаметром десять сантиметров, которая проходила";"Angela Gallop. When the Dogs Don't Bark (2019)";"Angela Gallop";"1950";"When the Dogs Don't Bark";"2019";"учебно-научная";"";"наука и технологии, криминалистика";"";"";"";"омонимия не снята";"When the Dogs Don't Bark";"Анджела Галлоп";"Когда собаки не лают. Путь криминалиста от смелых предположений до неопровержимых доказательств";"";"2019";"7482";"183315";"3741";"101160";"rus";"rus";"США";"";"После тщательных поисков полиция обнаружила пропавшие ключи, спрятанные за кирпичом, засунутым в трубу диаметром десять сантиметров, которая проходила под полом в коридоре.";"44fdfd9dec52ae57653e4ebbf52a6df2:3933:11";" After an exhaustive search, the police had also found the missing keys behind a brick that had been wedged into the opening of a 4-inch-diameter (10 centimetre) pipe under the floor in the hall. ";"eng"
" илунусаз хи :мод мишванз ошорох ,от-мек";"в";"кем-то, хорошо знавшим дом: их засунули";"в";" ";"трубу под полом в коридоре.";"Angela Gallop. When the Dogs Don't Bark (2019)";"Angela Gallop";"1950";"When the Dogs Don't Bark";"2019";"учебно-научная";"";"наука и технологии, криминалистика";"";"";"";"омонимия не снята";"When the Dogs Don't Bark";"Анджела Галлоп";"Когда собаки не лают. Путь криминалиста от смелых предположений до неопровержимых доказательств";"";"2019";"7482";"183315";"3741";"101160";"rus";"rus";"США";"";"Так, например, пропавшие ключи были обнаружены в месте, указывавшем на то, что они были положены туда кем-то, хорошо знавшим дом: их засунули в трубу под полом в коридоре.";"44fdfd9dec52ae57653e4ebbf52a6df2:4003:22";" For example, the missing keys had been found in a location that suggested they had been put there by someone with an intimate knowledge of the premises ― stuffed down a pipe in an underground void beneath the hallway of the house. ";"eng"
" тителыв ациньлоб ечани ,ьшенатс ен ьталед";"в";"делать не станешь, иначе больница вылетит";"в";" ";"трубу.";"Henry Marsh. Admissions: A Life in Brain Surgery (2017)";"Henry Marsh";"1950";"Admissions: A Life in Brain Surgery";"2017";"учебно-научная, публицистика";"";"наука и технологии, философия";"";"";"";"омонимия не снята";"Admissions: A Life in Brain Surgery";"Генри Марш";"Призвание. О выборе, долге и нейрохирургии";"";"2017";"8520";"155003";"4260";"83634";"rus";"rus";"Великобритания";"";"Проблема в том, что слишком часто этого делать не станешь, иначе больница вылетит в трубу.";"29dc981bb4d5249a19546f0c0fbdc3f9:2369:13";" But there is a limit to how often you can do that if your hospital is to survive. ";"eng"
" олуняту ончулопогалб мыД ";"в";"Дым благополучно утянуло";"в";" ";"трубу.";"Михаил Елизаров. Библиотекарь (2007)";"Михаил Елизаров";"1973";"Библиотекарь";"2007";"художественная";"";"";"";"";"";"омонимия не снята";"Библиотекарь";"Mikhail Elizarov";"The Librarian";"";"2015";"12806";"167519";"6403";"68297";"rus";"eng";"Великобритания";"";"Анна выгребла из каждой по ведру золы и проверила тягу подожженной газетой.  Дым благополучно утянуло в трубу.  Электричества в деревне уже не было.";"6cb1f460471f2b708b6e9d91c2d619f3:10590:3";" Anna scraped a bucket of ash out of each of them and checked the draught with a piece of burning newspaper.  The smoke was safely drawn up into the chimney.  The village no longer had any electricity. ";"eng"
" оласосаз огороток ,акеволеч юанз Я ";"в";"Я знаю человека, которого засосало";"в";" ";"трубу и протащило сквозь дамбу. Он";"Jen Sincero. You Are a Badass®: How to Stop Doubting Your Greatness and Start Living an Awesome Life (2013)";"Jen Sincero";"1965";"You Are a Badass®: How to Stop Doubting Your Greatness and Start Living an Awesome Life";"2013";"публицистика";"";"";"";"";"";"омонимия не снята";"You Are a Badass®: How to Stop Doubting Your Greatness and Start Living an Awesome Life";"Джен Синсеро";"НИ СЫ";"";"2018";"6048";"116117";"3024";"64940";"rus";"rus";"США";"";"Я знаю человека, которого засосало в трубу и протащило сквозь дамбу. Он едва не погиб и теперь рассказывает об этом как об одном из самых глубоких и судьбоносных переживаний.";"2641badec1a75475f593f1c63b397fcd:595:5";" I know someone who got sucked through a dam and almost died who now speaks about it as one of his most profound and life-changing experiences. ";"eng"
" виварпто ,яьнелоп еишверогс униволопан лишоровзар онсукси";"в";"искусно разворошил наполовину сгоревшие поленья, отправив";"в";" ";"трубу ворох искр, и бросил в";"Jojo Moyes. Me Before You (2012)";"Jojo Moyes";"1969";"Me Before You";"2012";"художественная";"";"";"";"";"";"омонимия не снята";"Me Before You";"Джоджо Мойес";"До встречи с тобой";"";"2013";"22902";"229150";"11451";"129694";"rus";"rus";"Великобритания";"";"Он искусно разворошил наполовину сгоревшие поленья, отправив в трубу ворох искр, и бросил в середину новое.";"58ec84c599babae296f7f33817fce7e2:6719:7";" He manoeuvred the remaining half-burnt logs expertly with a poker, sending glowing sparks up the chimney, then dropped a new log on to the middle. ";"eng"
" тителыв – илетазаксдерп – отк-еок отч ,вазаксдерп ,еиняотсос";"в";"состояние, предсказав, что кое-кто – предсказатели – вылетит";"в";" ";"трубу.";"Nassim Nicholas Taleb. Antifragile: Things That Gain From Disorder (2012)";"Nassim Nicholas Taleb";"1960";"Antifragile: Things That Gain From Disorder";"2012";"учебно-научная, публицистика";"";"наука и технологии, философия";"";"";"";"омонимия не снята";"Antifragile: Things That Gain From Disorder";"Нассим Николас Талеб";"Антихрупкость. Как извлечь выгоду из хаоса";"";"2022";"16592";"336787";"8296";"180355";"rus";"rus";"США";"";"Но он сделал состояние, предсказав, что кое-кто – предсказатели – вылетит в трубу.";"17154569778daa68a2de3fadfcd05453:4515:9";" But he made big bucks predicting that some people — the predictors — would go bust. ";"eng"
" еН — ";"в";"— Не";"в";" ";"трубу же он улетел? — бормочет Посоха.";"Владимир Сорокин. День опричника (2006)";"Владимир Сорокин";"1955";"День опричника";"2006";"художественная";"";"";"";"";"";"омонимия не снята";"День опричника";"Vladimir Sorokin";"Day of the Oprichnik";"";"2011";"8772";"78325";"4386";"32419";"rus";"eng";"США";"";"— Не в трубу же он улетел? — бормочет Посоха.";"83a6c7e8f62ebb2c452cfda384caef73:964:1";" “Didn't fly up the chimney, did he?” Posokha mutters. ";"eng"
" ястясону ародимоп акчосук хыннераверепен авд как";"в";"как два непереваренных кусочка помидора уносятся";"в";" ";"трубу.";"Lauren Oliver. Before I fall (2010)";"Lauren Oliver";"1982";"Before I fall";"2010";"художественная";"";"";"";"";"";"омонимия не снята";"Before I fall";"Лорен Оливер";"Прежде чем я упаду";"";"2017";"17506";"210817";"8753";"120458";"rus";"rus";"США";"";"Я увидела, как два непереваренных кусочка помидора уносятся в трубу.";"9bb065fd6edd02c58f47e9712e4e06d6:9241:8";" I saw two whole undigested tomato pieces swirl down the toilet bowl. ";"eng"
" тюакету инзиж ишан ебо как ,ужив";"в";"вижу, как обе наши жизни утекают";"в";" ";"трубу, моя и ее, обернувшись друг";"Lauren Oliver. Before I fall (2010)";"Lauren Oliver";"1982";"Before I fall";"2010";"художественная";"";"";"";"";"";"омонимия не снята";"Before I fall";"Лорен Оливер";"Прежде чем я упаду";"";"2017";"17506";"210817";"8753";"120458";"rus";"rus";"США";"";"Я словно вижу, как обе наши жизни утекают в трубу, моя и ее, обернувшись друг вокруг друга.";"9bb065fd6edd02c58f47e9712e4e06d6:14407:8";" I feel like I'm watching both of our lives swirl down the drain, mine and hers, wrapped around each other. ";"eng"
" онтарбо ьтировог тежом ен но отч";"в";"что он не может говорить обратно";"в";" ";"трубу, дабы там слышно было об";"Андрей Платонов. Котлован (1930)";"Андрей Платонов";"1899";"Котлован";"1930";"художественная";"";"";"";"";"";"омонимия не снята";"Котлован";"Andrey Platonov";"The Foundation Pit";"";"2009";"4228";"81629";"2114";"32838";"rus";"eng";"Великобритания";"";"Сафронов слушал и торжествовал, жалея лишь, что он не может говорить обратно в трубу, дабы там слышно было об его чувстве активности, готовности на стрижку лошадей и о счастье.";"792a4dc40c53376212755f886cdd4a2f:1402:12";" Safronov listened and was triumphant, regretting only that he was unable to talk back into the loudspeaker, so that they would know in there about his sense of activism and readiness to clip horses, and about happiness. ";"eng"
" тот и ад ,йындолох лепеп нидо";"в";"один пепел холодный, да и тот";"в";" ";"трубу выдуло.";"Татьяна Толстая. Кысь (2000)";"Татьяна Толстая";"1951";"Кысь";"2000";"художественная";"";"";"";"";"";"омонимия не снята";"Кысь";"Tatyana Tolstaya";"The Slynx";"";"2007";"14176";"144350";"7088";"60453";"rus";"eng";"США";"";"Как протерли глаза, кинулись к печам, – а там один пепел холодный, да и тот в трубу выдуло.";"9c26cca2adf4295a30c6fa7a34bb962a:2850:14";" When they rubbed their eyes open they raced to the stoves, ― but there was only cold ashes, and even those had gone and blown out through the chimney pipes. ";"eng"
" ясяащюавытревс ясв ,вейаваГ ханлов хынвилирп хынморго";"в";"огромных приливных волнах Гавайев, вся свертывающаяся";"в";" ";"трубу волна кажется вам просто покоящейся";"David Bodanis. E=mc²: A Biography of the World’s Most Famous Equation (2005)";"David Bodanis";"1950";"E=mc²: A Biography of the World’s Most Famous Equation";"2005";"учебно-научная";"";"";"";"";"";"омонимия не снята";"E=mc²: A Biography of the World’s Most Famous Equation";"Дэвид Боданис";"E=mc². Биография самого знаменитого уравнения в мире";"";"2009";"5308";"106205";"2654";"55488";"rus";"rus";"Великобритания, США";"";"Если же вы достаточно храбры — или безрассудны — для того, чтобы проделать подобный фокус в огромных приливных волнах Гавайев, вся свертывающаяся в трубу волна кажется вам просто покоящейся за вашей спиной, над головой и повсюду вокруг вас.";"9883e7e6573efc90b9502c757341239f:1037:20";" Be bold enough — or foolhardy enough — to do this in the extreme surf off Hawaii, and an entire curving tube of water might seem to be at rest around, above, and beside you. ";"eng"
" укур ижолоп и енишам йотэ к";"в";"к этой машине и положи руку";"в";" ";"трубу.";"Philip Pullman. His Dark Materials: Nothern Lights (1995)";"Philip Pullman";"1946";"His Dark Materials: Nothern Lights";"1995";"художественная";"";"";"";"";"";"омонимия не снята";"His Dark Materials: Nothern Lights";"Филип Пулман";"Северное сияние";"";"2005";"17198";"208873";"8599";"118637";"rus";"rus";"Великобритания";"";"Теперь подойди к этой машине и положи руку в трубу.";"84c21d468a0bb9c6743d9ca2a3916389:10959:8";" Now come over to this machine and put your hand into the tube. ";"eng"
" отч окьлот :лавовтсьлетедивс ондялган ,мокясок с";"в";"с косяком, наглядно свидетельствовал: только что";"в";" ";"трубу вылетели изрядные деньги.";"Terry Pratchett. Guards! Guards! (1989)";"Terry Pratchett";"1948";"Guards! Guards!";"1989";"художественная";"";"";"";"";"";"омонимия не снята";"Guards! Guards!";"Терри Пратчетт";"Стража! Стража!";"";"2020";"17614";"190939";"8807";"98029";"rus";"rus";"Великобритания";"";"Во время дежурных драк дверь «Залатанного Барабана» срывали с петель так часто, что недавно были установлены петли из специальным образом закаленного металла, и тот факт, что следующий сокрушительный удар вырвал дверь вместе с косяком, наглядно свидетельствовал: только что в трубу вылетели изрядные деньги.";"c2e7f1ce36a69de8129b3884a6c8ee28:3421:38";" The door of the Mended Drum had been torn off during riots so often that specially-tempered hinges had recently been installed, and the fact that the next tremendous crash tore the whole door and doorframe out of the wall only showed that quite a lot of money had been wasted. ";"eng"
" как ,мот о закссар И ";"в";"И рассказ о том, как";"в";" ";"трубу, в которой жил родимцевский штаб";"Василий Гроссман. Жизнь и судьба, ч. 1 (1960)";"Василий Гроссман";"1905";"Жизнь и судьба, ч. 1";"1960";"художественная";"";"";"";"";"";"омонимия не снята";"Жизнь и судьба, ч. 1";"Vasily Grossman";"Life and fate. Part 1";"";"1985";"12318";"194379";"6159";"83407";"rus";"eng";"Великобритания";"";"И рассказ о том, как в трубу, в которой жил родимцевский штаб, вдруг хлынула вода и вся канцелярия выплыла на берег, и шутники на карте отметили место впадения родимцевского штаба в Волгу.";"e45cc5deb0b32bdc355aea93546c9442:880:5";" The story of the conduit that housed Rodimtsev's command-post: water had suddenly gushed through and swept away all his files; wits had subsequently marked the confluence of Rodimtsev and the Volga on maps. ";"eng"
" ьсишварбаз ,или ,имьревд и имянватс имесв";"в";"всеми ставнями и дверьми, или, забравшись";"в";" ";"трубу, скулит так жалобно, скучно и";"А. И. Куприн. Олеся (1898)";"А. И. Куприн";"1870";"Олеся";"1898";"художественная";"";"";"";"";"";"омонимия не снята";"Олеся";"Aleksandr Kuprin";"Olesya";"";"1982";"3950";"48478";"1975";"22224";"rus";"eng";"США";"";"Чудится мне затем, что рядом с моей комнатой, в коридоре, кто-то осторожно и настойчиво нажимает на дверную ручку и потом, внезапно разъярившись, мчится по всему дому, бешено потрясая всеми ставнями и дверьми, или, забравшись в трубу, скулит так жалобно, скучно и непрерывно, то поднимая все выше, все тоньше свой голос, до жалобного визга, то опуская его вниз, до звериного рычанья.";"5a894c64edaca499d25532fbfdce4920:254:34";" The next moment I would fancy that in the passage adjoining my room someone was cautiously but doggedly pushing the door-knob, and then he in a sudden fury would start to race about the house, angrily shaking all the shutters and doors, or crawling into the chimney and whining there with a dull, never-ending plaint rising, sometimes to a pitiful scream and then dropping to a beast's snarl. ";"eng"
" хыроток зи ,кесорп актес – хяьверед ан";"в";"на деревьях – сетка просек, из которых";"в";" ";"трубу теодолита, в крест нитей увидена";"Варлам Шаламов. Графит (1967)";"Варлам Шаламов";"1907";"Графит";"1967";"художественная";"";"";"";"";"";"омонимия не снята";"Графит";"Varlam Shalamov";"Graphite";"";"1980";"156";"2850";"78";"1223";"rus";"eng";"США";"";"Затесы на деревьях – сетка просек, из которых в трубу теодолита, в крест нитей увидена и сосчитана тайга.";"d960fa4836cd9aa4fc39bd90dcb79947:34:7";" A network of clearings is indicated by benchmarks on the trees, benchmarks which can be seen in the cross-hairs of the theodolite and which are used to survey the taiga. ";"eng"
" ьтуд лис хесв ози яслянирп и";"в";"и принялся изо всех сил дуть";"в";" ";"трубу: ― Бу-бу-бу! Гу-гу";"Николай Носов. Приключения Незнайки и его друзей (1953-1954)";"Николай Носов";"1908";"Приключения Незнайки и его друзей";"1953-1954";"художественная";"";"";"";"";"";"омонимия не снята";"Приключения Незнайки и его друзей";"Nikolay Nosov";"The Adventures of Dunno and his Friends";"";"1980";"5624";"74291";"2812";"33216";"rus";"eng";"США";"";"― Умею, умею! Вот послушай! ― закричал Незнайка и принялся изо всех сил дуть в трубу: ― Бу-бу-бу! Гу-гу-гу-у!";"eb7873e77a58c8eb5608c17f7501b1dc:252:12";" ""Yes, I do! Listen! ""and he blew the horn with all his might: Bo-o-o-om! Ba-a-m! ";"eng"
" ьтуд яслянирп нО ";"в";"Он принялся дуть";"в";" ";"трубу, а так как играть он";"Николай Носов. Приключения Незнайки и его друзей (1953-1954)";"Николай Носов";"1908";"Приключения Незнайки и его друзей";"1953-1954";"художественная";"";"";"";"";"";"омонимия не снята";"Приключения Незнайки и его друзей";"Nikolay Nosov";"The Adventures of Dunno and his Friends";"";"1980";"5624";"74291";"2812";"33216";"rus";"eng";"США";"";"Он принялся дуть в трубу, а так как играть он не умел, то труба у него и ревела, и хрипела, и визжала, и хрюкала. Гусля слушал, слушал… Наконец ему надоело. Он надел свою бархатную тужурку, нацепил на шею розовый бантик, который носил вместо галстука, и ушел в гости.";"eb7873e77a58c8eb5608c17f7501b1dc:276:3";" And he took the horn and began to blow. Since he did not know how, the hom blared and coughed and wheezed. When Trills could stand it no longer, he put on his velvet jacket and the pink bow he wore instead of a necktie, and went to see a friend. ";"eng"
" йавад аД .убзи в ад ,ьревд";"в";"дверь, да в избу. Да давай";"в";" ";"трубу орать: «Караул!";"Василий Шукшин. Земляки (1968)";"Василий Шукшин";"1929";"Земляки";"1968";"художественная";"";"";"";"";"";"омонимия не снята";"Земляки";"Vasili Shukshin";"Men of One Soil";"";"1980";"724";"6191";"362";"2369";"rus";"eng";"Великобритания";"";"Захлопнул дверь, да в избу. Да давай в трубу орать: «Караул!";"fcc93d5746c55e1e280e2413376cd906:568:7";" He slammed the door shut and locked himself in and started shouting up the chimney,' Help! Help! ";"eng"
" енм ьтадыр и ьтыв отч евзаР";"в";"Разве что выть и рыдать мне";"в";" ";"трубу.";"Владимир Буковский. «И возвращается ветер…» (1978)";"Владимир Буковский";"1942";"«И возвращается ветер…»";"1978";"публицистика";"";"";"";"";"";"омонимия не снята";"«И возвращается ветер…»";"Vladimir Bukovsky";"To build the castle. My life as a dissenter";"";"1979";"16614";"269869";"8307";"118447";"rus";"eng";"Великобритания";"";"Разве что выть и рыдать мне в трубу.";"848ab4fe8251c23892099a6a4b79f2fa:920:6";" Only howl and sob down my chimney. ";"eng"
" яславр йолис йонтяоревен с ьногО .ащиводуч";"в";"чудовища. Огонь с невероятной силой рвался";"в";" ";"трубу, как будто целая река пламени";"В. Г. Короленко. Ат-Даван (1892)";"В. Г. Короленко";"1853";"Ат-Даван";"1892";"художественная";"";"";"";"";"";"омонимия не снята";"Ат-Даван";"Vladimir Korolenko";"At-Davan";"";"1978";"1834";"26758";"917";"11471";"rus";"eng";"Канада";"";"В ямщицкой огромный камелек, плотно сбитый из глины, зиял, точно раскрытая огненная пасть сказочного чудовища. Огонь с невероятной силой рвался в трубу, как будто целая река пламени струилась кверху.";"de96d8400a2d5f9ff6de19fcf718de1f:444:20";" At the cabmen's quarters a fire blazed in the huge hearth sturdily laid out of clay, gaping like the fiery maw of a fairytale monster, and boisterously rising upwards in a river of flames into the outlet of the chimney. ";"eng"
" но либуртаЗ ";"в";"Затрубил он";"в";" ";"трубу громкую; услыхал то срацынский рыцарь";"А. Н. Афанасьев. Незнайко (1855-1871)";"А. Н. Афанасьев";"1826";"Незнайко";"1855-1871";"художественная";"";"";"";"";"";"омонимия не снята";"Незнайко";"A. N. Afanasiev";"Know Not";"";"1976";"298";"7807";"149";"3262";"rus";"eng";"США";"";"Затрубил он в трубу громкую; услыхал то срацынский рыцарь, скоро своего коня обворачивал.";"055b5dfa0d27448f23402adcfdf1ed1c:186:2";" He blew into a loud trumpet; the Saracen knight heard it and turned his steed about. ";"eng"
" лателу но ,алавысасв оге онневонгм агят";"в";"тяга мгновенно его всасывала, он улетал";"в";" ";"трубу, — и поздний прохожий, магистр в";"Владимир Набоков. Подвиг (1931)";"Владимир Набоков";"1899";"Подвиг";"1931";"художественная";"";"";"";"";"";"омонимия не снята";"Подвиг";"Vladimir Nabokov";"Glory";"";"1970";"5084";"111196";"2542";"47556";"rus";"eng";"Великобритания, США";"";"Затем, когда гул и бушевание огня усиливались, на газетном листе появлялось рыжее, темнеющее пятно и вдруг прорывалось, вспыхивал весь лист, тяга мгновенно его всасывала, он улетал в трубу, — и поздний прохожий, магистр в черном плаще, видел сквозь сумрак готической ночи, как из трубы вырывается в звездную высь огневласая ведьма, и на другой день Мартын платил денежный штраф.";"cf31deac8f0cbd5dabd1fcf969a22a39:1066:26";" The taut sheet would grow warm and transparent, and the lines of print, mingling with the lines showing through from the reverse side, looked like the bizarre lettering of some mumbo-jumbo language. Then, as the hum and tumult of the fire increased, a fox-red, darkening spot would appear on the paper and suddenly burst through. The whole sheet, now aflame, would be instantly sucked in and sent flying up. And a belated passer-by, a gowned don, could observe, through the gloom of the gotbic night, a fiery-haired witch emerge from the chimney into the starry sky. Next day Martin would pay a fine. ";"eng"
" аличюлказ“ ,мотналат мынренежни яаннеледан ,ажум ее";"в";"ее мужа, наделенная инженерным талантом, “заключила";"в";" ";"трубу” Красногорский ключ (чьи воды, сбегая";"Vladimir Nabokov. Ada, or Ardor (1968)";"Vladimir Nabokov";"1899";"Ada, or Ardor";"1968";"художественная";"";"";"";"";"";"омонимия не снята";"Ada, or Ardor";"Владимир Набоков";"Ада, или Радости страсти";"";"1996";"15402";"336152";"7701";"178506";"rus";"rus";"Великобритания, США";"";"После запрета “токов и контуров”, сказала она (выговаривая эти не вполне приличные слова торопливо, но свободно, с актерской désinvolture, – между тем озадаченная Люсетта дергала за рукав Вана, Ваничку, который умеет все объяснить), бабушка ее мужа, наделенная инженерным талантом, “заключила в трубу” Красногорский ключ (чьи воды, сбегая с холма над Ардисом, пробегают чуть ниже поляны).";"e9229fa20eafdc0cca78d0f9aa4b1272:1659:39";" After the banning of' currents and circuits,' she said (rapidly but freely, with an actress's désinvolture pronouncing those not quite proper words, while puzzled Lucette tugged at the sleeve of Van, of Vanichka, who could explain everything), her husband's grandmother, an engineer of great genius,' tubed'the Redmount rill (running just below the glade from a hill above Ardis). ";"eng"
" лателу аскинеф огоннеджобовсо момуш мищачрыф с";"в";"с фырчащим шумом освобожденного феникса улетал";"в";" ";"трубу к звездам.";"Vladimir Nabokov. Speak, memory (1954-1966)";"Vladimir Nabokov";"1899";"Speak, memory";"1954-1966";"публицистика";"";"";"";"";"";"омонимия не снята";"Speak, memory";"Владимир Набоков";"Память, говори";"";"1999";"5122";"156225";"2561";"86307";"rus";"rus";"Великобритания, США";"";"Затем горящий лист с фырчащим шумом освобожденного феникса улетал в трубу к звездам.";"2146438e9a2a5ab96f8954c6281334a7:4595:9";" Then the flaming sheet, with the whirr of a liberated phoenix, would fly up the chimney to join the stars. ";"eng"
" теадапоп пулГ тсугвА ";"в";"Август Глуп попадает";"в";" ";"трубу";"Roald Dahl. Charlie and the Chocolate Factory (1964)";"Roald Dahl";"1916";"Charlie and the Chocolate Factory";"1964";"художественная";"";"";"";"";"";"омонимия не снята";"Charlie and the Chocolate Factory";"Роальд Даль";"Чарли и шоколадная фабрика";"";"1991";"4650";"53082";"2325";"31277";"rus";"rus";"Великобритания";"";"Август Глуп, как вы, наверно, уже догадались, успел тем временем спуститься к реке и теперь, стоя на коленях у самых коричневых волн, торопливо черпал ладошками теплый жидкий шоколад и пил его целыми пригоршнями.  Август Глуп попадает в трубу  Когда мистер Вонка обернулся и увидел, чем занят Август Глуп, он закричал: — Нет, нет!";"1e35780434018d203b1e4300bf9fa0bc:2207:3";" Augustus Gloop, as you might have guessed, had quietly sneaked down to the edge of the river, and he was now kneeling on the riverbank, scooping hot melted chocolate into his mouth as fast as he could.  Augustus Gloop Goes up the Pipe  When Mr. Wonka turned round and saw what Augustus Gloop was doing, he cried out,' Oh, no! ";"eng"
" келву и огонтсачсен ласосаз ,летреваз ,литурказ";"в";"закрутил, завертел, засосал несчастного и увлек";"в";" ";"трубу.";"Roald Dahl. Charlie and the Chocolate Factory (1964)";"Roald Dahl";"1916";"Charlie and the Chocolate Factory";"1964";"художественная";"";"";"";"";"";"омонимия не снята";"Charlie and the Chocolate Factory";"Роальд Даль";"Чарли и шоколадная фабрика";"";"1991";"4650";"53082";"2325";"31277";"rus";"rus";"Великобритания";"";"Труба уже совсем близко… И вот… уууу… коричневый водоворот закрутил, завертел, засосал несчастного и увлек в трубу.";"1e35780434018d203b1e4300bf9fa0bc:2269:15";" Then all at once, the powerful suction took hold of him completely, and he was pulled under the surface and then into the mouth of the pipe. ";"eng"
" зелорп но отэ как — ,пулГ ретсим";"в";"мистер Глуп, — как это он пролез";"в";" ";"трубу и не застрял.";"Roald Dahl. Charlie and the Chocolate Factory (1964)";"Roald Dahl";"1916";"Charlie and the Chocolate Factory";"1964";"художественная";"";"";"";"";"";"омонимия не снята";"Charlie and the Chocolate Factory";"Роальд Даль";"Чарли и шоколадная фабрика";"";"1991";"4650";"53082";"2325";"31277";"rus";"rus";"Великобритания";"";"— Удивляюсь, — сказал мистер Глуп, — как это он пролез в трубу и не застрял.";"1e35780434018d203b1e4300bf9fa0bc:2285:8";"' It's a wonder to me,' said Mr. Gloop,' how that pipe is big enough for him to go through it.' ";"eng"
" молертсыВ ,мидалгоп акгелс оге ыМ !тедйорп";"в";"пройдет! Мы его слегка погладим, Выстрелом";"в";" ";"трубу наладим. Только не пугайтесь, дети";"Roald Dahl. Charlie and the Chocolate Factory (1964)";"Roald Dahl";"1916";"Charlie and the Chocolate Factory";"1964";"художественная";"";"";"";"";"";"омонимия не снята";"Charlie and the Chocolate Factory";"Роальд Даль";"Чарли и шоколадная фабрика";"";"1991";"4650";"53082";"2325";"31277";"rus";"rus";"Великобритания";"";"Август Глуп ужасно глуп ― Не знает назначенья труб. Огромный жадный дурачок, Лишь бы поесть — да на бочок. Сколько ж можем мы терпеть И безропотно глядеть, Как он будет есть и пить, Наслаждаться и дурить? Будь судьей, великий Скотт, Больше это не пройдет! Мы его слегка погладим, Выстрелом в трубу наладим. Только не пугайтесь, дети, Не опасны игры эти. И во тьме длиннющих труб Не погибнет Август Глуп. Одолев нелегкий путь, Он изменится чуть-чуть. По секрету скажем всем ― Станет он другим совсем. На ирисковой машине Покрутивши в ванилине, Мы его слегла помнем, Размешаем, разотрем, А когда добавим крем, Будет он готов совсем. Вот выходит он — и что же? Люди ахнули: «О Боже!» Был обжора и урод, Стал совсем наоборот! Был как хвост у грязной киски, А теперь — кусок ириски. А ирис на белом свете Любят взрослые и дети.";"1e35780434018d203b1e4300bf9fa0bc:2477:47";" The great big greedy nincompoop! How long could we allow this beast To gorge and guzzle, feed and feast On everything he wanted to? Great Scott! It simply wouldn't do! However long this pig might live, We're positive he'd never give Even the smallest bit of fun Or happiness to anyone. So what we do in cases such As this, we use the gentle touch, And carefully we take the brat And turn him into something that Will give great pleasure to us all — A doll, for instance, or a ball, Or marbles or a rocking horse. But this revolting boy, of course, Was so unutterably vile, So greedy, foul, and infantile, He left a most disgusting taste Inside our mouths, and so in haste We chose a thing that, come what may, Would take the nasty taste away. ""Come on! ""we cried. ""The time is ripe To send him shooting up the pipe! He has to go! It has to be! ""And very soon, he's going to see Inside the room to which he's gone Some funny things are going on. But don't, dear children, be alarmed; Augustus Gloop will not be harmed, Although, of course, we must admit He will be altered quite a bit. He'll be quite changed from what he's been, When he goes through the fudge machine: Slowly, the wheels go round and round, The cogs begin to grind and pound; A hundred knives go slice, slice, slice; We add some sugar, cream, and spice; We boil him for a minute more, Until we're absolutely sure That all the greed and all the gall Is boiled away for once and all. Then out he comes! And now! By grace! A miracle has taken place! This boy, who only just before Was loathed by men from shore to shore, This greedy brute, this louse's ear, Is loved by people everywhere! For who could hate or bear a grudge Against a luscious bit of fudge?' ";"eng"
" алунус ано уволог ,меитсревто мымас дан";"в";"над самым отверстием, голову она сунула";"в";" ";"трубу и едва удерживала свои мощные";"Roald Dahl. Charlie and the Chocolate Factory (1964)";"Roald Dahl";"1916";"Charlie and the Chocolate Factory";"1964";"художественная";"";"";"";"";"";"омонимия не снята";"Charlie and the Chocolate Factory";"Роальд Даль";"Чарли и шоколадная фабрика";"";"1991";"4650";"53082";"2325";"31277";"rus";"rus";"Великобритания";"";"Ее тучная фигура нависла над самым отверстием, голову она сунула в трубу и едва удерживала свои мощные телеса у края провала.";"1e35780434018d203b1e4300bf9fa0bc:3519:10";" She was now kneeling right on the edge of the hole with her head down and her enormous behind sticking up in the air like a giant mushroom. ";"eng"
" алетелоп йоволог зинв тлоС сиссиМ ";"в";"Миссис Солт вниз головой полетела";"в";" ";"трубу, визжа, как поросенок.";"Roald Dahl. Charlie and the Chocolate Factory (1964)";"Roald Dahl";"1916";"Charlie and the Chocolate Factory";"1964";"художественная";"";"";"";"";"";"омонимия не снята";"Charlie and the Chocolate Factory";"Роальд Даль";"Чарли и шоколадная фабрика";"";"1991";"4650";"53082";"2325";"31277";"rus";"rus";"Великобритания";"";"Миссис Солт вниз головой полетела в трубу, визжа, как поросенок.";"1e35780434018d203b1e4300bf9fa0bc:3523:5";" Over she toppled, into the hole head first, screeching like a parrot. ";"eng"
" либуртаз я ,моволС ";"в";"Словом, я затрубил";"в";" ";"трубу, счастье мое было так велико";"М. М. Пришвин. Кэт (1925)";"М. М. Пришвин";"1873";"Кэт";"1925";"художественная";"";"";"";"";"";"омонимия не снята";"Кэт";"Mikhail Prishvin";"Kate";"";"1958";"278";"5344";"139";"2305";"rus";"eng";"СССР/Россия";"";"Словом, я затрубил в трубу, счастье мое было так велико, что даже неловко было, и я говорил художнику: – Вы очень умно сделали, Борис Иванович, что для натаски взяли пойнтера, видите, мой в три недели готов.";"0ea4e22a38b4f158feeacb4d41ca5001:142:3";" In a word, I was blowing my own trumpet, and was so happy that I even felt embarrassed and tried to say something nice to them. ""It was very wise of you, Boris Ivanovich, to choose a pointer, ""I said to the artist. ""Look at mine, I've trained her in three weeks. """;"eng"
" алетелыв ано адйерФ и анивраД модохирп";"в";"приходом Дарвина и Фрейда она вылетела";"в";" ";"трубу.";"Ray Bradbury. The Martian Chronicles (1950)";"Ray Bradbury";"1920";"The Martian Chronicles";"1950";"художественная";"";"";"";"";"";"омонимия не снята";"The Martian Chronicles";"Рэй Брэдбери";"Марсианские хроники";"";"2010";"13314";"119074";"6657";"64969";"rus";"rus";"США";"";"Но с приходом Дарвина и Фрейда она вылетела в трубу.";"202e74c664d79604db8b44e6ad7b0755:5011:8";" But it all went down the drain with Freud and Darwin. ";"eng"
" илунялгаз инО ";"в";"Они заглянули";"в";" ";"трубу и увидели свисающие вниз длинные";"Ray Bradbury. The Martian Chronicles (1950)";"Ray Bradbury";"1920";"The Martian Chronicles";"1950";"художественная";"";"";"";"";"";"омонимия не снята";"The Martian Chronicles";"Рэй Брэдбери";"Марсианские хроники";"";"2010";"13314";"119074";"6657";"64969";"rus";"rus";"США";"";"Они заглянули в трубу и увидели свисающие вниз длинные желтые волосы.";"202e74c664d79604db8b44e6ad7b0755:8339:2";" They looked and saw the long yellow hair trailing down from the flue. ";"eng"
" лателу аскинеф огоннеджобовсо момуш мищачрыф с";"в";"с фырчащим шумом освобожденного феникса улетал";"в";" ";"трубу к звездам. Приходилось платить несколько";"Vladimir Nabokov. Conclusive Evidence (1946-1950)";"Vladimir Nabokov";"1899";"Conclusive Evidence";"1946-1950";"публицистика";"";"";"";"";"";"омонимия не снята";"Conclusive Evidence";"Владимир Набоков";"Другие берега";"";"1953";"4296";"131919";"2148";"79154";"rus";"rus";"Великобритания, США";"";"и огромный горящий лист с фырчащим шумом освобожденного феникса улетал в трубу к звездам. Приходилось платить несколько шиллингов штрафа, если властям доносили об этой жар-птице.";"cacd053d9633fb6626ac5433039cf424:3653:10";" Then the flaming sheet, with the whirr of a liberated phoenix, would fly up the chimney to join the stars. It cost one a fine of twelve shillings if that firebird was observed. ";"eng"
" яславр мовер с ьного ,окраж илерог";"в";"горели жарко, огонь с ревом рвался";"в";" ";"трубу.";"John Steinbeck. The Grapes of Wrath (1939)";"John Steinbeck";"1902";"The Grapes of Wrath";"1939";"художественная";"";"";"";"";"";"омонимия не снята";"The Grapes of Wrath";"Джон Стейнбек";"Гроздья гнева";"";"1940";"31674";"330719";"15837";"184204";"rus";"rus";"США";"";"Она разожгла огонь из ящиков, в которых раньше были сложены вещи, замесила тесто, поставила на плиту кофейник. Тонкие доски горели жарко, огонь с ревом рвался в трубу.";"a9f50bec74c8296767523e6580db566a:26653:25";" She built the fire as Pa broke the boxes that had held the goods. She made her dough, put a pot of coffee to boil. The light wood caught and roared its flame in the chimney. ";"eng"
" ясливзв мовер с ьного утуним зереч";"в";"через минуту огонь с ревом взвился";"в";" ";"трубу.";"John Steinbeck. The Grapes of Wrath (1939)";"John Steinbeck";"1902";"The Grapes of Wrath";"1939";"художественная";"";"";"";"";"";"омонимия не снята";"The Grapes of Wrath";"Джон Стейнбек";"Гроздья гнева";"";"1940";"31674";"330719";"15837";"184204";"rus";"rus";"США";"";"И через минуту огонь с ревом взвился в трубу.";"a9f50bec74c8296767523e6580db566a:29503:7";" In a moment the fire was roaring up the chimney. ";"eng"
" от :ьтетел адук ,ми лавызакирп и";"в";"и приказывал им, куда лететь: то";"в";" ";"трубу, то за часы на каминной";"J. R. R. Tolkien. The Hobbit (1937)";"J. R. R. Tolkien";"1892";"The Hobbit";"1937";"художественная";"";"";"";"";"";"омонимия не снята";"The Hobbit";"Дж. Р. Р. Толкин";"Хоббит";"";"1976";"6160";"162107";"3080";"94297";"rus";"rus";"Великобритания";"";"Ничего подобного они, естественно, не натворили, а, наоборот, всё вымыли и прибрали в мгновение ока, пока хоббит вертелся посреди кухни, стараясь за ними уследить. Потом все вернулись в столовую и увидели, что Торин сидит, положив ноги на решётку камина, и курит трубку. Он выпускал невиданной величины кольца и приказывал им, куда лететь: то в трубу, то за часы на каминной полочке, то под стол, то к потолку, где они начинали описывать круги. Но куда бы ни летело кольцо Торина, Гэндальф оказывался проворнее. Пуф! ― он посылал колечко поменьше из своей короткой глиняной трубки, и оно проскальзывало сквозь каждое кольцо Торина.";"733d6ab161d8781a312dcdd32cd0e15f:287:53";" And of course they did none of these dreadful things, and everything was cleaned and put away safe as quick as lightning, while the hobbit was turning round and round in the middle of the kitchen trying to see what they were doing. Then they went back, and found Thorin with his feet on the fender smoking a pipe. He was blowing the most enormous smoke-rings, and wherever he told one to go, it went ― up the chimney, or behind the clock on the mantelpiece, or under the table, or round and round the ceiling; but wherever it went it was not quick enough to escape Gandalf. Pop! he sent a smaller smoke-ring from his short clay-pipe straight through each one of Thorin's. ";"eng"
" луд ондресу но ,аравомас олоко хянелок";"в";"коленях около самовара, он усердно дул";"в";" ";"трубу, но тут поднял свое лицо";"Максим Горький. Мать (1906)";"Максим Горький";"1868";"Мать";"1906";"художественная";"";"";"";"";"";"омонимия не снята";"Мать";"Maxime Gorky";"Mother";"";"1921";"15416";"204312";"7708";"82513";"rus";"eng";"Великобритания";"";"Стоя на коленях около самовара, он усердно дул в трубу, но тут поднял свое лицо, красное от напряжения, и, обеими руками расправляя усы, спросил: ― А как говорю?";"f5927bc3f5e116d3200e8287a86dce24:1720:8";" Kneeling before the samovar he diligently blew into the pipe; but presently he turned his face, red with exertion, toward her, and smoothing his mustache with both hands inquired: ""And how do I speak, pray? """;"eng"
" ёсв ,сап йынлоп — гурдв и ,икбылу";"в";"улыбки, и вдруг — полный пас, всё";"в";" ";"трубу вылетело, осталась одна, как… муха";"Ф. М. Достоевский. Идиот (1868-1869)";"Ф. М. Достоевский";"1821";"Идиот";"1868-1869";"художественная";"";"";"";"";"";"омонимия не снята";"Идиот";"Fedor Dostoevsky";"The Idiot";"";"1915";"23994";"441819";"11997";"200886";"rus";"eng";"Великобритания";"";"Когда-то имела детей, мужа, семейство, родных, всё это кругом нее, так сказать, кипело, все эти, так сказать, улыбки, и вдруг — полный пас, всё в трубу вылетело, осталась одна, как… муха какая-нибудь, носящая на себе от века проклятие.";"02acae359836f47f703b337b87151cb4:6020:23";" She had children, a husband and family, friends and relations; her household was busy and cheerful; she was surrounded by smiling faces; and then suddenly they are gone, and she is left alone like a solitary fly… like a fly, cursed with the burden of her age. ";"eng"
" как но олыб лемергорп — …янырадус ,лахеирп";"в";"приехал, сударыня… — прогремел было он как";"в";" ";"трубу.";"Ф. М. Достоевский. Бесы (1872)";"Ф. М. Достоевский";"1821";"Бесы";"1872";"художественная";"";"";"";"";"";"омонимия не снята";"Бесы";"Fedor Dostoevsky";"The Possessed, or The Devils";"";"1913";"29104";"455640";"14552";"199311";"rus";"eng";"Великобритания";"";"— Я приехал, сударыня… — прогремел было он как в трубу.";"9e7e7e2d8d58ee27b69a10516c4acde9:6838:7";" ""I have come, madam… ""he blared out like a trumpet-blast. ";"eng"
" илателыв йотортсыб йонтяоревен с и вовитка";"в";"активов и с невероятной быстротой вылетали";"в";" ";"трубу или даже приостанавливали платежи. Осведомленность";"Theodore Dreiser. The Financier (1912)";"Theodore Dreiser";"1871";"The Financier";"1912";"художественная";"";"";"";"";"";"омонимия не снята";"The Financier";"Теодор Драйзер";"Финансист";"";"1944";"23456";"363269";"11728";"196713";"rus";"rus";"США";"";"«Банки штатов», крупные и мелкие, возникали тогда на каждом шагу; они бескорыстно выпускали свои банковые билеты на базе ненадежных и никому не ведомых активов и с невероятной быстротой вылетали в трубу или даже приостанавливали платежи. Осведомленность во всех этих делах была непременным условием деятельности мистера Каупервуда,";"2e33158397b70dd397e746e464f37657:53:29";" There was a perfect plague of State banks, great and small, in those days, issuing notes practically without regulation upon insecure and unknown assets and failing and suspending with astonishing rapidity; and a knowledge of all these was an important requirement of Mr. Cowperwood's position. ";"eng"
" илателыв как ,ледив Я ";"в";"Я видел, как вылетали";"в";" ";"трубу акционерные общества, хотя даже самый";"Theodore Dreiser. The Financier (1912)";"Theodore Dreiser";"1871";"The Financier";"1912";"художественная";"";"";"";"";"";"омонимия не снята";"The Financier";"Теодор Драйзер";"Финансист";"";"1944";"23456";"363269";"11728";"196713";"rus";"rus";"США";"";"Я видел, как вылетали в трубу акционерные общества, хотя даже самый опытный биржевик не мог бы сказать, по какой причине.";"2e33158397b70dd397e746e464f37657:1973:4";" I've seen breaks in stocks that you could never explain at all — no one could. ";"eng"
" тителыв акянреван итчоп но он ,олед";"в";"дело, но он почти наверняка вылетит";"в";" ";"трубу, и тогда ты сумеешь скупить";"Theodore Dreiser. The Financier (1912)";"Theodore Dreiser";"1871";"The Financier";"1912";"художественная";"";"";"";"";"";"омонимия не снята";"The Financier";"Теодор Драйзер";"Финансист";"";"1944";"23456";"363269";"11728";"196713";"rus";"rus";"США";"";"Может, Каупервуд не захочет распродать свой пай, это его дело, но он почти наверняка вылетит в трубу, и тогда ты сумеешь скупить на бирже сколько угодно его акций.";"2e33158397b70dd397e746e464f37657:8489:15";" If Cowperwood won't sell out, well and good; the chances are he will bust, anyhow, and then you can pick up as much on the market as any one else. ";"eng"
" тителыв икат-есв дуврепуаК илсе ,воробыв ацнок";"в";"конца выборов, если Каупервуд все-таки вылетит";"в";" ";"трубу.";"Theodore Dreiser. The Financier (1912)";"Theodore Dreiser";"1871";"The Financier";"1912";"художественная";"";"";"";"";"";"омонимия не снята";"The Financier";"Теодор Драйзер";"Финансист";"";"1944";"23456";"363269";"11728";"196713";"rus";"rus";"США";"";"Но сейчас нам надо прежде всего позаботиться об избежании огласки до конца выборов, если Каупервуд все-таки вылетит в трубу.";"2e33158397b70dd397e746e464f37657:8757:17";" The thing that we ought to be thinking about, in my judgment, is how to prevent exposure, in case Mr. Cowperwood does fail, until after election. ";"eng"
" тятелыв — ,еачулс мокясв ов ,хи ьтсач";"в";"часть их, во всяком случае, — вылетят";"в";" ";"трубу, а тогда… только держись!";"Theodore Dreiser. The Financier (1912)";"Theodore Dreiser";"1871";"The Financier";"1912";"художественная";"";"";"";"";"";"омонимия не снята";"The Financier";"Теодор Драйзер";"Финансист";"";"1944";"23456";"363269";"11728";"196713";"rus";"rus";"США";"";"Но если Чикаго и правда стерт с лица земли, страховые компании — или часть их, во всяком случае, — вылетят в трубу, а тогда… только держись!";"2e33158397b70dd397e746e464f37657:8991:18";" If the whole of Chicago is wiped out, the insurance companies — some of them, anyhow — are sure to go, and then look out. ";"eng"
" тителыв но и тужакто уме ино";"в";"они ему откажут и он вылетит";"в";" ";"трубу, а республиканская партия потерпит поражение";"Theodore Dreiser. The Financier (1912)";"Theodore Dreiser";"1871";"The Financier";"1912";"художественная";"";"";"";"";"";"омонимия не снята";"The Financier";"Теодор Драйзер";"Финансист";"";"1944";"23456";"363269";"11728";"196713";"rus";"rus";"США";"";"Если они ему откажут и он вылетит в трубу, а республиканская партия потерпит поражение на выборах, им некого будет винить, кроме самих себя.";"2e33158397b70dd397e746e464f37657:9081:7";" If they did not help him and he failed, and the election were lost, it was their own fault. ";"eng"
" юателыв я хин зеБ ";"в";"Без них я вылетаю";"в";" ";"трубу.";"Theodore Dreiser. The Financier (1912)";"Theodore Dreiser";"1871";"The Financier";"1912";"художественная";"";"";"";"";"";"омонимия не снята";"The Financier";"Теодор Драйзер";"Финансист";"";"1944";"23456";"363269";"11728";"196713";"rus";"rus";"США";"";"Деньги мне нужны до зарезу.  Без них я вылетаю в трубу.  Вы понимаете, что это значит, Джордж?";"2e33158397b70dd397e746e464f37657:9443:4";" I need it very badly.  If I don't get it I'm likely to fail.  You know what that means, George. ";"eng"
" адюсто ― ,енитолп йокьнелам к омярп ашинраХ";"в";"Харниша прямо к маленькой плотине, ― отсюда";"в";" ";"трубу и набиралась вода, которой поливали";"Jack London. The Burning Daylight (1910)";"Jack London";"1876";"The Burning Daylight";"1910";"художественная";"";"";"";"";"";"омонимия не снята";"The Burning Daylight";"Джек Лондон";"Время-не-ждет";"";"1956";"14758";"209384";"7379";"114448";"rus";"rus";"США";"";"Тропинка привела Харниша прямо к маленькой плотине, ― отсюда в трубу и набиралась вода, которой поливали огород.";"11d7865e51a07f08a30dd98fb7d68095:8645:8";" The trail led straight to a small dam where was the intake for the pipe that watered the vegetable garden. ";"eng"
" учелыв я и увтилом ушав тишылсу";"в";"услышит вашу молитву и я вылечу";"в";" ";"трубу и буду жить поденной работой?";"Jack London. The Burning Daylight (1910)";"Jack London";"1876";"The Burning Daylight";"1910";"художественная";"";"";"";"";"";"омонимия не снята";"The Burning Daylight";"Джек Лондон";"Время-не-ждет";"";"1956";"14758";"209384";"7379";"114448";"rus";"rus";"США";"";"Ну, а если бог услышит вашу молитву и я вылечу в трубу и буду жить поденной работой?";"11d7865e51a07f08a30dd98fb7d68095:11977:10";" But suppose your prayer should be answered and I'd go clean broke and have to work for day's wages? ";"eng"
" мителыв обил ым ,еинешер тесеныв дус";"в";"суд вынесет решение, мы либо вылетим";"в";" ";"трубу, либо будем плавать деньгах.";"Jack London. The Burning Daylight (1910)";"Jack London";"1876";"The Burning Daylight";"1910";"художественная";"";"";"";"";"";"омонимия не снята";"The Burning Daylight";"Джек Лондон";"Время-не-ждет";"";"1956";"14758";"209384";"7379";"114448";"rus";"rus";"США";"";"Раньше чем суд вынесет решение, мы либо вылетим в трубу, либо будем плавать деньгах.";"11d7865e51a07f08a30dd98fb7d68095:12323:8";" We'll be busted higher'n a kite or on easy street before they can get judgment. ";"eng"
" учелыв я илсе жу А ";"в";"А уж если я вылечу";"в";" ";"трубу, вы и сообразить не успеете";"Jack London. The Burning Daylight (1910)";"Jack London";"1876";"The Burning Daylight";"1910";"художественная";"";"";"";"";"";"омонимия не снята";"The Burning Daylight";"Джек Лондон";"Время-не-ждет";"";"1956";"14758";"209384";"7379";"114448";"rus";"rus";"США";"";"А уж если я вылечу в трубу, вы и сообразить не успеете, куда вас занесло.";"11d7865e51a07f08a30dd98fb7d68095:12595:5";" If ever I start going you won't know what struck you, I'll smash that hard. ";"eng"
" тятел восникждоХ и уошмирГ ьтясед ьтсуп";"в";"пусть десять Гримшоу и Ходжкинсов летят";"в";" ";"трубу!";"Jack London. The Burning Daylight (1910)";"Jack London";"1876";"The Burning Daylight";"1910";"художественная";"";"";"";"";"";"омонимия не снята";"The Burning Daylight";"Джек Лондон";"Время-не-ждет";"";"1956";"14758";"209384";"7379";"114448";"rus";"rus";"США";"";"― Повтори, и пусть десять Гримшоу и Ходжкинсов летят в трубу!";"11d7865e51a07f08a30dd98fb7d68095:13349:8";" ""Say it again, and a dozen Grimshaws and Hodgkins can smash! ";"eng"
" юателыв мас я ,огот еморк А";"в";"А кроме того, я сам вылетаю";"в";" ";"трубу.";"Jack London. The Burning Daylight (1910)";"Jack London";"1876";"The Burning Daylight";"1910";"художественная";"";"";"";"";"";"омонимия не снята";"The Burning Daylight";"Джек Лондон";"Время-не-ждет";"";"1956";"14758";"209384";"7379";"114448";"rus";"rus";"США";"";"А кроме того, я сам вылетаю в трубу.";"11d7865e51a07f08a30dd98fb7d68095:13463:6";" Besides, I'm going to smash myself. ";"eng"
" летелыв Я ";"в";"Я вылетел";"в";" ";"трубу, меня больше нет.";"Jack London. The Burning Daylight (1910)";"Jack London";"1876";"The Burning Daylight";"1910";"художественная";"";"";"";"";"";"омонимия не снята";"The Burning Daylight";"Джек Лондон";"Время-не-ждет";"";"1956";"14758";"209384";"7379";"114448";"rus";"rus";"США";"";"Понятно?  Я вылетел в трубу, меня больше нет.  Он встал, давая понять Хигану, что разговор окончен.";"11d7865e51a07f08a30dd98fb7d68095:13637:2";" Savvee?  I'm quit and done».  He stood up as a sign for Hegan to go. ";"eng"
" илертомсоп авонс ым ,хитаз ямерв ан";"в";"на время затих, мы снова посмотрели";"в";" ";"трубу.";"Bram Stoker. Dracula (1897)";"Bram Stoker";"1847";"Dracula";"1897";"художественная";"";"";"";"";"";"омонимия не снята";"Dracula";"Брэм Стокер";"Дракула";"";"1912";"19426";"261515";"9713";"160156";"rus";"rus";"Великобритания, Ирландия";"";"Когда буран на время затих, мы снова посмотрели в трубу.";"509aae2beb7d8c3b26db1ba713990521:19221:8";" When the snow storm abated a moment we looked again. ";"eng"
" летелыв лепеп и лерогс тпецер как";"в";"как рецепт сгорел и пепел вылетел";"в";" ";"трубу. Бросился к камину ― поздно. Вот";"H. G. Wells. The Invisible Man (1897)";"H. G. Wells";"1866";"The Invisible Man";"1897";"художественная";"";"";"";"";"";"омонимия не снята";"The Invisible Man";"Герберт Уэллс";"Человек-невидимка";"";"1935";"4714";"89000";"2357";"49123";"rus";"rus";"Великобритания";"";"Я извинился. Он снисходительно фыркнул, откашлялся и продолжал. Рецепт он прочел. Пять ингредиентов. Положил на стол, отвернулся. Вдруг шорох: бумажку подхватило сквозняком. Каминная труба была открыта. Пламя вспыхнуло, и не успел он оглянуться, как рецепт сгорел и пепел вылетел в трубу. Бросился к камину ― поздно. Вот! Тут он безнадежно махнул рукой.";"41e84adc84383a924c0724888c75ada2:583:39";" I apologised. Dignified sniff and cough. He resumed. He'd read it. Five ingredients. Put it down; turned his head. Draught of air from window lifted the paper. Swish, rustle. He was working in a room with an open fireplace, he said. Saw a flicker, and there was the prescription burning and lifting chimneyward. Rushed towards it just as it whisked up chimney. So! Just at that point, to illustrate his story, out came his arm. """;"eng"
" ьтуд ондресу лачан ,икчотрок ан весирп";"в";"присев на корточки, начал усердно дуть";"в";" ";"трубу…";"И. С. Тургенев. Ермолай и мельничиха (1847)";"И. С. Тургенев";"1818";"Ермолай и мельничиха";"1847";"художественная";"";"";"";"";"";"омонимия не снята";"Ермолай и мельничиха";"Ivan Turgenev";"Yermolai And The Miller’s Wife";"";"1895";"596";"7562";"298";"3113";"rus";"eng";"Великобритания";"";"Нам принесли туда соломы, сена; работник на траве подле реки наставил самовар и, присев на корточки, начал усердно дуть в трубу…";"8c4cddc8edbca8df70ff61900684b729:208:19";" They carried straw and hay there for us; the workman set a samovar down on the grass near the river, and, squatting on his heels, began to blow vigorously into the pipe of it. ";"eng"
" и иманулаг с ханатфак хынсарк в";"в";"в красных кафтанах с галунами и";"в";" ";"трубу протрубят; их сиятельство выйти изволят";"И. С. Тургенев. Малиновая вода (1848)";"И. С. Тургенев";"1818";"Малиновая вода";"1848";"художественная";"";"";"";"";"";"омонимия не снята";"Малиновая вода";"Ivan Turgenev";"Raspberry Spring";"";"1895";"414";"6439";"207";"2651";"rus";"eng";"Великобритания";"";"Соберутся псари на дворе в красных кафтанах с галунами и в трубу протрубят; их сиятельство выйти изволят, и коня их сиятельству подведут; их сиятельство сядут, а главный ловчий им ножки в стремена вденет, шапку с головы снимет и поводья в шапке подаст.";"761e01e326eef40d6a343974c672bb2c:168:10";" The huntsmen assembled in the courtyard, in red caftans trimmed with galloon, and blew their horns; his excellency would be pleased to come out, and his excellency's horse would be led up; his excellency would mount, and the chief huntsman puts his feet in the stirrups, takes his hat off, and puts the reins in his hat to offer them to his excellency. ";"eng"
" илертомсоп ыМ ";"в";"Мы посмотрели";"в";" ";"трубу — верно, там был человек.";"Robert Louis Stevenson. Catriona (1893)";"Robert Louis Stevenson";"1850";"Catriona";"1893";"художественная";"";"";"";"";"";"омонимия не снята";"Catriona";"Роберт Луис Стивенсон";"Катриона";"";"1967";"10076";"182510";"5038";"101252";"rus";"rus";"Великобритания";"";"Мы посмотрели в трубу — верно, там был человек.";"2952b62afab51e809220d50458ae5cad:4757:2";" And when we took the glass to it, sure eneuch there was a man. ";"eng"
" ьсев ьрепет а ,лавудбо хесВ ― ";"в";"― Всех обдувал, а теперь весь";"в";" ";"трубу вылетел, ― и штабс-капитан Ш. добродушно";"Л. Н. Толстой. Из кавказских воспоминаний. Разжалованный (1856)";"Л. Н. Толстой";"1828";"Из кавказских воспоминаний. Разжалованный";"1856";"художественная";"";"";"";"";"";"омонимия не снята";"Из кавказских воспоминаний. Разжалованный";"Leo Tolstoy";"An Old Acquaintance";"";"1887";"826";"18630";"413";"7886";"rus";"eng";"США";"";"― Всех обдувал, а теперь весь в трубу вылетел, ― и штабс-капитан Ш. добродушно рассмеялся.";"86ec578b457cb4a1bbd56ebdd99b13a5:110:5";" ""He cheated every one, but now it's all gone up in his pipe; ""and here Captain S. laughed good-naturedly. ";"eng"
" ТЕАТЕЛЫВ ЬЛЛИБ ";"В";"БИЛЛЬ ВЫЛЕТАЕТ";"В";" ";"ТРУБУ";"Lewis Carroll. Alice’s Adventures in Wonderland (1865)";"Lewis Carroll";"1832";"Alice’s Adventures in Wonderland";"1865";"художественная";"";"";"";"";"";"омонимия не снята";"Alice’s Adventures in Wonderland";"Льюис Кэррол";"Приключения Алисы в Стране чудес";"";"1967";"1796";"44873";"898";"25775";"rus";"rus";"Великобритания";"";"Глава IV.  БИЛЛЬ ВЫЛЕТАЕТ В ТРУБУ  Но это был Белый Кролик. Он медленно трусил назад, с волнением глядя по сторонам, словно что-то искал. Алиса услышала, как он бормочет про себя: ― Ах, Герцогиня! Герцогиня! Бедные мои лапки! Бедные мои усики! Она же велит меня казнить! Как пить дать, велит! Где же я их потерял? Алиса тут же догадалась, что он ищет веер и белые перчатки, и принялась их искать, желая по доброте сердечной ему помочь. Но веера и перчаток нигде не было. Все вокруг изменилось ― большой зал со стеклянным столиком и дверцей куда-то исчез, словно его и не бывало.";"f7a52612dff6e68f20a14f749be74ee2:245:2";" CHAPTER IV.  THE RABBIT SENDS IN A LITTLE BILL.  IT was the White Rabbit, trotting slowly back again, and looking anxiously about as it went, as if it had lost something; and she heard it muttering to itself, ""The Duchess! The Duchess! Oh my dear paws! Oh my fur and whiskers! She'll get me executed, as sure as ferrets are ferrets! Where can I have dropped them, I wonder? ""Alice guessed in a moment that it was looking for the fan and the pair of white kid gloves, and she very good-naturedly began hunting about for them, but they were nowhere to be seen ― everything seemed to have changed since her swim in the pool; and the great hall, with the glass table and the little door, had vanished completely. ";"eng"
" тезелоп отК ― !ьллиБ отч ,енм ястеадС";"в";"Сдается мне, что Билль! ― Кто полезет";"в";" ";"трубу? ― Я не полезу! Сам полезай";"Lewis Carroll. Alice’s Adventures in Wonderland (1865)";"Lewis Carroll";"1832";"Alice’s Adventures in Wonderland";"1865";"художественная";"";"";"";"";"";"омонимия не снята";"Alice’s Adventures in Wonderland";"Льюис Кэррол";"Приключения Алисы в Стране чудес";"";"1967";"1796";"44873";"898";"25775";"rus";"rus";"Великобритания";"";"Она еще немножко подождала, но все было тихо. Немного спустя послышался скрип колес и гул голосов. Их было много, и все говорили наперебой. ― А где вторая лестница? ― Я должен был привезти только одну. Вторую Билль привезет! ― Эй, Билль! Тащи-ка ее сюда! ― Ставьте их с этого угла! ― Надо сначала их связать! Они и до середины не достают! ― Достанут, не бойся! ― Эй, Билль! Лови веревку! ― А крыша выдержит? ― Осторожно! Эта черепица шатается… ― Сорвалась! Падает! ― Головы береги! Послышался громкий треск. ― Ну вот, это кто же наделал? ― Сдается мне, что Билль! ― Кто полезет в трубу? ― Я не полезу! Сам полезай! ― Ну уж нет! Ни за какие коврижки! ― Пусть лезет Билль! ― Эй, Билль! Слышишь? Хозяин велит тебе лезть!";"f7a52612dff6e68f20a14f749be74ee2:311:90";" She waited for some time without hearing anything more: at last came a rumbling of little cart-wheels, and the sound of a good many voices all talking together: she made out the words: ""Where's the other ladder? ― Why, I hadn't to bring but one. Bill's got the other ― Bill! Fetch it here, lad! ― Here, put' em up at this corner ― No, tie' em together first ― they don't reach half high enough yet ― Oh, they'll do well enough. Don't be particular ― Here, Bill! Catch hold of this rope ― Will the roof bear? ― Mind that loose slate ― Oh, it's coming down! Heads below! ""(a loud crash) ― ""Now, who did that? ― It was Bill, I fancy ― Who's to go down the chimney! ― Nay, I shan't! YOU do it! ― THAT I won't, then! ― Bill's got to go down ― Here, Bill! The master says you've got to go down the chimney! """;"eng"
" либурторп ыджирт килорК йылеБ ";"в";"Белый Кролик трижды протрубил";"в";" ";"трубу, развернул пергаментный свиток и прочитал:";"Lewis Carroll. Alice’s Adventures in Wonderland (1865)";"Lewis Carroll";"1832";"Alice’s Adventures in Wonderland";"1865";"художественная";"";"";"";"";"";"омонимия не снята";"Alice’s Adventures in Wonderland";"Льюис Кэррол";"Приключения Алисы в Стране чудес";"";"1967";"1796";"44873";"898";"25775";"rus";"rus";"Великобритания";"";"Белый Кролик трижды протрубил в трубу, развернул пергаментный свиток и прочитал:";"f7a52612dff6e68f20a14f749be74ee2:1519:4";" On this the White Rabbit blew three blasts on the trumpet, and then unrolled the parchment-scroll, and read as follows: ― ";"eng"
" либурторп ыджирт килорК йылеБ .ьлороК лазакирп";"в";"приказал Король. Белый Кролик трижды протрубил";"в";" ";"трубу и закричал: ― Первый свидетель!";"Lewis Carroll. Alice’s Adventures in Wonderland (1865)";"Lewis Carroll";"1832";"Alice’s Adventures in Wonderland";"1865";"художественная";"";"";"";"";"";"омонимия не снята";"Alice’s Adventures in Wonderland";"Льюис Кэррол";"Приключения Алисы в Стране чудес";"";"1967";"1796";"44873";"898";"25775";"rus";"rus";"Великобритания";"";"― Вызвать первого свидетеля, ― приказал Король. Белый Кролик трижды протрубил в трубу и закричал: ― Первый свидетель!";"f7a52612dff6e68f20a14f749be74ee2:1529:9";" ""Call the first witness, ""said the King; and the White Rabbit blew three blasts on the trumpet, and called out"" First witness! """;"eng"
" литсуп ,атсичод уртсес юовс ларбобо цетарб";"в";"братец обобрал свою сестру дочиста, пустил";"в";" ";"трубу ее денежки и бросил ее";"Charles Dickens. The Tale of two Cities (1859)";"Charles Dickens";"1812";"The Tale of two Cities";"1859";"художественная";"";"";"";"";"";"омонимия не снята";"The Tale of two Cities";"Чарльз Диккенс";"Повесть о двух городах";"";"1950-1960";"15180";"261740";"7590";"135772";"rus";"rus";"Великобритания";"";"Ведь мистер Лорри давным-давно, когда они еще жили в Сохо, разузнал про нее все и выяснил достоверно, что этот драгоценный братец обобрал свою сестру дочиста, пустил в трубу ее денежки и бросил ее на произвол судьбы.";"45dc0f44a28f331677ad6ee35a429c4b:11395:26";" As if Mr. Lorry had not known it for a fact, years ago, in the quiet corner in Soho, that this precious brother had spent her money and left her! ";"eng"
" олетелу и олерогс ,олунхыпсв еоджак ыботч";"в";"чтобы каждое вспыхнуло, сгорело и улетело";"в";" ";"трубу легким белым пеплом, и лишь";"Elizabeth Gaskell. Cranford (1853)";"Elizabeth Gaskell";"1810";"Cranford";"1853";"художественная";"";"";"";"";"";"омонимия не снята";"Cranford";"Элизабет Гаскелл";"Крэнфорд";"";"1973";"5082";"132684";"2541";"71616";"rus";"rus";"Великобритания";"";"— Кому они будут нужны, когда меня не станет? одно за другим она начала бросать их в пылающий огонь, дожидаясь, чтобы каждое вспыхнуло, сгорело и улетело в трубу легким белым пеплом, и лишь затем обрекая на ту же судьбу следующее.";"a03eb3d6f03b25ec2864b5d88c50394a:1463:25";" No one will care for them when I am gone. And one by one she dropped them into the middle of the fire, watching each blaze up, die out, and rise away, in faint, white, ghostly semblance, up the chimney, before she gave another to the same fate. ";"eng"
" илавиклатаз олет еовтрем как ,ебес етьватсдерП";"в";"Представьте себе, как мертвое тело заталкивали";"в";" ";"трубу, и вы согласитесь, что в";"Edgar Poe. The Murders in the Rue Morgue (1841)";"Edgar Poe";"1809";"The Murders in the Rue Morgue";"1841";"художественная";"";"";"";"";"";"омонимия не снята";"The Murders in the Rue Morgue";"Эдгар По";"Убийство на улице Морг";"";"1960-1970";"1064";"24210";"532";"13877";"rus";"rus";"США";"";"Представьте себе, как мертвое тело заталкивали в трубу, и вы согласитесь, что в этом есть что-то чудовищное, что-то несовместимое с нашими представлениями о человеческих поступках, даже считая, что здесь орудовало последнее отребье.";"730215dfe5c590fcd616965fcb25ce67:773:6";" In the manner of thrusting the corpse up the chimney, you will admit that there was something EXCESSIVELY OUTRÉ ― something altogether irreconcilable with our common notions of human action, even when we suppose the actors the most depraved of men. ";"eng"
" олет ьтунклотаз ыботч ,ащилис яанревомиен ястеуберт";"в";"требуется неимоверная силища, чтобы затолкнуть тело";"в";" ";"трубу ― снизу вверх, когда лишь совместными";"Edgar Poe. The Murders in the Rue Morgue (1841)";"Edgar Poe";"1809";"The Murders in the Rue Morgue";"1841";"художественная";"";"";"";"";"";"омонимия не снята";"The Murders in the Rue Morgue";"Эдгар По";"Убийство на улице Морг";"";"1960-1970";"1064";"24210";"532";"13877";"rus";"rus";"США";"";"Представьте также, какая требуется неимоверная силища, чтобы затолкнуть тело в трубу ― снизу вверх, когда лишь совместными усилиями нескольких человек удалось извлечь его оттуда сверху вниз…";"730215dfe5c590fcd616965fcb25ce67:775:9";" Think, too, how great must have been that strength which could have thrust the body UP such an aperture so forcibly that the united vigor of several persons was found barely sufficient to drag it DOWN! ";"eng"
" ― ,мэС литевто ― ,рэс ,ебес огечин аД";"в";"Да ничего себе, сэр, ― ответил Сэм, ―";"в";" ";"трубу не вылетим, да и капитала";"Charles Dickens. The Posthumous Papers of the Pickwick Club (1836-1837)";"Charles Dickens";"1812";"The Posthumous Papers of the Pickwick Club";"1836-1837";"художественная";"";"";"";"";"";"омонимия не снята";"The Posthumous Papers of the Pickwick Club";"Чарльз Диккенс";"Посмертные записки Пиквикского клуба";"";"1933";"31534";"516076";"15767";"287005";"rus";"rus";"Великобритания";"";"― Да ничего себе, сэр, ― ответил Сэм, ― в трубу не вылетим, да и капитала не сколотим.";"44c1add02382c6859cb2b4883cdab3f3:4811:6";"' Oh, wery well, Sir,' replied Sam,' we shan't be bankrupts, and we shan't make our fort'ns. ";"eng"
