"Reversed left context";"Reversed center";"Left context";"Center";"Punct";"Right context";"Title";"Author";"Birthday";"Header";"Created";"Sphere";"Type";"Topic";"Publication";"Publ_year";"Medium";"Ambiguity";"Header";"Author_trans";"Header_trans";"Translator";"Date_trans";"Sentences";"Words";"Orig_sentences";"Orig_words";"Lang";"Lang_trans";"Lang_variant";"Dialect";"Full context";"Example source";"Para context 1";"Lang 1"
" ьтисоныв олыб оньлетазябо ен есвоВ ";"рос";"Вовсе не обязательно было выносить";"сор";" ";"из избы — можно было устроить расследование";"Michael Crichton. Disclosure (1994)";"Michael Crichton";"1942";"Disclosure";"1994";"художественная";"";"";"";"";"";"омонимия не снята";"Disclosure";"Майкл Крайтон";"Разоблачение";"";"2004";"22282";"216557";"11141";"113778";"rus";"rus";"США";"";"Вовсе не обязательно было выносить сор из избы — можно было устроить расследование внутри компании.";"bd13fa2f2f5499e50b9b34aab730a63e:8787:5";" Because a formal accusation could still be handled quietly. It could be processed inside the company. ";"eng"
" ьтисоныв еиналежен :ничирп ноиллим ьтыб тежом";"рос";"может быть миллион причин: нежелание выносить";"сор";" ";"из избы, например.";"Michael Crichton. Disclosure (1994)";"Michael Crichton";"1942";"Disclosure";"1994";"художественная";"";"";"";"";"";"омонимия не снята";"Disclosure";"Майкл Крайтон";"Разоблачение";"";"2004";"22282";"216557";"11141";"113778";"rus";"rus";"США";"";"— На это может быть миллион причин: нежелание выносить сор из избы, например.";"bd13fa2f2f5499e50b9b34aab730a63e:8949:8";" “It could be any of a million reasons. Corporate politics. ";"eng"
" ";"роС";"";"Сор";" ";"из избы не выносют.";"Василий Шукшин. Страдания молодого Ваганова (1972)";"Василий Шукшин";"1929";"Страдания молодого Ваганова";"1972";"художественная";"";"";"";"";"";"омонимия не снята";"Страдания молодого Ваганова";"Vasili Shukshin";"The Sorrows of Young Vaganov";"";"1980";"1138";"10575";"569";"4481";"rus";"eng";"";"";"Притворяются.  Сор из избы не выносют.  А сами втихаря… бушуют.";"1a57a8dff2a9fd1eacf9a15286640688:978:0";" It's all sham.  They don't like washin'their dirty linen in public.  But they fight hammer and tongs when no one's lookin'. """;"eng"
" ьтисоныв"" язьлен :ьтазакс тятох модус митэ";"рос";"этим судом хотят сказать: нельзя ""выносить";"сор";" ";"из избы"", стремятся скрыть собственные преступления";"Владимир Буковский. «И возвращается ветер…» (1978)";"Владимир Буковский";"1942";"«И возвращается ветер…»";"1978";"публицистика";"";"";"";"";"";"омонимия не снята";"«И возвращается ветер…»";"Vladimir Bukovsky";"To build the castle. My life as a dissenter";"";"1979";"16614";"269869";"8307";"118447";"rus";"eng";"Великобритания";"";"За предъявленным обвинением стоит другое, непредъявленное, и этим судом хотят сказать: нельзя ""выносить сор из избы"", стремятся скрыть собственные преступления ― психиатрические расправы над инакомыслящими, собственные тюрьмы и лагеря.";"848ab4fe8251c23892099a6a4b79f2fa:14900:13";" Behind the stated charges lies another, unstated charge. This trial is designed to say:‘ Don't wash our dirty linen in public.' Their aim is to conceal their own crimes — the psychiatric repressions of dissidents and their prisons and camps. ";"eng"
" тисоныв"" отк ,тот ен ― кинпутсерп отч";"рос";"что преступник ― не тот, кто ""выносит";"сор";" ";"из избы"", а тот, кто в";"Владимир Буковский. «И возвращается ветер…» (1978)";"Владимир Буковский";"1942";"«И возвращается ветер…»";"1978";"публицистика";"";"";"";"";"";"омонимия не снята";"«И возвращается ветер…»";"Vladimir Bukovsky";"To build the castle. My life as a dissenter";"";"1979";"16614";"269869";"8307";"118447";"rus";"eng";"Великобритания";"";"Общество уже понимает, что преступник ― не тот, кто ""выносит сор из избы"", а тот, кто в избе сорит.";"848ab4fe8251c23892099a6a4b79f2fa:14912:9";" Society now understands that the criminal is not he who‘ washes the dirty linen in public'but he who dirties the linen in the first place. ";"eng"
" умещюатемыв ,умоннелпутсси и умотсич ,уртев еонбодоп";"рос";"подобное ветру, чистому и исступленному, выметающему";"сор";" ";"из избы бытия.";"Vladimir Nabokov. Transparent things (1972)";"Vladimir Nabokov";"1899";"Transparent things";"1972";"художественная";"";"";"";"";"";"омонимия не снята";"Transparent things";"Владимир Набоков";"Просвечивающие предметы";"";"1991";"2338";"51506";"1169";"28054";"rus";"rus";"Великобритания, США";"";"Первым его осенило чувство освобождения, подобное ветру, чистому и исступленному, выметающему сор из избы бытия.";"1f3de68ac5628b17f66eb35652384f8c:303:11";" The general sense of liberation came first, as a great breeze, ecstatic and clean, blowing away a lot of life's rot. ";"eng"
