"Reversed left context";"Reversed center";"Left context";"Center";"Punct";"Right context";"Title";"Author";"Birthday";"Header";"Created";"Sphere";"Type";"Topic";"Publication";"Publ_year";"Medium";"Ambiguity";"Header";"Author_trans";"Header_trans";"Translator";"Date_trans";"Sentences";"Words";"Orig_sentences";"Orig_words";"Lang";"Lang_trans";"Lang_variant";"Dialect";"Full context";"Example source";"Para context 1";"Lang 1"
" ыбуг важс ,лировог но сирБ енвеесиоМ";"в";"Моисеевне Брис он говорил, сжав губы";"в";" ";"струнку и растянув их в стороны";"Людмила Улицкая. Зеленый шатер (2011)";"Людмила Улицкая";"1943";"Зеленый шатер";"2011";"художественная";"";"";"";"";"";"омонимия не снята";"Зеленый шатер";"Liudmila Ulitskaia";"The Big Green Tent";"";"2014";"24914";"345015";"12457";"142298";"rus";"eng";"США";"";"Своей заместительнице и близкому другу Марии Моисеевне Брис он говорил, сжав губы в струнку и растянув их в стороны, что обозначало улыбку: — Вам хорошо, Мария Моисеевна, вас, честную еврейку и разоблачать не надо, а я половину жизни беспокоился, что меня ошибочно примут за еврея, а теперь живу в страхе, что меня разоблачат как немца.";"07bbb7ae9d77d8903966e4952714070f:17918:12";" Pursing his lips in the tight, straight line that signified a smile, he told his close friend and associate, Maria Moiseevna Bris: “You have it good, Maria Moiseevna. You are a bona fide Jew, and there is no need to unmask you. Half my life I feared being taken for a Jew, and now I live in fear that they will unmask me as a German. ";"eng"
" ясьтунятыв ,омярп ясьтажред – еонвалг ,теярын ошорох";"в";"хорошо ныряет, главное – держаться прямо, вытянуться";"в";" ";"струнку, не упасть на живот или";"Анатолий Рыбаков. Дети Арбата (1966-1983)";"Анатолий Рыбаков";"1911";"Дети Арбата";"1966-1983";"художественная";"";"";"";"";"";"омонимия не снята";"Дети Арбата";"Anatoly Rybakov";"Children of the Arbat";"";"1989";"30920";"396402";"15460";"162911";"rus";"eng";"Великобритания";"";"Он хорошо плавает, хорошо ныряет, главное – держаться прямо, вытянуться в струнку, не упасть на живот или спину, войти в воду носками.";"4b2ac83dc5cc44d4f433357c114f6b48:23090:9";" He was a good swimmer and he could dive well. The main thing was to stand straight, stretch out fully, and not to hit the water with your belly or back, but to enter it smoothly. ";"eng"
" ьсишвунятыв ,еен гурков яслунревереп ,унидалкереп юунчерепоп";"в";"поперечную перекладину, перевернулся вокруг нее, вытянувшись";"в";" ";"струнку, и спланировал на пол.";"Isaac Asimov. The Gods Themselves (1972)";"Isaac Asimov";"1919";"The Gods Themselves";"1972";"художественная";"";"";"";"";"";"омонимия не снята";"The Gods Themselves";"Айзек Азимов";"Сами боги";"";"1975";"14956";"167562";"7478";"88623";"rus";"rus";"США";"";"Барабанный бой стал глуше. Гимнаст внезапно взмыл в воздух, одной рукой ухватился за поперечную перекладину, перевернулся вокруг нее, вытянувшись в струнку, и спланировал на пол.";"63531dcfe140d72be59f961e9de650d3:9897:19";" The percussion beat seemed softer as one climber rose and suddenly launched into mid-air. He caught a transverse bar one-handed, circling it once vertically, and let go-";"eng"
" ясмишвунятыв ,мокчеволеч мыннялкетс микснаизетрак – и ее";"в";"ее и – картезианским стеклянным человечком, вытянувшимся";"в";" ";"струнку призрачным Временем – поднялся на пустынный";"Vladimir Nabokov. Ada, or Ardor (1968)";"Vladimir Nabokov";"1899";"Ada, or Ardor";"1968";"художественная";"";"";"";"";"";"омонимия не снята";"Ada, or Ardor";"Владимир Набоков";"Ада, или Радости страсти";"";"1996";"15402";"336152";"7701";"178506";"rus";"rus";"Великобритания, США";"";"Он проводил ее и – картезианским стеклянным человечком, вытянувшимся в струнку призрачным Временем – поднялся на пустынный пятый этаж.";"e9229fa20eafdc0cca78d0f9aa4b1272:13723:8";" He saw her off, and ascended, like a Cartesian glassman, like spectral Time standing at attention, back to his desolate fifth floor. ";"eng"
" ьсишвунятыв ;еснукс ан аксолоп как ,йонневтсвя";"в";"явственной, как полоска на скунсе; вытянувшись";"в";" ";"струнку посредине сцены, бледный, с остекленелым";"Vladimir Nabokov. Speak, memory (1954-1966)";"Vladimir Nabokov";"1899";"Speak, memory";"1954-1966";"публицистика";"";"";"";"";"";"омонимия не снята";"Speak, memory";"Владимир Набоков";"Память, говори";"";"1999";"5122";"156225";"2561";"86307";"rus";"rus";"Великобритания, США";"";"Вот молодой поэт, в котором его завистливая братия не может не видеть черты гениальности, такой же явственной, как полоска на скунсе; вытянувшись в струнку посредине сцены, бледный, с остекленелым взором, с руками, неспособными ухватить хоть что-то, позволяющее удержаться в этом мире, он закидывает голову назад и изливает свои стихи раздражающим слух, раскатистым распевом, резко обрывающимся, словно дверь захлопывается на последней строке, и застывает, ожидая, когда аплодисменты заполнят наступившую тишину.";"2146438e9a2a5ab96f8954c6281334a7:4841:22";" There was the young poet in whom his envious brethren could not help seeing a disturbing streak of genius as striking as the stripe of a skunk; erect on the stage, pale and glazed-eyed, with nothing in his hands to anchor him to this world, he would throw back his head and deliver his poem in a highly irritating, rolling chant and stop abruptly at the end, slamming the door of the last line and waiting for applause to fill the hush. ";"eng"
" ьсишвунятыв ,ляотс ,араду то ьсишвунчак ,тот";"в";"тот, качнувшись от удара, стоял, вытянувшись";"в";" ";"струнку, и, виновато мигая глазами, покорно";"Николай Островский. Как закалялась сталь (ч. 1) (1930-1934)";"Николай Островский";"1904";"Как закалялась сталь (ч. 1)";"1930-1934";"художественная";"";"";"";"";"";"омонимия не снята";"Как закалялась сталь (ч. 1)";"Nikolai Ostrovsky";"How the Steel was Tempered (pt 1)";"";"1952";"6134";"108335";"3067";"44216";"rus";"eng";"СССР/Россия";"";"Лейтенант, обнаружив отсутствие револьвера, вызвал денщика; узнав, что револьвер пропал, он, обычно корректный, сдержанный, ударил денщика со всего размаха в ухо; тот, качнувшись от удара, стоял, вытянувшись в струнку, и, виновато мигая глазами, покорно ожидал дальнейшего.";"8c062f56bfcc25cd7988d7b83bc7e974:1088:27";" When the Lieutenant had noticed that the revolver was missing, he had called in his batman, who declared that the weapon must have been stolen; whereupon the officer had lost his temper and had smashed his fist into the batman's face. The batman, swaying from the impact of the blow, stood stiffly at attention, blinking and submissively awaiting further developments. ";"eng"
" ишу ,ниязох ил теди ен ,ястюавихюнирп";"в";"принюхиваются, не идет ли хозяин, уши";"в";" ";"струнку, слушают, а челки совсем черные!";"John Steinbeck. The Grapes of Wrath (1939)";"John Steinbeck";"1902";"The Grapes of Wrath";"1939";"художественная";"";"";"";"";"";"омонимия не снята";"The Grapes of Wrath";"Джон Стейнбек";"Гроздья гнева";"";"1940";"31674";"330719";"15837";"184204";"rus";"rus";"США";"";"Поглядывают через загородку, принюхиваются, не идет ли хозяин, уши в струнку, слушают, а челки совсем черные!";"a9f50bec74c8296767523e6580db566a:5073:9";" They look over the fence sniffing for us, and the stiff ears swivel to hear us, and the black forelocks! ";"eng"
" ишу ,худзов тюарибв ондаж ирдзон ― ,дерепв";"в";"вперед, ― ноздри жадно вбирают воздух, уши";"в";" ";"струнку, малейший шорох ― и умчатся в";"Ernest Hemingway. The Snows of Kilimanjaro (1936)";"Ernest Hemingway";"1899";"The Snows of Kilimanjaro";"1936";"художественная";"";"";"";"";"";"омонимия не снята";"The Snows of Kilimanjaro";"Эрнест Хемингуэй";"Снега Килиманджаро";"";"1956";"1348";"17249";"674";"9317";"rus";"rus";"США";"";"А теперь жизнь, которую она построила заново, приближалась к концу, потому что две неделя назад он не прижег йодом колена, оцарапанного о колючку, когда они пробирались в зарослях, чтобы сфотографировать стадо антилоп, стоявших, высоко подняв головы, всматривавшихся вперед, ― ноздри жадно вбирают воздух, уши в струнку, малейший шорох ― и умчатся в кусты.";"daff9fad642a26ab46553c909416d151:611:43";" And now this life that she had built again was coming to a term because he had not used iodine two weeks ago when a thorn had scratched his knee as they moved forward trying to photograph a herd of waterbuck standing, their heads up, peering while their nostrils searched the air, their ears spread wide to hear the first noise that would send them rushing into the bush. ";"eng"
" утуним еж ут в ,ястеемузар ,йендереп";"в";"передней, разумеется, в ту же минуту";"в";" ";"струнку, ожидает, дрожит, ждет решенья, в";"Н. В. Гоголь. Мертвые души (1835-1852)";"Н. В. Гоголь";"1809";"Мертвые души";"1835-1852";"художественная";"";"";"";"";"";"омонимия не снята";"Мертвые души";"Nikolay Gogol";"Dead Souls";"";"1931";"9082";"160470";"4541";"73436";"rus";"eng";"Великобритания";"";"Все, что ни было в передней, разумеется, в ту же минуту в струнку, ожидает, дрожит, ждет решенья, в некотором роде, судьбы.";"dfcae36f84cdc44b70de0cc56b339c1e:7702:11";" Oh, such dignity and refinement, and such an air of the metropolis! ";"eng"
" хытунятыв имадяр ямувд уджем ,екжород йоначсеп";"в";"песчаной дорожке, между двумя рядами вытянутых";"в";" ";"струнку георгин, как вдруг ее нагнала";"И. С. Тургенев. Постоялый двор (1852)";"И. С. Тургенев";"1818";"Постоялый двор";"1852";"художественная";"";"";"";"";"";"омонимия не снята";"Постоялый двор";"Ivan Turgenev";"The Inn";"";"1921";"2154";"32209";"1077";"14090";"rus";"eng";"Великобритания";"";"Слегка шумя накрахмаленным платьем, шла она маленькими шагами по песчаной дорожке, между двумя рядами вытянутых в струнку георгин, как вдруг ее нагнала старинная наша знакомая Кирилловна и почтительно доложила, что какой-то Б… Й купец желает ее видеть по весьма важному делу.";"4a35bd2fb1caa3117db47568da71b44f:352:15";" With a faint rustle of her starched petticoats, she walked with tiny steps along the sandy path between two rows of erect, stiffly tied-up dahlias, when she was suddenly overtaken by our old acquaintance Kirillovna, who announced respectfully that a merchant desired to speak to her on important business. ";"eng"
" ьсишвунятыв ,иляотс имин уджем ;атевц оготлеж-онделб";"в";"бледно-желтого цвета; между ними стояли, вытянувшись";"в";" ";"струнку, другие, помоложе.";"И. С. Тургенев. Поездка в Полесье (1857)";"И. С. Тургенев";"1818";"Поездка в Полесье";"1857";"художественная";"";"";"";"";"";"омонимия не снята";"Поездка в Полесье";"Ivan Turgenev";"A Tour in the Forest";"";"1899";"820";"12769";"410";"5294";"rus";"eng";"Великобритания";"";"В почтительном расстоянии друг от друга поднимались могучие сосны громадными, слегка искривленными столбами бледно-желтого цвета; между ними стояли, вытянувшись в струнку, другие, помоложе.";"958e5a2d665f6bdc5e5231177b0f6251:208:19";" At a respectful distance from one another stood the mighty pines with their slightly curved, massive, pale-yellow trunks. Between them stood in single file others, rather younger. ";"eng"
" яслунятыв но ,сан ведиву ,он ,еарас";"в";"сарае, но, увидев нас, он вытянулся";"в";" ";"струнку и замер на месте.";"И. С. Тургенев. Бурмистр (1847)";"И. С. Тургенев";"1818";"Бурмистр";"1847";"художественная";"";"";"";"";"";"омонимия не снята";"Бурмистр";"Ivan Turgenev";"The Agent";"";"1895";"616";"9247";"308";"3851";"rus";"eng";"Великобритания";"";"Земский Федосеич усердно хлопотал около них и, вероятно, успел бы уговорить их удалиться, если б мы замешкались в сарае, но, увидев нас, он вытянулся в струнку и замер на месте.";"9f0f39304bfdf6200c8c2166a006cbeb:384:24";" The village constable Fedosyitch was busily engaged with them, and would probably have succeeded in inducing them to retire if we had lingered a little longer in the barn, but catching sight of us, he grew stiff all over, and seemed bereft of all sensation on the spot. ";"eng"
